cloud,region,run_date,dataset_size_mb,workload_type,machine_type,nodes,runtime_minutes,cost_usd,cpu_avg_pct,memory_avg_pct,electricity_zone,carbon_intensity_mean,renewable_percentage_mean,carbon_intensity_min,carbon_intensity_max,renewable_percentage_min,renewable_percentage_max,carbon_days_available,carbon_feature_source,estimated_emissions_gco2eq
AWS,ap-south-1,,10,cpu-heavy,m5.xlarge,2,0.840116667,0.005377,,,IN-WE,643.32421875,18.9296875,552,699,12,30,256,regional_mean,9.007789974277149
AWS,ap-south-1,,10,memory-heavy,m5.xlarge,2,1.06,0.006784,,,IN-WE,643.32421875,18.9296875,552,699,12,30,256,regional_mean,11.36539453125
AWS,ap-south-1,,10,io-heavy,m5.xlarge,2,0.91,0.005824,,,IN-WE,643.32421875,18.9296875,552,699,12,30,256,regional_mean,9.757083984375
AWS,ap-south-1,,100,cpu-heavy,m5.xlarge,2,0.95,0.00608,,,IN-WE,643.32421875,18.9296875,552,699,12,30,256,regional_mean,10.185966796874999
AWS,ap-south-1,,100,cpu-heavy,m5.xlarge,2,0.939533,0.006013,,,IN-WE,643.32421875,18.9296875,552,699,12,30,256,regional_mean,10.073738886914061
AWS,ap-south-1,,100,memory-heavy,m5.xlarge,2,0.973667,0.006231,,,IN-WE,643.32421875,18.9296875,552,699,12,30,256,regional_mean,10.439726034960938
AWS,ap-south-1,,100,io-heavy,m5.xlarge,2,1.041433,0.006665,,,IN-WE,643.32421875,18.9296875,552,699,12,30,256,regional_mean,11.166317851757814
AWS,ap-south-1,,500,cpu-heavy,m5.xlarge,2,1.307317,0.008367,,,IN-WE,643.32421875,18.9296875,552,699,12,30,256,regional_mean,14.017144794726562
AWS,ap-south-1,,500,memory-heavy,m5.xlarge,2,1.374483,0.008797,,,IN-WE,643.32421875,18.9296875,552,699,12,30,256,regional_mean,14.737303369335937
AWS,ap-south-1,,500,io-heavy,m5.xlarge,2,1.539917,0.009855,,,IN-WE,643.32421875,18.9296875,552,699,12,30,256,regional_mean,16.511098349414063
AWS,ap-south-1,,1024,cpu-heavy,m5.xlarge,2,1.46,0.009344,,,IN-WE,643.32421875,18.9296875,552,699,12,30,256,regional_mean,15.654222656249999
AWS,ap-south-1,,1024,memory-heavy,m5.xlarge,2,1.57,0.010048,,,IN-WE,643.32421875,18.9296875,552,699,12,30,256,regional_mean,16.833650390625
AWS,ap-south-1,,1024,cpu-heavy,m5.xlarge,2,1.774933,0.01136,,,IN-WE,643.32421875,18.9296875,552,699,12,30,256,regional_mean,19.030956425976562
AWS,ap-south-1,,1024,memory-heavy,m5.xlarge,2,1.873033,0.011987,,,IN-WE,643.32421875,18.9296875,552,699,12,30,256,regional_mean,20.08279152363281
AWS,ap-south-1,,1024,io-heavy,m5.xlarge,2,2.074217,0.013275,,,IN-WE,643.32421875,18.9296875,552,699,12,30,256,regional_mean,22.23990051738281
AWS,ap-south-1,,5120,cpu-heavy,m5.xlarge,2,5.172517,0.033104,,,IN-WE,643.32421875,18.9296875,552,699,12,30,256,regional_mean,55.46009096660156
AWS,ap-south-1,,5120,memory-heavy,m5.xlarge,2,5.373567,0.034391,,,IN-WE,643.32421875,18.9296875,552,699,12,30,256,regional_mean,57.6157632029297
AWS,ap-south-1,,5120,io-heavy,m5.xlarge,2,6.674333,0.042716,,,IN-WE,643.32421875,18.9296875,552,699,12,30,256,regional_mean,71.56266771503905
AWS,ap-south-1,,10,cpu-heavy,m5.xlarge,4,0.872867,0.011173,,,IN-WE,643.32421875,18.9296875,552,699,12,30,256,regional_mean,9.358941347460938
AWS,ap-south-1,,10,memory-heavy,m5.xlarge,4,0.90705,0.01161,,,IN-WE,643.32421875,18.9296875,552,699,12,30,256,regional_mean,9.725453876953125
AWS,ap-south-1,,10,io-heavy,m5.xlarge,4,0.905483,0.01159,,,IN-WE,643.32421875,18.9296875,552,699,12,30,256,regional_mean,9.708652392773438
AWS,ap-south-1,,100,cpu-heavy,m5.xlarge,4,0.906467,0.011603,,,IN-WE,643.32421875,18.9296875,552,699,12,30,256,regional_mean,9.719202909960938
AWS,ap-south-1,,100,memory-heavy,m5.xlarge,4,0.941817,0.012055,,,IN-WE,643.32421875,18.9296875,552,699,12,30,256,regional_mean,10.098228095507814
AWS,ap-south-1,,100,io-heavy,m5.xlarge,4,0.973183,0.012457,,,IN-WE,643.32421875,18.9296875,552,699,12,30,256,regional_mean,10.43453655292969
AWS,ap-south-1,,500,cpu-heavy,m5.xlarge,4,1.072917,0.013733,,,IN-WE,643.32421875,18.9296875,552,699,12,30,256,regional_mean,11.50389151347656
AWS,ap-south-1,,500,memory-heavy,m5.xlarge,4,1.106633,0.014165,,,IN-WE,643.32421875,18.9296875,552,699,12,30,256,regional_mean,11.865396836132813
AWS,ap-south-1,,500,io-heavy,m5.xlarge,4,1.17255,0.015009,,,IN-WE,643.32421875,18.9296875,552,699,12,30,256,regional_mean,12.572163544921876
AWS,ap-south-1,,1024,cpu-heavy,m5.xlarge,4,1.30645,0.016723,,,IN-WE,643.32421875,18.9296875,552,699,12,30,256,regional_mean,14.007848759765624
AWS,ap-south-1,,1024,memory-heavy,m5.xlarge,4,1.306783,0.016727,,,IN-WE,643.32421875,18.9296875,552,699,12,30,256,regional_mean,14.011419209179689
AWS,ap-south-1,,1024,io-heavy,m5.xlarge,4,1.506167,0.019279,,,IN-WE,643.32421875,18.9296875,552,699,12,30,256,regional_mean,16.14922847636719
AWS,ap-south-1,,5120,cpu-heavy,m5.xlarge,4,2.773683,0.035503,,,IN-WE,643.32421875,18.9296875,552,699,12,30,256,regional_mean,29.739624150585936
AWS,ap-south-1,,5120,memory-heavy,m5.xlarge,4,2.973667,0.038063,,,IN-WE,643.32421875,18.9296875,552,699,12,30,256,regional_mean,31.883866659960933
AWS,ap-south-1,,5120,io-heavy,m5.xlarge,4,3.540233,0.045315,,,IN-WE,643.32421875,18.9296875,552,699,12,30,256,regional_mean,37.958627148632814
AWS,ap-south-1,,10,io-heavy,c5.xlarge,4,0.873733,0.009902,,,IN-WE,643.32421875,18.9296875,552,699,12,30,256,regional_mean,9.368226660351562
AWS,ap-south-1,,10,memory-heavy,c5.xlarge,4,1.0065,0.011407,,,IN-WE,643.32421875,18.9296875,552,699,12,30,256,regional_mean,10.791763769531249
AWS,ap-south-1,,10,cpu-heavy,c5.xlarge,4,0.771833,0.008747,,,IN-WE,643.32421875,18.9296875,552,699,12,30,256,regional_mean,8.275647695507812
AWS,ap-south-1,,100,cpu-heavy,c5.xlarge,4,0.839533,0.009515,,,IN-WE,643.32421875,18.9296875,552,699,12,30,256,regional_mean,9.001531855664062
AWS,ap-south-1,,100,memory-heavy,c5.xlarge,4,0.906017,0.010268,,,IN-WE,643.32421875,18.9296875,552,699,12,30,256,regional_mean,9.714377978320313
AWS,ap-south-1,,100,io-heavy,c5.xlarge,4,0.9084,0.010295,,,IN-WE,643.32421875,18.9296875,552,699,12,30,256,regional_mean,9.739928671874999
AWS,ap-south-1,,500,cpu-heavy,c5.xlarge,4,0.973933,0.011038,,,IN-WE,643.32421875,18.9296875,552,699,12,30,256,regional_mean,10.442578105664063
AWS,ap-south-1,,500,memory-heavy,c5.xlarge,4,1.00655,0.011408,,,IN-WE,643.32421875,18.9296875,552,699,12,30,256,regional_mean,10.792299873046876
AWS,ap-south-1,,500,io-heavy,c5.xlarge,4,1.10585,0.012533,,,IN-WE,643.32421875,18.9296875,552,699,12,30,256,regional_mean,11.857001455078125
AWS,ap-south-1,,1024,memory-heavy,c5.xlarge,4,1.239433,0.014047,,,IN-WE,643.32421875,18.9296875,552,699,12,30,256,regional_mean,13.289287773632811
AWS,ap-south-1,,1024,io-heavy,c5.xlarge,4,1.339867,0.015185,,,IN-WE,643.32421875,18.9296875,552,699,12,30,256,regional_mean,14.366148183398437
AWS,ap-south-1,,1024,cpu-heavy,c5.xlarge,4,1.139117,0.01291,,,IN-WE,643.32421875,18.9296875,552,699,12,30,256,regional_mean,12.213692568164062
AWS,ap-south-1,,5120,memory-heavy,c5.xlarge,4,2.906167,0.032937,,,IN-WE,643.32421875,18.9296875,552,699,12,30,256,regional_mean,31.160126913867188
AWS,ap-south-1,,5120,io-heavy,c5.xlarge,4,3.306167,0.03747,,,IN-WE,643.32421875,18.9296875,552,699,12,30,256,regional_mean,35.44895503886718
AWS,ap-south-1,,5120,cpu-heavy,c5.xlarge,4,2.607317,0.02955,,,IN-WE,643.32421875,18.9296875,552,699,12,30,256,regional_mean,27.955836200976567
AWS,ap-south-1,,10,cpu-heavy,m6i.xlarge,4,0.70705,0.009522,,,IN-WE,643.32421875,18.9296875,552,699,12,30,256,regional_mean,7.581039814453125
AWS,ap-south-1,,10,memory-heavy,m6i.xlarge,4,0.738333,0.009943,,,IN-WE,643.32421875,18.9296875,552,699,12,30,256,regional_mean,7.916458340039062
AWS,ap-south-1,,10,io-heavy,m6i.xlarge,4,0.771967,0.010396,,,IN-WE,643.32421875,18.9296875,552,699,12,30,256,regional_mean,8.277084452929687
AWS,ap-south-1,,100,cpu-heavy,m6i.xlarge,4,0.706133,0.009509,,,IN-WE,643.32421875,18.9296875,552,699,12,30,256,regional_mean,7.571207675976563
AWS,ap-south-1,,100,memory-heavy,m6i.xlarge,4,0.7724,0.010402,,,IN-WE,643.32421875,18.9296875,552,699,12,30,256,regional_mean,8.281727109375
AWS,ap-south-1,,100,io-heavy,m6i.xlarge,4,0.771517,0.01039,,,IN-WE,643.32421875,18.9296875,552,699,12,30,256,regional_mean,8.272259521289062
AWS,ap-south-1,,500,cpu-heavy,m6i.xlarge,4,0.8715,0.011736,,,IN-WE,643.32421875,18.9296875,552,699,12,30,256,regional_mean,9.344284277343752
AWS,ap-south-1,,500,memory-heavy,m6i.xlarge,4,0.9719,0.013088,,,IN-WE,643.32421875,18.9296875,552,699,12,30,256,regional_mean,10.420780136718749
AWS,ap-south-1,,500,io-heavy,m6i.xlarge,4,0.93785,0.01263,,,IN-WE,643.32421875,18.9296875,552,699,12,30,256,regional_mean,10.055693642578126
AWS,ap-south-1,,1024,cpu-heavy,m6i.xlarge,4,0.972167,0.013092,,,IN-WE,643.32421875,18.9296875,552,699,12,30,256,regional_mean,10.423642929492189
AWS,ap-south-1,,1024,memory-heavy,m6i.xlarge,4,1.072183,0.014439,,,IN-WE,643.32421875,18.9296875,552,699,12,30,256,regional_mean,11.496021513867188
AWS,ap-south-1,,1024,io-heavy,m6i.xlarge,4,1.13945,0.015345,,,IN-WE,643.32421875,18.9296875,552,699,12,30,256,regional_mean,12.217263017578126
AWS,ap-south-1,,5120,cpu-heavy,m6i.xlarge,4,2.105083,0.028348,,,IN-WE,643.32421875,18.9296875,552,699,12,30,256,regional_mean,22.570847939648438
AWS,ap-south-1,,5120,memory-heavy,m6i.xlarge,4,2.33895,0.031498,,,IN-WE,643.32421875,18.9296875,552,699,12,30,256,regional_mean,25.078386357421877
AWS,ap-south-1,,5120,io-heavy,m6i.xlarge,4,2.706233,0.036444,,,IN-WE,643.32421875,18.9296875,552,699,12,30,256,regional_mean,29.016420508007815
AWS,ap-south-1,,10,cpu-heavy,m6i.xlarge,2,0.938017,0.006316,,,IN-WE,643.32421875,18.9296875,552,699,12,30,256,regional_mean,10.057484228320313
AWS,ap-south-1,,10,memory-heavy,m6i.xlarge,2,0.772317,0.0052,,,IN-WE,643.32421875,18.9296875,552,699,12,30,256,regional_mean,8.280837177539063
AWS,ap-south-1,,10,io-heavy,m6i.xlarge,2,0.805933,0.005427,,,IN-WE,643.32421875,18.9296875,552,699,12,30,256,regional_mean,8.641270293164062
AWS,ap-south-1,,100,cpu-heavy,m6i.xlarge,2,0.737567,0.004966,,,IN-WE,643.32421875,18.9296875,552,699,12,30,256,regional_mean,7.908245234179687
AWS,ap-south-1,,100,memory-heavy,m6i.xlarge,2,0.837967,0.005642,,,IN-WE,643.32421875,18.9296875,552,699,12,30,256,regional_mean,8.984741093554687
AWS,ap-south-1,,100,io-heavy,m6i.xlarge,2,0.838783,0.005648,,,IN-WE,643.32421875,18.9296875,552,699,12,30,256,regional_mean,8.993490302929686
AWS,ap-south-1,,500,cpu-heavy,m6i.xlarge,2,1.0049,0.006766,,,IN-WE,643.32421875,18.9296875,552,699,12,30,256,regional_mean,10.774608457031247
AWS,ap-south-1,,500,memory-heavy,m6i.xlarge,2,1.104667,0.007438,,,IN-WE,643.32421875,18.9296875,552,699,12,30,256,regional_mean,11.844317245898438
AWS,ap-south-1,,500,io-heavy,m6i.xlarge,2,1.171617,0.007889,,,IN-WE,643.32421875,18.9296875,552,699,12,30,256,regional_mean,12.562159853320312
AWS,ap-south-1,,1024,cpu-heavy,m6i.xlarge,2,1.406417,0.00947,,,IN-WE,643.32421875,18.9296875,552,699,12,30,256,regional_mean,15.079701962695312
AWS,ap-south-1,,1024,memory-heavy,m6i.xlarge,2,1.471983,0.009911,,,IN-WE,643.32421875,18.9296875,552,699,12,30,256,regional_mean,15.782705224804689
AWS,ap-south-1,,1024,io-heavy,m6i.xlarge,2,1.638617,0.011033,,,IN-WE,643.32421875,18.9296875,552,699,12,30,256,regional_mean,17.569366689257812
AWS,ap-south-1,,5120,cpu-heavy,m6i.xlarge,2,4.271567,0.028762,,,IN-WE,643.32421875,18.9296875,552,699,12,30,256,regional_mean,45.80004171855469
AWS,ap-south-1,,5120,memory-heavy,m6i.xlarge,2,4.23795,0.028536,,,IN-WE,643.32421875,18.9296875,552,699,12,30,256,regional_mean,45.439597880859374
AWS,ap-south-1,,5120,io-heavy,m6i.xlarge,2,5.10485,0.034373,,,IN-WE,643.32421875,18.9296875,552,699,12,30,256,regional_mean,54.73456063476562
AWS,ap-south-1,,10,cpu-heavy,c6i.xlarge,4,0.672733,0.008611,,,IN-WE,643.32421875,18.9296875,552,699,12,30,256,regional_mean,7.213090527539062
AWS,ap-south-1,,10,memory-heavy,c6i.xlarge,4,0.70555,0.009031,,,IN-WE,643.32421875,18.9296875,552,699,12,30,256,regional_mean,7.564956708984375
AWS,ap-south-1,,10,io-heavy,c6i.xlarge,4,0.73835,0.009451,,,IN-WE,643.32421875,18.9296875,552,699,12,30,256,regional_mean,7.916640615234374
AWS,ap-south-1,,100,cpu-heavy,c6i.xlarge,4,0.704383,0.009016,,,IN-WE,643.32421875,18.9296875,552,699,12,30,256,regional_mean,7.552444052929688
AWS,ap-south-1,,100,memory-heavy,c6i.xlarge,4,0.771833,0.009879,,,IN-WE,643.32421875,18.9296875,552,699,12,30,256,regional_mean,8.275647695507812
AWS,ap-south-1,,100,io-heavy,c6i.xlarge,4,0.771117,0.00987,,,IN-WE,643.32421875,18.9296875,552,699,12,30,256,regional_mean,8.267970693164063
AWS,ap-south-1,,500,cpu-heavy,c6i.xlarge,4,0.838367,0.010731,,,IN-WE,643.32421875,18.9296875,552,699,12,30,256,regional_mean,8.989029921679688
AWS,ap-south-1,,500,memory-heavy,c6i.xlarge,4,0.906467,0.011603,,,IN-WE,643.32421875,18.9296875,552,699,12,30,256,regional_mean,9.719202909960938
AWS,ap-south-1,,500,io-heavy,c6i.xlarge,4,0.938867,0.012017,,,IN-WE,643.32421875,18.9296875,552,699,12,30,256,regional_mean,10.066597988085938
AWS,ap-south-1,,10,cpu-heavy,m5a.xlarge,4,1.0752,0.012329,,,IN-WE,643.32421875,18.9296875,552,699,12,30,256,regional_mean,11.528369999999999
AWS,ap-south-1,,10,memory-heavy,m5a.xlarge,4,1.143933,0.013117,,,IN-WE,643.32421875,18.9296875,552,699,12,30,256,regional_mean,12.265330058789063
AWS,ap-south-1,,100,cpu-heavy,m5a.xlarge,4,1.142417,0.0131,,,IN-WE,643.32421875,18.9296875,552,699,12,30,256,regional_mean,12.249075400195313
AWS,ap-south-1,,100,memory-heavy,m5a.xlarge,4,1.210033,0.013875,,,IN-WE,643.32421875,18.9296875,552,699,12,30,256,regional_mean,12.974058906445311
AWS,ap-south-1,,100,io-heavy,m5a.xlarge,4,1.20865,0.013859,,,IN-WE,643.32421875,18.9296875,552,699,12,30,256,regional_mean,12.959230283203127
AWS,ap-south-1,,500,cpu-heavy,m5a.xlarge,4,1.342317,0.015392,,,IN-WE,643.32421875,18.9296875,552,699,12,30,256,regional_mean,14.39241725566406
AWS,ap-south-1,,500,memory-heavy,m5a.xlarge,4,1.376833,0.015788,,,IN-WE,643.32421875,18.9296875,552,699,12,30,256,regional_mean,14.762500234570313
AWS,ap-south-1,,500,io-heavy,m5a.xlarge,4,1.445867,0.016579,,,IN-WE,643.32421875,18.9296875,552,699,12,30,256,regional_mean,15.502687636523438
AWS,ap-south-1,,1024,cpu-heavy,m5a.xlarge,4,1.508233,0.017294,,,IN-WE,643.32421875,18.9296875,552,699,12,30,256,regional_mean,16.171380273632813
AWS,ap-south-1,,1024,memory-heavy,m5a.xlarge,4,1.608517,0.018444,,,IN-WE,643.32421875,18.9296875,552,699,12,30,256,regional_mean,17.24663237285156
AWS,ap-south-1,,1024,io-heavy,m5a.xlarge,4,1.7438,0.019996,,,IN-WE,643.32421875,18.9296875,552,699,12,30,256,regional_mean,18.6971462109375
AWS,ap-south-1,,5120,cpu-heavy,m5a.xlarge,4,3.275,0.037553,,,IN-WE,643.32421875,18.9296875,552,699,12,30,256,regional_mean,35.114780273437496
AWS,ap-south-1,,5120,memory-heavy,m5a.xlarge,4,3.541517,0.040609,,,IN-WE,643.32421875,18.9296875,552,699,12,30,256,regional_mean,37.97239428691406
AWS,ap-south-1,,5120,io-heavy,m5a.xlarge,4,4.208467,0.048257,,,IN-WE,643.32421875,18.9296875,552,699,12,30,256,regional_mean,45.12347908183593
AWS,ap-south-1,,10,cpu-heavy,c5a.xlarge,4,0.738783,0.007585,,,IN-WE,643.32421875,18.9296875,552,699,12,30,256,regional_mean,7.921283271679687
AWS,ap-south-1,,10,memory-heavy,c5a.xlarge,4,0.972433,0.009984,,,IN-WE,643.32421875,18.9296875,552,699,12,30,256,regional_mean,10.426495000195311
AWS,ap-south-1,,10,io-heavy,c5a.xlarge,4,0.805833,0.008273,,,IN-WE,643.32421875,18.9296875,552,699,12,30,256,regional_mean,8.640198086132813
AWS,ap-south-1,,100,cpu-heavy,c5a.xlarge,4,0.7721,0.007927,,,IN-WE,643.32421875,18.9296875,552,699,12,30,256,regional_mean,8.27851048828125
AWS,ap-south-1,,100,memory-heavy,c5a.xlarge,4,0.839233,0.008616,,,IN-WE,643.32421875,18.9296875,552,699,12,30,256,regional_mean,8.998315234570313
AWS,ap-south-1,,100,io-heavy,c5a.xlarge,4,0.838383,0.008607,,,IN-WE,643.32421875,18.9296875,552,699,12,30,256,regional_mean,8.989201474804688
AWS,ap-south-1,,500,cpu-heavy,c5a.xlarge,4,0.872517,0.008958,,,IN-WE,643.32421875,18.9296875,552,699,12,30,256,regional_mean,9.355188622851562
AWS,ap-south-1,,500,memory-heavy,c5a.xlarge,4,0.939117,0.009642,,,IN-WE,643.32421875,18.9296875,552,699,12,30,256,regional_mean,10.069278505664064
AWS,ap-south-1,,500,io-heavy,c5a.xlarge,4,1.4727,0.01512,,,IN-WE,643.32421875,18.9296875,552,699,12,30,256,regional_mean,15.790392949218749
AWS,ap-south-1,,1024,cpu-heavy,c5a.xlarge,4,1.038583,0.010663,,,IN-WE,643.32421875,18.9296875,552,699,12,30,256,regional_mean,11.135759951367186
AWS,ap-south-1,,1024,memory-heavy,c5a.xlarge,4,1.105,0.011345,,,IN-WE,643.32421875,18.9296875,552,699,12,30,256,regional_mean,11.847887695312501
AWS,ap-south-1,,1024,io-heavy,c5a.xlarge,4,1.171967,0.012032,,,IN-WE,643.32421875,18.9296875,552,699,12,30,256,regional_mean,12.565912577929689
AWS,ap-south-1,,5120,cpu-heavy,c5a.xlarge,4,2.20585,0.022647,,,IN-WE,643.32421875,18.9296875,552,699,12,30,256,regional_mean,23.651278798828127
AWS,ap-south-1,,5120,memory-heavy,c5a.xlarge,4,2.305067,0.023665,,,IN-WE,643.32421875,18.9296875,552,699,12,30,256,regional_mean,24.71509044902344
AWS,ap-south-1,,5120,io-heavy,c5a.xlarge,4,2.839033,0.029147,,,IN-WE,643.32421875,18.9296875,552,699,12,30,256,regional_mean,30.440311445507813
AWS,ap-south-1,,1024,cpu-heavy,c6i.xlarge,4,1.504433,0.019257,,,IN-WE,643.32421875,18.9296875,552,699,12,30,256,regional_mean,16.130636406445312
AWS,ap-south-1,,1024,memory-heavy,c6i.xlarge,4,1.60445,0.020537,,,IN-WE,643.32421875,18.9296875,552,699,12,30,256,regional_mean,17.203025712890625
AWS,ap-south-1,,1024,io-heavy,c6i.xlarge,4,1.705733,0.021833,,,IN-WE,643.32421875,18.9296875,552,699,12,30,256,regional_mean,18.288989160351562
AWS,ap-south-1,,5120,cpu-heavy,c6i.xlarge,4,3.238583,0.041454,,,IN-WE,643.32421875,18.9296875,552,699,12,30,256,regional_mean,34.72431463886719
AWS,ap-south-1,,5120,memory-heavy,c6i.xlarge,4,3.072017,0.039322,,,IN-WE,643.32421875,18.9296875,552,699,12,30,256,regional_mean,32.938382275195316
AWS,ap-south-1,,5120,io-heavy,c6i.xlarge,4,3.705483,0.04743,,,IN-WE,643.32421875,18.9296875,552,699,12,30,256,regional_mean,39.73044926777344
AWS,ap-south-1,,10,cpu-heavy,m5.xlarge,4,1.2066,0.015444,,,IN-WE,643.32421875,18.9296875,552,699,12,30,256,regional_mean,12.9372500390625
AWS,ap-south-1,,10,memory-heavy,m5.xlarge,4,1.10625,0.01416,,,IN-WE,643.32421875,18.9296875,552,699,12,30,256,regional_mean,11.861290283203124
AWS,ap-south-1,,10,io-heavy,m5.xlarge,4,1.141067,0.014606,,,IN-WE,643.32421875,18.9296875,552,699,12,30,256,regional_mean,12.234600605273437
AWS,ap-south-1,,100,cpu-heavy,m5.xlarge,4,1.1397,0.014588,,,IN-WE,643.32421875,18.9296875,552,699,12,30,256,regional_mean,12.219943535156249
AWS,ap-south-1,,100,memory-heavy,m5.xlarge,4,1.206667,0.015445,,,IN-WE,643.32421875,18.9296875,552,699,12,30,256,regional_mean,12.937968417773437
AWS,ap-south-1,,100,io-heavy,m5.xlarge,4,1.172767,0.015011,,,IN-WE,643.32421875,18.9296875,552,699,12,30,256,regional_mean,12.574490234179686
AWS,ap-south-1,,500,cpu-heavy,m5.xlarge,4,1.306117,0.016718,,,IN-WE,643.32421875,18.9296875,552,699,12,30,256,regional_mean,14.004278310351562
AWS,ap-south-1,,500,memory-heavy,m5.xlarge,4,1.406683,0.018006,,,IN-WE,643.32421875,18.9296875,552,699,12,30,256,regional_mean,15.082554033398436
AWS,ap-south-1,,500,io-heavy,m5.xlarge,4,1.473983,0.018867,,,IN-WE,643.32421875,18.9296875,552,699,12,30,256,regional_mean,15.804149365429687
AWS,ap-south-1,,1024,cpu-heavy,m5.xlarge,4,1.506433,0.019282,,,IN-WE,643.32421875,18.9296875,552,699,12,30,256,regional_mean,16.152080547070312
AWS,ap-south-1,,1024,memory-heavy,m5.xlarge,4,1.57215,0.020124,,,IN-WE,643.32421875,18.9296875,552,699,12,30,256,regional_mean,16.856702841796874
AWS,ap-south-1,,1024,io-heavy,m5.xlarge,4,1.640867,0.021003,,,IN-WE,643.32421875,18.9296875,552,699,12,30,256,regional_mean,17.593491347460937
AWS,ap-south-1,,5120,cpu-heavy,m5.xlarge,4,3.2072,0.041052,,,IN-WE,643.32421875,18.9296875,552,699,12,30,256,regional_mean,34.38782390625
AWS,ap-south-1,,5120,memory-heavy,m5.xlarge,4,3.33995,0.042751,,,IN-WE,643.32421875,18.9296875,552,699,12,30,256,regional_mean,35.811178740234375
AWS,ap-south-1,,5120,io-heavy,m5.xlarge,4,3.972817,0.050852,,,IN-WE,643.32421875,18.9296875,552,699,12,30,256,regional_mean,42.59682321269531
AWS,ap-south-1,,10,cpu-heavy,m5.xlarge,2,0.872633,0.005585,,,IN-WE,643.32421875,18.9296875,552,699,12,30,256,regional_mean,9.356432383007812
AWS,ap-south-1,,10,memory-heavy,c5.xlarge,4,1.272933,0.014427,,,IN-WE,643.32421875,18.9296875,552,699,12,30,256,regional_mean,13.648477129101565
AWS,ap-south-1,,10,memory-heavy,m5.xlarge,2,0.973683,0.006232,,,IN-WE,643.32421875,18.9296875,552,699,12,30,256,regional_mean,10.439897588085937
AWS,ap-south-1,,10,io-heavy,c5.xlarge,4,1.305633,0.014797,,,IN-WE,643.32421875,18.9296875,552,699,12,30,256,regional_mean,13.999088828320312
AWS,ap-south-1,,10,io-heavy,m5.xlarge,2,1.039133,0.00665,,,IN-WE,643.32421875,18.9296875,552,699,12,30,256,regional_mean,11.141657090039063
AWS,ap-south-1,,100,memory-heavy,c5.xlarge,4,1.341717,0.015206,,,IN-WE,643.32421875,18.9296875,552,699,12,30,256,regional_mean,14.385984013476564
AWS,ap-south-1,,100,cpu-heavy,m5.xlarge,2,0.97285,0.006226,,,IN-WE,643.32421875,18.9296875,552,699,12,30,256,regional_mean,10.430966103515624
AWS,ap-south-1,,100,memory-heavy,m5.xlarge,2,1.04055,0.00666,,,IN-WE,643.32421875,18.9296875,552,699,12,30,256,regional_mean,11.156850263671876
AWS,ap-south-1,,100,io-heavy,c5.xlarge,4,1.3731,0.015562,,,IN-WE,643.32421875,18.9296875,552,699,12,30,256,regional_mean,14.722474746093749
AWS,ap-south-1,,100,io-heavy,m5.xlarge,2,1.273233,0.008149,,,IN-WE,643.32421875,18.9296875,552,699,12,30,256,regional_mean,13.651693750195314
AWS,ap-south-1,,500,memory-heavy,c5.xlarge,4,1.573517,0.017833,,,IN-WE,643.32421875,18.9296875,552,699,12,30,256,regional_mean,16.871359911914062
AWS,ap-south-1,,500,cpu-heavy,m5.xlarge,2,1.740867,0.011142,,,IN-WE,643.32421875,18.9296875,552,699,12,30,256,regional_mean,18.66569837871094
AWS,ap-south-1,,500,io-heavy,c5.xlarge,4,1.939917,0.021986,,,IN-WE,643.32421875,18.9296875,552,699,12,30,256,regional_mean,20.79992647441406
AWS,ap-south-1,,1024,memory-heavy,c5.xlarge,4,1.7729,0.020093,,,IN-WE,643.32421875,18.9296875,552,699,12,30,256,regional_mean,19.00915845703125
AWS,ap-south-1,,500,memory-heavy,m5.xlarge,2,1.444483,0.009245,,,IN-WE,643.32421875,18.9296875,552,699,12,30,256,regional_mean,15.487848291210938
AWS,ap-south-1,,1024,io-heavy,c5.xlarge,4,1.905033,0.02159,,,IN-WE,643.32421875,18.9296875,552,699,12,30,256,regional_mean,20.425897773632816
AWS,ap-south-1,,500,io-heavy,m5.xlarge,2,1.581183,0.01012,,,IN-WE,643.32421875,18.9296875,552,699,12,30,256,regional_mean,16.953555302929686
AWS,ap-south-1,,1024,cpu-heavy,m5.xlarge,2,1.840917,0.011782,,,IN-WE,643.32421875,18.9296875,552,699,12,30,256,regional_mean,19.738441513476563
AWS,ap-south-1,,5120,memory-heavy,c5.xlarge,4,3.7067,0.042009,,,IN-WE,643.32421875,18.9296875,552,699,12,30,256,regional_mean,39.743498027343755
AWS,ap-south-1,,5120,io-heavy,c5.xlarge,4,4.4067,0.049943,,,IN-WE,643.32421875,18.9296875,552,699,12,30,256,regional_mean,47.24894724609375
AWS,ap-south-1,,1024,memory-heavy,m5.xlarge,2,2.078667,0.013303,,,IN-WE,643.32421875,18.9296875,552,699,12,30,256,regional_mean,22.28761373027344
AWS,ap-south-1,,1024,io-heavy,m5.xlarge,2,2.139683,0.013694,,,IN-WE,643.32421875,18.9296875,552,699,12,30,256,regional_mean,22.941831572460934
AWS,ap-south-1,,5120,cpu-heavy,m5.xlarge,2,5.639367,0.036092,,,IN-WE,643.32421875,18.9296875,552,699,12,30,256,regional_mean,60.46568949199219
AWS,ap-south-1,,5120,memory-heavy,m5.xlarge,2,5.606117,0.035879,,,IN-WE,643.32421875,18.9296875,552,699,12,30,256,regional_mean,60.109180654101564
AWS,ap-south-1,,5120,io-heavy,m5.xlarge,2,7.306567,0.046762,,,IN-WE,643.32421875,18.9296875,552,699,12,30,256,regional_mean,78.34152511699219
AWS,ap-south-1,,10,cpu-heavy,m6i.xlarge,4,0.905333,0.012192,,,IN-WE,643.32421875,18.9296875,552,699,12,30,256,regional_mean,9.707044082226563
AWS,ap-south-1,,10,cpu-heavy,c6i.xlarge,4,1.205617,0.015432,,,IN-WE,643.32421875,18.9296875,552,699,12,30,256,regional_mean,12.926710243945312
AWS,ap-south-1,,10,memory-heavy,c6i.xlarge,4,1.238483,0.015853,,,IN-WE,643.32421875,18.9296875,552,699,12,30,256,regional_mean,13.279101806835937
AWS,ap-south-1,,10,memory-heavy,m6i.xlarge,4,0.8726,0.011751,,,IN-WE,643.32421875,18.9296875,552,699,12,30,256,regional_mean,9.3560785546875
AWS,ap-south-1,,10,io-heavy,c6i.xlarge,4,1.171633,0.014997,,,IN-WE,643.32421875,18.9296875,552,699,12,30,256,regional_mean,12.562331406445312
AWS,ap-south-1,,10,io-heavy,m6i.xlarge,4,0.872433,0.011749,,,IN-WE,643.32421875,18.9296875,552,699,12,30,256,regional_mean,9.354287968945313
AWS,ap-south-1,,100,cpu-heavy,c6i.xlarge,4,1.171967,0.015001,,,IN-WE,643.32421875,18.9296875,552,699,12,30,256,regional_mean,12.565912577929689
AWS,ap-south-1,,100,cpu-heavy,m6i.xlarge,4,0.872167,0.011745,,,IN-WE,643.32421875,18.9296875,552,699,12,30,256,regional_mean,9.351435898242187
AWS,ap-south-1,,100,memory-heavy,m6i.xlarge,4,0.9724,0.013095,,,IN-WE,643.32421875,18.9296875,552,699,12,30,256,regional_mean,10.426141171875
AWS,ap-south-1,,100,memory-heavy,c6i.xlarge,4,1.204533,0.015418,,,IN-WE,643.32421875,18.9296875,552,699,12,30,256,regional_mean,12.915087519726564
AWS,ap-south-1,,100,io-heavy,c6i.xlarge,4,1.338683,0.017135,,,IN-WE,643.32421875,18.9296875,552,699,12,30,256,regional_mean,14.353453252148437
AWS,ap-south-1,,100,io-heavy,m6i.xlarge,4,1.005367,0.013539,,,IN-WE,643.32421875,18.9296875,552,699,12,30,256,regional_mean,10.779615663867187
AWS,ap-south-1,,500,cpu-heavy,c6i.xlarge,4,1.337733,0.017123,,,IN-WE,643.32421875,18.9296875,552,699,12,30,256,regional_mean,14.343267285351564
AWS,ap-south-1,,500,cpu-heavy,m6i.xlarge,4,1.109167,0.014937,,,IN-WE,643.32421875,18.9296875,552,699,12,30,256,regional_mean,11.892566562304687
AWS,ap-south-1,,500,memory-heavy,c6i.xlarge,4,1.373033,0.017575,,,IN-WE,643.32421875,18.9296875,552,699,12,30,256,regional_mean,14.721756367382813
AWS,ap-south-1,,500,memory-heavy,m6i.xlarge,4,1.138367,0.01533,,,IN-WE,643.32421875,18.9296875,552,699,12,30,256,regional_mean,12.205651015429687
AWS,ap-south-1,,500,io-heavy,c6i.xlarge,4,1.471733,0.018838,,,IN-WE,643.32421875,18.9296875,552,699,12,30,256,regional_mean,15.780024707226561
AWS,ap-south-1,,500,io-heavy,m6i.xlarge,4,1.23905,0.016686,,,IN-WE,643.32421875,18.9296875,552,699,12,30,256,regional_mean,13.285181220703125
AWS,ap-south-1,,1024,cpu-heavy,c6i.xlarge,4,1.605717,0.020553,,,IN-WE,643.32421875,18.9296875,552,699,12,30,256,regional_mean,17.216610575976564
AWS,ap-south-1,,1024,cpu-heavy,m6i.xlarge,4,1.30595,0.017587,,,IN-WE,643.32421875,18.9296875,552,699,12,30,256,regional_mean,14.002487724609374
AWS,ap-south-1,,1024,memory-heavy,c6i.xlarge,4,1.604767,0.020541,,,IN-WE,643.32421875,18.9296875,552,699,12,30,256,regional_mean,17.206424609179688
AWS,ap-south-1,,1024,memory-heavy,m6i.xlarge,4,1.605167,0.021616,,,IN-WE,643.32421875,18.9296875,552,699,12,30,256,regional_mean,17.210713437304687
AWS,ap-south-1,,1024,io-heavy,c6i.xlarge,4,2.07195,0.026521,,,IN-WE,643.32421875,18.9296875,552,699,12,30,256,regional_mean,22.215593583984376
AWS,ap-south-1,,1024,io-heavy,m6i.xlarge,4,1.372083,0.018477,,,IN-WE,643.32421875,18.9296875,552,699,12,30,256,regional_mean,14.711570400585936
AWS,ap-south-1,,5120,cpu-heavy,c6i.xlarge,4,2.972433,0.038047,,,IN-WE,643.32421875,18.9296875,552,699,12,30,256,regional_mean,31.870635625195312
AWS,ap-south-1,,5120,cpu-heavy,m6i.xlarge,4,2.87215,0.038678,,,IN-WE,643.32421875,18.9296875,552,699,12,30,256,regional_mean,30.795394248046872
AWS,ap-south-1,,5120,memory-heavy,c6i.xlarge,4,3.439017,0.044019,,,IN-WE,643.32421875,18.9296875,552,699,12,30,256,regional_mean,36.873382079882816
AWS,ap-south-1,,5120,memory-heavy,m6i.xlarge,4,2.639117,0.03554,,,IN-WE,643.32421875,18.9296875,552,699,12,30,256,regional_mean,28.296798036914062
AWS,ap-south-1,,5120,io-heavy,c6i.xlarge,4,3.806517,0.048723,,,IN-WE,643.32421875,18.9296875,552,699,12,30,256,regional_mean,40.81374291972656
AWS,ap-south-1,,5120,io-heavy,m6i.xlarge,4,3.273283,0.04408,,,IN-WE,643.32421875,18.9296875,552,699,12,30,256,regional_mean,35.09637047871094
AWS,ap-south-1,,10,cpu-heavy,m6i.xlarge,2,0.739183,0.004977,,,IN-WE,643.32421875,18.9296875,552,699,12,30,256,regional_mean,7.925572099804688
AWS,ap-south-1,,10,memory-heavy,m6i.xlarge,2,0.771333,0.005194,,,IN-WE,643.32421875,18.9296875,552,699,12,30,256,regional_mean,8.270286660351562
AWS,ap-south-1,,10,io-heavy,m6i.xlarge,2,0.9067,0.006105,,,IN-WE,643.32421875,18.9296875,552,699,12,30,256,regional_mean,9.72170115234375
AWS,ap-south-1,,100,cpu-heavy,m6i.xlarge,2,0.80505,0.005421,,,IN-WE,643.32421875,18.9296875,552,699,12,30,256,regional_mean,8.631802705078126
AWS,ap-south-1,,100,memory-heavy,m6i.xlarge,2,1.24,0.008349,,,IN-WE,643.32421875,18.9296875,552,699,12,30,256,regional_mean,13.2953671875
AWS,ap-south-1,,100,io-heavy,m6i.xlarge,2,0.8392,0.005651,,,IN-WE,643.32421875,18.9296875,552,699,12,30,256,regional_mean,8.997961406249999
AWS,ap-south-1,,500,cpu-heavy,m6i.xlarge,2,1.037833,0.006988,,,IN-WE,643.32421875,18.9296875,552,699,12,30,256,regional_mean,11.127718398632812
AWS,ap-south-1,,500,memory-heavy,m6i.xlarge,2,1.13795,0.007662,,,IN-WE,643.32421875,18.9296875,552,699,12,30,256,regional_mean,12.201179912109376
AWS,ap-south-1,,500,io-heavy,m6i.xlarge,2,1.238483,0.008339,,,IN-WE,643.32421875,18.9296875,552,699,12,30,256,regional_mean,13.279101806835937
AWS,ap-south-1,,1024,cpu-heavy,m6i.xlarge,2,1.405433,0.009463,,,IN-WE,643.32421875,18.9296875,552,699,12,30,256,regional_mean,15.069151445507812
AWS,ap-south-1,,1024,memory-heavy,m6i.xlarge,2,1.572583,0.010589,,,IN-WE,643.32421875,18.9296875,552,699,12,30,256,regional_mean,16.861345498242187
AWS,ap-south-1,,1024,io-heavy,m6i.xlarge,2,1.639067,0.011036,,,IN-WE,643.32421875,18.9296875,552,699,12,30,256,regional_mean,17.57419162089844
AWS,ap-south-1,,5120,cpu-heavy,m6i.xlarge,2,4.606083,0.031014,,,IN-WE,643.32421875,18.9296875,552,699,12,30,256,regional_mean,49.38674579121094
AWS,ap-south-1,,5120,memory-heavy,m6i.xlarge,2,4.50715,0.030348,,,IN-WE,643.32421875,18.9296875,552,699,12,30,256,regional_mean,48.32597920898438
AWS,ap-south-1,,5120,io-heavy,m6i.xlarge,2,5.34055,0.03596,,,IN-WE,643.32421875,18.9296875,552,699,12,30,256,regional_mean,57.261752607421876
AWS,ap-southeast-1,,10,cpu-heavy,m5.xlarge,4,1.10875,0.014192,,,SG,480.703125,5.83203125,472,492,4,8,256,regional_mean,8.8829931640625
AWS,ap-southeast-1,,10,memory-heavy,m5.xlarge,4,1.207217,0.015452,,,SG,480.703125,5.83203125,472,492,4,8,256,regional_mean,9.67188307421875
AWS,ap-southeast-1,,10,io-heavy,m5.xlarge,4,1.172717,0.015011,,,SG,480.703125,5.83203125,472,492,4,8,256,regional_mean,9.39547877734375
AWS,ap-southeast-1,,100,cpu-heavy,m5.xlarge,4,1.14045,0.014598,,,SG,480.703125,5.83203125,472,492,4,8,256,regional_mean,9.1369646484375
AWS,ap-southeast-1,,100,memory-heavy,m5.xlarge,4,1.243,0.01591,,,SG,480.703125,5.83203125,472,492,4,8,256,regional_mean,9.95856640625
AWS,ap-southeast-1,,100,io-heavy,m5.xlarge,4,1.2725,0.016288,,,SG,480.703125,5.83203125,472,492,4,8,256,regional_mean,10.194912109375
AWS,ap-southeast-1,,500,cpu-heavy,m5.xlarge,4,1.407567,0.018017,,,SG,480.703125,5.83203125,472,492,4,8,256,regional_mean,11.27703092578125
AWS,ap-southeast-1,,500,memory-heavy,m5.xlarge,4,1.407033,0.01801,,,SG,480.703125,5.83203125,472,492,4,8,256,regional_mean,11.272752667968751
AWS,ap-southeast-1,,500,io-heavy,m5.xlarge,4,1.5397,0.019708,,,SG,480.703125,5.83203125,472,492,4,8,256,regional_mean,12.335643359375002
AWS,ap-southeast-1,,1024,cpu-heavy,m5.xlarge,4,1.539483,0.019705,,,SG,480.703125,5.83203125,472,492,4,8,256,regional_mean,12.33390481640625
AWS,ap-southeast-1,,1024,memory-heavy,m5.xlarge,4,1.641,0.021005,,,SG,480.703125,5.83203125,472,492,4,8,256,regional_mean,13.14723046875
AWS,ap-southeast-1,,1024,io-heavy,m5.xlarge,4,1.838933,0.023538,,,SG,480.703125,5.83203125,472,492,4,8,256,regional_mean,14.73301399609375
AWS,ap-southeast-1,,5120,cpu-heavy,m5.xlarge,4,3.1407,0.040201,,,SG,480.703125,5.83203125,472,492,4,8,256,regional_mean,25.162405078124998
AWS,ap-southeast-1,,5120,memory-heavy,m5.xlarge,4,3.440933,0.044044,,,SG,480.703125,5.83203125,472,492,4,8,256,regional_mean,27.567787433593747
AWS,ap-southeast-1,,5120,io-heavy,m5.xlarge,4,4.141033,0.053005,,,SG,480.703125,5.83203125,472,492,4,8,256,regional_mean,33.17679173046875
AWS,ap-southeast-1,,10,cpu-heavy,c6i.xlarge,4,1.311717,0.01679,,,SG,480.703125,5.83203125,472,492,4,8,256,regional_mean,10.50910768359375
AWS,ap-southeast-1,,10,memory-heavy,c6i.xlarge,4,1.239433,0.015865,,,SG,480.703125,5.83203125,472,492,4,8,256,regional_mean,9.929988605468749
AWS,ap-southeast-1,,10,io-heavy,c6i.xlarge,4,1.872133,0.023963,,,SG,480.703125,5.83203125,472,492,4,8,256,regional_mean,14.99900305859375
AWS,ap-southeast-1,,100,cpu-heavy,c6i.xlarge,4,1.404433,0.017977,,,SG,480.703125,5.83203125,472,492,4,8,256,regional_mean,11.25192219921875
AWS,ap-southeast-1,,100,memory-heavy,c6i.xlarge,4,1.272017,0.016282,,,SG,480.703125,5.83203125,472,492,4,8,256,regional_mean,10.19104244921875
AWS,ap-southeast-1,,100,io-heavy,c6i.xlarge,4,1.339283,0.017143,,,SG,480.703125,5.83203125,472,492,4,8,256,regional_mean,10.72995872265625
AWS,ap-southeast-1,,500,cpu-heavy,c6i.xlarge,4,1.505417,0.019269,,,SG,480.703125,5.83203125,472,492,4,8,256,regional_mean,12.06097760546875
AWS,ap-southeast-1,,500,memory-heavy,c6i.xlarge,4,1.472967,0.018854,,,SG,480.703125,5.83203125,472,492,4,8,256,regional_mean,11.80099733203125
AWS,ap-southeast-1,,500,io-heavy,c6i.xlarge,4,1.570967,0.020108,,,SG,480.703125,5.83203125,472,492,4,8,256,regional_mean,12.586145769531251
AWS,ap-southeast-1,,1024,cpu-heavy,c6i.xlarge,4,1.6393,0.020983,,,SG,480.703125,5.83203125,472,492,4,8,256,regional_mean,13.133610546875001
AWS,ap-southeast-1,,1024,memory-heavy,c6i.xlarge,4,1.638483,0.020973,,,SG,480.703125,5.83203125,472,492,4,8,256,regional_mean,13.127064972656248
AWS,ap-southeast-1,,1024,io-heavy,c6i.xlarge,4,1.839633,0.023547,,,SG,480.703125,5.83203125,472,492,4,8,256,regional_mean,14.738622199218751
AWS,ap-southeast-1,,5120,cpu-heavy,c6i.xlarge,4,3.105767,0.039754,,,SG,480.703125,5.83203125,472,492,4,8,256,regional_mean,24.88253170703125
AWS,ap-southeast-1,,5120,memory-heavy,c6i.xlarge,4,3.4411,0.044046,,,SG,480.703125,5.83203125,472,492,4,8,256,regional_mean,27.569125390625
AWS,ap-southeast-1,,5120,io-heavy,c6i.xlarge,4,4.00505,0.051265,,,SG,480.703125,5.83203125,472,492,4,8,256,regional_mean,32.087334179687495
AWS,ap-southeast-1,,10,cpu-heavy,c5.xlarge,4,1.306117,0.014803,,,SG,480.703125,5.83203125,472,492,4,8,256,regional_mean,10.46424205859375
AWS,ap-southeast-1,,10,cpu-heavy,m5.xlarge,2,0.93915,0.006011,,,SG,480.703125,5.83203125,472,492,4,8,256,regional_mean,7.5242056640624995
AWS,ap-southeast-1,,10,memory-heavy,m5.xlarge,2,1.007233,0.006446,,,SG,480.703125,5.83203125,472,492,4,8,256,regional_mean,8.06966751171875
AWS,ap-southeast-1,,10,io-heavy,m5.xlarge,2,1.073083,0.006868,,,SG,480.703125,5.83203125,472,492,4,8,256,regional_mean,8.597239191406251
AWS,ap-southeast-1,,100,io-heavy,c5.xlarge,4,1.47285,0.016692,,,SG,480.703125,5.83203125,472,492,4,8,256,regional_mean,11.8000599609375
AWS,ap-southeast-1,,500,cpu-heavy,c5.xlarge,4,1.539667,0.01745,,,SG,480.703125,5.83203125,472,492,4,8,256,regional_mean,12.33537897265625
AWS,ap-southeast-1,,500,memory-heavy,c5.xlarge,4,1.5413,0.017468,,,SG,480.703125,5.83203125,472,492,4,8,256,regional_mean,12.348462109375
AWS,ap-southeast-1,,500,io-heavy,c5.xlarge,4,1.706367,0.019339,,,SG,480.703125,5.83203125,472,492,4,8,256,regional_mean,13.670932488281249
AWS,ap-southeast-1,,1024,cpu-heavy,c5.xlarge,4,1.741583,0.019738,,,SG,480.703125,5.83203125,472,492,4,8,256,regional_mean,13.95307317578125
AWS,ap-southeast-1,,500,io-heavy,m5.xlarge,2,1.672117,0.010702,,,SG,480.703125,5.83203125,472,492,4,8,256,regional_mean,13.396531121093751
AWS,ap-southeast-1,,1024,memory-heavy,c5.xlarge,4,1.8729,0.021226,,,SG,480.703125,5.83203125,472,492,4,8,256,regional_mean,15.005148046875
AWS,ap-southeast-1,,1024,memory-heavy,m5.xlarge,2,1.973417,0.01263,,,SG,480.703125,5.83203125,472,492,4,8,256,regional_mean,15.81046198046875
AWS,ap-southeast-1,,1024,io-heavy,m5.xlarge,2,2.6387,0.016888,,,SG,480.703125,5.83203125,472,492,4,8,256,regional_mean,21.140522265625002
AWS,ap-southeast-1,,5120,cpu-heavy,m5.xlarge,2,5.706433,0.036521,,,SG,480.703125,5.83203125,472,492,4,8,256,regional_mean,45.71833626171875
AWS,ap-southeast-1,,5120,memory-heavy,m5.xlarge,2,5.806033,0.037159,,,SG,480.703125,5.83203125,472,492,4,8,256,regional_mean,46.51630344921875
AWS,ap-southeast-1,,5120,io-heavy,m5.xlarge,2,7.3733,0.047189,,,SG,480.703125,5.83203125,472,492,4,8,256,regional_mean,59.072805859375
AWS,ap-southeast-1,,10,cpu-heavy,m5a.xlarge,4,1.34365,0.019349,,,SG,480.703125,5.83203125,472,492,4,8,256,regional_mean,10.7649458984375
AWS,ap-southeast-1,,10,memory-heavy,m5a.xlarge,4,1.474783,0.021237,,,SG,480.703125,5.83203125,472,492,4,8,256,regional_mean,11.81554661328125
AWS,ap-southeast-1,,10,io-heavy,m5a.xlarge,4,1.642733,0.023655,,,SG,480.703125,5.83203125,472,492,4,8,256,regional_mean,13.16111477734375
AWS,ap-southeast-1,,100,cpu-heavy,m5a.xlarge,4,1.44145,0.020757,,,SG,480.703125,5.83203125,472,492,4,8,256,regional_mean,11.5484919921875
AWS,ap-southeast-1,,100,memory-heavy,m5a.xlarge,4,1.57655,0.022702,,,SG,480.703125,5.83203125,472,492,4,8,256,regional_mean,12.6308751953125
AWS,ap-southeast-1,,100,io-heavy,m5a.xlarge,4,1.741517,0.025078,,,SG,480.703125,5.83203125,472,492,4,8,256,regional_mean,13.952544402343749
AWS,ap-southeast-1,,500,cpu-heavy,m5a.xlarge,4,1.742133,0.025087,,,SG,480.703125,5.83203125,472,492,4,8,256,regional_mean,13.95747962109375
AWS,ap-southeast-1,,500,memory-heavy,m5a.xlarge,4,1.74215,0.025087,,,SG,480.703125,5.83203125,472,492,4,8,256,regional_mean,13.9576158203125
AWS,ap-southeast-1,,500,io-heavy,m5a.xlarge,4,2.143583,0.030868,,,SG,480.703125,5.83203125,472,492,4,8,256,regional_mean,17.17378411328125
AWS,ap-southeast-1,,1024,cpu-heavy,m5a.xlarge,4,1.9082,0.027478,,,SG,480.703125,5.83203125,472,492,4,8,256,regional_mean,15.287961718749997
AWS,ap-southeast-1,,1024,memory-heavy,m5a.xlarge,4,2.308617,0.033244,,,SG,480.703125,5.83203125,472,492,4,8,256,regional_mean,18.49599010546875
AWS,ap-southeast-1,,1024,io-heavy,m5a.xlarge,4,2.308267,0.033239,,,SG,480.703125,5.83203125,472,492,4,8,256,regional_mean,18.49318600390625
AWS,ap-southeast-1,,5120,cpu-heavy,m5a.xlarge,4,4.10965,0.059179,,,SG,480.703125,5.83203125,472,492,4,8,256,regional_mean,32.925359960937506
AWS,ap-southeast-1,,5120,memory-heavy,m5a.xlarge,4,4.410483,0.063511,,,SG,480.703125,5.83203125,472,492,4,8,256,regional_mean,35.335549347656254
AWS,ap-southeast-1,,5120,memory-heavy,m5a.xlarge,4,4.3492,0.062628,,,SG,480.703125,5.83203125,472,492,4,8,256,regional_mean,34.8445671875
AWS,ap-southeast-1,,5120,io-heavy,m5a.xlarge,4,5.279717,0.076028,,,SG,480.703125,5.83203125,472,492,4,8,256,regional_mean,42.29960768359375
AWS,ap-southeast-1,,5120,io-heavy,m5a.xlarge,4,5.14175,0.074041,,,SG,480.703125,5.83203125,472,492,4,8,256,regional_mean,41.1942548828125
AWS,ap-southeast-1,,10,cpu-heavy,m6i.xlarge,4,0.871983,0.013952,,,SG,480.703125,5.83203125,472,492,4,8,256,regional_mean,6.98608255078125
AWS,ap-southeast-1,,10,memory-heavy,m6i.xlarge,4,0.971867,0.01555,,,SG,480.703125,5.83203125,472,492,4,8,256,regional_mean,7.78632506640625
AWS,ap-southeast-1,,10,io-heavy,m6i.xlarge,4,1.00505,0.016081,,,SG,480.703125,5.83203125,472,492,4,8,256,regional_mean,8.052177929687499
AWS,ap-southeast-1,,100,cpu-heavy,m6i.xlarge,4,0.9391,0.015026,,,SG,480.703125,5.83203125,472,492,4,8,256,regional_mean,7.523805078125001
AWS,ap-southeast-1,,100,memory-heavy,m6i.xlarge,4,1.437983,0.023008,,,SG,480.703125,5.83203125,472,492,4,8,256,regional_mean,11.52071536328125
AWS,ap-southeast-1,,100,io-heavy,m6i.xlarge,4,1.0719,0.01715,,,SG,480.703125,5.83203125,472,492,4,8,256,regional_mean,8.587761328125001
AWS,ap-southeast-1,,10,cpu-heavy,c5a.xlarge,4,1.2733,0.01494,,,SG,480.703125,5.83203125,472,492,4,8,256,regional_mean,10.201321484375002
AWS,ap-southeast-1,,500,cpu-heavy,m6i.xlarge,4,1.072017,0.017152,,,SG,480.703125,5.83203125,472,492,4,8,256,regional_mean,8.58869869921875
AWS,ap-southeast-1,,10,memory-heavy,c5a.xlarge,4,1.2723,0.014928,,,SG,480.703125,5.83203125,472,492,4,8,256,regional_mean,10.193309765625
AWS,ap-southeast-1,,500,memory-heavy,m6i.xlarge,4,1.104983,0.01768,,,SG,480.703125,5.83203125,472,492,4,8,256,regional_mean,8.85281301953125
AWS,ap-southeast-1,,10,io-heavy,c5a.xlarge,4,1.339117,0.015712,,,SG,480.703125,5.83203125,472,492,4,8,256,regional_mean,10.728628777343749
AWS,ap-southeast-1,,500,io-heavy,m6i.xlarge,4,1.2391,0.019826,,,SG,480.703125,5.83203125,472,492,4,8,256,regional_mean,9.927320703125002
AWS,ap-southeast-1,,100,cpu-heavy,c5a.xlarge,4,1.308833,0.015357,,,SG,480.703125,5.83203125,472,492,4,8,256,regional_mean,10.48600188671875
AWS,ap-southeast-1,,1024,cpu-heavy,m6i.xlarge,4,1.2051,0.019282,,,SG,480.703125,5.83203125,472,492,4,8,256,regional_mean,9.654922265625
AWS,ap-southeast-1,,100,memory-heavy,c5a.xlarge,4,1.339233,0.015714,,,SG,480.703125,5.83203125,472,492,4,8,256,regional_mean,10.72955813671875
AWS,ap-southeast-1,,1024,memory-heavy,m6i.xlarge,4,1.24005,0.019841,,,SG,480.703125,5.83203125,472,492,4,8,256,regional_mean,9.934931835937501
AWS,ap-southeast-1,,100,io-heavy,c5a.xlarge,4,1.406083,0.016498,,,SG,480.703125,5.83203125,472,492,4,8,256,regional_mean,11.26514153515625
AWS,ap-southeast-1,,1024,io-heavy,m6i.xlarge,4,1.4724,0.023558,,,SG,480.703125,5.83203125,472,492,4,8,256,regional_mean,11.796454687499999
AWS,ap-southeast-1,,500,cpu-heavy,c5a.xlarge,4,1.439383,0.016889,,,SG,480.703125,5.83203125,472,492,4,8,256,regional_mean,11.53193176953125
AWS,ap-southeast-1,,500,memory-heavy,c5a.xlarge,4,1.472433,0.017277,,,SG,480.703125,5.83203125,472,492,4,8,256,regional_mean,11.79671907421875
AWS,ap-southeast-1,,5120,cpu-heavy,m6i.xlarge,4,2.60545,0.041687,,,SG,480.703125,5.83203125,472,492,4,8,256,regional_mean,20.8741326171875
AWS,ap-southeast-1,,500,io-heavy,c5a.xlarge,4,1.672117,0.01962,,,SG,480.703125,5.83203125,472,492,4,8,256,regional_mean,13.396531121093751
AWS,ap-southeast-1,,5120,memory-heavy,m6i.xlarge,4,2.672,0.042752,,,SG,480.703125,5.83203125,472,492,4,8,256,regional_mean,21.4073125
AWS,ap-southeast-1,,1024,cpu-heavy,c5a.xlarge,4,1.638633,0.019227,,,SG,480.703125,5.83203125,472,492,4,8,256,regional_mean,13.12826673046875
AWS,ap-southeast-1,,5120,io-heavy,m6i.xlarge,4,3.272033,0.052353,,,SG,480.703125,5.83203125,472,492,4,8,256,regional_mean,26.21460813671875
AWS,ap-southeast-1,,1024,memory-heavy,c5a.xlarge,4,1.706183,0.020019,,,SG,480.703125,5.83203125,472,492,4,8,256,regional_mean,13.66945833203125
AWS,ap-southeast-1,,1024,io-heavy,c5a.xlarge,4,1.973067,0.023151,,,SG,480.703125,5.83203125,472,492,4,8,256,regional_mean,15.807657878906248
AWS,ap-southeast-1,,5120,cpu-heavy,c5a.xlarge,4,3.405317,0.039956,,,SG,480.703125,5.83203125,472,492,4,8,256,regional_mean,27.28244205859375
AWS,ap-southeast-1,,10,cpu-heavy,m6i.xlarge,2,0.7399,0.005919,,,SG,480.703125,5.83203125,472,492,4,8,256,regional_mean,5.9278707031249995
AWS,ap-southeast-1,,5120,memory-heavy,c5a.xlarge,4,3.53835,0.041517,,,SG,480.703125,5.83203125,472,492,4,8,256,regional_mean,28.3482650390625
AWS,ap-southeast-1,,10,memory-heavy,m6i.xlarge,2,0.771983,0.006176,,,SG,480.703125,5.83203125,472,492,4,8,256,regional_mean,6.18491067578125
AWS,ap-southeast-1,,5120,io-heavy,c5a.xlarge,4,4.34,0.050923,,,SG,480.703125,5.83203125,472,492,4,8,256,regional_mean,34.770859375
AWS,ap-southeast-1,,10,io-heavy,m6i.xlarge,2,0.90535,0.007243,,,SG,480.703125,5.83203125,472,492,4,8,256,regional_mean,7.2534095703125
AWS,ap-southeast-1,,100,cpu-heavy,m6i.xlarge,2,0.838483,0.006708,,,SG,480.703125,5.83203125,472,492,4,8,256,regional_mean,6.71768997265625
AWS,ap-southeast-1,,100,memory-heavy,m6i.xlarge,2,0.83825,0.006706,,,SG,480.703125,5.83203125,472,492,4,8,256,regional_mean,6.7158232421875
AWS,ap-southeast-1,,100,io-heavy,m6i.xlarge,2,0.9718,0.007774,,,SG,480.703125,5.83203125,472,492,4,8,256,regional_mean,7.78578828125
AWS,ap-southeast-1,,500,cpu-heavy,m6i.xlarge,2,1.072767,0.008582,,,SG,480.703125,5.83203125,472,492,4,8,256,regional_mean,8.594707488281252
AWS,ap-southeast-1,,500,memory-heavy,m6i.xlarge,2,1.1721,0.009377,,,SG,480.703125,5.83203125,472,492,4,8,256,regional_mean,9.390535546875
AWS,ap-southeast-1,,500,io-heavy,m6i.xlarge,2,1.339033,0.010712,,,SG,480.703125,5.83203125,472,492,4,8,256,regional_mean,10.727955792968748
AWS,ap-southeast-1,,1024,cpu-heavy,m6i.xlarge,2,1.539,0.012312,,,SG,480.703125,5.83203125,472,492,4,8,256,regional_mean,12.33003515625
AWS,ap-southeast-1,,1024,memory-heavy,m6i.xlarge,2,1.57155,0.012572,,,SG,480.703125,5.83203125,472,492,4,8,256,regional_mean,12.5908166015625
AWS,ap-southeast-1,,1024,io-heavy,m6i.xlarge,2,1.871833,0.014975,,,SG,480.703125,5.83203125,472,492,4,8,256,regional_mean,14.99659954296875
AWS,ap-southeast-1,,5120,cpu-heavy,m6i.xlarge,2,4.7068,0.037654,,,SG,480.703125,5.83203125,472,492,4,8,256,regional_mean,37.70955781250001
AWS,ap-southeast-1,,5120,memory-heavy,m6i.xlarge,2,4.7057,0.037646,,,SG,480.703125,5.83203125,472,492,4,8,256,regional_mean,37.700744921875
AWS,ap-southeast-1,,5120,io-heavy,m6i.xlarge,2,5.805367,0.046443,,,SG,480.703125,5.83203125,472,492,4,8,256,regional_mean,46.51096764453125
AWS,ap-south-1,,10,cpu-heavy,c6i.xlarge,4,1.139333,0.014583,,,IN-WE,643.32421875,18.9296875,552,699,12,30,256,regional_mean,12.21600853535156
AWS,ap-south-1,,10,memory-heavy,c6i.xlarge,4,1.205217,0.015427,,,IN-WE,643.32421875,18.9296875,552,699,12,30,256,regional_mean,12.922421415820311
AWS,ap-south-1,,10,io-heavy,c6i.xlarge,4,1.20545,0.01543,,,IN-WE,643.32421875,18.9296875,552,699,12,30,256,regional_mean,12.924919658203125
AWS,ap-south-1,,100,cpu-heavy,c6i.xlarge,4,1.171433,0.014994,,,IN-WE,643.32421875,18.9296875,552,699,12,30,256,regional_mean,12.560186992382812
AWS,ap-south-1,,100,memory-heavy,c6i.xlarge,4,1.2397,0.015868,,,IN-WE,643.32421875,18.9296875,552,699,12,30,256,regional_mean,13.292150566406251
AWS,ap-south-1,,100,io-heavy,c6i.xlarge,4,1.3055,0.01671,,,IN-WE,643.32421875,18.9296875,552,699,12,30,256,regional_mean,13.99766279296875
AWS,ap-south-1,,500,cpu-heavy,c6i.xlarge,4,1.605183,0.020546,,,IN-WE,643.32421875,18.9296875,552,699,12,30,256,regional_mean,17.210884990429687
AWS,ap-south-1,,500,memory-heavy,c6i.xlarge,4,1.773533,0.022701,,,IN-WE,643.32421875,18.9296875,552,699,12,30,256,regional_mean,19.015945527539063
AWS,ap-south-1,,500,io-heavy,c6i.xlarge,4,1.47215,0.018844,,,IN-WE,643.32421875,18.9296875,552,699,12,30,256,regional_mean,15.784495810546876
AWS,ap-south-1,,1024,cpu-heavy,c6i.xlarge,4,1.5392,0.019702,,,IN-WE,643.32421875,18.9296875,552,699,12,30,256,regional_mean,16.503410624999997
AWS,ap-south-1,,1024,memory-heavy,c6i.xlarge,4,1.572117,0.020123,,,IN-WE,643.32421875,18.9296875,552,699,12,30,256,regional_mean,16.85634901347656
AWS,ap-south-1,,1024,io-heavy,c6i.xlarge,4,1.73895,0.022259,,,IN-WE,643.32421875,18.9296875,552,699,12,30,256,regional_mean,18.645144169921878
AWS,ap-south-1,,5120,cpu-heavy,c6i.xlarge,4,2.90605,0.037197,,,IN-WE,643.32421875,18.9296875,552,699,12,30,256,regional_mean,31.158872431640624
AWS,ap-south-1,,5120,memory-heavy,c6i.xlarge,4,3.073067,0.039335,,,IN-WE,643.32421875,18.9296875,552,699,12,30,256,regional_mean,32.94964044902344
AWS,ap-south-1,,5120,io-heavy,c6i.xlarge,4,3.7719,0.04828,,,IN-WE,643.32421875,18.9296875,552,699,12,30,256,regional_mean,40.442577011718754
AWS,ap-southeast-1,,10,cpu-heavy,c5a.xlarge,2,0.772,0.004529,,,SG,480.703125,5.83203125,472,492,4,8,256,regional_mean,6.185046875
AWS,ap-southeast-1,,10,memory-heavy,c5a.xlarge,2,0.805267,0.004724,,,SG,480.703125,5.83203125,472,492,4,8,256,regional_mean,6.45157272265625
AWS,ap-southeast-1,,10,io-heavy,c5a.xlarge,2,0.8725,0.005119,,,SG,480.703125,5.83203125,472,492,4,8,256,regional_mean,6.990224609375001
AWS,ap-southeast-1,,100,cpu-heavy,c5a.xlarge,2,0.8719,0.005115,,,SG,480.703125,5.83203125,472,492,4,8,256,regional_mean,6.985417578125
AWS,ap-southeast-1,,100,memory-heavy,c5a.xlarge,2,1.039167,0.006096,,,SG,480.703125,5.83203125,472,492,4,8,256,regional_mean,8.32551373828125
AWS,ap-southeast-1,,10,memory-heavy,c5.xlarge,4,0.973483,0.01272,,,SG,480.703125,5.83203125,472,492,4,8,256,regional_mean,7.79927200390625
AWS,ap-southeast-1,,100,io-heavy,c5a.xlarge,2,0.972717,0.005707,,,SG,480.703125,5.83203125,472,492,4,8,256,regional_mean,7.79313502734375
AWS,ap-southeast-1,,10,io-heavy,c5.xlarge,4,0.9719,0.012699,,,SG,480.703125,5.83203125,472,492,4,8,256,regional_mean,7.786589453124999
AWS,ap-southeast-1,,500,cpu-heavy,c5a.xlarge,2,1.13855,0.006679,,,SG,480.703125,5.83203125,472,492,4,8,256,regional_mean,9.121742382812501
AWS,ap-southeast-1,,500,memory-heavy,c5a.xlarge,2,1.2059,0.007075,,,SG,480.703125,5.83203125,472,492,4,8,256,regional_mean,9.661331640624999
AWS,ap-southeast-1,,100,cpu-heavy,c5.xlarge,4,1.272583,0.016628,,,SG,480.703125,5.83203125,472,492,4,8,256,regional_mean,10.19557708203125
AWS,ap-southeast-1,,500,io-heavy,c5a.xlarge,2,1.405667,0.008247,,,SG,480.703125,5.83203125,472,492,4,8,256,regional_mean,11.26180866015625
AWS,ap-southeast-1,,100,memory-heavy,c5.xlarge,4,1.139067,0.014884,,,SG,480.703125,5.83203125,472,492,4,8,256,regional_mean,9.12588444140625
AWS,ap-southeast-1,,1024,io-heavy,c5.xlarge,4,1.6746,0.021881,,,SG,480.703125,5.83203125,472,492,4,8,256,regional_mean,13.41642421875
AWS,ap-southeast-1,,1024,cpu-heavy,c5a.xlarge,2,1.638617,0.009613,,,SG,480.703125,5.83203125,472,492,4,8,256,regional_mean,13.12813854296875
AWS,ap-southeast-1,,1024,memory-heavy,c5a.xlarge,2,1.672517,0.009812,,,SG,480.703125,5.83203125,472,492,4,8,256,regional_mean,13.39973580859375
AWS,ap-southeast-1,,5120,cpu-heavy,c5.xlarge,4,2.439533,0.031877,,,SG,480.703125,5.83203125,472,492,4,8,256,regional_mean,19.54485227734375
AWS,ap-southeast-1,,1024,io-heavy,c5a.xlarge,2,1.9723,0.011571,,,SG,480.703125,5.83203125,472,492,4,8,256,regional_mean,15.801512890625
AWS,ap-southeast-1,,5120,memory-heavy,c5.xlarge,4,2.673867,0.034939,,,SG,480.703125,5.83203125,472,492,4,8,256,regional_mean,21.422270378906248
AWS,ap-southeast-1,,5120,cpu-heavy,c5a.xlarge,2,5.20605,0.030542,,,SG,480.703125,5.83203125,472,492,4,8,256,regional_mean,41.7094083984375
AWS,ap-southeast-1,,5120,io-heavy,c5.xlarge,4,3.039683,0.039719,,,SG,480.703125,5.83203125,472,492,4,8,256,regional_mean,24.35308528515625
AWS,ap-southeast-1,,5120,memory-heavy,c5a.xlarge,2,5.0722,0.029757,,,SG,480.703125,5.83203125,472,492,4,8,256,regional_mean,40.637039843749996
AWS,ap-southeast-1,,5120,io-heavy,c5a.xlarge,2,6.3393,0.037191,,,SG,480.703125,5.83203125,472,492,4,8,256,regional_mean,50.788688671875
AWS,ap-south-1,,2048,memory-heavy,m5.xlarge,4,1.939017,0.024819,,,IN-WE,643.32421875,18.9296875,552,699,12,30,256,regional_mean,20.79027661113281
AWS,ap-southeast-1,,3072,cpu-heavy,m6i.xlarge,2,3.104533,0.024836,,,SG,480.703125,5.83203125,472,492,4,8,256,regional_mean,24.87264524609375
AWS,ap-south-1,,2048,io-heavy,m5.xlarge,4,2.207067,0.02825,,,IN-WE,643.32421875,18.9296875,552,699,12,30,256,regional_mean,23.664327558398433
AWS,ap-southeast-1,,3072,memory-heavy,m6i.xlarge,2,2.93915,0.023513,,,SG,480.703125,5.83203125,472,492,4,8,256,regional_mean,23.5476431640625
AWS,ap-south-1,,3072,cpu-heavy,m5.xlarge,4,2.239117,0.028661,,,IN-WE,643.32421875,18.9296875,552,699,12,30,256,regional_mean,24.00796991191406
AWS,ap-southeast-1,,3072,io-heavy,m6i.xlarge,2,3.7056,0.029645,,,SG,480.703125,5.83203125,472,492,4,8,256,regional_mean,29.688225000000003
AWS,ap-south-1,,3072,memory-heavy,m5.xlarge,4,2.347267,0.030045,,,IN-WE,643.32421875,18.9296875,552,699,12,30,256,regional_mean,25.167561816210934
AWS,ap-south-1,,3072,io-heavy,m5.xlarge,4,2.973017,0.038055,,,IN-WE,643.32421875,18.9296875,552,699,12,30,256,regional_mean,31.876897314257814
AWS,ap-southeast-1,,10,cpu-heavy,m5a.xlarge,2,1.1093,0.007987,,,SG,480.703125,5.83203125,472,492,4,8,256,regional_mean,8.887399609374999
AWS,ap-south-1,,10,cpu-heavy,m5a.xlarge,2,1.041533,0.003854,,,IN-WE,643.32421875,18.9296875,552,699,12,30,256,regional_mean,11.167390058789064
AWS,ap-southeast-1,,10,cpu-heavy,c5.xlarge,2,0.972867,0.006356,,,SG,480.703125,5.83203125,472,492,4,8,256,regional_mean,7.794336785156251
AWS,ap-south-1,,10,cpu-heavy,m5a.xlarge,4,1.274567,0.009432,,,IN-WE,643.32421875,18.9296875,552,699,12,30,256,regional_mean,13.665996991992188
AWS,ap-southeast-1,,10,cpu-heavy,c6i.xlarge,2,0.672683,0.004395,,,SG,480.703125,5.83203125,472,492,4,8,256,regional_mean,5.38934700390625
AWS,ap-south-1,,10,cpu-heavy,m6i.xlarge,2,0.67135,0.00452,,,IN-WE,643.32421875,18.9296875,552,699,12,30,256,regional_mean,7.198261904296875
AWS,ap-southeast-1,,10,memory-heavy,m5a.xlarge,2,1.175467,0.008463,,,SG,480.703125,5.83203125,472,492,4,8,256,regional_mean,9.41751100390625
AWS,ap-south-1,,10,cpu-heavy,m6i.xlarge,4,0.804917,0.01084,,,IN-WE,643.32421875,18.9296875,552,699,12,30,256,regional_mean,8.630376669726562
AWS,ap-southeast-1,,10,memory-heavy,c5.xlarge,2,0.872617,0.005701,,,SG,480.703125,5.83203125,472,492,4,8,256,regional_mean,6.99116198046875
AWS,ap-south-1,,10,cpu-heavy,m5.xlarge,2,0.839933,0.005656,,,IN-WE,643.32421875,18.9296875,552,699,12,30,256,regional_mean,9.005820683789063
AWS,ap-south-1,,10,cpu-heavy,c5.xlarge,2,0.73865,0.004186,,,IN-WE,643.32421875,18.9296875,552,699,12,30,256,regional_mean,7.919857236328125
AWS,ap-southeast-1,,10,memory-heavy,c6i.xlarge,2,0.705317,0.004608,,,SG,480.703125,5.83203125,472,492,4,8,256,regional_mean,5.65080143359375
AWS,ap-south-1,,10,cpu-heavy,m5.xlarge,4,1.007233,0.013564,,,IN-WE,643.32421875,18.9296875,552,699,12,30,256,regional_mean,10.799623047070313
AWS,ap-south-1,,10,cpu-heavy,c5.xlarge,4,0.906733,0.010276,,,IN-WE,643.32421875,18.9296875,552,699,12,30,256,regional_mean,9.722054980664064
AWS,ap-southeast-1,,10,io-heavy,m5a.xlarge,2,1.27535,0.009183,,,SG,480.703125,5.83203125,472,492,4,8,256,regional_mean,10.217745507812499
AWS,ap-south-1,,10,memory-heavy,m5.xlarge,2,1.041217,0.007011,,,IN-WE,643.32421875,18.9296875,552,699,12,30,256,regional_mean,11.164001884570315
AWS,ap-south-1,,10,cpu-heavy,c5a.xlarge,2,0.705383,0.00221,,,IN-WE,643.32421875,18.9296875,552,699,12,30,256,regional_mean,7.563166123242188
AWS,ap-southeast-1,,10,io-heavy,c5.xlarge,2,0.905067,0.005913,,,SG,480.703125,5.83203125,472,492,4,8,256,regional_mean,7.25114225390625
AWS,ap-south-1,,10,memory-heavy,m5.xlarge,4,1.105833,0.014892,,,IN-WE,643.32421875,18.9296875,552,699,12,30,256,regional_mean,11.856819179882812
AWS,ap-south-1,,10,cpu-heavy,c5a.xlarge,4,0.77225,0.004839,,,IN-WE,643.32421875,18.9296875,552,699,12,30,256,regional_mean,8.280118798828125
AWS,ap-southeast-1,,10,io-heavy,c6i.xlarge,2,0.83875,0.00548,,,SG,480.703125,5.83203125,472,492,4,8,256,regional_mean,6.7198291015625
AWS,ap-south-1,,10,cpu-heavy,c6i.xlarge,2,0.6385,0.003618,,,IN-WE,643.32421875,18.9296875,552,699,12,30,256,regional_mean,6.84604189453125
AWS,ap-south-1,,10,io-heavy,m5.xlarge,2,0.87395,0.005885,,,IN-WE,643.32421875,18.9296875,552,699,12,30,256,regional_mean,9.370553349609375
AWS,ap-southeast-1,,100,cpu-heavy,m5.xlarge,2,0.973067,0.007785,,,SG,480.703125,5.83203125,472,492,4,8,256,regional_mean,7.79593912890625
AWS,ap-south-1,,10,cpu-heavy,c6i.xlarge,4,0.772467,0.008755,,,IN-WE,643.32421875,18.9296875,552,699,12,30,256,regional_mean,8.282445488085939
AWS,ap-south-1,,10,io-heavy,m5.xlarge,4,1.073383,0.014455,,,IN-WE,643.32421875,18.9296875,552,699,12,30,256,regional_mean,11.508887998242187
AWS,ap-southeast-1,,100,cpu-heavy,m5a.xlarge,2,1.207433,0.008694,,,SG,480.703125,5.83203125,472,492,4,8,256,regional_mean,9.673613605468748
AWS,ap-south-1,,100,cpu-heavy,m5.xlarge,2,0.907,0.006107,,,IN-WE,643.32421875,18.9296875,552,699,12,30,256,regional_mean,9.7249177734375
AWS,ap-south-1,,10,memory-heavy,m5a.xlarge,2,1.107733,0.004099,,,IN-WE,643.32421875,18.9296875,552,699,12,30,256,regional_mean,11.877191113476563
AWS,ap-southeast-1,,100,cpu-heavy,c5.xlarge,2,0.872717,0.005702,,,SG,480.703125,5.83203125,472,492,4,8,256,regional_mean,6.991963152343749
AWS,ap-south-1,,10,memory-heavy,m5a.xlarge,4,1.375833,0.010181,,,IN-WE,643.32421875,18.9296875,552,699,12,30,256,regional_mean,14.751778164257813
AWS,ap-south-1,,100,cpu-heavy,m5.xlarge,4,1.039883,0.014004,,,IN-WE,643.32421875,18.9296875,552,699,12,30,256,regional_mean,11.149698642773437
AWS,ap-southeast-1,,100,cpu-heavy,c6i.xlarge,2,1.00555,0.00657,,,SG,480.703125,5.83203125,472,492,4,8,256,regional_mean,8.0561837890625
AWS,ap-south-1,,10,memory-heavy,m6i.xlarge,2,0.671117,0.004519,,,IN-WE,643.32421875,18.9296875,552,699,12,30,256,regional_mean,7.195763661914062
AWS,ap-south-1,,100,memory-heavy,m5.xlarge,2,0.972417,0.006548,,,IN-WE,643.32421875,18.9296875,552,699,12,30,256,regional_mean,10.426323447070313
AWS,ap-southeast-1,,100,memory-heavy,m5.xlarge,2,1.0057,0.008046,,,SG,480.703125,5.83203125,472,492,4,8,256,regional_mean,8.057385546875
AWS,ap-south-1,,10,memory-heavy,m6i.xlarge,4,0.8728,0.011754,,,IN-WE,643.32421875,18.9296875,552,699,12,30,256,regional_mean,9.35822296875
AWS,ap-south-1,,100,memory-heavy,m5.xlarge,4,1.106967,0.014907,,,IN-WE,643.32421875,18.9296875,552,699,12,30,256,regional_mean,11.868978007617187
AWS,ap-southeast-1,,100,memory-heavy,m5a.xlarge,2,1.274833,0.009179,,,SG,480.703125,5.83203125,472,492,4,8,256,regional_mean,10.213603449218752
AWS,ap-south-1,,10,memory-heavy,c5.xlarge,2,0.7727,0.004379,,,IN-WE,643.32421875,18.9296875,552,699,12,30,256,regional_mean,8.28494373046875
AWS,ap-south-1,,100,io-heavy,m5.xlarge,2,0.9737,0.006556,,,IN-WE,643.32421875,18.9296875,552,699,12,30,256,regional_mean,10.44007986328125
AWS,ap-southeast-1,,100,memory-heavy,c5.xlarge,2,0.905783,0.005918,,,SG,480.703125,5.83203125,472,492,4,8,256,regional_mean,7.25687864453125
AWS,ap-south-1,,10,memory-heavy,c5.xlarge,4,0.8728,0.009892,,,IN-WE,643.32421875,18.9296875,552,699,12,30,256,regional_mean,9.35822296875
AWS,ap-southeast-1,,100,memory-heavy,c6i.xlarge,2,0.771167,0.005038,,,SG,480.703125,5.83203125,472,492,4,8,256,regional_mean,6.178373113281251
AWS,ap-south-1,,100,io-heavy,m5.xlarge,4,1.14005,0.015353,,,IN-WE,643.32421875,18.9296875,552,699,12,30,256,regional_mean,12.223696259765626
AWS,ap-south-1,,10,memory-heavy,c5a.xlarge,2,0.739583,0.002317,,,IN-WE,643.32421875,18.9296875,552,699,12,30,256,regional_mean,7.929860927929687
AWS,ap-southeast-1,,100,io-heavy,m5.xlarge,2,1.106333,0.008851,,,SG,480.703125,5.83203125,472,492,4,8,256,regional_mean,8.86362883984375
AWS,ap-south-1,,500,cpu-heavy,m5.xlarge,2,1.439617,0.009693,,,IN-WE,643.32421875,18.9296875,552,699,12,30,256,regional_mean,15.435674697070311
AWS,ap-south-1,,10,memory-heavy,c5a.xlarge,4,0.838583,0.005255,,,IN-WE,643.32421875,18.9296875,552,699,12,30,256,regional_mean,8.991345888867187
AWS,ap-southeast-1,,100,io-heavy,m5a.xlarge,2,1.37695,0.009914,,,SG,480.703125,5.83203125,472,492,4,8,256,regional_mean,11.0317361328125
AWS,ap-south-1,,500,cpu-heavy,m5.xlarge,4,1.30855,0.017622,,,IN-WE,643.32421875,18.9296875,552,699,12,30,256,regional_mean,14.030365107421876
AWS,ap-south-1,,10,memory-heavy,c6i.xlarge,2,0.67185,0.003807,,,IN-WE,643.32421875,18.9296875,552,699,12,30,256,regional_mean,7.203622939453124
AWS,ap-southeast-1,,100,io-heavy,c5.xlarge,2,1.0049,0.006565,,,SG,480.703125,5.83203125,472,492,4,8,256,regional_mean,8.050976171874998
AWS,ap-south-1,,500,memory-heavy,m5.xlarge,2,1.306517,0.008797,,,IN-WE,643.32421875,18.9296875,552,699,12,30,256,regional_mean,14.008567138476563
AWS,ap-south-1,,10,memory-heavy,c6i.xlarge,4,0.805983,0.009134,,,IN-WE,643.32421875,18.9296875,552,699,12,30,256,regional_mean,8.641806396679687
AWS,ap-southeast-1,,100,io-heavy,c6i.xlarge,2,0.904467,0.005909,,,SG,480.703125,5.83203125,472,492,4,8,256,regional_mean,7.24633522265625
AWS,ap-south-1,,500,memory-heavy,m5.xlarge,4,1.306033,0.017588,,,IN-WE,643.32421875,18.9296875,552,699,12,30,256,regional_mean,14.003377656445311
AWS,ap-south-1,,10,io-heavy,m5a.xlarge,2,1.109633,0.004106,,,IN-WE,643.32421875,18.9296875,552,699,12,30,256,regional_mean,11.897563047070314
AWS,ap-southeast-1,,500,cpu-heavy,m5.xlarge,2,1.307433,0.010459,,,SG,480.703125,5.83203125,472,492,4,8,256,regional_mean,10.474785480468752
AWS,ap-south-1,,500,io-heavy,m5.xlarge,2,1.406167,0.009468,,,IN-WE,643.32421875,18.9296875,552,699,12,30,256,regional_mean,15.077021445117188
AWS,ap-south-1,,10,io-heavy,m5a.xlarge,4,1.342683,0.009936,,,IN-WE,643.32421875,18.9296875,552,699,12,30,256,regional_mean,14.396341533398438
AWS,ap-southeast-1,,500,cpu-heavy,m5a.xlarge,2,1.674817,0.012059,,,SG,480.703125,5.83203125,472,492,4,8,256,regional_mean,13.418162761718749
AWS,ap-south-1,,500,io-heavy,m5.xlarge,4,1.410717,0.018998,,,IN-WE,643.32421875,18.9296875,552,699,12,30,256,regional_mean,15.125806865039063
AWS,ap-south-1,,10,io-heavy,m6i.xlarge,2,0.705683,0.004752,,,IN-WE,643.32421875,18.9296875,552,699,12,30,256,regional_mean,7.566382744335937
AWS,ap-southeast-1,,500,cpu-heavy,c5.xlarge,2,1.307083,0.00854,,,SG,480.703125,5.83203125,472,492,4,8,256,regional_mean,10.47198137890625
AWS,ap-south-1,,10,io-heavy,m6i.xlarge,4,0.871317,0.011734,,,IN-WE,643.32421875,18.9296875,552,699,12,30,256,regional_mean,9.342322138476563
AWS,ap-south-1,,1024,cpu-heavy,m5.xlarge,2,1.807267,0.012169,,,IN-WE,643.32421875,18.9296875,552,699,12,30,256,regional_mean,19.377643847460938
AWS,ap-southeast-1,,500,cpu-heavy,c6i.xlarge,2,1.038767,0.006787,,,SG,480.703125,5.83203125,472,492,4,8,256,regional_mean,8.32230905078125
AWS,ap-south-1,,10,io-heavy,c5.xlarge,2,0.8051,0.004562,,,IN-WE,643.32421875,18.9296875,552,699,12,30,256,regional_mean,8.632338808593751
AWS,ap-south-1,,1024,cpu-heavy,m5.xlarge,4,1.4406,0.0194,,,IN-WE,643.32421875,18.9296875,552,699,12,30,256,regional_mean,15.4462144921875
AWS,ap-southeast-1,,500,memory-heavy,m5.xlarge,2,1.373533,0.010988,,,SG,480.703125,5.83203125,472,492,4,8,256,regional_mean,11.00436008984375
AWS,ap-south-1,,10,io-heavy,c5.xlarge,4,0.873667,0.009902,,,IN-WE,643.32421875,18.9296875,552,699,12,30,256,regional_mean,9.367519003710937
AWS,ap-south-1,,1024,memory-heavy,m5.xlarge,2,1.807017,0.012167,,,IN-WE,643.32421875,18.9296875,552,699,12,30,256,regional_mean,19.374963329882814
AWS,ap-south-1,,10,io-heavy,c5a.xlarge,2,0.739817,0.002318,,,IN-WE,643.32421875,18.9296875,552,699,12,30,256,regional_mean,7.932369892382812
AWS,ap-southeast-1,,500,memory-heavy,m5a.xlarge,2,1.775367,0.012783,,,SG,480.703125,5.83203125,472,492,4,8,256,regional_mean,14.22374108203125
AWS,ap-south-1,,1024,memory-heavy,m5.xlarge,4,1.44085,0.019403,,,IN-WE,643.32421875,18.9296875,552,699,12,30,256,regional_mean,15.448895009765625
AWS,ap-south-1,,10,io-heavy,c5a.xlarge,4,0.80575,0.005049,,,IN-WE,643.32421875,18.9296875,552,699,12,30,256,regional_mean,8.639308154296874
AWS,ap-southeast-1,,500,memory-heavy,c5.xlarge,2,1.273017,0.008317,,,SG,480.703125,5.83203125,472,492,4,8,256,regional_mean,10.19905416796875
AWS,ap-south-1,,1024,io-heavy,m5.xlarge,2,2.0403,0.013738,,,IN-WE,643.32421875,18.9296875,552,699,12,30,256,regional_mean,21.876240058593744
AWS,ap-south-1,,10,io-heavy,c6i.xlarge,2,0.705583,0.003998,,,IN-WE,643.32421875,18.9296875,552,699,12,30,256,regional_mean,7.565310537304687
AWS,ap-southeast-1,,500,memory-heavy,c6i.xlarge,2,1.074283,0.007019,,,SG,480.703125,5.83203125,472,492,4,8,256,regional_mean,8.60685325390625
AWS,ap-south-1,,10,io-heavy,c6i.xlarge,4,0.805017,0.009124,,,IN-WE,643.32421875,18.9296875,552,699,12,30,256,regional_mean,8.631448876757812
AWS,ap-south-1,,1024,io-heavy,m5.xlarge,4,1.605917,0.021626,,,IN-WE,643.32421875,18.9296875,552,699,12,30,256,regional_mean,17.218754990039063
AWS,ap-southeast-1,,500,io-heavy,m5a.xlarge,2,2.0413,0.014697,,,SG,480.703125,5.83203125,472,492,4,8,256,regional_mean,16.354321484375
AWS,ap-south-1,,100,cpu-heavy,m5a.xlarge,2,1.208167,0.00447,,,IN-WE,643.32421875,18.9296875,552,699,12,30,256,regional_mean,12.954051523242187
AWS,ap-south-1,,2048,cpu-heavy,m5.xlarge,2,2.60765,0.017558,,,IN-WE,643.32421875,18.9296875,552,699,12,30,256,regional_mean,27.959406650390623
AWS,ap-southeast-1,,500,io-heavy,c5.xlarge,2,1.507167,0.009847,,,SG,480.703125,5.83203125,472,492,4,8,256,regional_mean,12.074998113281248
AWS,ap-south-1,,100,cpu-heavy,m5a.xlarge,4,1.34155,0.009927,,,IN-WE,643.32421875,18.9296875,552,699,12,30,256,regional_mean,14.384193427734374
AWS,ap-south-1,,2048,cpu-heavy,m5.xlarge,4,1.905683,0.025663,,,IN-WE,643.32421875,18.9296875,552,699,12,30,256,regional_mean,20.432867119335935
AWS,ap-southeast-1,,500,io-heavy,c6i.xlarge,2,1.304833,0.008525,,,SG,480.703125,5.83203125,472,492,4,8,256,regional_mean,10.45395501171875
AWS,ap-south-1,,100,cpu-heavy,m6i.xlarge,2,0.706033,0.004754,,,IN-WE,643.32421875,18.9296875,552,699,12,30,256,regional_mean,7.570135468945312
AWS,ap-southeast-1,,1024,cpu-heavy,m5.xlarge,2,1.973383,0.015787,,,SG,480.703125,5.83203125,472,492,4,8,256,regional_mean,15.81018958203125
AWS,ap-south-1,,2048,memory-heavy,m5.xlarge,2,2.740267,0.018451,,,IN-WE,643.32421875,18.9296875,552,699,12,30,256,regional_mean,29.381335449023435
AWS,ap-south-1,,100,cpu-heavy,m6i.xlarge,4,0.838883,0.011297,,,IN-WE,643.32421875,18.9296875,552,699,12,30,256,regional_mean,8.994562509960938
AWS,ap-southeast-1,,1024,cpu-heavy,m5a.xlarge,2,2.408517,0.017341,,,SG,480.703125,5.83203125,472,492,4,8,256,regional_mean,19.296360808593747
AWS,ap-south-1,,2048,memory-heavy,m5.xlarge,4,1.939667,0.026121,,,IN-WE,643.32421875,18.9296875,552,699,12,30,256,regional_mean,20.797245956835937
AWS,ap-south-1,,100,cpu-heavy,c5.xlarge,2,0.805667,0.004565,,,IN-WE,643.32421875,18.9296875,552,699,12,30,256,regional_mean,8.638418222460938
AWS,ap-southeast-1,,1024,cpu-heavy,c5.xlarge,2,1.606633,0.010497,,,SG,480.703125,5.83203125,472,492,4,8,256,regional_mean,12.87189173046875
AWS,ap-south-1,,100,cpu-heavy,c5.xlarge,4,0.9061,0.010269,,,IN-WE,643.32421875,18.9296875,552,699,12,30,256,regional_mean,9.715267910156252
AWS,ap-south-1,,2048,io-heavy,m5.xlarge,2,3.106517,0.020917,,,IN-WE,643.32421875,18.9296875,552,699,12,30,256,regional_mean,33.30829370097656
AWS,ap-southeast-1,,1024,cpu-heavy,c6i.xlarge,2,1.4722,0.009618,,,SG,480.703125,5.83203125,472,492,4,8,256,regional_mean,11.79485234375
AWS,ap-south-1,,100,cpu-heavy,c5a.xlarge,2,0.772483,0.00242,,,IN-WE,643.32421875,18.9296875,552,699,12,30,256,regional_mean,8.282617041210939
AWS,ap-south-1,,2048,io-heavy,m5.xlarge,4,2.1728,0.02926,,,IN-WE,643.32421875,18.9296875,552,699,12,30,256,regional_mean,23.296914375
AWS,ap-south-1,,100,cpu-heavy,c5a.xlarge,4,0.804983,0.005045,,,IN-WE,643.32421875,18.9296875,552,699,12,30,256,regional_mean,8.631084326367187
AWS,ap-southeast-1,,1024,memory-heavy,m5a.xlarge,2,2.609,0.018785,,,SG,480.703125,5.83203125,472,492,4,8,256,regional_mean,20.90257421875
AWS,ap-south-1,,3072,cpu-heavy,m5.xlarge,2,3.572967,0.024058,,,IN-WE,643.32421875,18.9296875,552,699,12,30,256,regional_mean,38.30960339824219
AWS,ap-south-1,,100,cpu-heavy,c6i.xlarge,2,0.705167,0.003996,,,IN-WE,643.32421875,18.9296875,552,699,12,30,256,regional_mean,7.560850156054687
AWS,ap-southeast-1,,1024,memory-heavy,c5.xlarge,2,1.772983,0.011583,,,SG,480.703125,5.83203125,472,492,4,8,256,regional_mean,14.20464114453125
AWS,ap-south-1,,100,cpu-heavy,c6i.xlarge,4,0.771817,0.008747,,,IN-WE,643.32421875,18.9296875,552,699,12,30,256,regional_mean,8.275476142382812
AWS,ap-south-1,,3072,cpu-heavy,m5.xlarge,4,2.273267,0.030613,,,IN-WE,643.32421875,18.9296875,552,699,12,30,256,regional_mean,24.374128613085936
AWS,ap-southeast-1,,1024,memory-heavy,c6i.xlarge,2,1.5054,0.009835,,,SG,480.703125,5.83203125,472,492,4,8,256,regional_mean,12.06084140625
AWS,ap-south-1,,100,memory-heavy,m5a.xlarge,2,1.241567,0.004594,,,IN-WE,643.32421875,18.9296875,552,699,12,30,256,regional_mean,13.31216867167969
AWS,ap-south-1,,3072,memory-heavy,m5.xlarge,2,3.773233,0.025406,,,IN-WE,643.32421875,18.9296875,552,699,12,30,256,regional_mean,40.45686953144531
AWS,ap-southeast-1,,1024,io-heavy,m5a.xlarge,2,2.9091,0.020946,,,SG,480.703125,5.83203125,472,492,4,8,256,regional_mean,23.306891015625
AWS,ap-south-1,,100,memory-heavy,m5a.xlarge,4,1.410417,0.010437,,,IN-WE,643.32421875,18.9296875,552,699,12,30,256,regional_mean,15.122590243945314
AWS,ap-southeast-1,,1024,io-heavy,c5.xlarge,2,2.07285,0.013543,,,SG,480.703125,5.83203125,472,492,4,8,256,regional_mean,16.607091210937497
AWS,ap-south-1,,3072,memory-heavy,m5.xlarge,4,2.44215,0.032888,,,IN-WE,643.32421875,18.9296875,552,699,12,30,256,regional_mean,26.184904013671872
AWS,ap-south-1,,100,memory-heavy,m6i.xlarge,2,0.771417,0.005194,,,IN-WE,643.32421875,18.9296875,552,699,12,30,256,regional_mean,8.271187314257812
AWS,ap-southeast-1,,1024,io-heavy,c6i.xlarge,2,1.8052,0.011794,,,SG,480.703125,5.83203125,472,492,4,8,256,regional_mean,14.462754687499999
AWS,ap-south-1,,100,memory-heavy,m6i.xlarge,4,0.905283,0.012191,,,IN-WE,643.32421875,18.9296875,552,699,12,30,256,regional_mean,9.706507978710937
AWS,ap-south-1,,3072,io-heavy,m5.xlarge,2,4.33955,0.02922,,,IN-WE,643.32421875,18.9296875,552,699,12,30,256,regional_mean,46.52896022460938
AWS,ap-southeast-1,,2048,cpu-heavy,m5.xlarge,2,2.840867,0.022727,,,SG,480.703125,5.83203125,472,492,4,8,256,regional_mean,22.760227410156247
AWS,ap-south-1,,100,memory-heavy,c5.xlarge,2,1.073683,0.006084,,,IN-WE,643.32421875,18.9296875,552,699,12,30,256,regional_mean,11.512104619335936
AWS,ap-south-1,,3072,io-heavy,m5.xlarge,4,2.706683,0.03645,,,IN-WE,643.32421875,18.9296875,552,699,12,30,256,regional_mean,29.021245439648435
AWS,ap-south-1,,100,memory-heavy,c5.xlarge,4,0.938883,0.010641,,,IN-WE,643.32421875,18.9296875,552,699,12,30,256,regional_mean,10.066769541210938
AWS,ap-southeast-1,,2048,cpu-heavy,m5.xlarge,4,1.9405,0.031048,,,SG,480.703125,5.83203125,472,492,4,8,256,regional_mean,15.546740234375
AWS,ap-south-1,,100,memory-heavy,c5a.xlarge,2,0.80565,0.002524,,,IN-WE,643.32421875,18.9296875,552,699,12,30,256,regional_mean,8.638235947265626
AWS,ap-south-1,,5120,cpu-heavy,m5.xlarge,2,5.307567,0.035738,,,IN-WE,643.32421875,18.9296875,552,699,12,30,256,regional_mean,56.90810656230468
AWS,ap-southeast-1,,2048,cpu-heavy,m5a.xlarge,2,3.77795,0.027201,,,SG,480.703125,5.83203125,472,492,4,8,256,regional_mean,30.2678728515625
AWS,ap-south-1,,100,memory-heavy,c5a.xlarge,4,0.872317,0.005467,,,IN-WE,643.32421875,18.9296875,552,699,12,30,256,regional_mean,9.353044208789063
AWS,ap-south-1,,100,memory-heavy,c6i.xlarge,2,0.738467,0.004185,,,IN-WE,643.32421875,18.9296875,552,699,12,30,256,regional_mean,7.917895097460937
AWS,ap-southeast-1,,2048,cpu-heavy,m5a.xlarge,4,2.40885,0.034687,,,SG,480.703125,5.83203125,472,492,4,8,256,regional_mean,19.299028710937502
AWS,ap-south-1,,5120,cpu-heavy,m5.xlarge,4,3.10595,0.041827,,,IN-WE,643.32421875,18.9296875,552,699,12,30,256,regional_mean,33.30221428710937
AWS,ap-south-1,,100,memory-heavy,c6i.xlarge,4,0.938533,0.010637,,,IN-WE,643.32421875,18.9296875,552,699,12,30,256,regional_mean,10.063016816601563
AWS,ap-southeast-1,,2048,cpu-heavy,c5.xlarge,2,2.640733,0.017253,,,SG,480.703125,5.83203125,472,492,4,8,256,regional_mean,21.15681008984375
AWS,ap-south-1,,5120,memory-heavy,m5.xlarge,2,5.606183,0.037748,,,IN-WE,643.32421875,18.9296875,552,699,12,30,256,regional_mean,60.109888310742186
AWS,ap-south-1,,100,io-heavy,m5a.xlarge,2,1.275283,0.004719,,,IN-WE,643.32421875,18.9296875,552,699,12,30,256,regional_mean,13.673673994335937
AWS,ap-southeast-1,,2048,cpu-heavy,c5.xlarge,4,1.506283,0.019682,,,SG,480.703125,5.83203125,472,492,4,8,256,regional_mean,12.06791575390625
AWS,ap-south-1,,5120,memory-heavy,m5.xlarge,4,3.2081,0.043202,,,IN-WE,643.32421875,18.9296875,552,699,12,30,256,regional_mean,34.39747376953125
AWS,ap-southeast-1,,2048,cpu-heavy,c5a.xlarge,2,2.405267,0.014111,,,SG,480.703125,5.83203125,472,492,4,8,256,regional_mean,19.270322722656246
AWS,ap-south-1,,100,io-heavy,m5a.xlarge,4,1.408383,0.010422,,,IN-WE,643.32421875,18.9296875,552,699,12,30,256,regional_mean,15.100781552929687
AWS,ap-southeast-1,,2048,cpu-heavy,c5a.xlarge,4,1.472067,0.017272,,,SG,480.703125,5.83203125,472,492,4,8,256,regional_mean,11.79378678515625
AWS,ap-south-1,,100,io-heavy,m6i.xlarge,2,0.805483,0.005424,,,IN-WE,643.32421875,18.9296875,552,699,12,30,256,regional_mean,8.636445361523437
AWS,ap-south-1,,100,io-heavy,m6i.xlarge,4,0.904817,0.012185,,,IN-WE,643.32421875,18.9296875,552,699,12,30,256,regional_mean,9.701511493945313
AWS,ap-south-1,,5120,io-heavy,m5.xlarge,2,6.8406,0.04606,,,IN-WE,643.32421875,18.9296875,552,699,12,30,256,regional_mean,73.3453941796875
AWS,ap-southeast-1,,2048,cpu-heavy,c6i.xlarge,2,2.172233,0.014192,,,SG,480.703125,5.83203125,472,492,4,8,256,regional_mean,17.403319855468748
AWS,ap-south-1,,100,io-heavy,c5.xlarge,2,0.9054,0.005131,,,IN-WE,643.32421875,18.9296875,552,699,12,30,256,regional_mean,9.7077624609375
AWS,ap-southeast-1,,2048,cpu-heavy,c6i.xlarge,4,1.37135,0.017919,,,SG,480.703125,5.83203125,472,492,4,8,256,regional_mean,10.986870507812501
AWS,ap-south-1,,5120,io-heavy,m5.xlarge,4,4.139283,0.055742,,,IN-WE,643.32421875,18.9296875,552,699,12,30,256,regional_mean,44.38168336933593
AWS,ap-south-1,,100,io-heavy,c5.xlarge,4,0.905167,0.010259,,,IN-WE,643.32421875,18.9296875,552,699,12,30,256,regional_mean,9.705264218554689
AWS,ap-southeast-1,,2048,memory-heavy,m5.xlarge,2,2.805683,0.022445,,,SG,480.703125,5.83203125,472,492,4,8,256,regional_mean,22.47834309765625
AWS,ap-south-1,,100,io-heavy,c5a.xlarge,2,0.838367,0.002627,,,IN-WE,643.32421875,18.9296875,552,699,12,30,256,regional_mean,8.989029921679688
AWS,ap-southeast-1,,2048,memory-heavy,m5.xlarge,4,2.0399,0.032638,,,SG,480.703125,5.83203125,472,492,4,8,256,regional_mean,16.343105078125
AWS,ap-south-1,,100,io-heavy,c5a.xlarge,4,0.840933,0.00527,,,IN-WE,643.32421875,18.9296875,552,699,12,30,256,regional_mean,9.016542754101563
AWS,ap-south-1,,100,io-heavy,c6i.xlarge,2,0.771883,0.004374,,,IN-WE,643.32421875,18.9296875,552,699,12,30,256,regional_mean,8.276183799023437
AWS,ap-southeast-1,,2048,memory-heavy,m5a.xlarge,2,3.775167,0.027181,,,SG,480.703125,5.83203125,472,492,4,8,256,regional_mean,30.245576238281252
AWS,ap-south-1,,100,io-heavy,c6i.xlarge,4,0.805217,0.009126,,,IN-WE,643.32421875,18.9296875,552,699,12,30,256,regional_mean,8.633593290820313
AWS,ap-southeast-1,,2048,memory-heavy,m5a.xlarge,4,2.6089,0.037568,,,SG,480.703125,5.83203125,472,492,4,8,256,regional_mean,20.901773046875
AWS,ap-south-1,,500,cpu-heavy,m5a.xlarge,2,1.60815,0.00595,,,IN-WE,643.32421875,18.9296875,552,699,12,30,256,regional_mean,17.242697373046877
AWS,ap-southeast-1,,2048,memory-heavy,c5.xlarge,2,2.63965,0.017246,,,SG,480.703125,5.83203125,472,492,4,8,256,regional_mean,21.1481333984375
AWS,ap-south-1,,500,cpu-heavy,m5a.xlarge,4,1.54155,0.011407,,,IN-WE,643.32421875,18.9296875,552,699,12,30,256,regional_mean,16.528607490234375
AWS,ap-southeast-1,,2048,memory-heavy,c5.xlarge,4,1.538383,0.020102,,,SG,480.703125,5.83203125,472,492,4,8,256,regional_mean,12.32509192578125
AWS,ap-south-1,,500,cpu-heavy,m6i.xlarge,2,0.972233,0.006546,,,IN-WE,643.32421875,18.9296875,552,699,12,30,256,regional_mean,10.424350586132812
AWS,ap-south-1,,500,cpu-heavy,m6i.xlarge,4,0.9723,0.013094,,,IN-WE,643.32421875,18.9296875,552,699,12,30,256,regional_mean,10.425068964843751
AWS,ap-southeast-1,,2048,memory-heavy,c5a.xlarge,2,2.439567,0.014312,,,SG,480.703125,5.83203125,472,492,4,8,256,regional_mean,19.54512467578125
AWS,ap-south-1,,500,cpu-heavy,c5.xlarge,2,1.139267,0.006456,,,IN-WE,643.32421875,18.9296875,552,699,12,30,256,regional_mean,12.215300878710938
AWS,ap-southeast-1,,2048,memory-heavy,c5a.xlarge,4,1.471967,0.017271,,,SG,480.703125,5.83203125,472,492,4,8,256,regional_mean,11.79298561328125
AWS,ap-south-1,,500,cpu-heavy,c5.xlarge,4,0.972817,0.011025,,,IN-WE,643.32421875,18.9296875,552,699,12,30,256,regional_mean,10.430612275195312
AWS,ap-southeast-1,,2048,memory-heavy,c6i.xlarge,2,2.206183,0.014414,,,SG,480.703125,5.83203125,472,492,4,8,256,regional_mean,17.675317707031247
AWS,ap-south-1,,500,cpu-heavy,c5a.xlarge,2,1.105517,0.003464,,,IN-WE,643.32421875,18.9296875,552,699,12,30,256,regional_mean,11.853431005664063
AWS,ap-southeast-1,,2048,memory-heavy,c6i.xlarge,4,1.371367,0.017919,,,SG,480.703125,5.83203125,472,492,4,8,256,regional_mean,10.987006707031249
AWS,ap-south-1,,500,cpu-heavy,c5a.xlarge,4,0.905617,0.005675,,,IN-WE,643.32421875,18.9296875,552,699,12,30,256,regional_mean,9.710089150195312
AWS,ap-southeast-1,,2048,io-heavy,m5.xlarge,2,3.60765,0.028861,,,SG,480.703125,5.83203125,472,492,4,8,256,regional_mean,28.9034771484375
AWS,ap-south-1,,500,cpu-heavy,c6i.xlarge,2,1.004633,0.005693,,,IN-WE,643.32421875,18.9296875,552,699,12,30,256,regional_mean,10.771745664257812
AWS,ap-south-1,,500,cpu-heavy,c6i.xlarge,4,1.0721,0.01215,,,IN-WE,643.32421875,18.9296875,552,699,12,30,256,regional_mean,11.49513158203125
AWS,ap-southeast-1,,2048,io-heavy,m5.xlarge,4,2.540883,0.040654,,,SG,480.703125,5.83203125,472,492,4,8,256,regional_mean,20.35683997265625
AWS,ap-south-1,,500,memory-heavy,m5a.xlarge,2,1.809217,0.006694,,,IN-WE,643.32421875,18.9296875,552,699,12,30,256,regional_mean,19.398551884570313
AWS,ap-southeast-1,,2048,io-heavy,m5a.xlarge,2,4.641133,0.033416,,,SG,480.703125,5.83203125,472,492,4,8,256,regional_mean,37.18345227734375
AWS,ap-south-1,,500,memory-heavy,m5a.xlarge,4,1.67685,0.012409,,,IN-WE,643.32421875,18.9296875,552,699,12,30,256,regional_mean,17.979303603515625
AWS,ap-southeast-1,,2048,io-heavy,m5a.xlarge,4,3.14485,0.045286,,,SG,480.703125,5.83203125,472,492,4,8,256,regional_mean,25.1956537109375
AWS,ap-south-1,,500,memory-heavy,m6i.xlarge,2,1.006083,0.006774,,,IN-WE,643.32421875,18.9296875,552,699,12,30,256,regional_mean,10.787292666210938
AWS,ap-south-1,,500,memory-heavy,m6i.xlarge,4,1.03915,0.013994,,,IN-WE,643.32421875,18.9296875,552,699,12,30,256,regional_mean,11.141839365234375
AWS,ap-southeast-1,,2048,io-heavy,c5.xlarge,2,3.43985,0.022474,,,SG,480.703125,5.83203125,472,492,4,8,256,regional_mean,27.5591107421875
AWS,ap-south-1,,500,memory-heavy,c5.xlarge,2,1.372167,0.007776,,,IN-WE,643.32421875,18.9296875,552,699,12,30,256,regional_mean,14.712471054492188
AWS,ap-southeast-1,,2048,io-heavy,c5.xlarge,4,2.072967,0.027087,,,SG,480.703125,5.83203125,472,492,4,8,256,regional_mean,16.60802858203125
AWS,ap-south-1,,500,memory-heavy,c5.xlarge,4,1.172667,0.01329,,,IN-WE,643.32421875,18.9296875,552,699,12,30,256,regional_mean,12.573418027148437
AWS,ap-southeast-1,,2048,io-heavy,c5a.xlarge,2,3.305133,0.01939,,,SG,480.703125,5.83203125,472,492,4,8,256,regional_mean,26.479796027343752
AWS,ap-south-1,,500,memory-heavy,c5a.xlarge,2,1.105533,0.003464,,,IN-WE,643.32421875,18.9296875,552,699,12,30,256,regional_mean,11.853602558789063
AWS,ap-south-1,,500,memory-heavy,c5a.xlarge,4,0.9727,0.006096,,,IN-WE,643.32421875,18.9296875,552,699,12,30,256,regional_mean,10.42935779296875
AWS,ap-southeast-1,,2048,io-heavy,c5a.xlarge,4,1.7727,0.0208,,,SG,480.703125,5.83203125,472,492,4,8,256,regional_mean,14.202373828125
AWS,ap-south-1,,500,memory-heavy,c6i.xlarge,2,1.005833,0.0057,,,IN-WE,643.32421875,18.9296875,552,699,12,30,256,regional_mean,10.784612148632812
AWS,ap-southeast-1,,2048,io-heavy,c6i.xlarge,2,3.00435,0.019628,,,SG,480.703125,5.83203125,472,492,4,8,256,regional_mean,24.0700072265625
AWS,ap-south-1,,500,memory-heavy,c6i.xlarge,4,0.905367,0.010261,,,IN-WE,643.32421875,18.9296875,552,699,12,30,256,regional_mean,9.707408632617188
AWS,ap-southeast-1,,2048,io-heavy,c6i.xlarge,4,1.9727,0.025777,,,SG,480.703125,5.83203125,472,492,4,8,256,regional_mean,15.804717578124999
AWS,ap-south-1,,500,io-heavy,m5a.xlarge,2,1.909433,0.007065,,,IN-WE,643.32421875,18.9296875,552,699,12,30,256,regional_mean,20.47307488300781
AWS,ap-southeast-1,,3072,cpu-heavy,m5.xlarge,2,3.84265,0.030741,,,SG,480.703125,5.83203125,472,492,4,8,256,regional_mean,30.786231054687498
AWS,ap-south-1,,500,io-heavy,m5a.xlarge,4,1.809617,0.013391,,,IN-WE,643.32421875,18.9296875,552,699,12,30,256,regional_mean,19.402840712695312
AWS,ap-southeast-1,,3072,cpu-heavy,m5.xlarge,4,2.3729,0.037966,,,SG,480.703125,5.83203125,472,492,4,8,256,regional_mean,19.011007421875
AWS,ap-south-1,,500,io-heavy,m6i.xlarge,2,1.138533,0.007666,,,IN-WE,643.32421875,18.9296875,552,699,12,30,256,regional_mean,12.207430879101564
AWS,ap-south-1,,500,io-heavy,m6i.xlarge,4,1.138817,0.015336,,,IN-WE,643.32421875,18.9296875,552,699,12,30,256,regional_mean,12.210475947070313
AWS,ap-southeast-1,,3072,cpu-heavy,m5a.xlarge,2,4.944383,0.0356,,,SG,480.703125,5.83203125,472,492,4,8,256,regional_mean,39.61300598828125
AWS,ap-south-1,,500,io-heavy,c5.xlarge,2,1.3066,0.007404,,,IN-WE,643.32421875,18.9296875,552,699,12,30,256,regional_mean,14.0094570703125
AWS,ap-southeast-1,,3072,cpu-heavy,m5a.xlarge,4,2.975683,0.04285,,,SG,480.703125,5.83203125,472,492,4,8,256,regional_mean,23.84033528515625
AWS,ap-south-1,,500,io-heavy,c5.xlarge,4,1.172367,0.013287,,,IN-WE,643.32421875,18.9296875,552,699,12,30,256,regional_mean,12.570201406054688
AWS,ap-southeast-1,,3072,cpu-heavy,c5.xlarge,2,3.473467,0.022693,,,SG,480.703125,5.83203125,472,492,4,8,256,regional_mean,27.82844069140625
AWS,ap-south-1,,500,io-heavy,c5a.xlarge,2,1.20605,0.003779,,,IN-WE,643.32421875,18.9296875,552,699,12,30,256,regional_mean,12.931352900390626
AWS,ap-south-1,,500,io-heavy,c5a.xlarge,4,1.004967,0.006298,,,IN-WE,643.32421875,18.9296875,552,699,12,30,256,regional_mean,10.775326835742186
AWS,ap-southeast-1,,3072,cpu-heavy,c5.xlarge,4,1.939467,0.025342,,,SG,480.703125,5.83203125,472,492,4,8,256,regional_mean,15.538464128906249
AWS,ap-south-1,,500,io-heavy,c6i.xlarge,2,1.171733,0.00664,,,IN-WE,643.32421875,18.9296875,552,699,12,30,256,regional_mean,12.563403613476563
AWS,ap-southeast-1,,3072,cpu-heavy,c5a.xlarge,2,3.372333,0.019784,,,SG,480.703125,5.83203125,472,492,4,8,256,regional_mean,27.01818352734375
AWS,ap-south-1,,500,io-heavy,c6i.xlarge,4,1.172083,0.013284,,,IN-WE,643.32421875,18.9296875,552,699,12,30,256,regional_mean,12.567156338085937
AWS,ap-southeast-1,,3072,cpu-heavy,c5a.xlarge,4,1.8722,0.021967,,,SG,480.703125,5.83203125,472,492,4,8,256,regional_mean,14.999539843750002
AWS,ap-south-1,,1024,cpu-heavy,m5a.xlarge,2,2.37405,0.008784,,,IN-WE,643.32421875,18.9296875,552,699,12,30,256,regional_mean,25.454731025390625
AWS,ap-southeast-1,,3072,cpu-heavy,c6i.xlarge,2,3.006217,0.019641,,,SG,480.703125,5.83203125,472,492,4,8,256,regional_mean,24.084965105468747
AWS,ap-southeast-1,,3072,cpu-heavy,c6i.xlarge,4,1.77415,0.023182,,,SG,480.703125,5.83203125,472,492,4,8,256,regional_mean,14.213990820312498
AWS,ap-south-1,,1024,cpu-heavy,m5a.xlarge,4,1.843583,0.013643,,,IN-WE,643.32421875,18.9296875,552,699,12,30,256,regional_mean,19.767026552929686
AWS,ap-south-1,,1024,cpu-heavy,m6i.xlarge,2,1.373667,0.009249,,,IN-WE,643.32421875,18.9296875,552,699,12,30,256,regional_mean,14.728554159960938
AWS,ap-southeast-1,,3072,memory-heavy,m5.xlarge,2,3.774883,0.030199,,,SG,480.703125,5.83203125,472,492,4,8,256,regional_mean,30.243300910156247
AWS,ap-south-1,,1024,cpu-heavy,m6i.xlarge,4,1.105533,0.014888,,,IN-WE,643.32421875,18.9296875,552,699,12,30,256,regional_mean,11.853602558789063
AWS,ap-southeast-1,,3072,memory-heavy,m5.xlarge,4,2.538933,0.040623,,,SG,480.703125,5.83203125,472,492,4,8,256,regional_mean,20.34121712109375
AWS,ap-south-1,,1024,cpu-heavy,c5.xlarge,2,1.638283,0.009284,,,IN-WE,643.32421875,18.9296875,552,699,12,30,256,regional_mean,17.56578551777344
AWS,ap-south-1,,1024,cpu-heavy,c5.xlarge,4,1.24305,0.014088,,,IN-WE,643.32421875,18.9296875,552,699,12,30,256,regional_mean,13.328069501953125
AWS,ap-southeast-1,,3072,memory-heavy,m5a.xlarge,2,5.2432,0.037751,,,SG,480.703125,5.83203125,472,492,4,8,256,regional_mean,42.00704375
AWS,ap-south-1,,1024,cpu-heavy,c5a.xlarge,2,1.471833,0.004612,,,IN-WE,643.32421875,18.9296875,552,699,12,30,256,regional_mean,15.78109691425781
AWS,ap-southeast-1,,3072,memory-heavy,m5a.xlarge,4,3.076367,0.0443,,,SG,480.703125,5.83203125,472,492,4,8,256,regional_mean,24.64698717578125
AWS,ap-south-1,,1024,cpu-heavy,c5a.xlarge,4,1.17255,0.007348,,,IN-WE,643.32421875,18.9296875,552,699,12,30,256,regional_mean,12.572163544921876
AWS,ap-south-1,,1024,cpu-heavy,c6i.xlarge,2,1.33875,0.007586,,,IN-WE,643.32421875,18.9296875,552,699,12,30,256,regional_mean,14.354171630859376
AWS,ap-southeast-1,,3072,memory-heavy,c5.xlarge,2,3.706767,0.024218,,,SG,480.703125,5.83203125,472,492,4,8,256,regional_mean,29.69757467578125
AWS,ap-south-1,,1024,cpu-heavy,c6i.xlarge,2,1.33975,0.007592,,,IN-WE,643.32421875,18.9296875,552,699,12,30,256,regional_mean,14.364893701171875
AWS,ap-south-1,,1024,cpu-heavy,c6i.xlarge,4,1.071483,0.012143,,,IN-WE,643.32421875,18.9296875,552,699,12,30,256,regional_mean,11.488516064648438
AWS,ap-south-1,,1024,cpu-heavy,c6i.xlarge,4,1.239283,0.014045,,,IN-WE,643.32421875,18.9296875,552,699,12,30,256,regional_mean,13.287679463085937
AWS,ap-southeast-1,,3072,memory-heavy,c5.xlarge,4,1.839817,0.02404,,,SG,480.703125,5.83203125,472,492,4,8,256,regional_mean,14.74009635546875
AWS,ap-south-1,,1024,memory-heavy,c6i.xlarge,2,1.404633,0.00796,,,IN-WE,643.32421875,18.9296875,552,699,12,30,256,regional_mean,15.06057378925781
AWS,ap-south-1,,1024,memory-heavy,m5a.xlarge,2,2.444817,0.009046,,,IN-WE,643.32421875,18.9296875,552,699,12,30,256,regional_mean,26.21349977519531
AWS,ap-southeast-1,,3072,memory-heavy,c5a.xlarge,2,3.3067,0.019399,,,SG,480.703125,5.83203125,472,492,4,8,256,regional_mean,26.492350390625003
AWS,ap-south-1,,1024,memory-heavy,c6i.xlarge,4,1.271683,0.014412,,,IN-WE,643.32421875,18.9296875,552,699,12,30,256,regional_mean,13.635074541210937
AWS,ap-southeast-1,,3072,memory-heavy,c5a.xlarge,4,1.773633,0.020811,,,SG,480.703125,5.83203125,472,492,4,8,256,regional_mean,14.209848761718751
AWS,ap-south-1,,1024,memory-heavy,m5a.xlarge,4,1.907767,0.014117,,,IN-WE,643.32421875,18.9296875,552,699,12,30,256,regional_mean,20.45521191386719
AWS,ap-south-1,,1024,io-heavy,c6i.xlarge,2,1.537767,0.008714,,,IN-WE,643.32421875,18.9296875,552,699,12,30,256,regional_mean,16.488045898242188
AWS,ap-south-1,,1024,memory-heavy,m6i.xlarge,2,1.605817,0.010813,,,IN-WE,643.32421875,18.9296875,552,699,12,30,256,regional_mean,17.217682783007813
AWS,ap-southeast-1,,3072,memory-heavy,c6i.xlarge,2,3.006133,0.01964,,,SG,480.703125,5.83203125,472,492,4,8,256,regional_mean,24.084292121093753
AWS,ap-south-1,,1024,io-heavy,c6i.xlarge,4,1.13975,0.012917,,,IN-WE,643.32421875,18.9296875,552,699,12,30,256,regional_mean,12.220479638671875
AWS,ap-southeast-1,,3072,memory-heavy,c6i.xlarge,4,1.642,0.021455,,,SG,480.703125,5.83203125,472,492,4,8,256,regional_mean,13.155242187499999
AWS,ap-south-1,,1024,memory-heavy,m6i.xlarge,4,1.172483,0.015789,,,IN-WE,643.32421875,18.9296875,552,699,12,30,256,regional_mean,12.571445166210937
AWS,ap-south-1,,1024,memory-heavy,c5.xlarge,2,1.6403,0.009295,,,IN-WE,643.32421875,18.9296875,552,699,12,30,256,regional_mean,17.587411933593753
AWS,ap-south-1,,2048,cpu-heavy,c6i.xlarge,2,2.372517,0.013444,,,IN-WE,643.32421875,18.9296875,552,699,12,30,256,regional_mean,25.438294091601566
AWS,ap-southeast-1,,3072,io-heavy,m5.xlarge,2,5.1073,0.040858,,,SG,480.703125,5.83203125,472,492,4,8,256,regional_mean,40.918251171875006
AWS,ap-south-1,,1024,memory-heavy,c5.xlarge,4,1.272517,0.014422,,,IN-WE,643.32421875,18.9296875,552,699,12,30,256,regional_mean,13.644016747851563
AWS,ap-south-1,,2048,cpu-heavy,c6i.xlarge,4,1.2396,0.014049,,,IN-WE,643.32421875,18.9296875,552,699,12,30,256,regional_mean,13.291078359375001
AWS,ap-southeast-1,,3072,io-heavy,m5.xlarge,4,3.040433,0.048647,,,SG,480.703125,5.83203125,472,492,4,8,256,regional_mean,24.359094074218753
AWS,ap-south-1,,1024,memory-heavy,c5a.xlarge,2,1.538767,0.004821,,,IN-WE,643.32421875,18.9296875,552,699,12,30,256,regional_mean,16.498767968554688
AWS,ap-south-1,,2048,memory-heavy,c6i.xlarge,2,2.206583,0.012504,,,IN-WE,643.32421875,18.9296875,552,699,12,30,256,regional_mean,23.65913807636719
AWS,ap-south-1,,1024,memory-heavy,c5a.xlarge,4,1.406083,0.008811,,,IN-WE,643.32421875,18.9296875,552,699,12,30,256,regional_mean,15.076120791210938
AWS,ap-southeast-1,,3072,io-heavy,m5a.xlarge,2,6.141867,0.044221,,,SG,480.703125,5.83203125,472,492,4,8,256,regional_mean,49.20691100390626
AWS,ap-south-1,,1024,io-heavy,m5a.xlarge,2,2.675367,0.009899,,,IN-WE,643.32421875,18.9296875,552,699,12,30,256,regional_mean,28.68547308574219
AWS,ap-southeast-1,,3072,io-heavy,m5a.xlarge,4,3.6102,0.051987,,,SG,480.703125,5.83203125,472,492,4,8,256,regional_mean,28.923907031249996
AWS,ap-south-1,,2048,memory-heavy,c6i.xlarge,4,1.272233,0.014419,,,IN-WE,643.32421875,18.9296875,552,699,12,30,256,regional_mean,13.640971679882812
AWS,ap-south-1,,1024,io-heavy,m5a.xlarge,4,2.1084,0.015602,,,IN-WE,643.32421875,18.9296875,552,699,12,30,256,regional_mean,22.606413046874998
AWS,ap-southeast-1,,3072,io-heavy,c5.xlarge,2,4.405583,0.028783,,,SG,480.703125,5.83203125,472,492,4,8,256,regional_mean,35.29629192578125
AWS,ap-south-1,,2048,io-heavy,c6i.xlarge,2,2.572517,0.014578,,,IN-WE,643.32421875,18.9296875,552,699,12,30,256,regional_mean,27.582708154101564
AWS,ap-southeast-1,,3072,io-heavy,c5.xlarge,4,2.206367,0.02883,,,SG,480.703125,5.83203125,472,492,4,8,256,regional_mean,17.676791863281252
AWS,ap-south-1,,2048,io-heavy,c6i.xlarge,4,1.538883,0.017441,,,IN-WE,643.32421875,18.9296875,552,699,12,30,256,regional_mean,16.500011728710938
AWS,ap-south-1,,3072,cpu-heavy,c6i.xlarge,2,3.071567,0.017406,,,IN-WE,643.32421875,18.9296875,552,699,12,30,256,regional_mean,32.93355734355469
AWS,ap-southeast-1,,3072,io-heavy,c5a.xlarge,2,4.105717,0.024087,,,SG,480.703125,5.83203125,472,492,4,8,256,regional_mean,32.89384987109376
AWS,ap-south-1,,1024,io-heavy,m6i.xlarge,4,1.339133,0.018034,,,IN-WE,643.32421875,18.9296875,552,699,12,30,256,regional_mean,14.35827818378906
AWS,ap-south-1,,3072,cpu-heavy,c6i.xlarge,4,1.504883,0.017055,,,IN-WE,643.32421875,18.9296875,552,699,12,30,256,regional_mean,16.135461338085936
AWS,ap-southeast-1,,3072,io-heavy,c5a.xlarge,4,2.0387,0.023921,,,SG,480.703125,5.83203125,472,492,4,8,256,regional_mean,16.333491015625
AWS,ap-south-1,,1024,io-heavy,c5.xlarge,2,1.872483,0.010611,,,IN-WE,643.32421875,18.9296875,552,699,12,30,256,regional_mean,20.076894384960937
AWS,ap-south-1,,3072,memory-heavy,c6i.xlarge,2,2.839083,0.016088,,,IN-WE,643.32421875,18.9296875,552,699,12,30,256,regional_mean,30.440847549023438
AWS,ap-southeast-1,,3072,io-heavy,c6i.xlarge,2,3.704933,0.024206,,,SG,480.703125,5.83203125,472,492,4,8,256,regional_mean,29.68288118359375
AWS,ap-south-1,,1024,io-heavy,c5.xlarge,4,1.30565,0.014797,,,IN-WE,643.32421875,18.9296875,552,699,12,30,256,regional_mean,13.999271103515625
AWS,ap-south-1,,3072,memory-heavy,c6i.xlarge,4,1.60535,0.018194,,,IN-WE,643.32421875,18.9296875,552,699,12,30,256,regional_mean,17.212675576171875
AWS,ap-southeast-1,,3072,io-heavy,c6i.xlarge,4,1.906283,0.024909,,,SG,480.703125,5.83203125,472,492,4,8,256,regional_mean,15.27260325390625
AWS,ap-south-1,,1024,io-heavy,c5a.xlarge,2,1.7391,0.005449,,,IN-WE,643.32421875,18.9296875,552,699,12,30,256,regional_mean,18.64675248046875
AWS,ap-south-1,,3072,io-heavy,c6i.xlarge,2,3.544033,0.020083,,,IN-WE,643.32421875,18.9296875,552,699,12,30,256,regional_mean,37.999371015820316
AWS,ap-southeast-1,,5120,cpu-heavy,m5a.xlarge,2,7.576717,0.054552,,,SG,480.703125,5.83203125,472,492,4,8,256,regional_mean,60.70252565234375
AWS,ap-south-1,,1024,io-heavy,c5a.xlarge,4,1.241767,0.007782,,,IN-WE,643.32421875,18.9296875,552,699,12,30,256,regional_mean,13.314313085742187
AWS,ap-south-1,,3072,io-heavy,c6i.xlarge,4,1.805733,0.020465,,,IN-WE,643.32421875,18.9296875,552,699,12,30,256,regional_mean,19.361196191601564
AWS,ap-southeast-1,,5120,cpu-heavy,c5.xlarge,2,5.7403,0.037503,,,SG,480.703125,5.83203125,472,492,4,8,256,regional_mean,45.989669140625004
AWS,ap-south-1,,2048,cpu-heavy,m5a.xlarge,2,3.713717,0.013741,,,IN-WE,643.32421875,18.9296875,552,699,12,30,256,regional_mean,39.818734794726566
AWS,ap-south-1,,5120,cpu-heavy,c6i.xlarge,2,4.2387,0.024019,,,IN-WE,643.32421875,18.9296875,552,699,12,30,256,regional_mean,45.44763943359375
AWS,ap-southeast-1,,5120,cpu-heavy,c6i.xlarge,2,4.50465,0.02943,,,SG,480.703125,5.83203125,472,492,4,8,256,regional_mean,36.08998886718749
AWS,ap-south-1,,2048,cpu-heavy,m5a.xlarge,4,2.308583,0.017084,,,IN-WE,643.32421875,18.9296875,552,699,12,30,256,regional_mean,24.752789248242188
AWS,ap-south-1,,5120,cpu-heavy,c6i.xlarge,4,2.3719,0.026882,,,IN-WE,643.32421875,18.9296875,552,699,12,30,256,regional_mean,25.43167857421875
AWS,ap-southeast-1,,5120,memory-heavy,m5a.xlarge,2,7.776,0.055987,,,SG,480.703125,5.83203125,472,492,4,8,256,regional_mean,62.299125
AWS,ap-south-1,,2048,cpu-heavy,m6i.xlarge,2,2.571267,0.017313,,,IN-WE,643.32421875,18.9296875,552,699,12,30,256,regional_mean,27.56930556621094
AWS,ap-south-1,,5120,memory-heavy,c6i.xlarge,2,4.305667,0.024399,,,IN-WE,643.32421875,18.9296875,552,699,12,30,256,regional_mean,46.165664316210936
AWS,ap-southeast-1,,5120,memory-heavy,c5.xlarge,2,5.273183,0.034451,,,SG,480.703125,5.83203125,472,492,4,8,256,regional_mean,42.24725911328125
AWS,ap-south-1,,2048,cpu-heavy,m6i.xlarge,4,1.438,0.019365,,,IN-WE,643.32421875,18.9296875,552,699,12,30,256,regional_mean,15.418337109375
AWS,ap-south-1,,5120,memory-heavy,c6i.xlarge,4,2.33915,0.02651,,,IN-WE,643.32421875,18.9296875,552,699,12,30,256,regional_mean,25.080530771484376
AWS,ap-south-1,,2048,cpu-heavy,c5.xlarge,2,2.505583,0.014198,,,IN-WE,643.32421875,18.9296875,552,699,12,30,256,regional_mean,26.865037099804688
AWS,ap-southeast-1,,5120,memory-heavy,c6i.xlarge,2,4.371883,0.028563,,,SG,480.703125,5.83203125,472,492,4,8,256,regional_mean,35.02629700390626
AWS,ap-south-1,,5120,io-heavy,c6i.xlarge,2,5.4049,0.030628,,,IN-WE,643.32421875,18.9296875,552,699,12,30,256,regional_mean,57.95171783203124
AWS,ap-south-1,,2048,cpu-heavy,c5.xlarge,4,1.438617,0.016304,,,IN-WE,643.32421875,18.9296875,552,699,12,30,256,regional_mean,15.424952626757813
AWS,ap-southeast-1,,5120,io-heavy,m5a.xlarge,2,9.8097,0.07063,,,SG,480.703125,5.83203125,472,492,4,8,256,regional_mean,78.592557421875
AWS,ap-south-1,,5120,io-heavy,c6i.xlarge,4,2.3392,0.026511,,,IN-WE,643.32421875,18.9296875,552,699,12,30,256,regional_mean,25.081066874999998
AWS,ap-south-1,,2048,cpu-heavy,c5a.xlarge,2,2.505417,0.00785,,,IN-WE,643.32421875,18.9296875,552,699,12,30,256,regional_mean,26.863257236132814
AWS,ap-southeast-1,,5120,io-heavy,c5.xlarge,2,7.374,0.048177,,,SG,480.703125,5.83203125,472,492,4,8,256,regional_mean,59.078414062499995
AWS,ap-southeast-1,,5120,io-heavy,c5a.xlarge,2,6.405533,0.037579,,,SG,480.703125,5.83203125,472,492,4,8,256,regional_mean,51.31932883984375
AWS,ap-south-1,,2048,cpu-heavy,c5a.xlarge,4,1.572033,0.009851,,,IN-WE,643.32421875,18.9296875,552,699,12,30,256,regional_mean,16.855448359570314
AWS,ap-southeast-1,,5120,io-heavy,c6i.xlarge,2,5.83905,0.038148,,,SG,480.703125,5.83203125,472,492,4,8,256,regional_mean,46.7808263671875
AWS,ap-south-1,,2048,memory-heavy,m5a.xlarge,2,3.875483,0.014339,,,IN-WE,643.32421875,18.9296875,552,699,12,30,256,regional_mean,41.55320122089844
AWS,ap-south-1,,2048,memory-heavy,m5a.xlarge,4,2.54255,0.018815,,,IN-WE,643.32421875,18.9296875,552,699,12,30,256,regional_mean,27.261399873046873
AWS,ap-south-1,,2048,memory-heavy,m6i.xlarge,2,2.1383,0.014398,,,IN-WE,643.32421875,18.9296875,552,699,12,30,256,regional_mean,22.92700294921875
AWS,ap-south-1,,2048,memory-heavy,m6i.xlarge,4,1.53875,0.020722,,,IN-WE,643.32421875,18.9296875,552,699,12,30,256,regional_mean,16.498585693359374
AWS,ap-south-1,,2048,memory-heavy,c5.xlarge,2,2.3729,0.013446,,,IN-WE,643.32421875,18.9296875,552,699,12,30,256,regional_mean,25.442400644531247
AWS,ap-south-1,,2048,memory-heavy,c5.xlarge,4,1.5391,0.017443,,,IN-WE,643.32421875,18.9296875,552,699,12,30,256,regional_mean,16.50233841796875
AWS,ap-south-1,,2048,memory-heavy,c5a.xlarge,2,2.306583,0.007227,,,IN-WE,643.32421875,18.9296875,552,699,12,30,256,regional_mean,24.731345107617187
AWS,ap-south-1,,2048,memory-heavy,c5a.xlarge,4,1.405333,0.008807,,,IN-WE,643.32421875,18.9296875,552,699,12,30,256,regional_mean,15.068079238476562
AWS,ap-south-1,,2048,io-heavy,m5a.xlarge,2,4.376217,0.016192,,,IN-WE,643.32421875,18.9296875,552,699,12,30,256,regional_mean,46.9221063767578
AWS,ap-south-1,,2048,io-heavy,m5a.xlarge,4,2.842583,0.021035,,,IN-WE,643.32421875,18.9296875,552,699,12,30,256,regional_mean,30.478374795117187
AWS,ap-south-1,,2048,io-heavy,m6i.xlarge,2,2.671,0.017985,,,IN-WE,643.32421875,18.9296875,552,699,12,30,256,regional_mean,28.638649804687496
AWS,ap-south-1,,2048,io-heavy,m6i.xlarge,4,1.805367,0.024312,,,IN-WE,643.32421875,18.9296875,552,699,12,30,256,regional_mean,19.357271913867187
AWS,ap-south-1,,2048,io-heavy,c5.xlarge,2,2.972833,0.016846,,,IN-WE,643.32421875,18.9296875,552,699,12,30,256,regional_mean,31.87492445332031
AWS,ap-south-1,,2048,io-heavy,c5.xlarge,4,1.673233,0.018963,,,IN-WE,643.32421875,18.9296875,552,699,12,30,256,regional_mean,17.940521875195312
AWS,ap-south-1,,2048,io-heavy,c5a.xlarge,2,2.80665,0.008794,,,IN-WE,643.32421875,18.9296875,552,699,12,30,256,regional_mean,30.093098642578124
AWS,ap-south-1,,2048,io-heavy,c5a.xlarge,4,1.538333,0.00964,,,IN-WE,643.32421875,18.9296875,552,699,12,30,256,regional_mean,16.49411459003906
AWS,ap-south-1,,3072,cpu-heavy,m5a.xlarge,2,4.741583,0.017544,,,IN-WE,643.32421875,18.9296875,552,699,12,30,256,regional_mean,50.839586318554694
AWS,ap-south-1,,3072,cpu-heavy,m5a.xlarge,4,2.807467,0.020775,,,IN-WE,643.32421875,18.9296875,552,699,12,30,256,regional_mean,30.10185857402344
AWS,ap-south-1,,3072,cpu-heavy,m6i.xlarge,2,2.973267,0.02002,,,IN-WE,643.32421875,18.9296875,552,699,12,30,256,regional_mean,31.879577831835938
AWS,ap-south-1,,3072,cpu-heavy,m6i.xlarge,4,1.837967,0.024751,,,IN-WE,643.32421875,18.9296875,552,699,12,30,256,regional_mean,19.706811406054687
AWS,ap-south-1,,3072,cpu-heavy,c5.xlarge,2,3.0397,0.017225,,,IN-WE,643.32421875,18.9296875,552,699,12,30,256,regional_mean,32.59187712890625
AWS,ap-south-1,,3072,cpu-heavy,c5.xlarge,4,1.772383,0.020087,,,IN-WE,643.32421875,18.9296875,552,699,12,30,256,regional_mean,19.00361514667969
AWS,ap-south-1,,3072,cpu-heavy,c5a.xlarge,2,3.0384,0.00952,,,IN-WE,643.32421875,18.9296875,552,699,12,30,256,regional_mean,32.5779384375
AWS,ap-south-1,,3072,cpu-heavy,c5a.xlarge,4,1.57235,0.009853,,,IN-WE,643.32421875,18.9296875,552,699,12,30,256,regional_mean,16.858847255859374
AWS,ap-south-1,,3072,memory-heavy,m5a.xlarge,2,5.04415,0.018663,,,IN-WE,643.32421875,18.9296875,552,699,12,30,256,regional_mean,54.08373096679688
AWS,ap-south-1,,3072,memory-heavy,m5a.xlarge,4,3.042483,0.022514,,,IN-WE,643.32421875,18.9296875,552,699,12,30,256,regional_mean,32.62171665058594
AWS,ap-south-1,,3072,memory-heavy,m6i.xlarge,2,2.83995,0.019122,,,IN-WE,643.32421875,18.9296875,552,699,12,30,256,regional_mean,30.450143583984374
AWS,ap-south-1,,3072,memory-heavy,m6i.xlarge,4,1.8727,0.025219,,,IN-WE,643.32421875,18.9296875,552,699,12,30,256,regional_mean,20.07922107421875
AWS,ap-south-1,,3072,memory-heavy,c5.xlarge,2,3.172683,0.017979,,,IN-WE,643.32421875,18.9296875,552,699,12,30,256,regional_mean,34.01773020527344
AWS,ap-south-1,,3072,memory-heavy,c5.xlarge,4,1.839933,0.020853,,,IN-WE,643.32421875,18.9296875,552,699,12,30,256,regional_mean,19.727890996289062
AWS,ap-south-1,,3072,memory-heavy,c5a.xlarge,2,3.139283,0.009836,,,IN-WE,643.32421875,18.9296875,552,699,12,30,256,regional_mean,33.65961305683594
AWS,ap-south-1,,3072,memory-heavy,c5a.xlarge,4,1.639383,0.010273,,,IN-WE,643.32421875,18.9296875,552,699,12,30,256,regional_mean,17.577579795117188
AWS,ap-south-1,,3072,io-heavy,m5a.xlarge,2,5.908833,0.021863,,,IN-WE,643.32421875,18.9296875,552,699,12,30,256,regional_mean,63.354922890820305
AWS,ap-south-1,,3072,io-heavy,m5a.xlarge,4,3.442417,0.025474,,,IN-WE,643.32421875,18.9296875,552,699,12,30,256,regional_mean,36.90983711894531
AWS,ap-south-1,,3072,io-heavy,m6i.xlarge,2,3.272717,0.022036,,,IN-WE,643.32421875,18.9296875,552,699,12,30,256,regional_mean,35.09030178691406
AWS,ap-south-1,,3072,io-heavy,m6i.xlarge,4,2.1391,0.028807,,,IN-WE,643.32421875,18.9296875,552,699,12,30,256,regional_mean,22.93558060546875
AWS,ap-south-1,,3072,io-heavy,c5.xlarge,2,3.772217,0.021376,,,IN-WE,643.32421875,18.9296875,552,699,12,30,256,regional_mean,40.44597590800781
AWS,ap-south-1,,3072,io-heavy,c5.xlarge,4,2.139617,0.024249,,,IN-WE,643.32421875,18.9296875,552,699,12,30,256,regional_mean,22.941123915820313
AWS,ap-south-1,,3072,io-heavy,c5a.xlarge,2,3.8051,0.011923,,,IN-WE,643.32421875,18.9296875,552,699,12,30,256,regional_mean,40.79854974609375
AWS,ap-south-1,,3072,io-heavy,c5a.xlarge,4,1.9061,0.011945,,,IN-WE,643.32421875,18.9296875,552,699,12,30,256,regional_mean,20.437338222656248
AWS,ap-south-1,,5120,cpu-heavy,m5a.xlarge,2,7.24195,0.026795,,,IN-WE,643.32421875,18.9296875,552,699,12,30,256,regional_mean,77.64869709960938
AWS,ap-south-1,,5120,cpu-heavy,m5a.xlarge,4,3.798233,0.028107,,,IN-WE,643.32421875,18.9296875,552,699,12,30,256,regional_mean,40.724921289257814
AWS,ap-south-1,,5120,cpu-heavy,m6i.xlarge,2,4.1057,0.027645,,,IN-WE,643.32421875,18.9296875,552,699,12,30,256,regional_mean,44.021604082031246
AWS,ap-south-1,,5120,cpu-heavy,m6i.xlarge,4,2.338183,0.031488,,,IN-WE,643.32421875,18.9296875,552,699,12,30,256,regional_mean,25.070162529492187
AWS,ap-south-1,,5120,cpu-heavy,c5.xlarge,2,4.605717,0.026099,,,IN-WE,643.32421875,18.9296875,552,699,12,30,256,regional_mean,49.38282151347657
AWS,ap-south-1,,5120,cpu-heavy,c5.xlarge,4,2.339417,0.026513,,,IN-WE,643.32421875,18.9296875,552,699,12,30,256,regional_mean,25.08339356425781
AWS,ap-south-1,,5120,cpu-heavy,c5a.xlarge,2,4.572133,0.014326,,,IN-WE,643.32421875,18.9296875,552,699,12,30,256,regional_mean,49.022731504101564
AWS,ap-south-1,,5120,cpu-heavy,c5a.xlarge,4,2.2061,0.013825,,,IN-WE,643.32421875,18.9296875,552,699,12,30,256,regional_mean,23.65395931640625
AWS,ap-south-1,,5120,memory-heavy,m5a.xlarge,2,7.241583,0.026794,,,IN-WE,643.32421875,18.9296875,552,699,12,30,256,regional_mean,77.6447620998047
AWS,ap-south-1,,5120,memory-heavy,m5a.xlarge,4,4.17555,0.030899,,,IN-WE,643.32421875,18.9296875,552,699,12,30,256,regional_mean,44.77054069335938
AWS,ap-south-1,,5120,memory-heavy,m6i.xlarge,2,4.2726,0.028769,,,IN-WE,643.32421875,18.9296875,552,699,12,30,256,regional_mean,45.8111176171875
AWS,ap-south-1,,5120,memory-heavy,m6i.xlarge,4,2.604567,0.035075,,,IN-WE,643.32421875,18.9296875,552,699,12,30,256,regional_mean,27.926350507617183
AWS,ap-south-1,,5120,memory-heavy,c5.xlarge,2,4.772967,0.027047,,,IN-WE,643.32421875,18.9296875,552,699,12,30,256,regional_mean,51.176087773242195
AWS,ap-south-1,,5120,memory-heavy,c5.xlarge,4,2.540917,0.028797,,,IN-WE,643.32421875,18.9296875,552,699,12,30,256,regional_mean,27.24389073222656
AWS,ap-south-1,,5120,memory-heavy,c5a.xlarge,2,4.738467,0.014847,,,IN-WE,643.32421875,18.9296875,552,699,12,30,256,regional_mean,50.80617634746094
AWS,ap-south-1,,5120,memory-heavy,c5a.xlarge,4,2.271983,0.014238,,,IN-WE,643.32421875,18.9296875,552,699,12,30,256,regional_mean,24.36036147480469
AWS,ap-south-1,,5120,io-heavy,m5a.xlarge,2,9.343017,0.034569,,,IN-WE,643.32421875,18.9296875,552,699,12,30,256,regional_mean,100.17648520488281
AWS,ap-south-1,,5120,io-heavy,m5a.xlarge,4,4.774433,0.035331,,,IN-WE,643.32421875,18.9296875,552,699,12,30,256,regional_mean,51.19180632832031
AWS,ap-south-1,,5120,io-heavy,m6i.xlarge,2,5.2413,0.035291,,,IN-WE,643.32421875,18.9296875,552,699,12,30,256,regional_mean,56.19758712890625
AWS,ap-south-1,,5120,io-heavy,m6i.xlarge,4,3.405933,0.045867,,,IN-WE,643.32421875,18.9296875,552,699,12,30,256,regional_mean,36.518653105664065
AWS,ap-south-1,,5120,io-heavy,c5.xlarge,2,6.40755,0.036309,,,IN-WE,643.32421875,18.9296875,552,699,12,30,256,regional_mean,68.70220163085938
AWS,ap-south-1,,5120,io-heavy,c5.xlarge,4,2.9398,0.033318,,,IN-WE,643.32421875,18.9296875,552,699,12,30,256,regional_mean,31.520742304687502
AWS,ap-south-1,,5120,io-heavy,c5a.xlarge,2,6.1057,0.019131,,,IN-WE,643.32421875,18.9296875,552,699,12,30,256,regional_mean,65.46574470703125
AWS,ap-south-1,,5120,io-heavy,c5a.xlarge,4,2.739417,0.017167,,,IN-WE,643.32421875,18.9296875,552,699,12,30,256,regional_mean,29.372221689257813
AWS,ap-south-1,,1024,io-heavy,m6i.xlarge,2,1.57255,0.010589,,,IN-WE,643.32421875,18.9296875,552,699,12,30,256,regional_mean,16.860991669921873
AWS,ap-south-1,,100,memory-heavy,m5a.xlarge,2,1.210283,0.004478,,,IN-WE,643.32421875,18.9296875,552,699,12,30,256,regional_mean,12.976739424023439
AWS,ap-south-1,,1024,io-heavy,c6i.xlarge,4,1.137583,0.012893,,,IN-WE,643.32421875,18.9296875,552,699,12,30,256,regional_mean,12.197244912304688
AWS,ap-south-1,,10,io-heavy,c6i.xlarge,4,0.771883,0.008748,,,IN-WE,643.32421875,18.9296875,552,699,12,30,256,regional_mean,8.276183799023437
AWS,ap-south-1,,10,cpu-heavy,m5.xlarge,4,0.974117,0.013118,,,IN-WE,643.32421875,18.9296875,552,699,12,30,256,regional_mean,10.444550966601563
AWS,ap-south-1,,1024,cpu-heavy,m5a.xlarge,4,1.8092,0.013388,,,IN-WE,643.32421875,18.9296875,552,699,12,30,256,regional_mean,19.398369609375
AWS,ap-south-1,,10,io-heavy,m5a.xlarge,2,1.14255,0.004227,,,IN-WE,643.32421875,18.9296875,552,699,12,30,256,regional_mean,12.250501435546875
AWS,ap-south-1,,10,io-heavy,m5a.xlarge,2,1.10835,0.004101,,,IN-WE,643.32421875,18.9296875,552,699,12,30,256,regional_mean,11.883806630859375
AWS,ap-south-1,,500,memory-heavy,c6i.xlarge,2,1.0713,0.006071,,,IN-WE,643.32421875,18.9296875,552,699,12,30,256,regional_mean,11.48655392578125
AWS,ap-south-1,,1024,cpu-heavy,m6i.xlarge,2,1.372317,0.00924,,,IN-WE,643.32421875,18.9296875,552,699,12,30,256,regional_mean,14.714079365039062
AWS,ap-south-1,,3072,io-heavy,m5a.xlarge,2,5.94215,0.021986,,,IN-WE,643.32421875,18.9296875,552,699,12,30,256,regional_mean,63.71215010742188
AWS,ap-south-1,,500,memory-heavy,c6i.xlarge,4,0.9045,0.010251,,,IN-WE,643.32421875,18.9296875,552,699,12,30,256,regional_mean,9.69811259765625
AWS,ap-south-1,,100,memory-heavy,c6i.xlarge,4,0.80585,0.009133,,,IN-WE,643.32421875,18.9296875,552,699,12,30,256,regional_mean,8.640380361328125
AWS,ap-south-1,,10,memory-heavy,m6i.xlarge,4,1.005283,0.013538,,,IN-WE,643.32421875,18.9296875,552,699,12,30,256,regional_mean,10.778715009960937
AWS,ap-south-1,,100,cpu-heavy,c5.xlarge,4,0.906067,0.010269,,,IN-WE,643.32421875,18.9296875,552,699,12,30,256,regional_mean,9.714914081835937
AWS,ap-south-1,,500,cpu-heavy,m5a.xlarge,4,1.576017,0.011663,,,IN-WE,643.32421875,18.9296875,552,699,12,30,256,regional_mean,16.898165087695315
AWS,ap-south-1,,500,io-heavy,c5.xlarge,4,1.106917,0.012545,,,IN-WE,643.32421875,18.9296875,552,699,12,30,256,regional_mean,11.86844190410156
AWS,ap-south-1,,10,memory-heavy,c5a.xlarge,4,0.838967,0.005258,,,IN-WE,643.32421875,18.9296875,552,699,12,30,256,regional_mean,8.995463163867187
AWS,ap-south-1,,500,memory-heavy,c6i.xlarge,4,0.874633,0.009913,,,IN-WE,643.32421875,18.9296875,552,699,12,30,256,regional_mean,9.377876523632812
AWS,ap-south-1,,10,cpu-heavy,c5a.xlarge,2,0.705417,0.00221,,,IN-WE,643.32421875,18.9296875,552,699,12,30,256,regional_mean,7.563530673632812
AWS,ap-south-1,,10,io-heavy,c5.xlarge,4,0.906817,0.010277,,,IN-WE,643.32421875,18.9296875,552,699,12,30,256,regional_mean,9.722955634570312
AWS,ap-south-1,,500,memory-heavy,c5a.xlarge,2,1.205267,0.003777,,,IN-WE,643.32421875,18.9296875,552,699,12,30,256,regional_mean,12.922957519335938
AWS,ap-south-1,,10,io-heavy,m6i.xlarge,2,0.70505,0.004747,,,IN-WE,643.32421875,18.9296875,552,699,12,30,256,regional_mean,7.559595673828124
AWS,ap-south-1,,2048,cpu-heavy,m5.xlarge,4,1.90725,0.025684,,,IN-WE,643.32421875,18.9296875,552,699,12,30,256,regional_mean,20.449668603515622
AWS,ap-south-1,,100,cpu-heavy,m5.xlarge,4,1.0068,0.013558,,,IN-WE,643.32421875,18.9296875,552,699,12,30,256,regional_mean,10.794980390625
AWS,ap-south-1,,10,cpu-heavy,c5.xlarge,4,0.87325,0.009897,,,IN-WE,643.32421875,18.9296875,552,699,12,30,256,regional_mean,9.363047900390624
AWS,ap-south-1,,1024,cpu-heavy,m6i.xlarge,4,1.072483,0.014443,,,IN-WE,643.32421875,18.9296875,552,699,12,30,256,regional_mean,11.499238134960938
AWS,ap-south-1,,100,cpu-heavy,m6i.xlarge,4,0.872067,0.011744,,,IN-WE,643.32421875,18.9296875,552,699,12,30,256,regional_mean,9.350363691210939
AWS,ap-south-1,,2048,memory-heavy,m5.xlarge,4,2.039783,0.027469,,,IN-WE,643.32421875,18.9296875,552,699,12,30,256,regional_mean,21.870696748242185
AWS,ap-south-1,,1024,memory-heavy,c5.xlarge,4,1.339633,0.015183,,,IN-WE,643.32421875,18.9296875,552,699,12,30,256,regional_mean,14.363639218945313
AWS,ap-south-1,,500,memory-heavy,c6i.xlarge,2,1.043667,0.005914,,,IN-WE,643.32421875,18.9296875,552,699,12,30,256,regional_mean,11.190270956835937
AWS,ap-south-1,,100,cpu-heavy,m6i.xlarge,2,0.772167,0.005199,,,IN-WE,643.32421875,18.9296875,552,699,12,30,256,regional_mean,8.279228866992188
AWS,ap-south-1,,500,io-heavy,m5.xlarge,4,1.407717,0.018957,,,IN-WE,643.32421875,18.9296875,552,699,12,30,256,regional_mean,15.093640654101565
AWS,ap-south-1,,500,cpu-heavy,c5a.xlarge,4,1.004683,0.006296,,,IN-WE,643.32421875,18.9296875,552,699,12,30,256,regional_mean,10.772281767773437
AWS,ap-south-1,,2048,cpu-heavy,m6i.xlarge,2,2.105583,0.014178,,,IN-WE,643.32421875,18.9296875,552,699,12,30,256,regional_mean,22.576208974804686
AWS,ap-south-1,,100,cpu-heavy,c5.xlarge,2,0.872783,0.004946,,,IN-WE,643.32421875,18.9296875,552,699,12,30,256,regional_mean,9.358040693554686
AWS,ap-south-1,,1024,io-heavy,m5a.xlarge,2,2.6419,0.009775,,,IN-WE,643.32421875,18.9296875,552,699,12,30,256,regional_mean,28.326637558593752
AWS,ap-south-1,,10,cpu-heavy,c5.xlarge,4,1.110183,0.012582,,,IN-WE,643.32421875,18.9296875,552,699,12,30,256,regional_mean,11.903460185742187
AWS,ap-south-1,,100,cpu-heavy,m5.xlarge,4,1.072733,0.014446,,,IN-WE,643.32421875,18.9296875,552,699,12,30,256,regional_mean,11.50191865253906
AWS,ap-south-1,,2048,memory-heavy,c5.xlarge,4,1.5729,0.017826,,,IN-WE,643.32421875,18.9296875,552,699,12,30,256,regional_mean,16.86474439453125
AWS,ap-south-1,,10,io-heavy,m6i.xlarge,4,0.872833,0.011754,,,IN-WE,643.32421875,18.9296875,552,699,12,30,256,regional_mean,9.358576797070313
AWS,ap-south-1,,100,memory-heavy,c6i.xlarge,4,0.805083,0.009124,,,IN-WE,643.32421875,18.9296875,552,699,12,30,256,regional_mean,8.632156533398437
AWS,ap-south-1,,100,io-heavy,m5.xlarge,2,0.9743,0.00656,,,IN-WE,643.32421875,18.9296875,552,699,12,30,256,regional_mean,10.44651310546875
AWS,ap-south-1,,500,memory-heavy,m5.xlarge,2,1.343167,0.009044,,,IN-WE,643.32421875,18.9296875,552,699,12,30,256,regional_mean,14.401531015429688
AWS,ap-south-1,,500,io-heavy,m6i.xlarge,2,1.171583,0.007889,,,IN-WE,643.32421875,18.9296875,552,699,12,30,256,regional_mean,12.561795302929688
AWS,ap-south-1,,1024,io-heavy,m5.xlarge,2,2.440383,0.016432,,,IN-WE,643.32421875,18.9296875,552,699,12,30,256,regional_mean,26.16595811542969
AWS,ap-south-1,,10,memory-heavy,m6i.xlarge,4,0.8388,0.011296,,,IN-WE,643.32421875,18.9296875,552,699,12,30,256,regional_mean,8.993672578125
AWS,ap-south-1,,10,io-heavy,m5a.xlarge,2,1.142083,0.004226,,,IN-WE,643.32421875,18.9296875,552,699,12,30,256,regional_mean,12.245494228710937
AWS,ap-south-1,,100,cpu-heavy,c5.xlarge,4,0.83965,0.009516,,,IN-WE,643.32421875,18.9296875,552,699,12,30,256,regional_mean,9.002786337890624
AWS,ap-south-1,,500,memory-heavy,c5.xlarge,2,1.242633,0.007042,,,IN-WE,643.32421875,18.9296875,552,699,12,30,256,regional_mean,13.323598398632813
AWS,ap-south-1,,100,memory-heavy,c6i.xlarge,2,0.772117,0.004375,,,IN-WE,643.32421875,18.9296875,552,699,12,30,256,regional_mean,8.278692763476563
AWS,ap-south-1,,500,io-heavy,c6i.xlarge,4,0.938183,0.010633,,,IN-WE,643.32421875,18.9296875,552,699,12,30,256,regional_mean,10.059264091992187
AWS,ap-south-1,,100,cpu-heavy,m6i.xlarge,2,0.7388,0.004975,,,IN-WE,643.32421875,18.9296875,552,699,12,30,256,regional_mean,7.921465546875001
AWS,ap-southeast-1,,10,io-heavy,m5a.xlarge,2,1.207833,0.008696,,,SG,480.703125,5.83203125,472,492,4,8,256,regional_mean,9.67681829296875
AWS,ap-southeast-1,,2048,cpu-heavy,m6i.xlarge,4,1.572367,0.025158,,,SG,480.703125,5.83203125,472,492,4,8,256,regional_mean,12.597362175781251
AWS,ap-south-1,,2048,memory-heavy,c6i.xlarge,2,2.037817,0.011548,,,IN-WE,643.32421875,18.9296875,552,699,12,30,256,regional_mean,21.849617158007813
AWS,ap-south-1,,500,io-heavy,m5.xlarge,4,1.37305,0.01849,,,IN-WE,643.32421875,18.9296875,552,699,12,30,256,regional_mean,14.721938642578126
AWS,ap-south-1,,10,io-heavy,c6i.xlarge,2,0.7044,0.003992,,,IN-WE,643.32421875,18.9296875,552,699,12,30,256,regional_mean,7.552626328125
AWS,ap-south-1,,5120,memory-heavy,m5.xlarge,4,3.306067,0.044522,,,IN-WE,643.32421875,18.9296875,552,699,12,30,256,regional_mean,35.44788283183593
AWS,ap-south-1,,100,memory-heavy,c5.xlarge,4,0.97275,0.011025,,,IN-WE,643.32421875,18.9296875,552,699,12,30,256,regional_mean,10.429893896484376
AWS,ap-southeast-1,,10,memory-heavy,m5a.xlarge,2,1.174567,0.008457,,,SG,480.703125,5.83203125,472,492,4,8,256,regional_mean,9.410300457031248
AWS,ap-southeast-1,,1024,memory-heavy,m5a.xlarge,2,2.544633,0.018321,,,SG,480.703125,5.83203125,472,492,4,8,256,regional_mean,20.386883917968753
AWS,ap-southeast-1,,10,io-heavy,c6i.xlarge,2,0.838467,0.005478,,,SG,480.703125,5.83203125,472,492,4,8,256,regional_mean,6.71756178515625
AWS,ap-south-1,,100,io-heavy,c5a.xlarge,2,0.871483,0.002731,,,IN-WE,643.32421875,18.9296875,552,699,12,30,256,regional_mean,9.344102002148437
AWS,ap-south-1,,2048,memory-heavy,m5.xlarge,4,1.939483,0.026118,,,IN-WE,643.32421875,18.9296875,552,699,12,30,256,regional_mean,20.79527309589844
AWS,ap-southeast-1,,500,cpu-heavy,m5a.xlarge,4,1.54125,0.022194,,,SG,480.703125,5.83203125,472,492,4,8,256,regional_mean,12.348061523437499
AWS,ap-south-1,,100,cpu-heavy,m6i.xlarge,4,0.905317,0.012192,,,IN-WE,643.32421875,18.9296875,552,699,12,30,256,regional_mean,9.706872529101563
AWS,ap-southeast-1,,10,io-heavy,m5a.xlarge,2,1.37455,0.009897,,,SG,480.703125,5.83203125,472,492,4,8,256,regional_mean,11.0125080078125
AWS,ap-south-1,,2048,io-heavy,m6i.xlarge,4,1.8053,0.024311,,,IN-WE,643.32421875,18.9296875,552,699,12,30,256,regional_mean,19.356553535156248
AWS,ap-southeast-1,,10,cpu-heavy,c5.xlarge,4,0.906933,0.011851,,,SG,480.703125,5.83203125,472,492,4,8,256,regional_mean,7.26609212109375
AWS,ap-south-1,,10,io-heavy,c6i.xlarge,4,0.805117,0.009125,,,IN-WE,643.32421875,18.9296875,552,699,12,30,256,regional_mean,8.632521083789062
AWS,ap-south-1,,100,memory-heavy,m6i.xlarge,2,0.771733,0.005196,,,IN-WE,643.32421875,18.9296875,552,699,12,30,256,regional_mean,8.274575488476563
AWS,ap-southeast-1,,100,io-heavy,c5a.xlarge,2,0.972883,0.005708,,,SG,480.703125,5.83203125,472,492,4,8,256,regional_mean,7.79446497265625
AWS,ap-southeast-1,,2048,cpu-heavy,c5.xlarge,4,1.573133,0.020556,,,SG,480.703125,5.83203125,472,492,4,8,256,regional_mean,12.60349915234375
AWS,ap-south-1,,500,memory-heavy,m5.xlarge,4,1.2746,0.017165,,,IN-WE,643.32421875,18.9296875,552,699,12,30,256,regional_mean,13.6663508203125
AWS,ap-southeast-1,,10,memory-heavy,c5a.xlarge,2,0.80565,0.004726,,,SG,480.703125,5.83203125,472,492,4,8,256,regional_mean,6.4546412109375
AWS,ap-southeast-1,,100,memory-heavy,c6i.xlarge,2,0.8062,0.005267,,,SG,480.703125,5.83203125,472,492,4,8,256,regional_mean,6.459047656250001
AWS,ap-south-1,,10,io-heavy,m5a.xlarge,4,1.309333,0.009689,,,IN-WE,643.32421875,18.9296875,552,699,12,30,256,regional_mean,14.038760488476564
AWS,ap-southeast-1,,500,io-heavy,c6i.xlarge,2,1.305917,0.008532,,,SG,480.703125,5.83203125,472,492,4,8,256,regional_mean,10.46263971484375
AWS,ap-south-1,,10,io-heavy,m5a.xlarge,2,1.175783,0.00435,,,IN-WE,643.32421875,18.9296875,552,699,12,30,256,regional_mean,12.606827998242188
AWS,ap-south-1,,100,cpu-heavy,c5a.xlarge,2,0.771617,0.002418,,,IN-WE,643.32421875,18.9296875,552,699,12,30,256,regional_mean,8.273331728320313
AWS,ap-southeast-1,,10,memory-heavy,m5a.xlarge,4,1.4767,0.021264,,,SG,480.703125,5.83203125,472,492,4,8,256,regional_mean,11.830905078125
AWS,ap-southeast-1,,100,io-heavy,m6i.xlarge,2,0.972233,0.007778,,,SG,480.703125,5.83203125,472,492,4,8,256,regional_mean,7.78925735546875
AWS,ap-south-1,,500,cpu-heavy,m6i.xlarge,2,1.00695,0.00678,,,IN-WE,643.32421875,18.9296875,552,699,12,30,256,regional_mean,10.796588701171874
AWS,ap-south-1,,500,io-heavy,m5.xlarge,2,1.473033,0.009918,,,IN-WE,643.32421875,18.9296875,552,699,12,30,256,regional_mean,15.793963398632814
AWS,ap-southeast-1,,10,io-heavy,m5.xlarge,2,1.139483,0.009116,,,SG,480.703125,5.83203125,472,492,4,8,256,regional_mean,9.12921731640625
AWS,ap-southeast-1,,100,memory-heavy,c6i.xlarge,2,0.805117,0.00526,,,SG,480.703125,5.83203125,472,492,4,8,256,regional_mean,6.450370964843749
AWS,ap-south-1,,100,cpu-heavy,c6i.xlarge,4,0.77235,0.008753,,,IN-WE,643.32421875,18.9296875,552,699,12,30,256,regional_mean,8.281191005859375
AWS,ap-south-1,,2048,io-heavy,m5.xlarge,4,2.240483,0.030172,,,IN-WE,643.32421875,18.9296875,552,699,12,30,256,regional_mean,24.022616259960937
AWS,ap-southeast-1,,500,io-heavy,m5a.xlarge,4,1.807483,0.026028,,,SG,480.703125,5.83203125,472,492,4,8,256,regional_mean,14.48104544140625
AWS,ap-southeast-1,,10,io-heavy,m6i.xlarge,4,0.9384,0.015014,,,SG,480.703125,5.83203125,472,492,4,8,256,regional_mean,7.518196875
AWS,ap-southeast-1,,10,memory-heavy,m5.xlarge,4,1.106633,0.017706,,,SG,480.703125,5.83203125,472,492,4,8,256,regional_mean,8.86603235546875
AWS,ap-south-1,,500,memory-heavy,m5.xlarge,2,1.50585,0.010139,,,IN-WE,643.32421875,18.9296875,552,699,12,30,256,regional_mean,16.145829580078125
AWS,ap-south-1,,100,memory-heavy,c5.xlarge,2,0.839467,0.004757,,,IN-WE,643.32421875,18.9296875,552,699,12,30,256,regional_mean,9.000824199023437
AWS,ap-south-1,,100,io-heavy,m5.xlarge,4,1.106183,0.014897,,,IN-WE,643.32421875,18.9296875,552,699,12,30,256,regional_mean,11.860571904492186
AWS,ap-southeast-1,,1024,io-heavy,m5.xlarge,4,1.873217,0.029971,,,SG,480.703125,5.83203125,472,492,4,8,256,regional_mean,15.00768776171875
AWS,ap-southeast-1,,500,memory-heavy,m6i.xlarge,2,1.0719,0.008575,,,SG,480.703125,5.83203125,472,492,4,8,256,regional_mean,8.587761328125001
AWS,ap-south-1,,10,cpu-heavy,c5.xlarge,4,0.8729,0.009893,,,IN-WE,643.32421875,18.9296875,552,699,12,30,256,regional_mean,9.35929517578125
AWS,ap-south-1,,10,io-heavy,m5.xlarge,2,0.873667,0.005883,,,IN-WE,643.32421875,18.9296875,552,699,12,30,256,regional_mean,9.367519003710937
AWS,ap-southeast-1,,10,cpu-heavy,c6i.xlarge,4,0.839117,0.010964,,,SG,480.703125,5.83203125,472,492,4,8,256,regional_mean,6.72276940234375
AWS,ap-southeast-1,,10,cpu-heavy,m5.xlarge,4,1.03955,0.016633,,,SG,480.703125,5.83203125,472,492,4,8,256,regional_mean,8.3285822265625
AWS,ap-south-1,,500,memory-heavy,c5a.xlarge,4,0.972317,0.006093,,,IN-WE,643.32421875,18.9296875,552,699,12,30,256,regional_mean,10.425251240039064
AWS,ap-south-1,,10,io-heavy,c5a.xlarge,2,0.7717,0.002418,,,IN-WE,643.32421875,18.9296875,552,699,12,30,256,regional_mean,8.27422166015625
AWS,ap-southeast-1,,10,io-heavy,m5.xlarge,2,0.9733,0.007786,,,SG,480.703125,5.83203125,472,492,4,8,256,regional_mean,7.797805859375001
AWS,ap-southeast-1,,10,io-heavy,c5a.xlarge,2,0.871683,0.005114,,,SG,480.703125,5.83203125,472,492,4,8,256,regional_mean,6.98367903515625
AWS,ap-southeast-1,,100,cpu-heavy,c5.xlarge,4,0.973083,0.012715,,,SG,480.703125,5.83203125,472,492,4,8,256,regional_mean,7.79606731640625
AWS,ap-southeast-1,,10,cpu-heavy,m6i.xlarge,4,0.839167,0.013427,,,SG,480.703125,5.83203125,472,492,4,8,256,regional_mean,6.72316998828125
AWS,ap-south-1,,1024,io-heavy,c5a.xlarge,2,1.705467,0.005344,,,IN-WE,643.32421875,18.9296875,552,699,12,30,256,regional_mean,18.286137089648438
AWS,ap-south-1,,100,memory-heavy,m5a.xlarge,4,1.374233,0.010169,,,IN-WE,643.32421875,18.9296875,552,699,12,30,256,regional_mean,14.734622851757813
AWS,ap-south-1,,10,memory-heavy,m6i.xlarge,2,0.705067,0.004747,,,IN-WE,643.32421875,18.9296875,552,699,12,30,256,regional_mean,7.559777949023438
AWS,ap-south-1,,1024,cpu-heavy,m6i.xlarge,4,1.105933,0.014893,,,IN-WE,643.32421875,18.9296875,552,699,12,30,256,regional_mean,11.857891386914064
AWS,ap-southeast-1,,10,io-heavy,c5.xlarge,2,0.90655,0.005923,,,SG,480.703125,5.83203125,472,492,4,8,256,regional_mean,7.2630236328125
AWS,ap-southeast-1,,100,memory-heavy,m5.xlarge,4,1.139417,0.018231,,,SG,480.703125,5.83203125,472,492,4,8,256,regional_mean,9.12868854296875
AWS,ap-south-1,,100,memory-heavy,c5.xlarge,2,0.872783,0.004946,,,IN-WE,643.32421875,18.9296875,552,699,12,30,256,regional_mean,9.358040693554686
AWS,ap-south-1,,100,cpu-heavy,c5a.xlarge,4,0.805367,0.005047,,,IN-WE,643.32421875,18.9296875,552,699,12,30,256,regional_mean,8.635201601367188
AWS,ap-south-1,,10,io-heavy,m5.xlarge,2,0.872583,0.005875,,,IN-WE,643.32421875,18.9296875,552,699,12,30,256,regional_mean,9.355896279492187
AWS,ap-south-1,,10,cpu-heavy,m5.xlarge,2,0.84,0.005656,,,IN-WE,643.32421875,18.9296875,552,699,12,30,256,regional_mean,9.0065390625
AWS,ap-southeast-1,,1024,cpu-heavy,c5a.xlarge,2,1.605417,0.009418,,,SG,480.703125,5.83203125,472,492,4,8,256,regional_mean,12.862149480468752
AWS,ap-southeast-1,,10,io-heavy,m5a.xlarge,4,1.410233,0.020307,,,SG,480.703125,5.83203125,472,492,4,8,256,regional_mean,11.29839016796875
AWS,ap-south-1,,10,cpu-heavy,c5.xlarge,2,0.77285,0.004379,,,IN-WE,643.32421875,18.9296875,552,699,12,30,256,regional_mean,8.286552041015625
AWS,ap-south-1,,1024,cpu-heavy,m5.xlarge,4,1.40635,0.018939,,,IN-WE,643.32421875,18.9296875,552,699,12,30,256,regional_mean,15.078983583984375
AWS,ap-southeast-1,,500,cpu-heavy,m5.xlarge,2,1.306467,0.010452,,,SG,480.703125,5.83203125,472,492,4,8,256,regional_mean,10.46704616015625
AWS,ap-southeast-1,,500,memory-heavy,c5a.xlarge,2,1.171533,0.006873,,,SG,480.703125,5.83203125,472,492,4,8,256,regional_mean,9.38599290234375
AWS,ap-south-1,,10,memory-heavy,m5a.xlarge,4,1.310317,0.009696,,,IN-WE,643.32421875,18.9296875,552,699,12,30,256,regional_mean,14.04931100566406
AWS,ap-south-1,,10,cpu-heavy,m6i.xlarge,2,0.638833,0.004301,,,IN-WE,643.32421875,18.9296875,552,699,12,30,256,regional_mean,6.849612343945312
AWS,ap-southeast-1,,10,cpu-heavy,c6i.xlarge,4,0.804633,0.010514,,,SG,480.703125,5.83203125,472,492,4,8,256,regional_mean,6.44649329296875
AWS,ap-southeast-1,,500,memory-heavy,m6i.xlarge,2,1.10535,0.008843,,,SG,480.703125,5.83203125,472,492,4,8,256,regional_mean,8.8557533203125
AWS,ap-south-1,,500,cpu-heavy,c5a.xlarge,4,0.93875,0.005883,,,IN-WE,643.32421875,18.9296875,552,699,12,30,256,regional_mean,10.065343505859376
AWS,ap-south-1,,100,memory-heavy,c6i.xlarge,4,0.80575,0.009132,,,IN-WE,643.32421875,18.9296875,552,699,12,30,256,regional_mean,8.639308154296874
AWS,ap-southeast-1,,10,cpu-heavy,c6i.xlarge,4,0.804717,0.010515,,,SG,480.703125,5.83203125,472,492,4,8,256,regional_mean,6.44716627734375
AWS,ap-southeast-1,,500,io-heavy,c5.xlarge,2,1.47445,0.009633,,,SG,480.703125,5.83203125,472,492,4,8,256,regional_mean,11.8128787109375
AWS,ap-south-1,,10,io-heavy,m5.xlarge,2,0.906333,0.006103,,,IN-WE,643.32421875,18.9296875,552,699,12,30,256,regional_mean,9.717766152539063
AWS,ap-south-1,,10,io-heavy,c5.xlarge,2,0.8055,0.004564,,,IN-WE,643.32421875,18.9296875,552,699,12,30,256,regional_mean,8.63662763671875
AWS,ap-southeast-1,,2048,cpu-heavy,m6i.xlarge,2,2.273183,0.018185,,,SG,480.703125,5.83203125,472,492,4,8,256,regional_mean,18.212102863281252
AWS,ap-southeast-1,,10,memory-heavy,c6i.xlarge,4,0.87275,0.011404,,,SG,480.703125,5.83203125,472,492,4,8,256,regional_mean,6.9922275390625
AWS,ap-south-1,,100,cpu-heavy,c6i.xlarge,2,0.70515,0.003996,,,IN-WE,643.32421875,18.9296875,552,699,12,30,256,regional_mean,7.560667880859375
AWS,ap-south-1,,500,io-heavy,m5.xlarge,2,1.44105,0.009703,,,IN-WE,643.32421875,18.9296875,552,699,12,30,256,regional_mean,15.451039423828126
AWS,ap-southeast-1,,2048,memory-heavy,m6i.xlarge,2,2.23905,0.017912,,,SG,480.703125,5.83203125,472,492,4,8,256,regional_mean,17.938638867187503
AWS,ap-southeast-1,,3072,io-heavy,c5a.xlarge,4,2.039,0.023924,,,SG,480.703125,5.83203125,472,492,4,8,256,regional_mean,16.335894531250002
AWS,ap-south-1,,3072,memory-heavy,m5a.xlarge,4,2.9755,0.022019,,,IN-WE,643.32421875,18.9296875,552,699,12,30,256,regional_mean,31.90352021484375
AWS,ap-south-1,,10,io-heavy,c5a.xlarge,2,0.73825,0.002313,,,IN-WE,643.32421875,18.9296875,552,699,12,30,256,regional_mean,7.915568408203125
AWS,ap-southeast-1,,1024,cpu-heavy,c5a.xlarge,2,1.572317,0.009224,,,SG,480.703125,5.83203125,472,492,4,8,256,regional_mean,12.59696158984375
AWS,ap-south-1,,1024,io-heavy,c6i.xlarge,2,1.5716,0.008906,,,IN-WE,643.32421875,18.9296875,552,699,12,30,256,regional_mean,16.850805703125
AWS,ap-southeast-1,,2048,memory-heavy,m5a.xlarge,4,2.60845,0.037562,,,SG,480.703125,5.83203125,472,492,4,8,256,regional_mean,20.8981677734375
AWS,ap-south-1,,100,io-heavy,m6i.xlarge,4,0.9378,0.012629,,,IN-WE,643.32421875,18.9296875,552,699,12,30,256,regional_mean,10.055157539062499
AWS,ap-southeast-1,,2048,io-heavy,m6i.xlarge,4,1.971317,0.031541,,,SG,480.703125,5.83203125,472,492,4,8,256,regional_mean,15.79363737109375
AWS,ap-southeast-1,,10,memory-heavy,c5.xlarge,4,0.9735,0.01272,,,SG,480.703125,5.83203125,472,492,4,8,256,regional_mean,7.799408203125
AWS,ap-south-1,,5120,memory-heavy,m5a.xlarge,2,7.441767,0.027535,,,IN-WE,643.32421875,18.9296875,552,699,12,30,256,regional_mean,79.79114902324218
AWS,ap-south-1,,1024,io-heavy,c5.xlarge,4,1.306433,0.014806,,,IN-WE,643.32421875,18.9296875,552,699,12,30,256,regional_mean,14.007666484570313
AWS,ap-southeast-1,,100,io-heavy,c5a.xlarge,2,0.97265,0.005706,,,SG,480.703125,5.83203125,472,492,4,8,256,regional_mean,7.7925982421875
AWS,ap-southeast-1,,100,cpu-heavy,c6i.xlarge,2,0.771667,0.005042,,,SG,480.703125,5.83203125,472,492,4,8,256,regional_mean,6.18237897265625
AWS,ap-south-1,,2048,memory-heavy,m6i.xlarge,4,1.5389,0.020724,,,IN-WE,643.32421875,18.9296875,552,699,12,30,256,regional_mean,16.50019400390625
AWS,ap-southeast-1,,10,memory-heavy,m5.xlarge,4,1.1066,0.017706,,,SG,480.703125,5.83203125,472,492,4,8,256,regional_mean,8.86576796875
AWS,ap-southeast-1,,10,memory-heavy,m5a.xlarge,2,1.175917,0.008467,,,SG,480.703125,5.83203125,472,492,4,8,256,regional_mean,9.421116277343751
AWS,ap-south-1,,500,memory-heavy,m5a.xlarge,2,1.742083,0.006446,,,IN-WE,643.32421875,18.9296875,552,699,12,30,256,regional_mean,18.67873641621094
AWS,ap-southeast-1,,500,memory-heavy,m6i.xlarge,4,1.105483,0.017688,,,SG,480.703125,5.83203125,472,492,4,8,256,regional_mean,8.85681887890625
AWS,ap-south-1,,1024,memory-heavy,m6i.xlarge,4,1.172317,0.015787,,,IN-WE,643.32421875,18.9296875,552,699,12,30,256,regional_mean,12.569665302539063
AWS,ap-southeast-1,,10,cpu-heavy,m5.xlarge,4,1.073133,0.01717,,,SG,480.703125,5.83203125,472,492,4,8,256,regional_mean,8.597639777343748
AWS,ap-southeast-1,,10,cpu-heavy,c5a.xlarge,4,0.83895,0.009844,,,SG,480.703125,5.83203125,472,492,4,8,256,regional_mean,6.7214314453125
AWS,ap-south-1,,2048,cpu-heavy,m5.xlarge,4,2.274383,0.030628,,,IN-WE,643.32421875,18.9296875,552,699,12,30,256,regional_mean,24.386094443554683
AWS,ap-south-1,,10,io-heavy,m5a.xlarge,2,1.075567,0.00398,,,IN-WE,643.32421875,18.9296875,552,699,12,30,256,regional_mean,11.532304999804687
AWS,ap-southeast-1,,2048,cpu-heavy,m5a.xlarge,4,2.408433,0.034681,,,SG,480.703125,5.83203125,472,492,4,8,256,regional_mean,19.295687824218753
AWS,ap-southeast-1,,10,memory-heavy,m5.xlarge,4,1.10675,0.017708,,,SG,480.703125,5.83203125,472,492,4,8,256,regional_mean,8.866969726562498
AWS,ap-south-1,,500,memory-heavy,m5.xlarge,4,1.272317,0.017134,,,IN-WE,643.32421875,18.9296875,552,699,12,30,256,regional_mean,13.641872333789061
AWS,ap-south-1,,500,cpu-heavy,c5.xlarge,2,1.105683,0.006266,,,IN-WE,643.32421875,18.9296875,552,699,12,30,256,regional_mean,11.855210869335936
AWS,ap-southeast-1,,1024,cpu-heavy,m5.xlarge,2,1.84045,0.014724,,,SG,480.703125,5.83203125,472,492,4,8,256,regional_mean,14.7451677734375
AWS,ap-south-1,,500,cpu-heavy,c6i.xlarge,2,0.938533,0.005318,,,IN-WE,643.32421875,18.9296875,552,699,12,30,256,regional_mean,10.063016816601563
AWS,ap-south-1,,100,memory-heavy,m5a.xlarge,4,1.408333,0.010422,,,IN-WE,643.32421875,18.9296875,552,699,12,30,256,regional_mean,15.100245449414063
AWS,ap-southeast-1,,10,io-heavy,c6i.xlarge,4,0.8723,0.011398,,,SG,480.703125,5.83203125,472,492,4,8,256,regional_mean,6.988622265625
AWS,ap-southeast-1,,500,cpu-heavy,c5a.xlarge,2,1.1063,0.00649,,,SG,480.703125,5.83203125,472,492,4,8,256,regional_mean,8.863364453125001
AWS,ap-southeast-1,,10,io-heavy,m5.xlarge,4,1.13945,0.018231,,,SG,480.703125,5.83203125,472,492,4,8,256,regional_mean,9.1289529296875
AWS,ap-south-1,,3072,memory-heavy,c5.xlarge,4,1.8397,0.02085,,,IN-WE,643.32421875,18.9296875,552,699,12,30,256,regional_mean,19.72539275390625
AWS,ap-south-1,,10,cpu-heavy,m5a.xlarge,2,1.043167,0.00386,,,IN-WE,643.32421875,18.9296875,552,699,12,30,256,regional_mean,11.184909921679687
AWS,ap-southeast-1,,100,memory-heavy,m6i.xlarge,4,1.272033,0.020353,,,SG,480.703125,5.83203125,472,492,4,8,256,regional_mean,10.191170636718748
AWS,ap-south-1,,500,io-heavy,c6i.xlarge,2,1.105,0.006262,,,IN-WE,643.32421875,18.9296875,552,699,12,30,256,regional_mean,11.847887695312501
AWS,ap-southeast-1,,100,memory-heavy,c5.xlarge,4,1.006633,0.013153,,,SG,480.703125,5.83203125,472,492,4,8,256,regional_mean,8.064860480468749
AWS,ap-south-1,,2048,cpu-heavy,c5a.xlarge,2,2.1722,0.006806,,,IN-WE,643.32421875,18.9296875,552,699,12,30,256,regional_mean,23.290481132812502
AWS,ap-south-1,,10,cpu-heavy,c5a.xlarge,2,0.705717,0.002211,,,IN-WE,643.32421875,18.9296875,552,699,12,30,256,regional_mean,7.566747294726563
AWS,ap-southeast-1,,100,io-heavy,c5.xlarge,2,1.639567,0.010712,,,SG,480.703125,5.83203125,472,492,4,8,256,regional_mean,13.13574967578125
AWS,ap-southeast-1,,10,memory-heavy,m6i.xlarge,2,0.739183,0.005913,,,SG,480.703125,5.83203125,472,492,4,8,256,regional_mean,5.92212630078125
AWS,ap-south-1,,10,cpu-heavy,m5a.xlarge,2,1.0441,0.003863,,,IN-WE,643.32421875,18.9296875,552,699,12,30,256,regional_mean,11.19491361328125
AWS,ap-southeast-1,,500,io-heavy,m6i.xlarge,2,1.272133,0.010177,,,SG,480.703125,5.83203125,472,492,4,8,256,regional_mean,10.191971808593749
AWS,ap-south-1,,100,cpu-heavy,c5a.xlarge,2,0.77175,0.002418,,,IN-WE,643.32421875,18.9296875,552,699,12,30,256,regional_mean,8.274757763671875
AWS,ap-south-1,,10,cpu-heavy,c5.xlarge,4,0.906933,0.010279,,,IN-WE,643.32421875,18.9296875,552,699,12,30,256,regional_mean,9.724199394726563
AWS,ap-southeast-1,,500,cpu-heavy,c5.xlarge,4,1.0399,0.013588,,,SG,480.703125,5.83203125,472,492,4,8,256,regional_mean,8.331386328125001
AWS,ap-southeast-1,,100,io-heavy,m6i.xlarge,2,1.5041,0.012033,,,SG,480.703125,5.83203125,472,492,4,8,256,regional_mean,12.050426171875001
AWS,ap-south-1,,10,memory-heavy,m5.xlarge,4,1.072833,0.014447,,,IN-WE,643.32421875,18.9296875,552,699,12,30,256,regional_mean,11.502990859570312
AWS,ap-southeast-1,,10,cpu-heavy,c6i.xlarge,2,0.706217,0.004614,,,SG,480.703125,5.83203125,472,492,4,8,256,regional_mean,5.65801198046875
AWS,ap-south-1,,500,io-heavy,m5.xlarge,4,1.4066,0.018942,,,IN-WE,643.32421875,18.9296875,552,699,12,30,256,regional_mean,15.0816641015625
AWS,ap-south-1,,100,cpu-heavy,m5.xlarge,2,0.906517,0.006104,,,IN-WE,643.32421875,18.9296875,552,699,12,30,256,regional_mean,9.719739013476563
AWS,ap-southeast-1,,100,cpu-heavy,c6i.xlarge,4,0.804967,0.010518,,,SG,480.703125,5.83203125,472,492,4,8,256,regional_mean,6.44916920703125
AWS,ap-southeast-1,,10,memory-heavy,m5.xlarge,4,1.17345,0.018775,,,SG,480.703125,5.83203125,472,492,4,8,256,regional_mean,9.401351367187502
AWS,ap-south-1,,10,memory-heavy,m5a.xlarge,4,1.2746,0.009432,,,IN-WE,643.32421875,18.9296875,552,699,12,30,256,regional_mean,13.6663508203125
AWS,ap-south-1,,10,io-heavy,c5a.xlarge,4,0.83835,0.005254,,,IN-WE,643.32421875,18.9296875,552,699,12,30,256,regional_mean,8.988847646484375
AWS,ap-southeast-1,,10,memory-heavy,c6i.xlarge,2,0.772417,0.005046,,,SG,480.703125,5.83203125,472,492,4,8,256,regional_mean,6.18838776171875
AWS,ap-southeast-1,,500,io-heavy,m5a.xlarge,4,1.908517,0.027483,,,SG,480.703125,5.83203125,472,492,4,8,256,regional_mean,15.290501433593748
AWS,ap-south-1,,10,io-heavy,m5.xlarge,4,1.108633,0.01493,,,IN-WE,643.32421875,18.9296875,552,699,12,30,256,regional_mean,11.886840976757814
AWS,ap-south-1,,100,cpu-heavy,c5a.xlarge,2,0.772267,0.00242,,,IN-WE,643.32421875,18.9296875,552,699,12,30,256,regional_mean,8.280301074023438
AWS,ap-southeast-1,,10,memory-heavy,m5.xlarge,2,0.906733,0.007254,,,SG,480.703125,5.83203125,472,492,4,8,256,regional_mean,7.2644897773437505
AWS,ap-southeast-1,,10,memory-heavy,m5.xlarge,2,0.939467,0.007516,,,SG,480.703125,5.83203125,472,492,4,8,256,regional_mean,7.52674537890625
AWS,ap-south-1,,10,memory-heavy,c5a.xlarge,4,0.805617,0.005049,,,IN-WE,643.32421875,18.9296875,552,699,12,30,256,regional_mean,8.637882118945312
AWS,ap-southeast-1,,10,cpu-heavy,c5.xlarge,2,0.8397,0.005486,,,SG,480.703125,5.83203125,472,492,4,8,256,regional_mean,6.727440234375
AWS,ap-south-1,,500,cpu-heavy,c5.xlarge,4,1.006217,0.011404,,,IN-WE,643.32421875,18.9296875,552,699,12,30,256,regional_mean,10.788729423632812
AWS,ap-south-1,,100,cpu-heavy,m6i.xlarge,2,0.737683,0.004967,,,IN-WE,643.32421875,18.9296875,552,699,12,30,256,regional_mean,7.909488994335938
AWS,ap-southeast-1,,10,io-heavy,c6i.xlarge,2,0.83895,0.005481,,,SG,480.703125,5.83203125,472,492,4,8,256,regional_mean,6.7214314453125
AWS,ap-south-1,,500,cpu-heavy,m5a.xlarge,4,1.541217,0.011405,,,IN-WE,643.32421875,18.9296875,552,699,12,30,256,regional_mean,16.52503704082031
AWS,ap-southeast-1,,3072,memory-heavy,m6i.xlarge,4,1.938017,0.031008,,,SG,480.703125,5.83203125,472,492,4,8,256,regional_mean,15.52684713671875
AWS,ap-south-1,,100,io-heavy,m5.xlarge,2,1.006933,0.00678,,,IN-WE,643.32421875,18.9296875,552,699,12,30,256,regional_mean,10.796406425976564
AWS,ap-southeast-1,,3072,cpu-heavy,m6i.xlarge,4,1.906317,0.030501,,,SG,480.703125,5.83203125,472,492,4,8,256,regional_mean,15.27287565234375
AWS,ap-south-1,,10,cpu-heavy,c5a.xlarge,2,0.671933,0.002105,,,IN-WE,643.32421875,18.9296875,552,699,12,30,256,regional_mean,7.2045128712890625
AWS,ap-southeast-1,,500,memory-heavy,m5.xlarge,4,1.373783,0.021981,,,SG,480.703125,5.83203125,472,492,4,8,256,regional_mean,11.00636301953125
AWS,ap-south-1,,10,cpu-heavy,c6i.xlarge,2,0.638583,0.003619,,,IN-WE,643.32421875,18.9296875,552,699,12,30,256,regional_mean,6.846931826367187
AWS,ap-southeast-1,,100,memory-heavy,m5a.xlarge,4,1.442417,0.020771,,,SG,480.703125,5.83203125,472,492,4,8,256,regional_mean,11.556239324218751
AWS,ap-south-1,,1024,memory-heavy,c5a.xlarge,4,1.172217,0.007346,,,IN-WE,643.32421875,18.9296875,552,699,12,30,256,regional_mean,12.568593095507813
AWS,ap-south-1,,100,cpu-heavy,m5.xlarge,2,0.939783,0.006328,,,IN-WE,643.32421875,18.9296875,552,699,12,30,256,regional_mean,10.076419404492189
AWS,ap-southeast-1,,1024,io-heavy,c5a.xlarge,4,1.37175,0.016095,,,SG,480.703125,5.83203125,472,492,4,8,256,regional_mean,10.9900751953125
AWS,ap-south-1,,500,memory-heavy,c5.xlarge,4,1.039783,0.011784,,,IN-WE,643.32421875,18.9296875,552,699,12,30,256,regional_mean,11.148626435742186
AWS,ap-southeast-1,,500,cpu-heavy,c5a.xlarge,4,1.005667,0.0118,,,SG,480.703125,5.83203125,472,492,4,8,256,regional_mean,8.057121160156251
AWS,ap-south-1,,2048,memory-heavy,m6i.xlarge,2,2.0726,0.013956,,,IN-WE,643.32421875,18.9296875,552,699,12,30,256,regional_mean,22.222562929687502
AWS,ap-southeast-1,,10,memory-heavy,c6i.xlarge,4,0.8049,0.010517,,,SG,480.703125,5.83203125,472,492,4,8,256,regional_mean,6.448632421875
AWS,ap-southeast-1,,100,memory-heavy,c6i.xlarge,4,0.906617,0.011846,,,SG,480.703125,5.83203125,472,492,4,8,256,regional_mean,7.26356041796875
AWS,ap-south-1,,500,cpu-heavy,c5.xlarge,2,1.138833,0.006453,,,IN-WE,643.32421875,18.9296875,552,699,12,30,256,regional_mean,12.210647500195313
AWS,ap-southeast-1,,10,cpu-heavy,m5.xlarge,2,0.872117,0.006977,,,SG,480.703125,5.83203125,472,492,4,8,256,regional_mean,6.987156121093751
AWS,ap-south-1,,100,memory-heavy,m5.xlarge,4,1.108833,0.014932,,,IN-WE,643.32421875,18.9296875,552,699,12,30,256,regional_mean,11.888985390820311
AWS,ap-southeast-1,,1024,memory-heavy,m5.xlarge,2,1.973,0.015784,,,SG,480.703125,5.83203125,472,492,4,8,256,regional_mean,15.80712109375
AWS,ap-south-1,,500,cpu-heavy,m5a.xlarge,2,1.642417,0.006077,,,IN-WE,643.32421875,18.9296875,552,699,12,30,256,regional_mean,17.610110556445314
AWS,ap-southeast-1,,10,memory-heavy,m6i.xlarge,2,0.738683,0.005909,,,SG,480.703125,5.83203125,472,492,4,8,256,regional_mean,5.91812044140625
AWS,ap-south-1,,1024,cpu-heavy,m6i.xlarge,4,1.072283,0.01444,,,IN-WE,643.32421875,18.9296875,552,699,12,30,256,regional_mean,11.497093720898437
AWS,ap-southeast-1,,1024,io-heavy,m6i.xlarge,2,1.838717,0.01471,,,SG,480.703125,5.83203125,472,492,4,8,256,regional_mean,14.731283464843749
AWS,ap-south-1,,10,memory-heavy,c6i.xlarge,2,0.705783,0.003999,,,IN-WE,643.32421875,18.9296875,552,699,12,30,256,regional_mean,7.567454951367188
AWS,ap-southeast-1,,10,memory-heavy,m6i.xlarge,4,0.90525,0.014484,,,SG,480.703125,5.83203125,472,492,4,8,256,regional_mean,7.2526083984375
AWS,ap-southeast-1,,1024,cpu-heavy,c5.xlarge,4,1.272083,0.014417,,,SG,480.703125,5.83203125,472,492,4,8,256,regional_mean,10.19157122265625
AWS,ap-southeast-1,,2048,memory-heavy,m6i.xlarge,4,1.605783,0.025693,,,SG,480.703125,5.83203125,472,492,4,8,256,regional_mean,12.86508176953125
AWS,ap-southeast-1,,10,io-heavy,c6i.xlarge,4,0.871267,0.011385,,,SG,480.703125,5.83203125,472,492,4,8,256,regional_mean,6.98034616015625
AWS,ap-southeast-1,,3072,memory-heavy,m5.xlarge,2,3.77265,0.030181,,,SG,480.703125,5.83203125,472,492,4,8,256,regional_mean,30.225410742187503
AWS,ap-southeast-1,,10,memory-heavy,c5.xlarge,4,0.940167,0.012285,,,SG,480.703125,5.83203125,472,492,4,8,256,regional_mean,7.532353582031249
AWS,ap-southeast-1,,100,io-heavy,m5.xlarge,4,1.2404,0.019846,,,SG,480.703125,5.83203125,472,492,4,8,256,regional_mean,9.9377359375
AWS,ap-southeast-1,,500,cpu-heavy,m5.xlarge,2,1.306167,0.010449,,,SG,480.703125,5.83203125,472,492,4,8,256,regional_mean,10.464642644531251
AWS,ap-southeast-1,,10,cpu-heavy,c5a.xlarge,2,0.771933,0.004529,,,SG,480.703125,5.83203125,472,492,4,8,256,regional_mean,6.18451008984375
AWS,ap-southeast-1,,10,cpu-heavy,m5.xlarge,4,1.106567,0.017705,,,SG,480.703125,5.83203125,472,492,4,8,256,regional_mean,8.86550358203125
AWS,ap-southeast-1,,2048,memory-heavy,m5a.xlarge,4,2.57585,0.037092,,,SG,480.703125,5.83203125,472,492,4,8,256,regional_mean,20.636985742187502
AWS,ap-southeast-1,,500,cpu-heavy,m5.xlarge,2,1.311117,0.010489,,,SG,480.703125,5.83203125,472,492,4,8,256,regional_mean,10.504300652343751
AWS,ap-southeast-1,,500,memory-heavy,c5.xlarge,4,1.106633,0.01446,,,SG,480.703125,5.83203125,472,492,4,8,256,regional_mean,8.86603235546875
AWS,ap-southeast-1,,5120,io-heavy,c6i.xlarge,2,5.972033,0.039017,,,SG,480.703125,5.83203125,472,492,4,8,256,regional_mean,47.84624876171875
AWS,ap-southeast-1,,2048,io-heavy,m6i.xlarge,2,2.90505,0.02324,,,SG,480.703125,5.83203125,472,492,4,8,256,regional_mean,23.2744435546875
AWS,ap-southeast-1,,10,memory-heavy,c5.xlarge,4,0.940717,0.012292,,,SG,480.703125,5.83203125,472,492,4,8,256,regional_mean,7.53676002734375
AWS,ap-southeast-1,,500,io-heavy,m6i.xlarge,2,1.3051,0.010441,,,SG,480.703125,5.83203125,472,492,4,8,256,regional_mean,10.456094140625
AWS,ap-southeast-1,,1024,io-heavy,m5a.xlarge,4,2.175233,0.031323,,,SG,480.703125,5.83203125,472,492,4,8,256,regional_mean,17.42735501171875
AWS,ap-southeast-1,,3072,io-heavy,m5a.xlarge,4,3.7421,0.053886,,,SG,480.703125,5.83203125,472,492,4,8,256,regional_mean,29.980652734375003
AWS,ap-southeast-1,,10,cpu-heavy,m6i.xlarge,4,1.173717,0.018779,,,SG,480.703125,5.83203125,472,492,4,8,256,regional_mean,9.403490496093749
AWS,ap-southeast-1,,500,io-heavy,m6i.xlarge,4,1.238633,0.019818,,,SG,480.703125,5.83203125,472,492,4,8,256,regional_mean,9.92357923046875
AWS,ap-southeast-1,,3072,io-heavy,m6i.xlarge,4,2.240233,0.035844,,,SG,480.703125,5.83203125,472,492,4,8,256,regional_mean,17.94811673046875
AWS,ap-southeast-1,,500,memory-heavy,c5.xlarge,4,1.173767,0.015337,,,SG,480.703125,5.83203125,472,492,4,8,256,regional_mean,9.403891082031251
AWS,ap-southeast-1,,10,io-heavy,m6i.xlarge,4,0.904917,0.014479,,,SG,480.703125,5.83203125,472,492,4,8,256,regional_mean,7.24994049609375
AWS,ap-southeast-1,,1024,memory-heavy,c5.xlarge,2,1.706283,0.011148,,,SG,480.703125,5.83203125,472,492,4,8,256,regional_mean,13.67025950390625
AWS,ap-southeast-1,,3072,cpu-heavy,c5.xlarge,2,3.874283,0.025312,,,SG,480.703125,5.83203125,472,492,4,8,256,regional_mean,31.03966575390625
AWS,ap-southeast-1,,500,io-heavy,m6i.xlarge,4,1.271517,0.020344,,,SG,480.703125,5.83203125,472,492,4,8,256,regional_mean,10.18703658984375
AWS,ap-southeast-1,,10,io-heavy,m6i.xlarge,2,0.8388,0.00671,,,SG,480.703125,5.83203125,472,492,4,8,256,regional_mean,6.7202296875
AWS,ap-southeast-1,,10,cpu-heavy,c5a.xlarge,4,0.872567,0.010238,,,SG,480.703125,5.83203125,472,492,4,8,256,regional_mean,6.99076139453125
AWS,ap-southeast-1,,500,cpu-heavy,c5.xlarge,4,1.072883,0.014019,,,SG,480.703125,5.83203125,472,492,4,8,256,regional_mean,8.59563684765625
AWS,ap-southeast-1,,100,io-heavy,c5.xlarge,2,1.0731,0.007011,,,SG,480.703125,5.83203125,472,492,4,8,256,regional_mean,8.597375390624999
AWS,ap-southeast-1,,10,memory-heavy,c5a.xlarge,4,0.87205,0.010232,,,SG,480.703125,5.83203125,472,492,4,8,256,regional_mean,6.986619335937499
AWS,ap-southeast-1,,500,io-heavy,m6i.xlarge,2,1.4722,0.011778,,,SG,480.703125,5.83203125,472,492,4,8,256,regional_mean,11.79485234375
AWS,ap-southeast-1,,3072,memory-heavy,m5a.xlarge,2,5.2426,0.037747,,,SG,480.703125,5.83203125,472,492,4,8,256,regional_mean,42.002236718750005
AWS,ap-southeast-1,,100,cpu-heavy,c5.xlarge,2,0.905083,0.005913,,,SG,480.703125,5.83203125,472,492,4,8,256,regional_mean,7.25127044140625
AWS,ap-southeast-1,,1024,cpu-heavy,c5.xlarge,2,1.672683,0.010928,,,SG,480.703125,5.83203125,472,492,4,8,256,regional_mean,13.401065753906249
AWS,ap-southeast-1,,100,io-heavy,m6i.xlarge,4,1.039033,0.016625,,,SG,480.703125,5.83203125,472,492,4,8,256,regional_mean,8.324440167968751
AWS,ap-southeast-1,,500,io-heavy,m5a.xlarge,4,1.84475,0.026564,,,SG,480.703125,5.83203125,472,492,4,8,256,regional_mean,14.779618164062498
AWS,ap-southeast-1,,10,io-heavy,m6i.xlarge,2,0.839617,0.006717,,,SG,480.703125,5.83203125,472,492,4,8,256,regional_mean,6.726775261718749
AWS,ap-southeast-1,,500,memory-heavy,c5.xlarge,2,1.210383,0.007908,,,SG,480.703125,5.83203125,472,492,4,8,256,regional_mean,9.697248175781251
AWS,ap-southeast-1,,10,cpu-heavy,c5a.xlarge,2,0.738583,0.004333,,,SG,480.703125,5.83203125,472,492,4,8,256,regional_mean,5.91731926953125
AWS,ap-southeast-1,,10,cpu-heavy,m5a.xlarge,2,1.07515,0.007741,,,SG,480.703125,5.83203125,472,492,4,8,256,regional_mean,8.6137994140625
AWS,ap-southeast-1,,100,io-heavy,c5.xlarge,2,1.106833,0.007231,,,SG,480.703125,5.83203125,472,492,4,8,256,regional_mean,8.86763469921875
AWS,ap-southeast-1,,500,io-heavy,c5a.xlarge,4,1.172167,0.013753,,,SG,480.703125,5.83203125,472,492,4,8,256,regional_mean,9.39107233203125
AWS,ap-southeast-1,,1024,memory-heavy,m5a.xlarge,4,2.04225,0.029408,,,SG,480.703125,5.83203125,472,492,4,8,256,regional_mean,16.361932617187502
AWS,ap-southeast-1,,100,memory-heavy,m5a.xlarge,2,1.2745,0.009176,,,SG,480.703125,5.83203125,472,492,4,8,256,regional_mean,10.210935546875
AWS,ap-southeast-1,,10,memory-heavy,c5.xlarge,2,0.905617,0.005917,,,SG,480.703125,5.83203125,472,492,4,8,256,regional_mean,7.255548699218751
AWS,ap-southeast-1,,10,cpu-heavy,m5a.xlarge,2,1.207867,0.008697,,,SG,480.703125,5.83203125,472,492,4,8,256,regional_mean,9.677090691406251
AWS,ap-southeast-1,,10,io-heavy,c5.xlarge,2,0.905983,0.005919,,,SG,480.703125,5.83203125,472,492,4,8,256,regional_mean,7.25848098828125
AWS,ap-southeast-1,,100,io-heavy,c5.xlarge,2,1.005217,0.006567,,,SG,480.703125,5.83203125,472,492,4,8,256,regional_mean,8.05351588671875
AWS,ap-southeast-1,,3072,memory-heavy,c5.xlarge,4,1.807067,0.023612,,,SG,480.703125,5.83203125,472,492,4,8,256,regional_mean,14.477712566406248
AWS,ap-southeast-1,,100,cpu-heavy,c5a.xlarge,2,0.871933,0.005115,,,SG,480.703125,5.83203125,472,492,4,8,256,regional_mean,6.985681964843749
AWS,ap-southeast-1,,10,cpu-heavy,m6i.xlarge,4,0.838617,0.013418,,,SG,480.703125,5.83203125,472,492,4,8,256,regional_mean,6.718763542968749
AWS,ap-southeast-1,,10,io-heavy,c6i.xlarge,2,0.805233,0.005261,,,SG,480.703125,5.83203125,472,492,4,8,256,regional_mean,6.45130032421875
AWS,ap-southeast-1,,10,memory-heavy,m6i.xlarge,4,0.905033,0.014481,,,SG,480.703125,5.83203125,472,492,4,8,256,regional_mean,7.25086985546875
Azure,Central India,2026-07-23,10,cpu-heavy,Standard_D2as_v4,2,0.2713,0.0006,62.8,,IN-WE,643.32421875,18.9296875,552,699,12,30,256,regional_mean,2.9088976757812497
Azure,Central India,2026-07-23,10,cpu-heavy,Standard_D2as_v4,2,0.2769,0.0006,62.97,,IN-WE,643.32421875,18.9296875,552,699,12,30,256,regional_mean,2.9689412695312494
Azure,Central India,2026-07-23,10,io-heavy,Standard_D2as_v4,2,0.3392,0.0007,94.98,,IN-WE,643.32421875,18.9296875,552,699,12,30,256,regional_mean,3.6369262499999997
Azure,Central India,2026-07-23,10,io-heavy,Standard_D2as_v4,2,0.3485,0.0007,97.1,,IN-WE,643.32421875,18.9296875,552,699,12,30,256,regional_mean,3.7366415039062497
Azure,Central India,2026-07-23,10,memory-heavy,Standard_D2as_v4,2,0.3661,0.0008,69.94,,IN-WE,643.32421875,18.9296875,552,699,12,30,256,regional_mean,3.92534994140625
Azure,Central India,2026-07-23,10,memory-heavy,Standard_D2as_v4,2,0.3825,0.0008,65.47,,IN-WE,643.32421875,18.9296875,552,699,12,30,256,regional_mean,4.10119189453125
Azure,Central India,2026-07-23,100,cpu-heavy,Standard_D2as_v4,2,0.3181,0.0007,64.16,,IN-WE,643.32421875,18.9296875,552,699,12,30,256,regional_mean,3.4106905664062497
Azure,Central India,2026-07-23,100,cpu-heavy,Standard_D2as_v4,2,0.3172,0.0007,59.28,,IN-WE,643.32421875,18.9296875,552,699,12,30,256,regional_mean,3.4010407031249996
Azure,Central India,2026-07-23,100,io-heavy,Standard_D2as_v4,2,0.4558,0.0009,95.37,,IN-WE,643.32421875,18.9296875,552,699,12,30,256,regional_mean,4.8871196484374995
Azure,Central India,2026-07-23,100,io-heavy,Standard_D2as_v4,2,0.4625,0.001,96.68,,IN-WE,643.32421875,18.9296875,552,699,12,30,256,regional_mean,4.95895751953125
Azure,Central India,2026-07-23,100,memory-heavy,Standard_D2as_v4,2,0.4763,0.001,50.62,,IN-WE,643.32421875,18.9296875,552,699,12,30,256,regional_mean,5.10692208984375
Azure,Central India,2026-07-23,100,memory-heavy,Standard_D2as_v4,2,0.4682,0.001,50.16,,IN-WE,643.32421875,18.9296875,552,699,12,30,256,regional_mean,5.0200733203125
Azure,Central India,2026-07-23,500,cpu-heavy,Standard_D2as_v4,2,0.5348,0.0011,35.78,,IN-WE,643.32421875,18.9296875,552,699,12,30,256,regional_mean,5.734163203125
Azure,Central India,2026-07-23,500,cpu-heavy,Standard_D2as_v4,2,0.5588,0.0012,46.54,,IN-WE,643.32421875,18.9296875,552,699,12,30,256,regional_mean,5.991492890625
Azure,Central India,2026-07-23,500,io-heavy,Standard_D2as_v4,2,0.9392,0.0019,97.44,,IN-WE,643.32421875,18.9296875,552,699,12,30,256,regional_mean,10.070168437500001
Azure,Central India,2026-07-23,500,io-heavy,Standard_D2as_v4,2,0.9407,0.002,98.09,,IN-WE,643.32421875,18.9296875,552,699,12,30,256,regional_mean,10.08625154296875
Azure,Central India,2026-07-23,500,memory-heavy,Standard_D2as_v4,2,0.8111,0.0017,31.42,,IN-WE,643.32421875,18.9296875,552,699,12,30,256,regional_mean,8.69667123046875
Azure,Central India,2026-07-23,500,memory-heavy,Standard_D2as_v4,2,0.8365,0.0017,24.45,,IN-WE,643.32421875,18.9296875,552,699,12,30,256,regional_mean,8.96901181640625
Azure,Central India,2026-07-23,1024,cpu-heavy,Standard_D2as_v4,2,0.8704,0.0018,21.9,,IN-WE,643.32421875,18.9296875,552,699,12,30,256,regional_mean,9.33249
Azure,Central India,2026-07-23,1024,cpu-heavy,Standard_D2as_v4,2,0.8355,0.0017,21.95,,IN-WE,643.32421875,18.9296875,552,699,12,30,256,regional_mean,8.95828974609375
Azure,Central India,2026-07-23,1024,io-heavy,Standard_D2as_v4,2,1.5251,0.0032,95.06,,IN-WE,643.32421875,18.9296875,552,699,12,30,256,regional_mean,16.35222943359375
Azure,Central India,2026-07-23,1024,io-heavy,Standard_D2as_v4,2,1.589,0.0033,98.18,,IN-WE,643.32421875,18.9296875,552,699,12,30,256,regional_mean,17.0373697265625
Azure,Central India,2026-07-23,1024,memory-heavy,Standard_D2as_v4,2,1.3013,0.0027,24.45,,IN-WE,643.32421875,18.9296875,552,699,12,30,256,regional_mean,13.952630097656249
Azure,Central India,2026-07-23,1024,memory-heavy,Standard_D2as_v4,2,1.277,0.0026,23.41,,IN-WE,643.32421875,18.9296875,552,699,12,30,256,regional_mean,13.6920837890625
Azure,Central India,2026-07-23,2048,cpu-heavy,Standard_D2as_v4,2,1.6974,0.0035,13.48,,IN-WE,643.32421875,18.9296875,552,699,12,30,256,regional_mean,18.199642148437498
Azure,Central India,2026-07-23,2048,cpu-heavy,Standard_D2as_v4,2,1.436,0.003,14.22,,IN-WE,643.32421875,18.9296875,552,699,12,30,256,regional_mean,15.396892968749999
Azure,Central India,2026-07-23,2048,io-heavy,Standard_D2as_v4,2,2.7594,0.0057,96.98,,IN-WE,643.32421875,18.9296875,552,699,12,30,256,regional_mean,29.5864808203125
Azure,Central India,2026-07-23,2048,io-heavy,Standard_D2as_v4,2,2.8137,0.0058,96.95,,IN-WE,643.32421875,18.9296875,552,699,12,30,256,regional_mean,30.16868923828125
Azure,Central India,2026-07-23,2048,memory-heavy,Standard_D2as_v4,2,2.3082,0.0048,12.83,,IN-WE,643.32421875,18.9296875,552,699,12,30,256,regional_mean,24.7486826953125
Azure,Central India,2026-07-23,2048,memory-heavy,Standard_D2as_v4,2,2.2532,0.0047,12.14,,IN-WE,643.32421875,18.9296875,552,699,12,30,256,regional_mean,24.158968828125
Azure,Central India,2026-07-23,3072,cpu-heavy,Standard_D2as_v4,2,1.8319,0.0038,12.56,,IN-WE,643.32421875,18.9296875,552,699,12,30,256,regional_mean,19.64176060546875
Azure,Central India,2026-07-23,3072,cpu-heavy,Standard_D2as_v4,2,1.894,0.0039,10.42,,IN-WE,643.32421875,18.9296875,552,699,12,30,256,regional_mean,20.307601171875
Azure,Central India,2026-07-23,3072,io-heavy,Standard_D2as_v4,2,4.0281,0.0084,97.56,,IN-WE,643.32421875,18.9296875,552,699,12,30,256,regional_mean,43.18957142578125
Azure,Central India,2026-07-23,3072,io-heavy,Standard_D2as_v4,2,3.98,0.0083,96.92,,IN-WE,643.32421875,18.9296875,552,699,12,30,256,regional_mean,42.673839843749995
Azure,Central India,2026-07-23,3072,memory-heavy,Standard_D2as_v4,2,3.272,0.0068,7.45,,IN-WE,643.32421875,18.9296875,552,699,12,30,256,regional_mean,35.0826140625
Azure,Central India,2026-07-23,3072,memory-heavy,Standard_D2as_v4,2,3.0465,0.0063,10.15,,IN-WE,643.32421875,18.9296875,552,699,12,30,256,regional_mean,32.66478720703125
Azure,Central India,2026-07-23,5120,cpu-heavy,Standard_D2as_v4,2,3.2612,0.0068,6.06,,IN-WE,643.32421875,18.9296875,552,699,12,30,256,regional_mean,34.966815703125
Azure,Central India,2026-07-23,5120,cpu-heavy,Standard_D2as_v4,2,3.0963,0.0064,7.23,,IN-WE,643.32421875,18.9296875,552,699,12,30,256,regional_mean,33.19874630859375
Azure,Central India,2026-07-23,5120,io-heavy,Standard_D2as_v4,2,6.8575,0.0142,97.26,,IN-WE,643.32421875,18.9296875,552,699,12,30,256,regional_mean,73.52659716796875
Azure,Central India,2026-07-23,5120,io-heavy,Standard_D2as_v4,2,6.0998,0.0126,96.55,,IN-WE,643.32421875,18.9296875,552,699,12,30,256,regional_mean,65.40248449218751
Azure,Central India,2026-07-23,5120,memory-heavy,Standard_D2as_v4,2,5.0835,0.0105,6.19,,IN-WE,643.32421875,18.9296875,552,699,12,30,256,regional_mean,54.505644433593744
Azure,Central India,2026-07-23,5120,memory-heavy,Standard_D2as_v4,2,4.8219,0.01,6.77,,IN-WE,643.32421875,18.9296875,552,699,12,30,256,regional_mean,51.70075083984376
Azure,Central India,2026-07-23,10,cpu-heavy,Standard_D2as_v4,4,0.2839,0.0012,63.68,,IN-WE,643.32421875,18.9296875,552,699,12,30,256,regional_mean,3.0439957617187496
Azure,Central India,2026-07-23,10,cpu-heavy,Standard_D2as_v4,4,0.2827,0.0012,62.33,,IN-WE,643.32421875,18.9296875,552,699,12,30,256,regional_mean,3.03112927734375
Azure,Central India,2026-07-23,10,io-heavy,Standard_D2as_v4,4,0.3389,0.0014,95.24,,IN-WE,643.32421875,18.9296875,552,699,12,30,256,regional_mean,3.63370962890625
Azure,Central India,2026-07-23,10,io-heavy,Standard_D2as_v4,4,0.3401,0.0014,96.1,,IN-WE,643.32421875,18.9296875,552,699,12,30,256,regional_mean,3.64657611328125
Azure,Central India,2026-07-23,10,memory-heavy,Standard_D2as_v4,4,0.369,0.0015,63.98,,IN-WE,643.32421875,18.9296875,552,699,12,30,256,regional_mean,3.9564439453125
Azure,Central India,2026-07-23,10,memory-heavy,Standard_D2as_v4,4,0.3699,0.0015,67.08,,IN-WE,643.32421875,18.9296875,552,699,12,30,256,regional_mean,3.96609380859375
Azure,Central India,2026-07-23,100,cpu-heavy,Standard_D2as_v4,4,0.3085,0.0013,52.02,,IN-WE,643.32421875,18.9296875,552,699,12,30,256,regional_mean,3.3077586914062502
Azure,Central India,2026-07-23,100,cpu-heavy,Standard_D2as_v4,4,0.3086,0.0013,56.13,,IN-WE,643.32421875,18.9296875,552,699,12,30,256,regional_mean,3.3088308984375
Azure,Central India,2026-07-23,100,io-heavy,Standard_D2as_v4,4,0.459,0.0019,96.17,,IN-WE,643.32421875,18.9296875,552,699,12,30,256,regional_mean,4.9214302734375
Azure,Central India,2026-07-23,100,io-heavy,Standard_D2as_v4,4,0.4531,0.0019,97.07,,IN-WE,643.32421875,18.9296875,552,699,12,30,256,regional_mean,4.85817005859375
Azure,Central India,2026-07-23,100,memory-heavy,Standard_D2as_v4,4,0.4096,0.0017,50.83,,IN-WE,643.32421875,18.9296875,552,699,12,30,256,regional_mean,4.39176
Azure,Central India,2026-07-23,100,memory-heavy,Standard_D2as_v4,4,0.4017,0.0017,52.3,,IN-WE,643.32421875,18.9296875,552,699,12,30,256,regional_mean,4.307055644531251
Azure,Central India,2026-07-23,500,cpu-heavy,Standard_D2as_v4,4,0.3933,0.0016,74.34,,IN-WE,643.32421875,18.9296875,552,699,12,30,256,regional_mean,4.21699025390625
Azure,Central India,2026-07-23,500,cpu-heavy,Standard_D2as_v4,4,0.3834,0.0016,60.98,,IN-WE,643.32421875,18.9296875,552,699,12,30,256,regional_mean,4.1108417578125005
Azure,Central India,2026-07-23,500,io-heavy,Standard_D2as_v4,4,0.9391,0.0039,98.25,,IN-WE,643.32421875,18.9296875,552,699,12,30,256,regional_mean,10.06909623046875
Azure,Central India,2026-07-23,500,io-heavy,Standard_D2as_v4,4,0.9473,0.0039,97.73,,IN-WE,643.32421875,18.9296875,552,699,12,30,256,regional_mean,10.15701720703125
Azure,Central India,2026-07-23,500,memory-heavy,Standard_D2as_v4,4,0.5364,0.0022,48.76,,IN-WE,643.32421875,18.9296875,552,699,12,30,256,regional_mean,5.751318515625
Azure,Central India,2026-07-23,500,memory-heavy,Standard_D2as_v4,4,0.5288,0.0022,49.03,,IN-WE,643.32421875,18.9296875,552,699,12,30,256,regional_mean,5.669830781250001
Azure,Central India,2026-07-23,1024,cpu-heavy,Standard_D2as_v4,4,0.5529,0.0023,41.77,,IN-WE,643.32421875,18.9296875,552,699,12,30,256,regional_mean,5.928232675781249
Azure,Central India,2026-07-23,1024,cpu-heavy,Standard_D2as_v4,4,0.5508,0.0023,42.47,,IN-WE,643.32421875,18.9296875,552,699,12,30,256,regional_mean,5.905716328124999
Azure,Central India,2026-07-23,1024,io-heavy,Standard_D2as_v4,4,1.5325,0.0064,98.15,,IN-WE,643.32421875,18.9296875,552,699,12,30,256,regional_mean,16.431572753906252
Azure,Central India,2026-07-23,1024,io-heavy,Standard_D2as_v4,4,1.59,0.0066,97.42,,IN-WE,643.32421875,18.9296875,552,699,12,30,256,regional_mean,17.048091796875003
Azure,Central India,2026-07-23,1024,memory-heavy,Standard_D2as_v4,4,0.82,0.0034,33.16,,IN-WE,643.32421875,18.9296875,552,699,12,30,256,regional_mean,8.792097656249998
Azure,Central India,2026-07-23,1024,memory-heavy,Standard_D2as_v4,4,0.7677,0.0032,40.58,,IN-WE,643.32421875,18.9296875,552,699,12,30,256,regional_mean,8.23133337890625
Azure,Central India,2026-07-23,2048,cpu-heavy,Standard_D2as_v4,4,0.691,0.0029,29.08,,IN-WE,643.32421875,18.9296875,552,699,12,30,256,regional_mean,7.4089505859375
Azure,Central India,2026-07-23,2048,cpu-heavy,Standard_D2as_v4,4,0.7172,0.003,39.36,,IN-WE,643.32421875,18.9296875,552,699,12,30,256,regional_mean,7.689868828125
Azure,Central India,2026-07-23,2048,io-heavy,Standard_D2as_v4,4,2.9252,0.0121,96.36,,IN-WE,643.32421875,18.9296875,552,699,12,30,256,regional_mean,31.364200078125
Azure,Central India,2026-07-23,2048,io-heavy,Standard_D2as_v4,4,2.7182,0.0113,95.42,,IN-WE,643.32421875,18.9296875,552,699,12,30,256,regional_mean,29.1447315234375
Azure,Central India,2026-07-23,2048,memory-heavy,Standard_D2as_v4,4,1.0671,0.0044,24.84,,IN-WE,643.32421875,18.9296875,552,699,12,30,256,regional_mean,11.44152123046875
Azure,Central India,2026-07-23,2048,memory-heavy,Standard_D2as_v4,4,1.05,0.0044,25.79,,IN-WE,643.32421875,18.9296875,552,699,12,30,256,regional_mean,11.258173828125
Azure,Central India,2026-07-23,3072,cpu-heavy,Standard_D2as_v4,4,0.844,0.0035,24.16,,IN-WE,643.32421875,18.9296875,552,699,12,30,256,regional_mean,9.04942734375
Azure,Central India,2026-07-23,3072,cpu-heavy,Standard_D2as_v4,4,0.9002,0.0037,26.56,,IN-WE,643.32421875,18.9296875,552,699,12,30,256,regional_mean,9.6520076953125
Azure,Central India,2026-07-23,3072,io-heavy,Standard_D2as_v4,4,3.8753,0.0161,97.06,,IN-WE,643.32421875,18.9296875,552,699,12,30,256,regional_mean,41.55123908203125
Azure,Central India,2026-07-23,3072,io-heavy,Standard_D2as_v4,4,3.8224,0.0159,95.9,,IN-WE,643.32421875,18.9296875,552,699,12,30,256,regional_mean,40.984041562499996
Azure,Central India,2026-07-23,3072,memory-heavy,Standard_D2as_v4,4,1.3007,0.0054,21.32,,IN-WE,643.32421875,18.9296875,552,699,12,30,256,regional_mean,13.94619685546875
Azure,Central India,2026-07-23,3072,memory-heavy,Standard_D2as_v4,4,1.2928,0.0054,23.58,,IN-WE,643.32421875,18.9296875,552,699,12,30,256,regional_mean,13.861492499999999
Azure,Central India,2026-07-23,5120,cpu-heavy,Standard_D2as_v4,4,1.2262,0.0051,19.34,,IN-WE,643.32421875,18.9296875,552,699,12,30,256,regional_mean,13.147402617187499
Azure,Central India,2026-07-23,5120,cpu-heavy,Standard_D2as_v4,4,1.2663,0.0053,15.97,,IN-WE,643.32421875,18.9296875,552,699,12,30,256,regional_mean,13.57735763671875
Azure,Central India,2026-07-23,5120,io-heavy,Standard_D2as_v4,4,6.3119,0.0262,94.92,,IN-WE,643.32421875,18.9296875,552,699,12,30,256,regional_mean,67.67663560546875
Azure,Central India,2026-07-23,5120,io-heavy,Standard_D2as_v4,4,6.2357,0.0259,97.3,,IN-WE,643.32421875,18.9296875,552,699,12,30,256,regional_mean,66.85961384765625
Azure,Central India,2026-07-23,5120,memory-heavy,Standard_D2as_v4,4,1.9953,0.0083,12.38,,IN-WE,643.32421875,18.9296875,552,699,12,30,256,regional_mean,21.39374689453125
Azure,Central India,2026-07-23,5120,memory-heavy,Standard_D2as_v4,4,1.9945,0.0083,11.32,,IN-WE,643.32421875,18.9296875,552,699,12,30,256,regional_mean,21.385169238281247
Azure,Central India,2026-07-24,3072,io-heavy,Standard_D2ds_v4,2,5.1352,0.0209,97.06,,IN-WE,643.32421875,18.9296875,552,699,12,30,256,regional_mean,55.059975468750004
Azure,Central India,2026-07-24,3072,io-heavy,Standard_D2ds_v4,2,5.1362,0.0209,97.17,,IN-WE,643.32421875,18.9296875,552,699,12,30,256,regional_mean,55.07069753906249
Azure,Central India,2026-07-24,5120,cpu-heavy,Standard_D2ds_v4,2,4.5392,0.0185,7.35,,IN-WE,643.32421875,18.9296875,552,699,12,30,256,regional_mean,48.669621562500005
Azure,Central India,2026-07-24,5120,cpu-heavy,Standard_D2ds_v4,2,4.3013,0.0175,4.76,,IN-WE,643.32421875,18.9296875,552,699,12,30,256,regional_mean,46.11884103515625
Azure,Central India,2026-07-24,5120,memory-heavy,Standard_D2ds_v4,2,6.9202,0.0281,4.25,,IN-WE,643.32421875,18.9296875,552,699,12,30,256,regional_mean,74.1988709765625
Azure,Central India,2026-07-24,3072,cpu-heavy,Standard_D2ds_v4,4,1.1222,0.0091,21.89,,IN-WE,643.32421875,18.9296875,552,699,12,30,256,regional_mean,12.032307304687501
Azure,Central India,2026-07-24,3072,cpu-heavy,Standard_D2ds_v4,4,1.1616,0.0094,16.7,,IN-WE,643.32421875,18.9296875,552,699,12,30,256,regional_mean,12.454756875
Azure,Central India,2026-07-24,3072,io-heavy,Standard_D2ds_v4,4,5.1825,0.0422,95.59,,IN-WE,643.32421875,18.9296875,552,699,12,30,256,regional_mean,55.56712939453126
Azure,Central India,2026-07-24,3072,io-heavy,Standard_D2ds_v4,4,5.2419,0.0426,96.95,,IN-WE,643.32421875,18.9296875,552,699,12,30,256,regional_mean,56.20402037109375
Azure,Central India,2026-07-24,3072,memory-heavy,Standard_D2ds_v4,4,1.6896,0.0137,12.65,,IN-WE,643.32421875,18.9296875,552,699,12,30,256,regional_mean,18.11601
Azure,Central India,2026-07-24,3072,memory-heavy,Standard_D2ds_v4,4,1.7555,0.0143,14.19,,IN-WE,643.32421875,18.9296875,552,699,12,30,256,regional_mean,18.82259443359375
Azure,Central India,2026-07-20,10,cpu-heavy,Standard_D2s_v3,2,1.091,0.0038,8.58,,IN-WE,643.32421875,18.9296875,552,699,12,30,256,regional_mean,11.697778710937499
Azure,Central India,2026-07-20,10,cpu-heavy,Standard_D2s_v3,2,0.3708,0.0013,70.64,,IN-WE,643.32421875,18.9296875,552,699,12,30,256,regional_mean,3.9757436718750006
Azure,Central India,2026-07-20,10,cpu-heavy,Standard_D2s_v3,2,0.3489,0.0012,50.72,,IN-WE,643.32421875,18.9296875,552,699,12,30,256,regional_mean,3.7409303320312497
Azure,Central India,2026-07-20,10,cpu-heavy,Standard_D2s_v3,2,1.1639,0.0041,15.87,,IN-WE,643.32421875,18.9296875,552,699,12,30,256,regional_mean,12.47941763671875
Azure,Central India,2026-07-20,10,cpu-heavy,Standard_D2s_v3,2,0.3331,0.0012,66.77,,IN-WE,643.32421875,18.9296875,552,699,12,30,256,regional_mean,3.57152162109375
Azure,Central India,2026-07-20,10,cpu-heavy,Standard_D2s_v3,2,0.3325,0.0012,60.99,,IN-WE,643.32421875,18.9296875,552,699,12,30,256,regional_mean,3.56508837890625
Azure,Central India,2026-07-20,10,io-heavy,Standard_D2s_v3,2,1.0927,0.0038,8.68,,IN-WE,643.32421875,18.9296875,552,699,12,30,256,regional_mean,11.71600623046875
Azure,Central India,2026-07-20,10,io-heavy,Standard_D2s_v3,2,0.4558,0.0016,56.28,,IN-WE,643.32421875,18.9296875,552,699,12,30,256,regional_mean,4.8871196484374995
Azure,Central India,2026-07-20,10,io-heavy,Standard_D2s_v3,2,0.4117,0.0014,89.06,,IN-WE,643.32421875,18.9296875,552,699,12,30,256,regional_mean,4.4142763476562505
Azure,Central India,2026-07-20,10,io-heavy,Standard_D2s_v3,2,1.1662,0.0041,15.99,,IN-WE,643.32421875,18.9296875,552,699,12,30,256,regional_mean,12.504078398437498
Azure,Central India,2026-07-20,10,io-heavy,Standard_D2s_v3,2,0.492,0.0017,72.95,,IN-WE,643.32421875,18.9296875,552,699,12,30,256,regional_mean,5.27525859375
Azure,Central India,2026-07-20,10,io-heavy,Standard_D2s_v3,2,0.4117,0.0014,81.82,,IN-WE,643.32421875,18.9296875,552,699,12,30,256,regional_mean,4.4142763476562505
Azure,Central India,2026-07-20,10,memory-heavy,Standard_D2s_v3,2,1.0933,0.0038,8.44,,IN-WE,643.32421875,18.9296875,552,699,12,30,256,regional_mean,11.72243947265625
Azure,Central India,2026-07-20,10,memory-heavy,Standard_D2s_v3,2,0.468,0.0016,57.98,,IN-WE,643.32421875,18.9296875,552,699,12,30,256,regional_mean,5.017928906250001
Azure,Central India,2026-07-20,10,memory-heavy,Standard_D2s_v3,2,0.4676,0.0016,63.43,,IN-WE,643.32421875,18.9296875,552,699,12,30,256,regional_mean,5.013640078125
Azure,Central India,2026-07-20,10,memory-heavy,Standard_D2s_v3,2,1.1654,0.0041,15.91,,IN-WE,643.32421875,18.9296875,552,699,12,30,256,regional_mean,12.4955007421875
Azure,Central India,2026-07-20,10,memory-heavy,Standard_D2s_v3,2,0.5286,0.0019,68.89,,IN-WE,643.32421875,18.9296875,552,699,12,30,256,regional_mean,5.6676863671875
Azure,Central India,2026-07-20,10,memory-heavy,Standard_D2s_v3,2,0.4588,0.0016,65.3,,IN-WE,643.32421875,18.9296875,552,699,12,30,256,regional_mean,4.919285859375
Azure,Central India,2026-07-20,100,cpu-heavy,Standard_D2s_v3,2,1.0937,0.0038,8.41,,IN-WE,643.32421875,18.9296875,552,699,12,30,256,regional_mean,11.72672830078125
Azure,Central India,2026-07-20,100,cpu-heavy,Standard_D2s_v3,2,0.4799,0.0017,88.8,,IN-WE,643.32421875,18.9296875,552,699,12,30,256,regional_mean,5.1455215429687495
Azure,Central India,2026-07-20,100,cpu-heavy,Standard_D2s_v3,2,0.4088,0.0014,49.38,,IN-WE,643.32421875,18.9296875,552,699,12,30,256,regional_mean,4.38318234375
Azure,Central India,2026-07-20,100,cpu-heavy,Standard_D2s_v3,2,1.1651,0.0041,15.95,,IN-WE,643.32421875,18.9296875,552,699,12,30,256,regional_mean,12.49228412109375
Azure,Central India,2026-07-20,100,cpu-heavy,Standard_D2s_v3,2,0.4348,0.0015,54.5,,IN-WE,643.32421875,18.9296875,552,699,12,30,256,regional_mean,4.661956171875
Azure,Central India,2026-07-20,100,cpu-heavy,Standard_D2s_v3,2,0.4151,0.0015,54.24,,IN-WE,643.32421875,18.9296875,552,699,12,30,256,regional_mean,4.450731386718751
Azure,Central India,2026-07-20,100,io-heavy,Standard_D2s_v3,2,1.1655,0.0041,15.62,,IN-WE,643.32421875,18.9296875,552,699,12,30,256,regional_mean,12.49657294921875
Azure,Central India,2026-07-20,100,io-heavy,Standard_D2s_v3,2,0.6585,0.0023,59.85,,IN-WE,643.32421875,18.9296875,552,699,12,30,256,regional_mean,7.06048330078125
Azure,Central India,2026-07-20,100,io-heavy,Standard_D2s_v3,2,0.5902,0.0021,95.81,,IN-WE,643.32421875,18.9296875,552,699,12,30,256,regional_mean,6.328165898437499
Azure,Central India,2026-07-20,100,io-heavy,Standard_D2s_v3,2,1.161,0.0041,16.16,,IN-WE,643.32421875,18.9296875,552,699,12,30,256,regional_mean,12.4483236328125
Azure,Central India,2026-07-20,100,io-heavy,Standard_D2s_v3,2,0.6741,0.0024,44.73,,IN-WE,643.32421875,18.9296875,552,699,12,30,256,regional_mean,7.22774759765625
Azure,Central India,2026-07-20,100,io-heavy,Standard_D2s_v3,2,0.5955,0.0021,97.33,,IN-WE,643.32421875,18.9296875,552,699,12,30,256,regional_mean,6.38499287109375
Azure,Central India,2026-07-20,100,memory-heavy,Standard_D2s_v3,2,1.1622,0.0041,15.91,,IN-WE,643.32421875,18.9296875,552,699,12,30,256,regional_mean,12.461190117187499
Azure,Central India,2026-07-20,100,memory-heavy,Standard_D2s_v3,2,0.6084,0.0021,60.18,,IN-WE,643.32421875,18.9296875,552,699,12,30,256,regional_mean,6.523307578125001
Azure,Central India,2026-07-20,100,memory-heavy,Standard_D2s_v3,2,0.5852,0.002,51.84,,IN-WE,643.32421875,18.9296875,552,699,12,30,256,regional_mean,6.274555546875001
Azure,Central India,2026-07-20,100,memory-heavy,Standard_D2s_v3,2,1.166,0.0041,16.21,,IN-WE,643.32421875,18.9296875,552,699,12,30,256,regional_mean,12.501933984375
Azure,Central India,2026-07-20,100,memory-heavy,Standard_D2s_v3,2,0.598,0.0021,48.49,,IN-WE,643.32421875,18.9296875,552,699,12,30,256,regional_mean,6.411798046875
Azure,Central India,2026-07-20,100,memory-heavy,Standard_D2s_v3,2,0.5837,0.002,47.84,,IN-WE,643.32421875,18.9296875,552,699,12,30,256,regional_mean,6.2584724414062505
Azure,Central India,2026-07-20,500,cpu-heavy,Standard_D2s_v3,2,1.0893,0.0038,9.82,,IN-WE,643.32421875,18.9296875,552,699,12,30,256,regional_mean,11.679551191406249
Azure,Central India,2026-07-20,500,cpu-heavy,Standard_D2s_v3,2,0.8422,0.0029,44.81,,IN-WE,643.32421875,18.9296875,552,699,12,30,256,regional_mean,9.0301276171875
Azure,Central India,2026-07-20,500,cpu-heavy,Standard_D2s_v3,2,0.7772,0.0027,32.82,,IN-WE,643.32421875,18.9296875,552,699,12,30,256,regional_mean,8.333193046875001
Azure,Central India,2026-07-20,500,cpu-heavy,Standard_D2s_v3,2,1.1611,0.0041,16.29,,IN-WE,643.32421875,18.9296875,552,699,12,30,256,regional_mean,12.44939583984375
Azure,Central India,2026-07-20,500,cpu-heavy,Standard_D2s_v3,2,0.8561,0.003,38.7,,IN-WE,643.32421875,18.9296875,552,699,12,30,256,regional_mean,9.179164394531249
Azure,Central India,2026-07-20,500,cpu-heavy,Standard_D2s_v3,2,0.8023,0.0028,30.17,,IN-WE,643.32421875,18.9296875,552,699,12,30,256,regional_mean,8.60231701171875
Azure,Central India,2026-07-20,500,io-heavy,Standard_D2s_v3,2,1.1266,0.0039,60.01,,IN-WE,643.32421875,18.9296875,552,699,12,30,256,regional_mean,12.0794844140625
Azure,Central India,2026-07-20,500,io-heavy,Standard_D2s_v3,2,1.2983,0.0045,18.96,,IN-WE,643.32421875,18.9296875,552,699,12,30,256,regional_mean,13.92046388671875
Azure,Central India,2026-07-20,500,io-heavy,Standard_D2s_v3,2,1.3322,0.0047,96.56,,IN-WE,643.32421875,18.9296875,552,699,12,30,256,regional_mean,14.2839420703125
Azure,Central India,2026-07-20,500,io-heavy,Standard_D2s_v3,2,1.2475,0.0044,63.73,,IN-WE,643.32421875,18.9296875,552,699,12,30,256,regional_mean,13.37578271484375
Azure,Central India,2026-07-20,500,io-heavy,Standard_D2s_v3,2,1.327,0.0046,20.3,,IN-WE,643.32421875,18.9296875,552,699,12,30,256,regional_mean,14.2281873046875
Azure,Central India,2026-07-20,500,io-heavy,Standard_D2s_v3,2,1.3552,0.0047,97.31,,IN-WE,643.32421875,18.9296875,552,699,12,30,256,regional_mean,14.530549687499999
Azure,Central India,2026-07-20,500,memory-heavy,Standard_D2s_v3,2,1.1622,0.0041,16.17,,IN-WE,643.32421875,18.9296875,552,699,12,30,256,regional_mean,12.461190117187499
Azure,Central India,2026-07-20,500,memory-heavy,Standard_D2s_v3,2,1.1344,0.004,33.83,,IN-WE,643.32421875,18.9296875,552,699,12,30,256,regional_mean,12.1631165625
Azure,Central India,2026-07-20,500,memory-heavy,Standard_D2s_v3,2,1.1442,0.004,22.96,,IN-WE,643.32421875,18.9296875,552,699,12,30,256,regional_mean,12.2681928515625
Azure,Central India,2026-07-20,500,memory-heavy,Standard_D2s_v3,2,1.1083,0.0039,30.77,,IN-WE,643.32421875,18.9296875,552,699,12,30,256,regional_mean,11.88327052734375
Azure,Central India,2026-07-20,500,memory-heavy,Standard_D2s_v3,2,1.154,0.004,23.97,,IN-WE,643.32421875,18.9296875,552,699,12,30,256,regional_mean,12.373269140624998
Azure,Central India,2026-07-20,500,memory-heavy,Standard_D2s_v3,2,1.1854,0.0041,32.86,,IN-WE,643.32421875,18.9296875,552,699,12,30,256,regional_mean,12.709942148437499
Azure,Central India,2026-07-20,1024,cpu-heavy,Standard_D2s_v3,2,1.0952,0.0038,38.43,,IN-WE,643.32421875,18.9296875,552,699,12,30,256,regional_mean,11.74281140625
Azure,Central India,2026-07-20,1024,cpu-heavy,Standard_D2s_v3,2,1.2528,0.0044,26.55,,IN-WE,643.32421875,18.9296875,552,699,12,30,256,regional_mean,13.4326096875
Azure,Central India,2026-07-20,1024,cpu-heavy,Standard_D2s_v3,2,1.2186,0.0043,32.19,,IN-WE,643.32421875,18.9296875,552,699,12,30,256,regional_mean,13.065914882812498
Azure,Central India,2026-07-20,1024,cpu-heavy,Standard_D2s_v3,2,1.2087,0.0042,45.42,,IN-WE,643.32421875,18.9296875,552,699,12,30,256,regional_mean,12.959766386718751
Azure,Central India,2026-07-20,1024,cpu-heavy,Standard_D2s_v3,2,1.2359,0.0043,40.32,,IN-WE,643.32421875,18.9296875,552,699,12,30,256,regional_mean,13.25140669921875
Azure,Central India,2026-07-20,1024,cpu-heavy,Standard_D2s_v3,2,1.2113,0.0042,29.21,,IN-WE,643.32421875,18.9296875,552,699,12,30,256,regional_mean,12.98764376953125
Azure,Central India,2026-07-20,1024,io-heavy,Standard_D2s_v3,2,2.2681,0.0079,18.6,,IN-WE,643.32421875,18.9296875,552,699,12,30,256,regional_mean,24.318727675781247
Azure,Central India,2026-07-20,1024,io-heavy,Standard_D2s_v3,2,2.2908,0.008,98.82,,IN-WE,643.32421875,18.9296875,552,699,12,30,256,regional_mean,24.562118671874998
Azure,Central India,2026-07-20,1024,io-heavy,Standard_D2s_v3,2,2.365,0.0083,14.93,,IN-WE,643.32421875,18.9296875,552,699,12,30,256,regional_mean,25.357696289062503
Azure,Central India,2026-07-20,1024,io-heavy,Standard_D2s_v3,2,2.2097,0.0077,91.95,,IN-WE,643.32421875,18.9296875,552,699,12,30,256,regional_mean,23.692558769531253
Azure,Central India,2026-07-20,1024,memory-heavy,Standard_D2s_v3,2,1.1856,0.0041,48.32,,IN-WE,643.32421875,18.9296875,552,699,12,30,256,regional_mean,12.7120865625
Azure,Central India,2026-07-20,1024,memory-heavy,Standard_D2s_v3,2,1.9334,0.0068,24.5,,IN-WE,643.32421875,18.9296875,552,699,12,30,256,regional_mean,20.7300507421875
Azure,Central India,2026-07-20,1024,memory-heavy,Standard_D2s_v3,2,1.885,0.0066,17.27,,IN-WE,643.32421875,18.9296875,552,699,12,30,256,regional_mean,20.2111025390625
Azure,Central India,2026-07-20,1024,memory-heavy,Standard_D2s_v3,2,1.2562,0.0044,65.82,,IN-WE,643.32421875,18.9296875,552,699,12,30,256,regional_mean,13.4690647265625
Azure,Central India,2026-07-20,1024,memory-heavy,Standard_D2s_v3,2,1.8849,0.0066,17.96,,IN-WE,643.32421875,18.9296875,552,699,12,30,256,regional_mean,20.21003033203125
Azure,Central India,2026-07-20,1024,memory-heavy,Standard_D2s_v3,2,1.8687,0.0065,16.87,,IN-WE,643.32421875,18.9296875,552,699,12,30,256,regional_mean,20.03633279296875
Azure,Central India,2026-07-20,2048,cpu-heavy,Standard_D2s_v3,2,2.2578,0.0079,16.73,,IN-WE,643.32421875,18.9296875,552,699,12,30,256,regional_mean,24.208290351562503
Azure,Central India,2026-07-20,2048,cpu-heavy,Standard_D2s_v3,2,2.1356,0.0075,11.42,,IN-WE,643.32421875,18.9296875,552,699,12,30,256,regional_mean,22.898053359375
Azure,Central India,2026-07-20,2048,io-heavy,Standard_D2s_v3,2,3.7745,0.0132,97.76,,IN-WE,643.32421875,18.9296875,552,699,12,30,256,regional_mean,40.470454394531245
Azure,Central India,2026-07-20,2048,io-heavy,Standard_D2s_v3,2,4.4286,0.0155,93.75,,IN-WE,643.32421875,18.9296875,552,699,12,30,256,regional_mean,47.4837605859375
Azure,Central India,2026-07-20,2048,memory-heavy,Standard_D2s_v3,2,3.2273,0.0113,11.08,,IN-WE,643.32421875,18.9296875,552,699,12,30,256,regional_mean,34.60333751953125
Azure,Central India,2026-07-20,2048,memory-heavy,Standard_D2s_v3,2,3.3426,0.0117,8.43,,IN-WE,643.32421875,18.9296875,552,699,12,30,256,regional_mean,35.8395922265625
Azure,Central India,2026-07-20,3072,cpu-heavy,Standard_D2s_v3,2,3.0205,0.0106,10.11,,IN-WE,643.32421875,18.9296875,552,699,12,30,256,regional_mean,32.38601337890625
Azure,Central India,2026-07-20,3072,cpu-heavy,Standard_D2s_v3,2,2.9671,0.0104,7.68,,IN-WE,643.32421875,18.9296875,552,699,12,30,256,regional_mean,31.81345482421875
Azure,Central India,2026-07-20,3072,io-heavy,Standard_D2s_v3,2,5.6269,0.0197,96.82,,IN-WE,643.32421875,18.9296875,552,699,12,30,256,regional_mean,60.33201744140625
Azure,Central India,2026-07-20,3072,io-heavy,Standard_D2s_v3,2,5.8842,0.0206,97.08,,IN-WE,643.32421875,18.9296875,552,699,12,30,256,regional_mean,63.0908061328125
Azure,Central India,2026-07-20,3072,memory-heavy,Standard_D2s_v3,2,4.7941,0.0168,7.49,,IN-WE,643.32421875,18.9296875,552,699,12,30,256,regional_mean,51.40267728515626
Azure,Central India,2026-07-20,3072,memory-heavy,Standard_D2s_v3,2,4.8235,0.0169,6.64,,IN-WE,643.32421875,18.9296875,552,699,12,30,256,regional_mean,51.71790615234375
Azure,Central India,2026-07-24,5120,cpu-heavy,Standard_D2s_v3,2,4.8331,0.0169,6.28,,IN-WE,643.32421875,18.9296875,552,699,12,30,256,regional_mean,51.82083802734375
Azure,Central India,2026-07-20,5120,cpu-heavy,Standard_D2s_v3,2,1.1689,0.0041,16.08,,IN-WE,643.32421875,18.9296875,552,699,12,30,256,regional_mean,12.533027988281251
Azure,Central India,2026-07-24,5120,cpu-heavy,Standard_D2s_v3,2,4.8475,0.017,5.13,,IN-WE,643.32421875,18.9296875,552,699,12,30,256,regional_mean,51.97523583984375
Azure,Central India,2026-07-20,5120,cpu-heavy,Standard_D2s_v3,2,1.1699,0.0041,16.2,,IN-WE,643.32421875,18.9296875,552,699,12,30,256,regional_mean,12.54375005859375
Azure,Central India,2026-07-20,5120,io-heavy,Standard_D2s_v3,2,9.3642,0.0328,97.68,,IN-WE,643.32421875,18.9296875,552,699,12,30,256,regional_mean,100.40361082031251
Azure,Central India,2026-07-20,5120,io-heavy,Standard_D2s_v3,2,8.9246,0.0312,96.91,,IN-WE,643.32421875,18.9296875,552,699,12,30,256,regional_mean,95.6901887109375
Azure,Central India,2026-07-24,5120,memory-heavy,Standard_D2s_v3,2,7.3859,0.0259,5.25,,IN-WE,643.32421875,18.9296875,552,699,12,30,256,regional_mean,79.19213912109375
Azure,Central India,2026-07-20,5120,memory-heavy,Standard_D2s_v3,2,1.1613,0.0041,15.5,,IN-WE,643.32421875,18.9296875,552,699,12,30,256,regional_mean,12.45154025390625
Azure,Central India,2026-07-24,5120,memory-heavy,Standard_D2s_v3,2,7.5991,0.0266,4.39,,IN-WE,643.32421875,18.9296875,552,699,12,30,256,regional_mean,81.47808451171875
Azure,Central India,2026-07-20,5120,memory-heavy,Standard_D2s_v3,2,1.1659,0.0041,15.99,,IN-WE,643.32421875,18.9296875,552,699,12,30,256,regional_mean,12.50086177734375
Azure,Central India,2026-07-22,10,cpu-heavy,Standard_D2s_v3,4,0.3904,0.0027,47.97,,IN-WE,643.32421875,18.9296875,552,699,12,30,256,regional_mean,4.18589625
Azure,Central India,2026-07-22,10,cpu-heavy,Standard_D2s_v3,4,0.38,0.0027,64.69,,IN-WE,643.32421875,18.9296875,552,699,12,30,256,regional_mean,4.07438671875
Azure,Central India,2026-07-22,10,io-heavy,Standard_D2s_v3,4,0.4437,0.0031,96.39,,IN-WE,643.32421875,18.9296875,552,699,12,30,256,regional_mean,4.75738259765625
Azure,Central India,2026-07-22,10,io-heavy,Standard_D2s_v3,4,0.4289,0.003,94.54,,IN-WE,643.32421875,18.9296875,552,699,12,30,256,regional_mean,4.59869595703125
Azure,Central India,2026-07-22,10,memory-heavy,Standard_D2s_v3,4,0.4976,0.0035,52.14,,IN-WE,643.32421875,18.9296875,552,699,12,30,256,regional_mean,5.3353021875
Azure,Central India,2026-07-22,10,memory-heavy,Standard_D2s_v3,4,0.487,0.0034,67.48,,IN-WE,643.32421875,18.9296875,552,699,12,30,256,regional_mean,5.2216482421874995
Azure,Central India,2026-07-22,100,cpu-heavy,Standard_D2s_v3,4,0.4122,0.0029,55.45,,IN-WE,643.32421875,18.9296875,552,699,12,30,256,regional_mean,4.4196373828125
Azure,Central India,2026-07-22,100,cpu-heavy,Standard_D2s_v3,4,0.4156,0.0029,54.58,,IN-WE,643.32421875,18.9296875,552,699,12,30,256,regional_mean,4.456092421875
Azure,Central India,2026-07-22,100,io-heavy,Standard_D2s_v3,4,0.6086,0.0043,86.94,,IN-WE,643.32421875,18.9296875,552,699,12,30,256,regional_mean,6.5254519921875005
Azure,Central India,2026-07-22,100,io-heavy,Standard_D2s_v3,4,0.6253,0.0044,97.05,,IN-WE,643.32421875,18.9296875,552,699,12,30,256,regional_mean,6.70451056640625
Azure,Central India,2026-07-22,100,memory-heavy,Standard_D2s_v3,4,0.5549,0.0039,49.7,,IN-WE,643.32421875,18.9296875,552,699,12,30,256,regional_mean,5.9496768164062495
Azure,Central India,2026-07-22,100,memory-heavy,Standard_D2s_v3,4,0.548,0.0038,52.64,,IN-WE,643.32421875,18.9296875,552,699,12,30,256,regional_mean,5.87569453125
Azure,Central India,2026-07-22,500,cpu-heavy,Standard_D2s_v3,4,0.5375,0.0038,37.51,,IN-WE,643.32421875,18.9296875,552,699,12,30,256,regional_mean,5.763112792968751
Azure,Central India,2026-07-22,500,cpu-heavy,Standard_D2s_v3,4,0.5324,0.0037,47.16,,IN-WE,643.32421875,18.9296875,552,699,12,30,256,regional_mean,5.708430234375
Azure,Central India,2026-07-22,500,io-heavy,Standard_D2s_v3,4,1.3285,0.0093,97.61,,IN-WE,643.32421875,18.9296875,552,699,12,30,256,regional_mean,14.24427041015625
Azure,Central India,2026-07-22,500,io-heavy,Standard_D2s_v3,4,1.3432,0.0094,98.14,,IN-WE,643.32421875,18.9296875,552,699,12,30,256,regional_mean,14.401884843749999
Azure,Central India,2026-07-22,500,memory-heavy,Standard_D2s_v3,4,0.7477,0.0052,28.33,,IN-WE,643.32421875,18.9296875,552,699,12,30,256,regional_mean,8.01689197265625
Azure,Central India,2026-07-22,500,memory-heavy,Standard_D2s_v3,4,0.7452,0.0052,34.35,,IN-WE,643.32421875,18.9296875,552,699,12,30,256,regional_mean,7.990086796875
Azure,Central India,2026-07-22,1024,cpu-heavy,Standard_D2s_v3,4,0.7643,0.0054,24.5,,IN-WE,643.32421875,18.9296875,552,699,12,30,256,regional_mean,8.194878339843749
Azure,Central India,2026-07-22,1024,cpu-heavy,Standard_D2s_v3,4,0.831,0.0058,37.4,,IN-WE,643.32421875,18.9296875,552,699,12,30,256,regional_mean,8.9100404296875
Azure,Central India,2026-07-22,1024,io-heavy,Standard_D2s_v3,4,2.2438,0.0157,96.95,,IN-WE,643.32421875,18.9296875,552,699,12,30,256,regional_mean,24.058181367187498
Azure,Central India,2026-07-22,1024,io-heavy,Standard_D2s_v3,4,2.3376,0.0164,97.06,,IN-WE,643.32421875,18.9296875,552,699,12,30,256,regional_mean,25.0639115625
Azure,Central India,2026-07-22,1024,memory-heavy,Standard_D2s_v3,4,1.0819,0.0076,33.19,,IN-WE,643.32421875,18.9296875,552,699,12,30,256,regional_mean,11.600207871093751
Azure,Central India,2026-07-22,1024,memory-heavy,Standard_D2s_v3,4,1.0744,0.0075,25.98,,IN-WE,643.32421875,18.9296875,552,699,12,30,256,regional_mean,11.519792343750002
Azure,Central India,2026-07-22,2048,cpu-heavy,Standard_D2s_v3,4,1.0406,0.0073,20.18,,IN-WE,643.32421875,18.9296875,552,699,12,30,256,regional_mean,11.157386367187499
Azure,Central India,2026-07-22,2048,cpu-heavy,Standard_D2s_v3,4,1.0235,0.0072,33.39,,IN-WE,643.32421875,18.9296875,552,699,12,30,256,regional_mean,10.974038964843752
Azure,Central India,2026-07-22,2048,io-heavy,Standard_D2s_v3,4,3.903,0.0273,97.55,,IN-WE,643.32421875,18.9296875,552,699,12,30,256,regional_mean,41.8482404296875
Azure,Central India,2026-07-22,2048,io-heavy,Standard_D2s_v3,4,3.9216,0.0275,95.38,,IN-WE,643.32421875,18.9296875,552,699,12,30,256,regional_mean,42.0476709375
Azure,Central India,2026-07-22,2048,memory-heavy,Standard_D2s_v3,4,1.5582,0.0109,21.43,,IN-WE,643.32421875,18.9296875,552,699,12,30,256,regional_mean,16.7071299609375
Azure,Central India,2026-07-22,2048,memory-heavy,Standard_D2s_v3,4,1.5436,0.0108,16.33,,IN-WE,643.32421875,18.9296875,552,699,12,30,256,regional_mean,16.550587734375
Azure,Central India,2026-07-22,3072,cpu-heavy,Standard_D2s_v3,4,1.266,0.0089,15.56,,IN-WE,643.32421875,18.9296875,552,699,12,30,256,regional_mean,13.574141015625
Azure,Central India,2026-07-22,3072,cpu-heavy,Standard_D2s_v3,4,1.2947,0.0091,16.93,,IN-WE,643.32421875,18.9296875,552,699,12,30,256,regional_mean,13.88186443359375
Azure,Central India,2026-07-22,3072,io-heavy,Standard_D2s_v3,4,5.6074,0.0393,96.34,,IN-WE,643.32421875,18.9296875,552,699,12,30,256,regional_mean,60.1229370703125
Azure,Central India,2026-07-22,3072,io-heavy,Standard_D2s_v3,4,5.9057,0.0413,96.23,,IN-WE,643.32421875,18.9296875,552,699,12,30,256,regional_mean,63.32133064453125
Azure,Central India,2026-07-22,3072,memory-heavy,Standard_D2s_v3,4,1.9393,0.0136,19.74,,IN-WE,643.32421875,18.9296875,552,699,12,30,256,regional_mean,20.79331095703125
Azure,Central India,2026-07-22,3072,memory-heavy,Standard_D2s_v3,4,1.8812,0.0132,13.11,,IN-WE,643.32421875,18.9296875,552,699,12,30,256,regional_mean,20.170358671874997
Azure,Central India,2026-07-22,5120,cpu-heavy,Standard_D2s_v3,4,1.9179,0.0134,12.59,,IN-WE,643.32421875,18.9296875,552,699,12,30,256,regional_mean,20.56385865234375
Azure,Central India,2026-07-22,5120,cpu-heavy,Standard_D2s_v3,4,1.9217,0.0135,12.77,,IN-WE,643.32421875,18.9296875,552,699,12,30,256,regional_mean,20.604602519531248
Azure,Central India,2026-07-22,5120,io-heavy,Standard_D2s_v3,4,9.0042,0.063,96.73,,IN-WE,643.32421875,18.9296875,552,699,12,30,256,regional_mean,96.5436655078125
Azure,Central India,2026-07-22,5120,io-heavy,Standard_D2s_v3,4,8.9882,0.0629,96.77,,IN-WE,643.32421875,18.9296875,552,699,12,30,256,regional_mean,96.3721123828125
Azure,Central India,2026-07-22,5120,memory-heavy,Standard_D2s_v3,4,3.0188,0.0211,13.41,,IN-WE,643.32421875,18.9296875,552,699,12,30,256,regional_mean,32.367785859375005
Azure,Central India,2026-07-22,5120,memory-heavy,Standard_D2s_v3,4,3.0896,0.0216,10.54,,IN-WE,643.32421875,18.9296875,552,699,12,30,256,regional_mean,33.1269084375
Azure,Central India,2026-07-24,5120,io-heavy,Standard_D4as_v4,2,2.6376,0.0108,95.81,,IN-WE,643.32421875,18.9296875,552,699,12,30,256,regional_mean,28.28053265625
Azure,Central India,2026-07-24,5120,io-heavy,Standard_D4as_v4,2,2.7108,0.0111,93.82,,IN-WE,643.32421875,18.9296875,552,699,12,30,256,regional_mean,29.065388203125
Azure,Central India,2026-07-24,3072,cpu-heavy,Standard_D4ds_v4,2,1.4126,0.0115,10.12,,IN-WE,643.32421875,18.9296875,552,699,12,30,256,regional_mean,15.145996523437502
Azure,Central India,2026-07-24,3072,cpu-heavy,Standard_D4ds_v4,2,1.4602,0.0119,8.7,,IN-WE,643.32421875,18.9296875,552,699,12,30,256,regional_mean,15.6563670703125
Azure,Central India,2026-07-24,3072,io-heavy,Standard_D4ds_v4,2,3.0536,0.0248,89.31,,IN-WE,643.32421875,18.9296875,552,699,12,30,256,regional_mean,32.74091390625
Azure,Central India,2026-07-24,3072,memory-heavy,Standard_D4ds_v4,2,2.3773,0.0193,7.4,,IN-WE,643.32421875,18.9296875,552,699,12,30,256,regional_mean,25.48957775390625
Azure,Central India,2026-07-24,3072,memory-heavy,Standard_D4ds_v4,2,2.3106,0.0188,7.77,,IN-WE,643.32421875,18.9296875,552,699,12,30,256,regional_mean,24.774415664062502
Azure,Central India,2026-07-24,3072,cpu-heavy,Standard_D4ds_v4,4,0.6953,0.0113,17.45,,IN-WE,643.32421875,18.9296875,552,699,12,30,256,regional_mean,7.455055488281251
Azure,Central India,2026-07-24,3072,cpu-heavy,Standard_D4ds_v4,4,0.7052,0.0115,19.62,,IN-WE,643.32421875,18.9296875,552,699,12,30,256,regional_mean,7.561203984375001
Azure,Central India,2026-07-24,3072,io-heavy,Standard_D4ds_v4,4,2.9888,0.0486,90.15,,IN-WE,643.32421875,18.9296875,552,699,12,30,256,regional_mean,32.04612375
Azure,Central India,2026-07-24,3072,io-heavy,Standard_D4ds_v4,4,2.8367,0.0461,86.4,,IN-WE,643.32421875,18.9296875,552,699,12,30,256,regional_mean,30.41529685546875
Azure,Central India,2026-07-24,3072,memory-heavy,Standard_D4ds_v4,4,1.045,0.017,17.41,,IN-WE,643.32421875,18.9296875,552,699,12,30,256,regional_mean,11.2045634765625
Azure,Central India,2026-07-24,3072,memory-heavy,Standard_D4ds_v4,4,1.047,0.017,15.97,,IN-WE,643.32421875,18.9296875,552,699,12,30,256,regional_mean,11.2260076171875
Azure,Central India,2026-07-24,5120,cpu-heavy,Standard_D4ds_v4,4,1.0062,0.0164,11.31,,IN-WE,643.32421875,18.9296875,552,699,12,30,256,regional_mean,10.7885471484375
Azure,Central India,2026-07-24,5120,cpu-heavy,Standard_D4ds_v4,4,1.0164,0.0165,15.91,,IN-WE,643.32421875,18.9296875,552,699,12,30,256,regional_mean,10.897912265625001
Azure,Central India,2026-07-24,5120,io-heavy,Standard_D4ds_v4,4,3.7042,0.0603,95.75,,IN-WE,643.32421875,18.9296875,552,699,12,30,256,regional_mean,39.7166928515625
Azure,Central India,2026-07-24,5120,io-heavy,Standard_D4ds_v4,4,3.752,0.061,96.05,,IN-WE,643.32421875,18.9296875,552,699,12,30,256,regional_mean,40.2292078125
Azure,Central India,2026-07-24,5120,memory-heavy,Standard_D4ds_v4,4,1.5971,0.026,9.65,,IN-WE,643.32421875,18.9296875,552,699,12,30,256,regional_mean,17.12421849609375
Azure,Central India,2026-07-24,5120,memory-heavy,Standard_D4ds_v4,4,1.5155,0.0247,13.48,,IN-WE,643.32421875,18.9296875,552,699,12,30,256,regional_mean,16.24929755859375
Azure,Central India,2026-07-24,5120,io-heavy,Standard_D4s_v3,2,4.3174,0.0302,94.54,,IN-WE,643.32421875,18.9296875,552,699,12,30,256,regional_mean,46.2914663671875
Azure,Central India,2026-07-24,5120,io-heavy,Standard_D4s_v3,2,3.9583,0.0277,96.57,,IN-WE,643.32421875,18.9296875,552,699,12,30,256,regional_mean,42.44117091796875
Azure,Southeast Asia,2026-07-25,10,cpu-heavy,Standard_D2s_v3,2,0.4645,0.0019,61.47,,SG,480.703125,5.83203125,472,492,4,8,256,regional_mean,3.721443359375
Azure,Southeast Asia,2026-07-25,10,cpu-heavy,Standard_D2s_v3,2,0.5164,0.0022,65.92,,SG,480.703125,5.83203125,472,492,4,8,256,regional_mean,4.1372515625
Azure,Southeast Asia,2026-07-25,10,cpu-heavy,Standard_D2s_v3,2,0.4913,0.002,74.81,,SG,480.703125,5.83203125,472,492,4,8,256,regional_mean,3.9361574218750004
Azure,Southeast Asia,2026-07-26,10,cpu-heavy,Standard_D2s_v3,2,0.4326,0.0018,65.42,,SG,480.703125,5.83203125,472,492,4,8,256,regional_mean,3.4658695312499996
Azure,Southeast Asia,2026-07-25,10,cpu-heavy,Standard_D2s_v3,2,0.4829,0.002,77.48,,SG,480.703125,5.83203125,472,492,4,8,256,regional_mean,3.8688589843749996
Azure,Southeast Asia,2026-07-22,10,cpu-heavy,Standard_D2s_v3,2,0.5074,0.0021,62.85,,SG,480.703125,5.83203125,472,492,4,8,256,regional_mean,4.06514609375
Azure,Southeast Asia,2026-07-25,10,cpu-heavy,Standard_D2s_v3,2,0.4444,0.0019,56.06,,SG,480.703125,5.83203125,472,492,4,8,256,regional_mean,3.5604078125000003
Azure,Southeast Asia,2026-07-25,10,cpu-heavy,Standard_D2s_v3,2,0.4908,0.002,75.78,,SG,480.703125,5.83203125,472,492,4,8,256,regional_mean,3.9321515625
Azure,Southeast Asia,2026-07-25,10,cpu-heavy,Standard_D2s_v3,2,0.5323,0.0022,68.67,,SG,480.703125,5.83203125,472,492,4,8,256,regional_mean,4.264637890625
Azure,Southeast Asia,2026-07-26,10,cpu-heavy,Standard_D2s_v3,2,0.4176,0.0017,69.26,,SG,480.703125,5.83203125,472,492,4,8,256,regional_mean,3.34569375
Azure,Southeast Asia,2026-07-25,10,cpu-heavy,Standard_D2s_v3,2,0.4711,0.002,67.05,,SG,480.703125,5.83203125,472,492,4,8,256,regional_mean,3.774320703125
Azure,Southeast Asia,2026-07-22,10,cpu-heavy,Standard_D2s_v3,2,0.4927,0.0021,78.4,,SG,480.703125,5.83203125,472,492,4,8,256,regional_mean,3.9473738281250004
Azure,Southeast Asia,2026-07-25,10,io-heavy,Standard_D2s_v3,2,0.6173,0.0026,92.94,,SG,480.703125,5.83203125,472,492,4,8,256,regional_mean,4.945633984375
Azure,Southeast Asia,2026-07-25,10,io-heavy,Standard_D2s_v3,2,0.6006,0.0025,95.82,,SG,480.703125,5.83203125,472,492,4,8,256,regional_mean,4.81183828125
Azure,Southeast Asia,2026-07-25,10,io-heavy,Standard_D2s_v3,2,0.6643,0.0028,97.04,,SG,480.703125,5.83203125,472,492,4,8,256,regional_mean,5.322184765625
Azure,Southeast Asia,2026-07-26,10,io-heavy,Standard_D2s_v3,2,0.5537,0.0023,96.45,,SG,480.703125,5.83203125,472,492,4,8,256,regional_mean,4.436088671875
Azure,Southeast Asia,2026-07-25,10,io-heavy,Standard_D2s_v3,2,0.6123,0.0026,87.34,,SG,480.703125,5.83203125,472,492,4,8,256,regional_mean,4.905575390625
Azure,Southeast Asia,2026-07-22,10,io-heavy,Standard_D2s_v3,2,0.6272,0.0026,95.33,,SG,480.703125,5.83203125,472,492,4,8,256,regional_mean,5.0249500000000005
Azure,Southeast Asia,2026-07-25,10,io-heavy,Standard_D2s_v3,2,0.5942,0.0025,96.37,,SG,480.703125,5.83203125,472,492,4,8,256,regional_mean,4.76056328125
Azure,Southeast Asia,2026-07-25,10,io-heavy,Standard_D2s_v3,2,0.6367,0.0027,95.88,,SG,480.703125,5.83203125,472,492,4,8,256,regional_mean,5.101061328125
Azure,Southeast Asia,2026-07-25,10,io-heavy,Standard_D2s_v3,2,0.6872,0.0029,96.22,,SG,480.703125,5.83203125,472,492,4,8,256,regional_mean,5.505653125
Azure,Southeast Asia,2026-07-26,10,io-heavy,Standard_D2s_v3,2,0.5358,0.0022,97.33,,SG,480.703125,5.83203125,472,492,4,8,256,regional_mean,4.29267890625
Azure,Southeast Asia,2026-07-25,10,io-heavy,Standard_D2s_v3,2,0.6019,0.0025,81.72,,SG,480.703125,5.83203125,472,492,4,8,256,regional_mean,4.8222535156249995
Azure,Southeast Asia,2026-07-22,10,io-heavy,Standard_D2s_v3,2,0.6188,0.0026,96.1,,SG,480.703125,5.83203125,472,492,4,8,256,regional_mean,4.957651562500001
Azure,Southeast Asia,2026-07-25,10,memory-heavy,Standard_D2s_v3,2,0.626,0.0026,56.42,,SG,480.703125,5.83203125,472,492,4,8,256,regional_mean,5.0153359375
Azure,Southeast Asia,2026-07-25,10,memory-heavy,Standard_D2s_v3,2,0.6827,0.0028,63.57,,SG,480.703125,5.83203125,472,492,4,8,256,regional_mean,5.469600390625
Azure,Southeast Asia,2026-07-25,10,memory-heavy,Standard_D2s_v3,2,0.7422,0.0031,50.83,,SG,480.703125,5.83203125,472,492,4,8,256,regional_mean,5.94629765625
Azure,Southeast Asia,2026-07-26,10,memory-heavy,Standard_D2s_v3,2,0.602,0.0025,47.73,,SG,480.703125,5.83203125,472,492,4,8,256,regional_mean,4.8230546875
Azure,Southeast Asia,2026-07-25,10,memory-heavy,Standard_D2s_v3,2,0.6505,0.0027,59.06,,SG,480.703125,5.83203125,472,492,4,8,256,regional_mean,5.211623046874999
Azure,Southeast Asia,2026-07-22,10,memory-heavy,Standard_D2s_v3,2,0.6904,0.0029,72.29,,SG,480.703125,5.83203125,472,492,4,8,256,regional_mean,5.5312906250000005
Azure,Southeast Asia,2026-07-25,10,memory-heavy,Standard_D2s_v3,2,0.6348,0.0026,53.56,,SG,480.703125,5.83203125,472,492,4,8,256,regional_mean,5.085839062500001
Azure,Southeast Asia,2026-07-25,10,memory-heavy,Standard_D2s_v3,2,0.7278,0.003,69.59,,SG,480.703125,5.83203125,472,492,4,8,256,regional_mean,5.8309289062500005
Azure,Southeast Asia,2026-07-25,10,memory-heavy,Standard_D2s_v3,2,0.7548,0.0031,51.87,,SG,480.703125,5.83203125,472,492,4,8,256,regional_mean,6.0472453125
Azure,Southeast Asia,2026-07-26,10,memory-heavy,Standard_D2s_v3,2,0.5927,0.0025,65.0,,SG,480.703125,5.83203125,472,492,4,8,256,regional_mean,4.748545703125
Azure,Southeast Asia,2026-07-25,10,memory-heavy,Standard_D2s_v3,2,0.6904,0.0029,68.53,,SG,480.703125,5.83203125,472,492,4,8,256,regional_mean,5.5312906250000005
Azure,Southeast Asia,2026-07-22,10,memory-heavy,Standard_D2s_v3,2,0.7048,0.0029,53.3,,SG,480.703125,5.83203125,472,492,4,8,256,regional_mean,5.646659375
Azure,Southeast Asia,2026-07-25,100,cpu-heavy,Standard_D2s_v3,2,0.552,0.0023,44.77,,SG,480.703125,5.83203125,472,492,4,8,256,regional_mean,4.422468750000001
Azure,Southeast Asia,2026-07-25,100,cpu-heavy,Standard_D2s_v3,2,0.5769,0.0024,47.64,,SG,480.703125,5.83203125,472,492,4,8,256,regional_mean,4.621960546875
Azure,Southeast Asia,2026-07-25,100,cpu-heavy,Standard_D2s_v3,2,0.6422,0.0027,67.03,,SG,480.703125,5.83203125,472,492,4,8,256,regional_mean,5.14512578125
Azure,Southeast Asia,2026-07-26,100,cpu-heavy,Standard_D2s_v3,2,0.5279,0.0022,58.39,,SG,480.703125,5.83203125,472,492,4,8,256,regional_mean,4.229386328125
Azure,Southeast Asia,2026-07-25,100,cpu-heavy,Standard_D2s_v3,2,0.5724,0.0024,46.98,,SG,480.703125,5.83203125,472,492,4,8,256,regional_mean,4.5859078125
Azure,Southeast Asia,2026-07-22,100,cpu-heavy,Standard_D2s_v3,2,0.5926,0.0025,47.87,,SG,480.703125,5.83203125,472,492,4,8,256,regional_mean,4.74774453125
Azure,Southeast Asia,2026-07-25,100,cpu-heavy,Standard_D2s_v3,2,0.5339,0.0022,58.3,,SG,480.703125,5.83203125,472,492,4,8,256,regional_mean,4.277456640625001
Azure,Southeast Asia,2026-07-25,100,cpu-heavy,Standard_D2s_v3,2,0.5892,0.0025,46.9,,SG,480.703125,5.83203125,472,492,4,8,256,regional_mean,4.720504687499999
Azure,Southeast Asia,2026-07-25,100,cpu-heavy,Standard_D2s_v3,2,0.6176,0.0026,67.14,,SG,480.703125,5.83203125,472,492,4,8,256,regional_mean,4.9480375
Azure,Southeast Asia,2026-07-26,100,cpu-heavy,Standard_D2s_v3,2,0.5054,0.0021,54.01,,SG,480.703125,5.83203125,472,492,4,8,256,regional_mean,4.04912265625
Azure,Southeast Asia,2026-07-25,100,cpu-heavy,Standard_D2s_v3,2,0.5754,0.0024,49.23,,SG,480.703125,5.83203125,472,492,4,8,256,regional_mean,4.6099429687499995
Azure,Southeast Asia,2026-07-22,100,cpu-heavy,Standard_D2s_v3,2,0.5947,0.0025,47.79,,SG,480.703125,5.83203125,472,492,4,8,256,regional_mean,4.764569140625
Azure,Southeast Asia,2026-07-25,100,io-heavy,Standard_D2s_v3,2,0.8285,0.0035,96.8,,SG,480.703125,5.83203125,472,492,4,8,256,regional_mean,6.637708984375
Azure,Southeast Asia,2026-07-25,100,io-heavy,Standard_D2s_v3,2,0.8642,0.0036,95.98,,SG,480.703125,5.83203125,472,492,4,8,256,regional_mean,6.9237273437499995
Azure,Southeast Asia,2026-07-26,100,io-heavy,Standard_D2s_v3,2,0.7403,0.0031,96.24,,SG,480.703125,5.83203125,472,492,4,8,256,regional_mean,5.931075390625
Azure,Southeast Asia,2026-07-25,100,io-heavy,Standard_D2s_v3,2,0.9147,0.0038,89.74,,SG,480.703125,5.83203125,472,492,4,8,256,regional_mean,7.328319140625
Azure,Southeast Asia,2026-07-25,100,io-heavy,Standard_D2s_v3,2,0.8118,0.0034,91.15,,SG,480.703125,5.83203125,472,492,4,8,256,regional_mean,6.503913281249999
Azure,Southeast Asia,2026-07-22,100,io-heavy,Standard_D2s_v3,2,0.8343,0.0035,96.06,,SG,480.703125,5.83203125,472,492,4,8,256,regional_mean,6.684176953125
Azure,Southeast Asia,2026-07-25,100,io-heavy,Standard_D2s_v3,2,0.864,0.0036,97.08,,SG,480.703125,5.83203125,472,492,4,8,256,regional_mean,6.922124999999999
Azure,Southeast Asia,2026-07-25,100,io-heavy,Standard_D2s_v3,2,0.8498,0.0035,96.14,,SG,480.703125,5.83203125,472,492,4,8,256,regional_mean,6.80835859375
Azure,Southeast Asia,2026-07-26,100,io-heavy,Standard_D2s_v3,2,0.7061,0.0029,84.82,,SG,480.703125,5.83203125,472,492,4,8,256,regional_mean,5.657074609374999
Azure,Southeast Asia,2026-07-25,100,io-heavy,Standard_D2s_v3,2,0.9191,0.0038,95.49,,SG,480.703125,5.83203125,472,492,4,8,256,regional_mean,7.363570703125
Azure,Southeast Asia,2026-07-25,100,io-heavy,Standard_D2s_v3,2,0.796,0.0033,96.93,,SG,480.703125,5.83203125,472,492,4,8,256,regional_mean,6.377328125000001
Azure,Southeast Asia,2026-07-22,100,io-heavy,Standard_D2s_v3,2,0.8572,0.0036,97.4,,SG,480.703125,5.83203125,472,492,4,8,256,regional_mean,6.8676453125
Azure,Southeast Asia,2026-07-25,100,memory-heavy,Standard_D2s_v3,2,0.7634,0.0032,46.59,,SG,480.703125,5.83203125,472,492,4,8,256,regional_mean,6.11614609375
Azure,Southeast Asia,2026-07-25,100,memory-heavy,Standard_D2s_v3,2,0.8609,0.0036,49.36,,SG,480.703125,5.83203125,472,492,4,8,256,regional_mean,6.897288671875
Azure,Southeast Asia,2026-07-25,100,memory-heavy,Standard_D2s_v3,2,0.9125,0.0038,48.97,,SG,480.703125,5.83203125,472,492,4,8,256,regional_mean,7.310693359375
Azure,Southeast Asia,2026-07-26,100,memory-heavy,Standard_D2s_v3,2,0.7264,0.003,53.55,,SG,480.703125,5.83203125,472,492,4,8,256,regional_mean,5.8197125
Azure,Southeast Asia,2026-07-25,100,memory-heavy,Standard_D2s_v3,2,0.8221,0.0034,53.74,,SG,480.703125,5.83203125,472,492,4,8,256,regional_mean,6.586433984375001
Azure,Southeast Asia,2026-07-22,100,memory-heavy,Standard_D2s_v3,2,0.8794,0.0037,43.15,,SG,480.703125,5.83203125,472,492,4,8,256,regional_mean,7.04550546875
Azure,Southeast Asia,2026-07-25,100,memory-heavy,Standard_D2s_v3,2,0.7738,0.0032,43.01,,SG,480.703125,5.83203125,472,492,4,8,256,regional_mean,6.1994679687500005
Azure,Southeast Asia,2026-07-25,100,memory-heavy,Standard_D2s_v3,2,0.879,0.0037,49.0,,SG,480.703125,5.83203125,472,492,4,8,256,regional_mean,7.04230078125
Azure,Southeast Asia,2026-07-26,100,memory-heavy,Standard_D2s_v3,2,0.7366,0.0031,44.32,,SG,480.703125,5.83203125,472,492,4,8,256,regional_mean,5.90143203125
Azure,Southeast Asia,2026-07-25,100,memory-heavy,Standard_D2s_v3,2,0.903,0.0038,44.23,,SG,480.703125,5.83203125,472,492,4,8,256,regional_mean,7.23458203125
Azure,Southeast Asia,2026-07-25,100,memory-heavy,Standard_D2s_v3,2,0.8471,0.0035,41.73,,SG,480.703125,5.83203125,472,492,4,8,256,regional_mean,6.786726953125
Azure,Southeast Asia,2026-07-22,100,memory-heavy,Standard_D2s_v3,2,0.8589,0.0036,51.26,,SG,480.703125,5.83203125,472,492,4,8,256,regional_mean,6.881265234374999
Azure,Southeast Asia,2026-07-25,500,cpu-heavy,Standard_D2s_v3,2,0.9326,0.0039,35.08,,SG,480.703125,5.83203125,472,492,4,8,256,regional_mean,7.47172890625
Azure,Southeast Asia,2026-07-25,500,cpu-heavy,Standard_D2s_v3,2,1.0356,0.0043,30.37,,SG,480.703125,5.83203125,472,492,4,8,256,regional_mean,8.2969359375
Azure,Southeast Asia,2026-07-26,500,cpu-heavy,Standard_D2s_v3,2,0.9413,0.0039,32.07,,SG,480.703125,5.83203125,472,492,4,8,256,regional_mean,7.541430859375001
Azure,Southeast Asia,2026-07-25,500,cpu-heavy,Standard_D2s_v3,2,1.0781,0.0045,31.39,,SG,480.703125,5.83203125,472,492,4,8,256,regional_mean,8.637433984374999
Azure,Southeast Asia,2026-07-25,500,cpu-heavy,Standard_D2s_v3,2,1.0285,0.0043,32.39,,SG,480.703125,5.83203125,472,492,4,8,256,regional_mean,8.240052734375
Azure,Southeast Asia,2026-07-22,500,cpu-heavy,Standard_D2s_v3,2,1.0569,0.0044,35.66,,SG,480.703125,5.83203125,472,492,4,8,256,regional_mean,8.467585546875
Azure,Southeast Asia,2026-07-25,500,cpu-heavy,Standard_D2s_v3,2,0.9296,0.0039,37.21,,SG,480.703125,5.83203125,472,492,4,8,256,regional_mean,7.44769375
Azure,Southeast Asia,2026-07-25,500,cpu-heavy,Standard_D2s_v3,2,1.0154,0.0042,30.65,,SG,480.703125,5.83203125,472,492,4,8,256,regional_mean,8.135099218750002
Azure,Southeast Asia,2026-07-26,500,cpu-heavy,Standard_D2s_v3,2,0.885,0.0037,24.09,,SG,480.703125,5.83203125,472,492,4,8,256,regional_mean,7.090371093750001
Azure,Southeast Asia,2026-07-25,500,cpu-heavy,Standard_D2s_v3,2,1.1177,0.0047,43.97,,SG,480.703125,5.83203125,472,492,4,8,256,regional_mean,8.954698046875
Azure,Southeast Asia,2026-07-25,500,cpu-heavy,Standard_D2s_v3,2,1.0562,0.0044,28.08,,SG,480.703125,5.83203125,472,492,4,8,256,regional_mean,8.461977343750002
Azure,Southeast Asia,2026-07-22,500,cpu-heavy,Standard_D2s_v3,2,1.0588,0.0044,30.04,,SG,480.703125,5.83203125,472,492,4,8,256,regional_mean,8.482807812499999
Azure,Southeast Asia,2026-07-25,500,io-heavy,Standard_D2s_v3,2,1.7997,0.0075,98.36,,SG,480.703125,5.83203125,472,492,4,8,256,regional_mean,14.418690234375001
Azure,Southeast Asia,2026-07-26,500,io-heavy,Standard_D2s_v3,2,1.5548,0.0065,98.17,,SG,480.703125,5.83203125,472,492,4,8,256,regional_mean,12.4566203125
Azure,Southeast Asia,2026-07-25,500,io-heavy,Standard_D2s_v3,2,1.8323,0.0076,97.49,,SG,480.703125,5.83203125,472,492,4,8,256,regional_mean,14.679872265625
Azure,Southeast Asia,2026-07-25,500,io-heavy,Standard_D2s_v3,2,1.7692,0.0074,98.25,,SG,480.703125,5.83203125,472,492,4,8,256,regional_mean,14.174332812500001
Azure,Southeast Asia,2026-07-22,500,io-heavy,Standard_D2s_v3,2,1.8248,0.0076,96.76,,SG,480.703125,5.83203125,472,492,4,8,256,regional_mean,14.619784375
Azure,Southeast Asia,2026-07-25,500,io-heavy,Standard_D2s_v3,2,1.7901,0.0075,98.32,,SG,480.703125,5.83203125,472,492,4,8,256,regional_mean,14.341777734375
Azure,Southeast Asia,2026-07-25,500,io-heavy,Standard_D2s_v3,2,1.8225,0.0076,94.78,,SG,480.703125,5.83203125,472,492,4,8,256,regional_mean,14.601357421874999
Azure,Southeast Asia,2026-07-26,500,io-heavy,Standard_D2s_v3,2,1.6125,0.0067,92.02,,SG,480.703125,5.83203125,472,492,4,8,256,regional_mean,12.918896484374999
Azure,Southeast Asia,2026-07-25,500,io-heavy,Standard_D2s_v3,2,1.8041,0.0075,92.74,,SG,480.703125,5.83203125,472,492,4,8,256,regional_mean,14.453941796875
Azure,Southeast Asia,2026-07-22,500,io-heavy,Standard_D2s_v3,2,1.7827,0.0074,98.4,,SG,480.703125,5.83203125,472,492,4,8,256,regional_mean,14.282491015625
Azure,Southeast Asia,2026-07-25,500,memory-heavy,Standard_D2s_v3,2,1.4531,0.0061,29.6,,SG,480.703125,5.83203125,472,492,4,8,256,regional_mean,11.641828515625
Azure,Southeast Asia,2026-07-25,500,memory-heavy,Standard_D2s_v3,2,1.6032,0.0067,30.64,,SG,480.703125,5.83203125,472,492,4,8,256,regional_mean,12.8443875
Azure,Southeast Asia,2026-07-26,500,memory-heavy,Standard_D2s_v3,2,1.3842,0.0058,24.95,,SG,480.703125,5.83203125,472,492,4,8,256,regional_mean,11.08982109375
Azure,Southeast Asia,2026-07-25,500,memory-heavy,Standard_D2s_v3,2,1.5668,0.0065,28.8,,SG,480.703125,5.83203125,472,492,4,8,256,regional_mean,12.552760937499999
Azure,Southeast Asia,2026-07-25,500,memory-heavy,Standard_D2s_v3,2,1.633,0.0068,27.78,,SG,480.703125,5.83203125,472,492,4,8,256,regional_mean,13.08313671875
Azure,Southeast Asia,2026-07-22,500,memory-heavy,Standard_D2s_v3,2,1.5459,0.0064,26.55,,SG,480.703125,5.83203125,472,492,4,8,256,regional_mean,12.385316015625
Azure,Southeast Asia,2026-07-25,500,memory-heavy,Standard_D2s_v3,2,1.3872,0.0058,30.34,,SG,480.703125,5.83203125,472,492,4,8,256,regional_mean,11.11385625
Azure,Southeast Asia,2026-07-26,500,memory-heavy,Standard_D2s_v3,2,1.3449,0.0056,27.38,,SG,480.703125,5.83203125,472,492,4,8,256,regional_mean,10.774960546875
Azure,Southeast Asia,2026-07-25,500,memory-heavy,Standard_D2s_v3,2,1.6456,0.0069,22.56,,SG,480.703125,5.83203125,472,492,4,8,256,regional_mean,13.184084375
Azure,Southeast Asia,2026-07-25,500,memory-heavy,Standard_D2s_v3,2,1.5871,0.0066,29.05,,SG,480.703125,5.83203125,472,492,4,8,256,regional_mean,12.715398828124998
Azure,Southeast Asia,2026-07-22,500,memory-heavy,Standard_D2s_v3,2,1.6215,0.0068,25.58,,SG,480.703125,5.83203125,472,492,4,8,256,regional_mean,12.991001953125
Azure,Southeast Asia,2026-07-25,1024,cpu-heavy,Standard_D2s_v3,2,1.4683,0.0061,20.18,,SG,480.703125,5.83203125,472,492,4,8,256,regional_mean,11.763606640625
Azure,Southeast Asia,2026-07-25,1024,cpu-heavy,Standard_D2s_v3,2,1.5827,0.0066,24.05,,SG,480.703125,5.83203125,472,492,4,8,256,regional_mean,12.680147265625001
Azure,Southeast Asia,2026-07-26,1024,cpu-heavy,Standard_D2s_v3,2,1.4782,0.0062,24.53,,SG,480.703125,5.83203125,472,492,4,8,256,regional_mean,11.842922656249998
Azure,Southeast Asia,2026-07-25,1024,cpu-heavy,Standard_D2s_v3,2,1.6077,0.0067,21.77,,SG,480.703125,5.83203125,472,492,4,8,256,regional_mean,12.880440234375
Azure,Southeast Asia,2026-07-22,1024,cpu-heavy,Standard_D2s_v3,2,1.6936,0.0071,19.38,,SG,480.703125,5.83203125,472,492,4,8,256,regional_mean,13.568646875
Azure,Southeast Asia,2026-07-25,1024,cpu-heavy,Standard_D2s_v3,2,1.417,0.0059,23.61,,SG,480.703125,5.83203125,472,492,4,8,256,regional_mean,11.352605468750001
Azure,Southeast Asia,2026-07-25,1024,cpu-heavy,Standard_D2s_v3,2,1.5628,0.0065,23.59,,SG,480.703125,5.83203125,472,492,4,8,256,regional_mean,12.5207140625
Azure,Southeast Asia,2026-07-26,1024,cpu-heavy,Standard_D2s_v3,2,1.3862,0.0058,19.2,,SG,480.703125,5.83203125,472,492,4,8,256,regional_mean,11.10584453125
Azure,Southeast Asia,2026-07-25,1024,cpu-heavy,Standard_D2s_v3,2,1.6156,0.0067,20.19,,SG,480.703125,5.83203125,472,492,4,8,256,regional_mean,12.943732812499999
Azure,Southeast Asia,2026-07-22,1024,cpu-heavy,Standard_D2s_v3,2,1.7065,0.0071,19.29,,SG,480.703125,5.83203125,472,492,4,8,256,regional_mean,13.671998046874998
Azure,Southeast Asia,2026-07-25,1024,io-heavy,Standard_D2s_v3,2,3.0034,0.0125,96.92,,SG,480.703125,5.83203125,472,492,4,8,256,regional_mean,24.06239609375
Azure,Southeast Asia,2026-07-26,1024,io-heavy,Standard_D2s_v3,2,2.9901,0.0125,97.34,,SG,480.703125,5.83203125,472,492,4,8,256,regional_mean,23.955840234375
Azure,Southeast Asia,2026-07-25,1024,io-heavy,Standard_D2s_v3,2,2.9851,0.0124,97.3,,SG,480.703125,5.83203125,472,492,4,8,256,regional_mean,23.915781640625
Azure,Southeast Asia,2026-07-22,1024,io-heavy,Standard_D2s_v3,2,2.9897,0.0125,97.79,,SG,480.703125,5.83203125,472,492,4,8,256,regional_mean,23.952635546875
Azure,Southeast Asia,2026-07-26,1024,io-heavy,Standard_D2s_v3,2,3.1263,0.013,97.31,,SG,480.703125,5.83203125,472,492,4,8,256,regional_mean,25.047036328125
Azure,Southeast Asia,2026-07-26,1024,io-heavy,Standard_D2s_v3,2,3.0858,0.0129,97.62,,SG,480.703125,5.83203125,472,492,4,8,256,regional_mean,24.722561718749997
Azure,Southeast Asia,2026-07-25,1024,io-heavy,Standard_D2s_v3,2,2.9461,0.0123,99.1,,SG,480.703125,5.83203125,472,492,4,8,256,regional_mean,23.603324609375
Azure,Southeast Asia,2026-07-22,1024,io-heavy,Standard_D2s_v3,2,3.1251,0.013,96.75,,SG,480.703125,5.83203125,472,492,4,8,256,regional_mean,25.037422265625004
Azure,Southeast Asia,2026-07-25,1024,memory-heavy,Standard_D2s_v3,2,2.2198,0.0092,19.27,,SG,480.703125,5.83203125,472,492,4,8,256,regional_mean,17.784413281250004
Azure,Southeast Asia,2026-07-25,1024,memory-heavy,Standard_D2s_v3,2,2.5723,0.0107,18.94,,SG,480.703125,5.83203125,472,492,4,8,256,regional_mean,20.608544140624996
Azure,Southeast Asia,2026-07-25,1024,memory-heavy,Standard_D2s_v3,2,2.5398,0.0106,19.54,,SG,480.703125,5.83203125,472,492,4,8,256,regional_mean,20.34816328125
Azure,Southeast Asia,2026-07-26,1024,memory-heavy,Standard_D2s_v3,2,2.2345,0.0093,17.04,,SG,480.703125,5.83203125,472,492,4,8,256,regional_mean,17.902185546875
Azure,Southeast Asia,2026-07-22,1024,memory-heavy,Standard_D2s_v3,2,2.5658,0.0107,17.4,,SG,480.703125,5.83203125,472,492,4,8,256,regional_mean,20.55646796875
Azure,Southeast Asia,2026-07-25,1024,memory-heavy,Standard_D2s_v3,2,2.2557,0.0094,17.15,,SG,480.703125,5.83203125,472,492,4,8,256,regional_mean,18.072033984375
Azure,Southeast Asia,2026-07-25,1024,memory-heavy,Standard_D2s_v3,2,2.5978,0.0108,14.37,,SG,480.703125,5.83203125,472,492,4,8,256,regional_mean,20.812842968749997
Azure,Southeast Asia,2026-07-25,1024,memory-heavy,Standard_D2s_v3,2,2.541,0.0106,17.01,,SG,480.703125,5.83203125,472,492,4,8,256,regional_mean,20.357777343749998
Azure,Southeast Asia,2026-07-22,1024,memory-heavy,Standard_D2s_v3,2,2.4659,0.0103,20.92,,SG,480.703125,5.83203125,472,492,4,8,256,regional_mean,19.756097265625
Azure,Southeast Asia,2026-07-26,2048,cpu-heavy,Standard_D2s_v3,2,2.8317,0.0118,13.62,,SG,480.703125,5.83203125,472,492,4,8,256,regional_mean,22.686783984375
Azure,Southeast Asia,2026-07-25,2048,cpu-heavy,Standard_D2s_v3,2,2.9339,0.0122,19.47,,SG,480.703125,5.83203125,472,492,4,8,256,regional_mean,23.505581640625
Azure,Southeast Asia,2026-07-26,2048,cpu-heavy,Standard_D2s_v3,2,2.8319,0.0118,20.12,,SG,480.703125,5.83203125,472,492,4,8,256,regional_mean,22.688386328125002
Azure,Southeast Asia,2026-07-22,2048,cpu-heavy,Standard_D2s_v3,2,3.0825,0.0128,9.83,,SG,480.703125,5.83203125,472,492,4,8,256,regional_mean,24.696123046874998
Azure,Southeast Asia,2026-07-26,2048,cpu-heavy,Standard_D2s_v3,2,2.6197,0.0109,15.3,,SG,480.703125,5.83203125,472,492,4,8,256,regional_mean,20.988299609375
Azure,Southeast Asia,2026-07-25,2048,cpu-heavy,Standard_D2s_v3,2,2.7931,0.0116,10.99,,SG,480.703125,5.83203125,472,492,4,8,256,regional_mean,22.377531640624998
Azure,Southeast Asia,2026-07-26,2048,cpu-heavy,Standard_D2s_v3,2,2.3756,0.0099,15.28,,SG,480.703125,5.83203125,472,492,4,8,256,regional_mean,19.0326390625
Azure,Southeast Asia,2026-07-22,2048,cpu-heavy,Standard_D2s_v3,2,2.8399,0.0118,14.04,,SG,480.703125,5.83203125,472,492,4,8,256,regional_mean,22.752480078125
Azure,Southeast Asia,2026-07-26,2048,io-heavy,Standard_D2s_v3,2,5.6305,0.0235,97.51,,SG,480.703125,5.83203125,472,492,4,8,256,regional_mean,45.109982421874996
Azure,Southeast Asia,2026-07-25,2048,io-heavy,Standard_D2s_v3,2,5.1616,0.0215,97.84,,SG,480.703125,5.83203125,472,492,4,8,256,regional_mean,41.3532875
Azure,Southeast Asia,2026-07-26,2048,io-heavy,Standard_D2s_v3,2,5.597,0.0233,97.7,,SG,480.703125,5.83203125,472,492,4,8,256,regional_mean,44.84158984375001
Azure,Southeast Asia,2026-07-22,2048,io-heavy,Standard_D2s_v3,2,5.2349,0.0218,96.5,,SG,480.703125,5.83203125,472,492,4,8,256,regional_mean,41.940546484375
Azure,Southeast Asia,2026-07-26,2048,io-heavy,Standard_D2s_v3,2,5.4457,0.0227,95.94,,SG,480.703125,5.83203125,472,492,4,8,256,regional_mean,43.629416796875
Azure,Southeast Asia,2026-07-25,2048,io-heavy,Standard_D2s_v3,2,5.0485,0.021,97.63,,SG,480.703125,5.83203125,472,492,4,8,256,regional_mean,40.44716210937499
Azure,Southeast Asia,2026-07-26,2048,io-heavy,Standard_D2s_v3,2,5.5366,0.0231,97.72,,SG,480.703125,5.83203125,472,492,4,8,256,regional_mean,44.35768203124999
Azure,Southeast Asia,2026-07-22,2048,io-heavy,Standard_D2s_v3,2,5.33,0.0222,95.99,,SG,480.703125,5.83203125,472,492,4,8,256,regional_mean,42.7024609375
Azure,Southeast Asia,2026-07-26,2048,memory-heavy,Standard_D2s_v3,2,4.5779,0.0191,11.38,,SG,480.703125,5.83203125,472,492,4,8,256,regional_mean,36.676847265625
Azure,Southeast Asia,2026-07-25,2048,memory-heavy,Standard_D2s_v3,2,4.4915,0.0187,10.39,,SG,480.703125,5.83203125,472,492,4,8,256,regional_mean,35.984634765624996
Azure,Southeast Asia,2026-07-26,2048,memory-heavy,Standard_D2s_v3,2,4.0028,0.0167,9.67,,SG,480.703125,5.83203125,472,492,4,8,256,regional_mean,32.0693078125
Azure,Southeast Asia,2026-07-22,2048,memory-heavy,Standard_D2s_v3,2,4.6226,0.0193,11.0,,SG,480.703125,5.83203125,472,492,4,8,256,regional_mean,37.03497109375
Azure,Southeast Asia,2026-07-26,2048,memory-heavy,Standard_D2s_v3,2,4.6525,0.0194,8.88,,SG,480.703125,5.83203125,472,492,4,8,256,regional_mean,37.274521484375
Azure,Southeast Asia,2026-07-25,2048,memory-heavy,Standard_D2s_v3,2,4.1492,0.0173,11.15,,SG,480.703125,5.83203125,472,492,4,8,256,regional_mean,33.24222343750001
Azure,Southeast Asia,2026-07-26,2048,memory-heavy,Standard_D2s_v3,2,3.8651,0.0161,11.14,,SG,480.703125,5.83203125,472,492,4,8,256,regional_mean,30.966094140624996
Azure,Southeast Asia,2026-07-22,2048,memory-heavy,Standard_D2s_v3,2,4.6243,0.0193,10.51,,SG,480.703125,5.83203125,472,492,4,8,256,regional_mean,37.048591015625
Azure,Southeast Asia,2026-07-26,3072,cpu-heavy,Standard_D2s_v3,2,4.0903,0.017,8.37,,SG,480.703125,5.83203125,472,492,4,8,256,regional_mean,32.770333203125006
Azure,Southeast Asia,2026-07-26,3072,cpu-heavy,Standard_D2s_v3,2,3.214,0.0134,12.17,,SG,480.703125,5.83203125,472,492,4,8,256,regional_mean,25.7496640625
Azure,Southeast Asia,2026-07-22,3072,cpu-heavy,Standard_D2s_v3,2,4.4268,0.0184,15.77,,SG,480.703125,5.83203125,472,492,4,8,256,regional_mean,35.4662765625
Azure,Southeast Asia,2026-07-26,3072,cpu-heavy,Standard_D2s_v3,2,3.3882,0.0141,10.11,,SG,480.703125,5.83203125,472,492,4,8,256,regional_mean,27.14530546875
Azure,Southeast Asia,2026-07-26,3072,cpu-heavy,Standard_D2s_v3,2,4.0757,0.017,10.64,,SG,480.703125,5.83203125,472,492,4,8,256,regional_mean,32.653362109375
Azure,Southeast Asia,2026-07-22,3072,cpu-heavy,Standard_D2s_v3,2,3.9345,0.0164,12.0,,SG,480.703125,5.83203125,472,492,4,8,256,regional_mean,31.522107421875
Azure,Southeast Asia,2026-07-22,3072,io-heavy,Standard_D2s_v3,2,7.4373,0.031,97.0,,SG,480.703125,5.83203125,472,492,4,8,256,regional_mean,59.585555859375
Azure,Southeast Asia,2026-07-22,3072,io-heavy,Standard_D2s_v3,2,7.9502,0.0331,96.73,,SG,480.703125,5.83203125,472,492,4,8,256,regional_mean,63.694766406250004
Azure,Southeast Asia,2026-07-26,3072,memory-heavy,Standard_D2s_v3,2,5.7732,0.0241,7.62,,SG,480.703125,5.83203125,472,492,4,8,256,regional_mean,46.2532546875
Azure,Southeast Asia,2026-07-26,3072,memory-heavy,Standard_D2s_v3,2,6.0599,0.0252,6.83,,SG,480.703125,5.83203125,472,492,4,8,256,regional_mean,48.550214453125
Azure,Southeast Asia,2026-07-22,3072,memory-heavy,Standard_D2s_v3,2,6.3669,0.0265,5.95,,SG,480.703125,5.83203125,472,492,4,8,256,regional_mean,51.009812109375
Azure,Southeast Asia,2026-07-26,3072,memory-heavy,Standard_D2s_v3,2,5.3428,0.0223,7.54,,SG,480.703125,5.83203125,472,492,4,8,256,regional_mean,42.80501093750001
Azure,Southeast Asia,2026-07-22,3072,memory-heavy,Standard_D2s_v3,2,6.2809,0.0262,8.51,,SG,480.703125,5.83203125,472,492,4,8,256,regional_mean,50.320804296875
Azure,Southeast Asia,2026-07-22,5120,cpu-heavy,Standard_D2s_v3,2,6.5416,0.0273,5.9,,SG,480.703125,5.83203125,472,492,4,8,256,regional_mean,52.409459375
Azure,Southeast Asia,2026-07-22,5120,cpu-heavy,Standard_D2s_v3,2,6.2139,0.0259,6.31,,SG,480.703125,5.83203125,472,492,4,8,256,regional_mean,49.784019140625
Azure,Southeast Asia,2026-07-22,5120,io-heavy,Standard_D2s_v3,2,12.2767,0.0512,97.04,,SG,480.703125,5.83203125,472,492,4,8,256,regional_mean,98.357467578125
Azure,Southeast Asia,2026-07-22,5120,io-heavy,Standard_D2s_v3,2,12.3604,0.0515,96.98,,SG,480.703125,5.83203125,472,492,4,8,256,regional_mean,99.0280484375
Azure,Southeast Asia,2026-07-22,5120,memory-heavy,Standard_D2s_v3,2,10.2994,0.0429,6.71,,SG,480.703125,5.83203125,472,492,4,8,256,regional_mean,82.51589609375
Azure,Southeast Asia,2026-07-22,5120,memory-heavy,Standard_D2s_v3,2,10.2047,0.0425,5.33,,SG,480.703125,5.83203125,472,492,4,8,256,regional_mean,81.75718632812502
Azure,Southeast Asia,2026-07-26,10,cpu-heavy,Standard_D2s_v3,4,0.475,0.004,73.2,,SG,480.703125,5.83203125,472,492,4,8,256,regional_mean,3.8055664062499996
Azure,Southeast Asia,2026-07-25,10,cpu-heavy,Standard_D2s_v3,4,0.5,0.0042,66.71,,SG,480.703125,5.83203125,472,492,4,8,256,regional_mean,4.005859375
Azure,Southeast Asia,2026-07-25,10,cpu-heavy,Standard_D2s_v3,4,0.5343,0.0045,65.77,,SG,480.703125,5.83203125,472,492,4,8,256,regional_mean,4.280661328124999
Azure,Southeast Asia,2026-07-25,10,cpu-heavy,Standard_D2s_v3,4,0.5225,0.0044,76.98,,SG,480.703125,5.83203125,472,492,4,8,256,regional_mean,4.186123046875
Azure,Southeast Asia,2026-07-26,10,cpu-heavy,Standard_D2s_v3,4,0.4918,0.0041,76.36,,SG,480.703125,5.83203125,472,492,4,8,256,regional_mean,3.94016328125
Azure,Southeast Asia,2026-07-25,10,cpu-heavy,Standard_D2s_v3,4,0.5208,0.0043,57.8,,SG,480.703125,5.83203125,472,492,4,8,256,regional_mean,4.172503125
Azure,Southeast Asia,2026-07-25,10,cpu-heavy,Standard_D2s_v3,4,0.5209,0.0043,68.31,,SG,480.703125,5.83203125,472,492,4,8,256,regional_mean,4.173304296875
Azure,Southeast Asia,2026-07-25,10,cpu-heavy,Standard_D2s_v3,4,0.5087,0.0042,65.17,,SG,480.703125,5.83203125,472,492,4,8,256,regional_mean,4.0755613281250005
Azure,Southeast Asia,2026-07-26,10,io-heavy,Standard_D2s_v3,4,0.5074,0.0042,82.09,,SG,480.703125,5.83203125,472,492,4,8,256,regional_mean,4.06514609375
Azure,Southeast Asia,2026-07-25,10,io-heavy,Standard_D2s_v3,4,0.6097,0.0051,86.81,,SG,480.703125,5.83203125,472,492,4,8,256,regional_mean,4.884744921875001
Azure,Southeast Asia,2026-07-25,10,io-heavy,Standard_D2s_v3,4,0.6546,0.0055,95.69,,SG,480.703125,5.83203125,472,492,4,8,256,regional_mean,5.24447109375
Azure,Southeast Asia,2026-07-25,10,io-heavy,Standard_D2s_v3,4,0.6575,0.0055,96.03,,SG,480.703125,5.83203125,472,492,4,8,256,regional_mean,5.267705078124999
Azure,Southeast Asia,2026-07-26,10,io-heavy,Standard_D2s_v3,4,0.5232,0.0044,96.38,,SG,480.703125,5.83203125,472,492,4,8,256,regional_mean,4.19173125
Azure,Southeast Asia,2026-07-25,10,io-heavy,Standard_D2s_v3,4,0.5788,0.0048,95.42,,SG,480.703125,5.83203125,472,492,4,8,256,regional_mean,4.6371828125
Azure,Southeast Asia,2026-07-25,10,io-heavy,Standard_D2s_v3,4,0.6885,0.0057,95.67,,SG,480.703125,5.83203125,472,492,4,8,256,regional_mean,5.516068359375001
Azure,Southeast Asia,2026-07-25,10,io-heavy,Standard_D2s_v3,4,0.6384,0.0053,96.18,,SG,480.703125,5.83203125,472,492,4,8,256,regional_mean,5.11468125
Azure,Southeast Asia,2026-07-26,10,memory-heavy,Standard_D2s_v3,4,0.6259,0.0052,62.0,,SG,480.703125,5.83203125,472,492,4,8,256,regional_mean,5.014534765625
Azure,Southeast Asia,2026-07-25,10,memory-heavy,Standard_D2s_v3,4,0.6773,0.0056,59.8,,SG,480.703125,5.83203125,472,492,4,8,256,regional_mean,5.426337109375001
Azure,Southeast Asia,2026-07-25,10,memory-heavy,Standard_D2s_v3,4,0.6441,0.0054,74.35,,SG,480.703125,5.83203125,472,492,4,8,256,regional_mean,5.160348046875
Azure,Southeast Asia,2026-07-25,10,memory-heavy,Standard_D2s_v3,4,0.6806,0.0057,69.6,,SG,480.703125,5.83203125,472,492,4,8,256,regional_mean,5.452775781250001
Azure,Southeast Asia,2026-07-26,10,memory-heavy,Standard_D2s_v3,4,0.6486,0.0054,64.15,,SG,480.703125,5.83203125,472,492,4,8,256,regional_mean,5.1964007812499995
Azure,Southeast Asia,2026-07-25,10,memory-heavy,Standard_D2s_v3,4,0.6751,0.0056,64.11,,SG,480.703125,5.83203125,472,492,4,8,256,regional_mean,5.408711328125
Azure,Southeast Asia,2026-07-25,10,memory-heavy,Standard_D2s_v3,4,0.6947,0.0058,56.39,,SG,480.703125,5.83203125,472,492,4,8,256,regional_mean,5.565741015625
Azure,Southeast Asia,2026-07-25,10,memory-heavy,Standard_D2s_v3,4,0.6936,0.0058,65.43,,SG,480.703125,5.83203125,472,492,4,8,256,regional_mean,5.556928125
Azure,Southeast Asia,2026-07-26,100,cpu-heavy,Standard_D2s_v3,4,0.5272,0.0044,53.3,,SG,480.703125,5.83203125,472,492,4,8,256,regional_mean,4.223778125
Azure,Southeast Asia,2026-07-25,100,cpu-heavy,Standard_D2s_v3,4,0.5564,0.0046,47.48,,SG,480.703125,5.83203125,472,492,4,8,256,regional_mean,4.4577203125
Azure,Southeast Asia,2026-07-25,100,cpu-heavy,Standard_D2s_v3,4,0.584,0.0049,63.99,,SG,480.703125,5.83203125,472,492,4,8,256,regional_mean,4.67884375
Azure,Southeast Asia,2026-07-25,100,cpu-heavy,Standard_D2s_v3,4,0.5537,0.0046,54.44,,SG,480.703125,5.83203125,472,492,4,8,256,regional_mean,4.436088671875
Azure,Southeast Asia,2026-07-26,100,cpu-heavy,Standard_D2s_v3,4,0.5101,0.0043,55.14,,SG,480.703125,5.83203125,472,492,4,8,256,regional_mean,4.086777734375
Azure,Southeast Asia,2026-07-25,100,cpu-heavy,Standard_D2s_v3,4,0.5479,0.0046,46.57,,SG,480.703125,5.83203125,472,492,4,8,256,regional_mean,4.389620703125001
Azure,Southeast Asia,2026-07-25,100,cpu-heavy,Standard_D2s_v3,4,0.6229,0.0052,62.18,,SG,480.703125,5.83203125,472,492,4,8,256,regional_mean,4.990499609375
Azure,Southeast Asia,2026-07-25,100,cpu-heavy,Standard_D2s_v3,4,0.572,0.0048,59.88,,SG,480.703125,5.83203125,472,492,4,8,256,regional_mean,4.582703125
Azure,Southeast Asia,2026-07-26,100,io-heavy,Standard_D2s_v3,4,0.7437,0.0062,97.62,,SG,480.703125,5.83203125,472,492,4,8,256,regional_mean,5.958315234375
Azure,Southeast Asia,2026-07-25,100,io-heavy,Standard_D2s_v3,4,0.8282,0.0069,97.43,,SG,480.703125,5.83203125,472,492,4,8,256,regional_mean,6.63530546875
Azure,Southeast Asia,2026-07-25,100,io-heavy,Standard_D2s_v3,4,0.9414,0.0078,97.6,,SG,480.703125,5.83203125,472,492,4,8,256,regional_mean,7.542232031249999
Azure,Southeast Asia,2026-07-25,100,io-heavy,Standard_D2s_v3,4,0.8785,0.0073,95.81,,SG,480.703125,5.83203125,472,492,4,8,256,regional_mean,7.038294921875
Azure,Southeast Asia,2026-07-26,100,io-heavy,Standard_D2s_v3,4,0.7152,0.006,93.84,,SG,480.703125,5.83203125,472,492,4,8,256,regional_mean,5.729981249999999
Azure,Southeast Asia,2026-07-25,100,io-heavy,Standard_D2s_v3,4,0.8056,0.0067,86.56,,SG,480.703125,5.83203125,472,492,4,8,256,regional_mean,6.454240625
Azure,Southeast Asia,2026-07-25,100,io-heavy,Standard_D2s_v3,4,0.8978,0.0075,96.71,,SG,480.703125,5.83203125,472,492,4,8,256,regional_mean,7.19292109375
Azure,Southeast Asia,2026-07-25,100,io-heavy,Standard_D2s_v3,4,0.8673,0.0072,96.59,,SG,480.703125,5.83203125,472,492,4,8,256,regional_mean,6.948563671874999
Azure,Southeast Asia,2026-07-26,100,memory-heavy,Standard_D2s_v3,4,0.6873,0.0057,53.71,,SG,480.703125,5.83203125,472,492,4,8,256,regional_mean,5.506454296875
Azure,Southeast Asia,2026-07-25,100,memory-heavy,Standard_D2s_v3,4,0.7522,0.0063,41.08,,SG,480.703125,5.83203125,472,492,4,8,256,regional_mean,6.02641484375
Azure,Southeast Asia,2026-07-25,100,memory-heavy,Standard_D2s_v3,4,0.8031,0.0067,66.98,,SG,480.703125,5.83203125,472,492,4,8,256,regional_mean,6.434211328125
Azure,Southeast Asia,2026-07-25,100,memory-heavy,Standard_D2s_v3,4,0.7601,0.0063,52.58,,SG,480.703125,5.83203125,472,492,4,8,256,regional_mean,6.0897074218750005
Azure,Southeast Asia,2026-07-26,100,memory-heavy,Standard_D2s_v3,4,0.6905,0.0058,60.62,,SG,480.703125,5.83203125,472,492,4,8,256,regional_mean,5.532091796875
Azure,Southeast Asia,2026-07-25,100,memory-heavy,Standard_D2s_v3,4,0.7419,0.0062,43.98,,SG,480.703125,5.83203125,472,492,4,8,256,regional_mean,5.943894140625
Azure,Southeast Asia,2026-07-25,100,memory-heavy,Standard_D2s_v3,4,0.7724,0.0064,68.27,,SG,480.703125,5.83203125,472,492,4,8,256,regional_mean,6.1882515625
Azure,Southeast Asia,2026-07-25,100,memory-heavy,Standard_D2s_v3,4,0.7721,0.0064,62.6,,SG,480.703125,5.83203125,472,492,4,8,256,regional_mean,6.185848046875001
Azure,Southeast Asia,2026-07-26,500,cpu-heavy,Standard_D2s_v3,4,0.6535,0.0054,58.24,,SG,480.703125,5.83203125,472,492,4,8,256,regional_mean,5.235658203124999
Azure,Southeast Asia,2026-07-25,500,cpu-heavy,Standard_D2s_v3,4,0.6942,0.0058,45.33,,SG,480.703125,5.83203125,472,492,4,8,256,regional_mean,5.56173515625
Azure,Southeast Asia,2026-07-25,500,cpu-heavy,Standard_D2s_v3,4,0.7206,0.006,48.95,,SG,480.703125,5.83203125,472,492,4,8,256,regional_mean,5.77324453125
Azure,Southeast Asia,2026-07-25,500,cpu-heavy,Standard_D2s_v3,4,0.7231,0.006,47.78,,SG,480.703125,5.83203125,472,492,4,8,256,regional_mean,5.793273828125
Azure,Southeast Asia,2026-07-26,500,cpu-heavy,Standard_D2s_v3,4,0.6724,0.0056,44.35,,SG,480.703125,5.83203125,472,492,4,8,256,regional_mean,5.3870796875
Azure,Southeast Asia,2026-07-25,500,cpu-heavy,Standard_D2s_v3,4,0.6962,0.0058,41.69,,SG,480.703125,5.83203125,472,492,4,8,256,regional_mean,5.5777585937500005
Azure,Southeast Asia,2026-07-25,500,cpu-heavy,Standard_D2s_v3,4,0.725,0.006,48.74,,SG,480.703125,5.83203125,472,492,4,8,256,regional_mean,5.80849609375
Azure,Southeast Asia,2026-07-25,500,cpu-heavy,Standard_D2s_v3,4,0.7233,0.006,53.98,,SG,480.703125,5.83203125,472,492,4,8,256,regional_mean,5.794876171875001
Azure,Southeast Asia,2026-07-26,500,io-heavy,Standard_D2s_v3,4,1.6079,0.0134,90.48,,SG,480.703125,5.83203125,472,492,4,8,256,regional_mean,12.882042578125
Azure,Southeast Asia,2026-07-25,500,io-heavy,Standard_D2s_v3,4,1.7414,0.0145,97.96,,SG,480.703125,5.83203125,472,492,4,8,256,regional_mean,13.951607031250001
Azure,Southeast Asia,2026-07-25,500,io-heavy,Standard_D2s_v3,4,1.8837,0.0157,98.52,,SG,480.703125,5.83203125,472,492,4,8,256,regional_mean,15.091674609375
Azure,Southeast Asia,2026-07-25,500,io-heavy,Standard_D2s_v3,4,1.9029,0.0159,98.05,,SG,480.703125,5.83203125,472,492,4,8,256,regional_mean,15.245499609375
Azure,Southeast Asia,2026-07-26,500,io-heavy,Standard_D2s_v3,4,1.5811,0.0132,98.28,,SG,480.703125,5.83203125,472,492,4,8,256,regional_mean,12.667328515625
Azure,Southeast Asia,2026-07-25,500,io-heavy,Standard_D2s_v3,4,1.714,0.0143,93.56,,SG,480.703125,5.83203125,472,492,4,8,256,regional_mean,13.7320859375
Azure,Southeast Asia,2026-07-25,500,io-heavy,Standard_D2s_v3,4,1.9543,0.0163,97.71,,SG,480.703125,5.83203125,472,492,4,8,256,regional_mean,15.657301953125
Azure,Southeast Asia,2026-07-25,500,io-heavy,Standard_D2s_v3,4,1.8702,0.0156,96.85,,SG,480.703125,5.83203125,472,492,4,8,256,regional_mean,14.98351640625
Azure,Southeast Asia,2026-07-26,500,memory-heavy,Standard_D2s_v3,4,0.9279,0.0077,43.03,,SG,480.703125,5.83203125,472,492,4,8,256,regional_mean,7.434073828124999
Azure,Southeast Asia,2026-07-25,500,memory-heavy,Standard_D2s_v3,4,0.9596,0.008,32.84,,SG,480.703125,5.83203125,472,492,4,8,256,regional_mean,7.688045312500001
Azure,Southeast Asia,2026-07-25,500,memory-heavy,Standard_D2s_v3,4,0.9794,0.0082,47.26,,SG,480.703125,5.83203125,472,492,4,8,256,regional_mean,7.8466773437500015
Azure,Southeast Asia,2026-07-25,500,memory-heavy,Standard_D2s_v3,4,1.0,0.0083,53.31,,SG,480.703125,5.83203125,472,492,4,8,256,regional_mean,8.01171875
Azure,Southeast Asia,2026-07-26,500,memory-heavy,Standard_D2s_v3,4,0.9656,0.008,32.59,,SG,480.703125,5.83203125,472,492,4,8,256,regional_mean,7.736115625000001
Azure,Southeast Asia,2026-07-25,500,memory-heavy,Standard_D2s_v3,4,0.9752,0.0081,39.16,,SG,480.703125,5.83203125,472,492,4,8,256,regional_mean,7.813028124999999
Azure,Southeast Asia,2026-07-25,500,memory-heavy,Standard_D2s_v3,4,1.002,0.0083,46.15,,SG,480.703125,5.83203125,472,492,4,8,256,regional_mean,8.0277421875
Azure,Southeast Asia,2026-07-25,500,memory-heavy,Standard_D2s_v3,4,0.9813,0.0082,52.95,,SG,480.703125,5.83203125,472,492,4,8,256,regional_mean,7.861899609374999
Azure,Southeast Asia,2026-07-26,1024,cpu-heavy,Standard_D2s_v3,4,1.0188,0.0085,29.37,,SG,480.703125,5.83203125,472,492,4,8,256,regional_mean,8.1623390625
Azure,Southeast Asia,2026-07-25,1024,cpu-heavy,Standard_D2s_v3,4,1.0108,0.0084,31.19,,SG,480.703125,5.83203125,472,492,4,8,256,regional_mean,8.0982453125
Azure,Southeast Asia,2026-07-25,1024,cpu-heavy,Standard_D2s_v3,4,0.9704,0.0081,47.39,,SG,480.703125,5.83203125,472,492,4,8,256,regional_mean,7.774571875
Azure,Southeast Asia,2026-07-25,1024,cpu-heavy,Standard_D2s_v3,4,1.0702,0.0089,34.25,,SG,480.703125,5.83203125,472,492,4,8,256,regional_mean,8.57414140625
Azure,Southeast Asia,2026-07-26,1024,cpu-heavy,Standard_D2s_v3,4,0.9812,0.0082,30.7,,SG,480.703125,5.83203125,472,492,4,8,256,regional_mean,7.861098437500001
Azure,Southeast Asia,2026-07-25,1024,cpu-heavy,Standard_D2s_v3,4,1.0508,0.0088,26.95,,SG,480.703125,5.83203125,472,492,4,8,256,regional_mean,8.4187140625
Azure,Southeast Asia,2026-07-25,1024,cpu-heavy,Standard_D2s_v3,4,0.9713,0.0081,29.64,,SG,480.703125,5.83203125,472,492,4,8,256,regional_mean,7.781782421875001
Azure,Southeast Asia,2026-07-25,1024,cpu-heavy,Standard_D2s_v3,4,1.0371,0.0086,35.87,,SG,480.703125,5.83203125,472,492,4,8,256,regional_mean,8.308953515625
Azure,Southeast Asia,2026-07-25,1024,io-heavy,Standard_D2s_v3,4,2.8479,0.0237,97.89,,SG,480.703125,5.83203125,472,492,4,8,256,regional_mean,22.816573828125
Azure,Southeast Asia,2026-07-25,1024,io-heavy,Standard_D2s_v3,4,3.4511,0.0288,97.51,,SG,480.703125,5.83203125,472,492,4,8,256,regional_mean,27.649242578124998
Azure,Southeast Asia,2026-07-25,1024,io-heavy,Standard_D2s_v3,4,2.9874,0.0249,97.63,,SG,480.703125,5.83203125,472,492,4,8,256,regional_mean,23.93420859375
Azure,Southeast Asia,2026-07-26,1024,io-heavy,Standard_D2s_v3,4,2.7395,0.0228,96.05,,SG,480.703125,5.83203125,472,492,4,8,256,regional_mean,21.948103515625
Azure,Southeast Asia,2026-07-25,1024,io-heavy,Standard_D2s_v3,4,2.7885,0.0232,97.3,,SG,480.703125,5.83203125,472,492,4,8,256,regional_mean,22.340677734375003
Azure,Southeast Asia,2026-07-25,1024,io-heavy,Standard_D2s_v3,4,3.3437,0.0279,97.67,,SG,480.703125,5.83203125,472,492,4,8,256,regional_mean,26.788783984375
Azure,Southeast Asia,2026-07-25,1024,io-heavy,Standard_D2s_v3,4,3.0284,0.0252,97.15,,SG,480.703125,5.83203125,472,492,4,8,256,regional_mean,24.2626890625
Azure,Southeast Asia,2026-07-26,1024,io-heavy,Standard_D2s_v3,4,2.6155,0.0218,94.14,,SG,480.703125,5.83203125,472,492,4,8,256,regional_mean,20.954650390625
Azure,Southeast Asia,2026-07-25,1024,memory-heavy,Standard_D2s_v3,4,1.5146,0.0126,30.11,,SG,480.703125,5.83203125,472,492,4,8,256,regional_mean,12.13454921875
Azure,Southeast Asia,2026-07-25,1024,memory-heavy,Standard_D2s_v3,4,1.4426,0.012,34.08,,SG,480.703125,5.83203125,472,492,4,8,256,regional_mean,11.557705468750001
Azure,Southeast Asia,2026-07-25,1024,memory-heavy,Standard_D2s_v3,4,1.5035,0.0125,30.86,,SG,480.703125,5.83203125,472,492,4,8,256,regional_mean,12.045619140625002
Azure,Southeast Asia,2026-07-26,1024,memory-heavy,Standard_D2s_v3,4,1.4917,0.0124,25.97,,SG,480.703125,5.83203125,472,492,4,8,256,regional_mean,11.951080859375
Azure,Southeast Asia,2026-07-25,1024,memory-heavy,Standard_D2s_v3,4,1.4353,0.012,30.47,,SG,480.703125,5.83203125,472,492,4,8,256,regional_mean,11.499219921875
Azure,Southeast Asia,2026-07-25,1024,memory-heavy,Standard_D2s_v3,4,1.4586,0.0122,31.37,,SG,480.703125,5.83203125,472,492,4,8,256,regional_mean,11.685892968749998
Azure,Southeast Asia,2026-07-25,1024,memory-heavy,Standard_D2s_v3,4,1.4393,0.012,34.08,,SG,480.703125,5.83203125,472,492,4,8,256,regional_mean,11.531266796875
Azure,Southeast Asia,2026-07-26,1024,memory-heavy,Standard_D2s_v3,4,1.4718,0.0123,24.2,,SG,480.703125,5.83203125,472,492,4,8,256,regional_mean,11.79164765625
Azure,Southeast Asia,2026-07-25,2048,cpu-heavy,Standard_D2s_v3,4,1.3067,0.0109,22.74,,SG,480.703125,5.83203125,472,492,4,8,256,regional_mean,10.468912890625
Azure,Southeast Asia,2026-07-25,2048,cpu-heavy,Standard_D2s_v3,4,1.3573,0.0113,24.31,,SG,480.703125,5.83203125,472,492,4,8,256,regional_mean,10.874305859375
Azure,Southeast Asia,2026-07-26,2048,cpu-heavy,Standard_D2s_v3,4,1.3834,0.0115,27.12,,SG,480.703125,5.83203125,472,492,4,8,256,regional_mean,11.08341171875
Azure,Southeast Asia,2026-07-26,2048,cpu-heavy,Standard_D2s_v3,4,1.277,0.0106,23.86,,SG,480.703125,5.83203125,472,492,4,8,256,regional_mean,10.23096484375
Azure,Southeast Asia,2026-07-25,2048,cpu-heavy,Standard_D2s_v3,4,1.3681,0.0114,23.27,,SG,480.703125,5.83203125,472,492,4,8,256,regional_mean,10.960832421875
Azure,Southeast Asia,2026-07-25,2048,cpu-heavy,Standard_D2s_v3,4,1.3886,0.0116,25.99,,SG,480.703125,5.83203125,472,492,4,8,256,regional_mean,11.125072656250001
Azure,Southeast Asia,2026-07-26,2048,cpu-heavy,Standard_D2s_v3,4,1.3849,0.0115,28.12,,SG,480.703125,5.83203125,472,492,4,8,256,regional_mean,11.095429296875
Azure,Southeast Asia,2026-07-26,2048,cpu-heavy,Standard_D2s_v3,4,1.2803,0.0107,29.77,,SG,480.703125,5.83203125,472,492,4,8,256,regional_mean,10.257403515625
Azure,Southeast Asia,2026-07-25,2048,io-heavy,Standard_D2s_v3,4,5.9799,0.0498,96.75,,SG,480.703125,5.83203125,472,492,4,8,256,regional_mean,47.909276953124994
Azure,Southeast Asia,2026-07-26,2048,io-heavy,Standard_D2s_v3,4,5.2892,0.0441,97.92,,SG,480.703125,5.83203125,472,492,4,8,256,regional_mean,42.3755828125
Azure,Southeast Asia,2026-07-25,2048,io-heavy,Standard_D2s_v3,4,4.9387,0.0412,97.8,,SG,480.703125,5.83203125,472,492,4,8,256,regional_mean,39.567475390625
Azure,Southeast Asia,2026-07-26,2048,io-heavy,Standard_D2s_v3,4,4.6917,0.0391,96.44,,SG,480.703125,5.83203125,472,492,4,8,256,regional_mean,37.588580859375
Azure,Southeast Asia,2026-07-25,2048,io-heavy,Standard_D2s_v3,4,4.9841,0.0415,98.0,,SG,480.703125,5.83203125,472,492,4,8,256,regional_mean,39.931207421874994
Azure,Southeast Asia,2026-07-26,2048,io-heavy,Standard_D2s_v3,4,5.5772,0.0465,97.5,,SG,480.703125,5.83203125,472,492,4,8,256,regional_mean,44.68295781250001
Azure,Southeast Asia,2026-07-25,2048,memory-heavy,Standard_D2s_v3,4,2.0926,0.0174,29.17,,SG,480.703125,5.83203125,472,492,4,8,256,regional_mean,16.76532265625
Azure,Southeast Asia,2026-07-26,2048,memory-heavy,Standard_D2s_v3,4,2.0068,0.0167,21.73,,SG,480.703125,5.83203125,472,492,4,8,256,regional_mean,16.0779171875
Azure,Southeast Asia,2026-07-25,2048,memory-heavy,Standard_D2s_v3,4,2.0673,0.0172,19.05,,SG,480.703125,5.83203125,472,492,4,8,256,regional_mean,16.562626171875
Azure,Southeast Asia,2026-07-26,2048,memory-heavy,Standard_D2s_v3,4,1.9414,0.0162,19.67,,SG,480.703125,5.83203125,472,492,4,8,256,regional_mean,15.55395078125
Azure,Southeast Asia,2026-07-25,2048,memory-heavy,Standard_D2s_v3,4,2.0217,0.0168,22.11,,SG,480.703125,5.83203125,472,492,4,8,256,regional_mean,16.197291796875
Azure,Southeast Asia,2026-07-26,2048,memory-heavy,Standard_D2s_v3,4,1.984,0.0165,24.91,,SG,480.703125,5.83203125,472,492,4,8,256,regional_mean,15.89525
Azure,Southeast Asia,2026-07-25,2048,memory-heavy,Standard_D2s_v3,4,1.9816,0.0165,19.58,,SG,480.703125,5.83203125,472,492,4,8,256,regional_mean,15.876021875000001
Azure,Southeast Asia,2026-07-26,2048,memory-heavy,Standard_D2s_v3,4,2.0068,0.0167,16.25,,SG,480.703125,5.83203125,472,492,4,8,256,regional_mean,16.0779171875
Azure,Southeast Asia,2026-07-25,3072,cpu-heavy,Standard_D2s_v3,4,1.6943,0.0141,16.98,,SG,480.703125,5.83203125,472,492,4,8,256,regional_mean,13.574255078124999
Azure,Southeast Asia,2026-07-25,3072,cpu-heavy,Standard_D2s_v3,4,1.6609,0.0138,19.14,,SG,480.703125,5.83203125,472,492,4,8,256,regional_mean,13.306663671875
Azure,Southeast Asia,2026-07-25,3072,io-heavy,Standard_D2s_v3,4,7.3971,0.0616,97.19,,SG,480.703125,5.83203125,472,492,4,8,256,regional_mean,59.263484765625
Azure,Southeast Asia,2026-07-25,3072,io-heavy,Standard_D2s_v3,4,7.6402,0.0637,97.76,,SG,480.703125,5.83203125,472,492,4,8,256,regional_mean,61.211133593750006
Azure,Southeast Asia,2026-07-24,3072,io-heavy,Standard_D2s_v3,4,7.6472,0.0637,97.2,,SG,480.703125,5.83203125,472,492,4,8,256,regional_mean,61.267215625
Azure,Southeast Asia,2026-07-25,3072,memory-heavy,Standard_D2s_v3,4,2.5554,0.0213,16.05,,SG,480.703125,5.83203125,472,492,4,8,256,regional_mean,20.47314609375
Azure,Southeast Asia,2026-07-25,3072,memory-heavy,Standard_D2s_v3,4,2.5978,0.0216,17.57,,SG,480.703125,5.83203125,472,492,4,8,256,regional_mean,20.812842968749997
Azure,Southeast Asia,2026-07-25,5120,cpu-heavy,Standard_D2s_v3,4,2.5369,0.0211,18.05,,SG,480.703125,5.83203125,472,492,4,8,256,regional_mean,20.324929296875002
Azure,Southeast Asia,2026-07-24,5120,cpu-heavy,Standard_D2s_v3,4,2.4966,0.0208,16.6,,SG,480.703125,5.83203125,472,492,4,8,256,regional_mean,20.00205703125
Azure,Southeast Asia,2026-07-25,5120,cpu-heavy,Standard_D2s_v3,4,2.4503,0.0204,13.37,,SG,480.703125,5.83203125,472,492,4,8,256,regional_mean,19.631114453124997
Azure,Southeast Asia,2026-07-24,5120,cpu-heavy,Standard_D2s_v3,4,2.4676,0.0206,17.67,,SG,480.703125,5.83203125,472,492,4,8,256,regional_mean,19.7697171875
Azure,Southeast Asia,2026-07-25,5120,io-heavy,Standard_D2s_v3,4,11.7517,0.0979,97.19,,SG,480.703125,5.83203125,472,492,4,8,256,regional_mean,94.15131523437499
Azure,Southeast Asia,2026-07-24,5120,io-heavy,Standard_D2s_v3,4,12.3481,0.1029,97.15,,SG,480.703125,5.83203125,472,492,4,8,256,regional_mean,98.92950429687501
Azure,Southeast Asia,2026-07-26,5120,io-heavy,Standard_D2s_v3,4,11.4738,0.0956,97.12,,SG,480.703125,5.83203125,472,492,4,8,256,regional_mean,91.92485859375
Azure,Southeast Asia,2026-07-24,5120,io-heavy,Standard_D2s_v3,4,13.0251,0.1085,96.84,,SG,480.703125,5.83203125,472,492,4,8,256,regional_mean,104.353437890625
Azure,Southeast Asia,2026-07-25,5120,memory-heavy,Standard_D2s_v3,4,3.8919,0.0324,9.56,,SG,480.703125,5.83203125,472,492,4,8,256,regional_mean,31.180808203125004
Azure,Southeast Asia,2026-07-24,5120,memory-heavy,Standard_D2s_v3,4,4.066,0.0339,12.25,,SG,480.703125,5.83203125,472,492,4,8,256,regional_mean,32.5756484375
Azure,Southeast Asia,2026-07-25,5120,memory-heavy,Standard_D2s_v3,4,4.0599,0.0338,13.19,,SG,480.703125,5.83203125,472,492,4,8,256,regional_mean,32.526776953125
Azure,Southeast Asia,2026-07-24,5120,memory-heavy,Standard_D2s_v3,4,4.0426,0.0337,15.13,,SG,480.703125,5.83203125,472,492,4,8,256,regional_mean,32.38817421875
Azure,Southeast Asia,2026-07-25,10,cpu-heavy,Standard_D4s_v3,2,0.3324,0.0028,38.62,,SG,480.703125,5.83203125,472,492,4,8,256,regional_mean,2.6630953125
Azure,Southeast Asia,2026-07-25,10,cpu-heavy,Standard_D4s_v3,2,0.3156,0.0026,45.76,,SG,480.703125,5.83203125,472,492,4,8,256,regional_mean,2.5284984375
Azure,Southeast Asia,2026-07-25,10,cpu-heavy,Standard_D4s_v3,2,0.34,0.0028,30.77,,SG,480.703125,5.83203125,472,492,4,8,256,regional_mean,2.723984375
Azure,Southeast Asia,2026-07-25,10,cpu-heavy,Standard_D4s_v3,2,0.3241,0.0027,41.46,,SG,480.703125,5.83203125,472,492,4,8,256,regional_mean,2.596598046875
Azure,Southeast Asia,2026-07-25,10,cpu-heavy,Standard_D4s_v3,2,0.3292,0.0027,41.68,,SG,480.703125,5.83203125,472,492,4,8,256,regional_mean,2.6374578125
Azure,Southeast Asia,2026-07-25,10,cpu-heavy,Standard_D4s_v3,2,0.3561,0.003,46.74,,SG,480.703125,5.83203125,472,492,4,8,256,regional_mean,2.852973046875
Azure,Southeast Asia,2026-07-25,10,io-heavy,Standard_D4s_v3,2,0.3599,0.003,77.18,,SG,480.703125,5.83203125,472,492,4,8,256,regional_mean,2.883417578125
Azure,Southeast Asia,2026-07-25,10,io-heavy,Standard_D4s_v3,2,0.3533,0.0029,77.28,,SG,480.703125,5.83203125,472,492,4,8,256,regional_mean,2.830540234375
Azure,Southeast Asia,2026-07-25,10,io-heavy,Standard_D4s_v3,2,0.4545,0.0038,77.13,,SG,480.703125,5.83203125,472,492,4,8,256,regional_mean,3.641326171875
Azure,Southeast Asia,2026-07-25,10,io-heavy,Standard_D4s_v3,2,0.3737,0.0031,77.61,,SG,480.703125,5.83203125,472,492,4,8,256,regional_mean,2.993979296875
Azure,Southeast Asia,2026-07-25,10,io-heavy,Standard_D4s_v3,2,0.37,0.0031,78.99,,SG,480.703125,5.83203125,472,492,4,8,256,regional_mean,2.9643359375
Azure,Southeast Asia,2026-07-25,10,io-heavy,Standard_D4s_v3,2,0.4516,0.0038,78.72,,SG,480.703125,5.83203125,472,492,4,8,256,regional_mean,3.6180921875
Azure,Southeast Asia,2026-07-25,10,memory-heavy,Standard_D4s_v3,2,0.4289,0.0036,38.7,,SG,480.703125,5.83203125,472,492,4,8,256,regional_mean,3.436226171875
Azure,Southeast Asia,2026-07-25,10,memory-heavy,Standard_D4s_v3,2,0.4377,0.0036,37.61,,SG,480.703125,5.83203125,472,492,4,8,256,regional_mean,3.5067292968749997
Azure,Southeast Asia,2026-07-25,10,memory-heavy,Standard_D4s_v3,2,0.437,0.0036,39.23,,SG,480.703125,5.83203125,472,492,4,8,256,regional_mean,3.50112109375
Azure,Southeast Asia,2026-07-25,10,memory-heavy,Standard_D4s_v3,2,0.4411,0.0037,40.1,,SG,480.703125,5.83203125,472,492,4,8,256,regional_mean,3.533969140625
Azure,Southeast Asia,2026-07-25,10,memory-heavy,Standard_D4s_v3,2,0.4434,0.0037,42.15,,SG,480.703125,5.83203125,472,492,4,8,256,regional_mean,3.55239609375
Azure,Southeast Asia,2026-07-25,10,memory-heavy,Standard_D4s_v3,2,0.4496,0.0037,37.31,,SG,480.703125,5.83203125,472,492,4,8,256,regional_mean,3.60206875
Azure,Southeast Asia,2026-07-25,100,cpu-heavy,Standard_D4s_v3,2,0.3789,0.0032,43.46,,SG,480.703125,5.83203125,472,492,4,8,256,regional_mean,3.035640234375
Azure,Southeast Asia,2026-07-25,100,cpu-heavy,Standard_D4s_v3,2,0.3904,0.0033,43.91,,SG,480.703125,5.83203125,472,492,4,8,256,regional_mean,3.127775
Azure,Southeast Asia,2026-07-25,100,cpu-heavy,Standard_D4s_v3,2,0.3924,0.0033,32.84,,SG,480.703125,5.83203125,472,492,4,8,256,regional_mean,3.1437984375000005
Azure,Southeast Asia,2026-07-25,100,cpu-heavy,Standard_D4s_v3,2,0.384,0.0032,48.87,,SG,480.703125,5.83203125,472,492,4,8,256,regional_mean,3.0765000000000002
Azure,Southeast Asia,2026-07-25,100,cpu-heavy,Standard_D4s_v3,2,0.3732,0.0031,42.24,,SG,480.703125,5.83203125,472,492,4,8,256,regional_mean,2.9899734374999998
Azure,Southeast Asia,2026-07-25,100,cpu-heavy,Standard_D4s_v3,2,0.3977,0.0033,34.46,,SG,480.703125,5.83203125,472,492,4,8,256,regional_mean,3.186260546875
Azure,Southeast Asia,2026-07-25,100,io-heavy,Standard_D4s_v3,2,0.4881,0.0041,86.81,,SG,480.703125,5.83203125,472,492,4,8,256,regional_mean,3.9105199218749997
Azure,Southeast Asia,2026-07-25,100,io-heavy,Standard_D4s_v3,2,0.5032,0.0042,68.25,,SG,480.703125,5.83203125,472,492,4,8,256,regional_mean,4.031496874999999
Azure,Southeast Asia,2026-07-25,100,io-heavy,Standard_D4s_v3,2,0.6127,0.0051,72.35,,SG,480.703125,5.83203125,472,492,4,8,256,regional_mean,4.908780078125001
Azure,Southeast Asia,2026-07-25,100,io-heavy,Standard_D4s_v3,2,0.4773,0.004,83.08,,SG,480.703125,5.83203125,472,492,4,8,256,regional_mean,3.823993359375
Azure,Southeast Asia,2026-07-25,100,io-heavy,Standard_D4s_v3,2,0.4864,0.0041,82.99,,SG,480.703125,5.83203125,472,492,4,8,256,regional_mean,3.8969
Azure,Southeast Asia,2026-07-25,100,io-heavy,Standard_D4s_v3,2,0.6014,0.005,73.43,,SG,480.703125,5.83203125,472,492,4,8,256,regional_mean,4.8182476562500005
Azure,Southeast Asia,2026-07-25,100,memory-heavy,Standard_D4s_v3,2,0.5219,0.0043,37.4,,SG,480.703125,5.83203125,472,492,4,8,256,regional_mean,4.181316015625001
Azure,Southeast Asia,2026-07-25,100,memory-heavy,Standard_D4s_v3,2,0.5276,0.0044,30.84,,SG,480.703125,5.83203125,472,492,4,8,256,regional_mean,4.226982812499999
Azure,Southeast Asia,2026-07-25,100,memory-heavy,Standard_D4s_v3,2,0.5231,0.0044,39.5,,SG,480.703125,5.83203125,472,492,4,8,256,regional_mean,4.190930078125
Azure,Southeast Asia,2026-07-25,100,memory-heavy,Standard_D4s_v3,2,0.529,0.0044,31.87,,SG,480.703125,5.83203125,472,492,4,8,256,regional_mean,4.23819921875
Azure,Southeast Asia,2026-07-25,100,memory-heavy,Standard_D4s_v3,2,0.5234,0.0044,32.59,,SG,480.703125,5.83203125,472,492,4,8,256,regional_mean,4.19333359375
Azure,Southeast Asia,2026-07-25,100,memory-heavy,Standard_D4s_v3,2,0.5366,0.0045,33.51,,SG,480.703125,5.83203125,472,492,4,8,256,regional_mean,4.2990882812499995
Azure,Southeast Asia,2026-07-25,500,cpu-heavy,Standard_D4s_v3,2,0.6448,0.0054,29.7,,SG,480.703125,5.83203125,472,492,4,8,256,regional_mean,5.16595625
Azure,Southeast Asia,2026-07-25,500,cpu-heavy,Standard_D4s_v3,2,0.5985,0.005,23.02,,SG,480.703125,5.83203125,472,492,4,8,256,regional_mean,4.795013671875001
Azure,Southeast Asia,2026-07-25,500,cpu-heavy,Standard_D4s_v3,2,0.598,0.005,23.62,,SG,480.703125,5.83203125,472,492,4,8,256,regional_mean,4.7910078125
Azure,Southeast Asia,2026-07-25,500,cpu-heavy,Standard_D4s_v3,2,0.6075,0.0051,23.51,,SG,480.703125,5.83203125,472,492,4,8,256,regional_mean,4.867119140625
Azure,Southeast Asia,2026-07-25,500,cpu-heavy,Standard_D4s_v3,2,0.6128,0.0051,21.53,,SG,480.703125,5.83203125,472,492,4,8,256,regional_mean,4.90958125
Azure,Southeast Asia,2026-07-25,500,cpu-heavy,Standard_D4s_v3,2,0.61,0.0051,21.03,,SG,480.703125,5.83203125,472,492,4,8,256,regional_mean,4.8871484375
Azure,Southeast Asia,2026-07-25,500,io-heavy,Standard_D4s_v3,2,0.9583,0.008,92.28,,SG,480.703125,5.83203125,472,492,4,8,256,regional_mean,7.677630078125001
Azure,Southeast Asia,2026-07-25,500,io-heavy,Standard_D4s_v3,2,0.9053,0.0075,76.11,,SG,480.703125,5.83203125,472,492,4,8,256,regional_mean,7.2530089843750005
Azure,Southeast Asia,2026-07-25,500,io-heavy,Standard_D4s_v3,2,1.177,0.0098,87.25,,SG,480.703125,5.83203125,472,492,4,8,256,regional_mean,9.42979296875
Azure,Southeast Asia,2026-07-25,500,io-heavy,Standard_D4s_v3,2,0.9189,0.0077,83.23,,SG,480.703125,5.83203125,472,492,4,8,256,regional_mean,7.361968359375
Azure,Southeast Asia,2026-07-25,500,io-heavy,Standard_D4s_v3,2,0.9564,0.008,90.36,,SG,480.703125,5.83203125,472,492,4,8,256,regional_mean,7.6624078125
Azure,Southeast Asia,2026-07-25,500,io-heavy,Standard_D4s_v3,2,0.9529,0.0079,90.55,,SG,480.703125,5.83203125,472,492,4,8,256,regional_mean,7.634366796875
Azure,Southeast Asia,2026-07-25,500,io-heavy,Standard_D4s_v3,2,1.1293,0.0094,85.68,,SG,480.703125,5.83203125,472,492,4,8,256,regional_mean,9.047633984375
Azure,Southeast Asia,2026-07-25,500,io-heavy,Standard_D4s_v3,2,0.9696,0.0081,90.94,,SG,480.703125,5.83203125,472,492,4,8,256,regional_mean,7.768162500000001
Azure,Southeast Asia,2026-07-25,500,memory-heavy,Standard_D4s_v3,2,0.8977,0.0075,26.27,,SG,480.703125,5.83203125,472,492,4,8,256,regional_mean,7.192119921875001
Azure,Southeast Asia,2026-07-25,500,memory-heavy,Standard_D4s_v3,2,0.8537,0.0071,18.91,,SG,480.703125,5.83203125,472,492,4,8,256,regional_mean,6.839604296875001
Azure,Southeast Asia,2026-07-25,500,memory-heavy,Standard_D4s_v3,2,0.8845,0.0074,23.47,,SG,480.703125,5.83203125,472,492,4,8,256,regional_mean,7.086365234374999
Azure,Southeast Asia,2026-07-25,500,memory-heavy,Standard_D4s_v3,2,0.874,0.0073,27.88,,SG,480.703125,5.83203125,472,492,4,8,256,regional_mean,7.0022421875
Azure,Southeast Asia,2026-07-25,500,memory-heavy,Standard_D4s_v3,2,0.8703,0.0073,23.16,,SG,480.703125,5.83203125,472,492,4,8,256,regional_mean,6.972598828124999
Azure,Southeast Asia,2026-07-25,500,memory-heavy,Standard_D4s_v3,2,0.875,0.0073,24.3,,SG,480.703125,5.83203125,472,492,4,8,256,regional_mean,7.01025390625
Azure,Southeast Asia,2026-07-25,500,memory-heavy,Standard_D4s_v3,2,0.7811,0.0065,27.8,,SG,480.703125,5.83203125,472,492,4,8,256,regional_mean,6.257953515625
Azure,Southeast Asia,2026-07-25,1024,cpu-heavy,Standard_D4s_v3,2,0.9404,0.0078,11.4,,SG,480.703125,5.83203125,472,492,4,8,256,regional_mean,7.5342203125000005
Azure,Southeast Asia,2026-07-25,1024,cpu-heavy,Standard_D4s_v3,2,0.9401,0.0078,25.68,,SG,480.703125,5.83203125,472,492,4,8,256,regional_mean,7.531816796875
Azure,Southeast Asia,2026-07-25,1024,cpu-heavy,Standard_D4s_v3,2,0.9044,0.0075,14.63,,SG,480.703125,5.83203125,472,492,4,8,256,regional_mean,7.2457984374999995
Azure,Southeast Asia,2026-07-25,1024,cpu-heavy,Standard_D4s_v3,2,0.8419,0.007,21.5,,SG,480.703125,5.83203125,472,492,4,8,256,regional_mean,6.7450660156249995
Azure,Southeast Asia,2026-07-25,1024,cpu-heavy,Standard_D4s_v3,2,0.8841,0.0074,14.66,,SG,480.703125,5.83203125,472,492,4,8,256,regional_mean,7.083160546875
Azure,Southeast Asia,2026-07-25,1024,cpu-heavy,Standard_D4s_v3,2,0.9131,0.0076,15.81,,SG,480.703125,5.83203125,472,492,4,8,256,regional_mean,7.315500390625
Azure,Southeast Asia,2026-07-25,1024,cpu-heavy,Standard_D4s_v3,2,0.9072,0.0076,14.58,,SG,480.703125,5.83203125,472,492,4,8,256,regional_mean,7.2682312499999995
Azure,Southeast Asia,2026-07-25,1024,cpu-heavy,Standard_D4s_v3,2,0.7711,0.0064,16.18,,SG,480.703125,5.83203125,472,492,4,8,256,regional_mean,6.177836328125
Azure,Southeast Asia,2026-07-25,1024,io-heavy,Standard_D4s_v3,2,1.5345,0.0128,90.67,,SG,480.703125,5.83203125,472,492,4,8,256,regional_mean,12.293982421875
Azure,Southeast Asia,2026-07-25,1024,io-heavy,Standard_D4s_v3,2,1.571,0.0131,90.34,,SG,480.703125,5.83203125,472,492,4,8,256,regional_mean,12.58641015625
Azure,Southeast Asia,2026-07-25,1024,io-heavy,Standard_D4s_v3,2,1.8897,0.0157,89.46,,SG,480.703125,5.83203125,472,492,4,8,256,regional_mean,15.139744921875002
Azure,Southeast Asia,2026-07-25,1024,io-heavy,Standard_D4s_v3,2,1.5375,0.0128,88.82,,SG,480.703125,5.83203125,472,492,4,8,256,regional_mean,12.318017578125001
Azure,Southeast Asia,2026-07-25,1024,io-heavy,Standard_D4s_v3,2,1.5062,0.0126,79.11,,SG,480.703125,5.83203125,472,492,4,8,256,regional_mean,12.06725078125
Azure,Southeast Asia,2026-07-25,1024,io-heavy,Standard_D4s_v3,2,1.5551,0.013,90.32,,SG,480.703125,5.83203125,472,492,4,8,256,regional_mean,12.459023828125
Azure,Southeast Asia,2026-07-25,1024,io-heavy,Standard_D4s_v3,2,1.905,0.0159,86.84,,SG,480.703125,5.83203125,472,492,4,8,256,regional_mean,15.26232421875
Azure,Southeast Asia,2026-07-25,1024,io-heavy,Standard_D4s_v3,2,1.7432,0.0145,85.03,,SG,480.703125,5.83203125,472,492,4,8,256,regional_mean,13.966028125
Azure,Southeast Asia,2026-07-25,1024,memory-heavy,Standard_D4s_v3,2,1.387,0.0116,16.04,,SG,480.703125,5.83203125,472,492,4,8,256,regional_mean,11.11225390625
Azure,Southeast Asia,2026-07-25,1024,memory-heavy,Standard_D4s_v3,2,1.3475,0.0112,11.97,,SG,480.703125,5.83203125,472,492,4,8,256,regional_mean,10.795791015625
Azure,Southeast Asia,2026-07-25,1024,memory-heavy,Standard_D4s_v3,2,1.2836,0.0107,21.42,,SG,480.703125,5.83203125,472,492,4,8,256,regional_mean,10.2838421875
Azure,Southeast Asia,2026-07-25,1024,memory-heavy,Standard_D4s_v3,2,1.1622,0.0097,12.61,,SG,480.703125,5.83203125,472,492,4,8,256,regional_mean,9.31121953125
Azure,Southeast Asia,2026-07-25,1024,memory-heavy,Standard_D4s_v3,2,1.4128,0.0118,19.4,,SG,480.703125,5.83203125,472,492,4,8,256,regional_mean,11.31895625
Azure,Southeast Asia,2026-07-25,1024,memory-heavy,Standard_D4s_v3,2,1.4324,0.0119,13.29,,SG,480.703125,5.83203125,472,492,4,8,256,regional_mean,11.475985937499999
Azure,Southeast Asia,2026-07-25,1024,memory-heavy,Standard_D4s_v3,2,1.3151,0.011,17.99,,SG,480.703125,5.83203125,472,492,4,8,256,regional_mean,10.536211328124999
Azure,Southeast Asia,2026-07-25,1024,memory-heavy,Standard_D4s_v3,2,1.2238,0.0102,18.81,,SG,480.703125,5.83203125,472,492,4,8,256,regional_mean,9.80474140625
Azure,Southeast Asia,2026-07-25,2048,cpu-heavy,Standard_D4s_v3,2,1.4103,0.0118,13.49,,SG,480.703125,5.83203125,472,492,4,8,256,regional_mean,11.298926953125001
Azure,Southeast Asia,2026-07-25,2048,cpu-heavy,Standard_D4s_v3,2,1.3801,0.0115,25.74,,SG,480.703125,5.83203125,472,492,4,8,256,regional_mean,11.056973046875001
Azure,Southeast Asia,2026-07-25,2048,cpu-heavy,Standard_D4s_v3,2,1.4262,0.0119,17.16,,SG,480.703125,5.83203125,472,492,4,8,256,regional_mean,11.42631328125
Azure,Southeast Asia,2026-07-25,2048,cpu-heavy,Standard_D4s_v3,2,1.2842,0.0107,10.96,,SG,480.703125,5.83203125,472,492,4,8,256,regional_mean,10.28864921875
Azure,Southeast Asia,2026-07-25,2048,cpu-heavy,Standard_D4s_v3,2,1.3977,0.0116,10.1,,SG,480.703125,5.83203125,472,492,4,8,256,regional_mean,11.197979296875
Azure,Southeast Asia,2026-07-25,2048,cpu-heavy,Standard_D4s_v3,2,1.4909,0.0124,10.3,,SG,480.703125,5.83203125,472,492,4,8,256,regional_mean,11.944671484374998
Azure,Southeast Asia,2026-07-26,2048,cpu-heavy,Standard_D4s_v3,2,1.4319,0.0119,11.84,,SG,480.703125,5.83203125,472,492,4,8,256,regional_mean,11.471980078125
Azure,Southeast Asia,2026-07-25,2048,cpu-heavy,Standard_D4s_v3,2,1.2924,0.0108,10.06,,SG,480.703125,5.83203125,472,492,4,8,256,regional_mean,10.3543453125
Azure,Southeast Asia,2026-07-25,2048,io-heavy,Standard_D4s_v3,2,2.7078,0.0226,89.49,,SG,480.703125,5.83203125,472,492,4,8,256,regional_mean,21.694132031250003
Azure,Southeast Asia,2026-07-25,2048,io-heavy,Standard_D4s_v3,2,2.588,0.0216,93.57,,SG,480.703125,5.83203125,472,492,4,8,256,regional_mean,20.734328125
Azure,Southeast Asia,2026-07-26,2048,io-heavy,Standard_D4s_v3,2,3.2568,0.0271,93.19,,SG,480.703125,5.83203125,472,492,4,8,256,regional_mean,26.092565625000002
Azure,Southeast Asia,2026-07-25,2048,io-heavy,Standard_D4s_v3,2,2.7477,0.0229,88.78,,SG,480.703125,5.83203125,472,492,4,8,256,regional_mean,22.013799609375003
Azure,Southeast Asia,2026-07-25,2048,io-heavy,Standard_D4s_v3,2,2.6413,0.022,89.13,,SG,480.703125,5.83203125,472,492,4,8,256,regional_mean,21.161352734375
Azure,Southeast Asia,2026-07-25,2048,io-heavy,Standard_D4s_v3,2,2.9045,0.0242,89.27,,SG,480.703125,5.83203125,472,492,4,8,256,regional_mean,23.270037109375004
Azure,Southeast Asia,2026-07-26,2048,io-heavy,Standard_D4s_v3,2,3.3318,0.0278,88.2,,SG,480.703125,5.83203125,472,492,4,8,256,regional_mean,26.693444531249998
Azure,Southeast Asia,2026-07-25,2048,io-heavy,Standard_D4s_v3,2,2.7536,0.0229,88.48,,SG,480.703125,5.83203125,472,492,4,8,256,regional_mean,22.06106875
Azure,Southeast Asia,2026-07-25,2048,memory-heavy,Standard_D4s_v3,2,2.4245,0.0202,7.81,,SG,480.703125,5.83203125,472,492,4,8,256,regional_mean,19.424412109375
Azure,Southeast Asia,2026-07-25,2048,memory-heavy,Standard_D4s_v3,2,2.384,0.0199,9.12,,SG,480.703125,5.83203125,472,492,4,8,256,regional_mean,19.0999375
Azure,Southeast Asia,2026-07-26,2048,memory-heavy,Standard_D4s_v3,2,2.1068,0.0176,8.29,,SG,480.703125,5.83203125,472,492,4,8,256,regional_mean,16.879089062499997
Azure,Southeast Asia,2026-07-25,2048,memory-heavy,Standard_D4s_v3,2,2.0508,0.0171,12.26,,SG,480.703125,5.83203125,472,492,4,8,256,regional_mean,16.4304328125
Azure,Southeast Asia,2026-07-25,2048,memory-heavy,Standard_D4s_v3,2,2.3168,0.0193,8.35,,SG,480.703125,5.83203125,472,492,4,8,256,regional_mean,18.561550000000004
Azure,Southeast Asia,2026-07-25,2048,memory-heavy,Standard_D4s_v3,2,2.3339,0.0194,5.72,,SG,480.703125,5.83203125,472,492,4,8,256,regional_mean,18.698550390625
Azure,Southeast Asia,2026-07-26,2048,memory-heavy,Standard_D4s_v3,2,2.1081,0.0176,5.9,,SG,480.703125,5.83203125,472,492,4,8,256,regional_mean,16.889504296875
Azure,Southeast Asia,2026-07-25,2048,memory-heavy,Standard_D4s_v3,2,2.1075,0.0176,6.78,,SG,480.703125,5.83203125,472,492,4,8,256,regional_mean,16.884697265624997
Azure,Southeast Asia,2026-07-25,3072,cpu-heavy,Standard_D4s_v3,2,2.0815,0.0173,7.18,,SG,480.703125,5.83203125,472,492,4,8,256,regional_mean,16.676392578125
Azure,Southeast Asia,2026-07-26,3072,cpu-heavy,Standard_D4s_v3,2,1.9543,0.0163,8.29,,SG,480.703125,5.83203125,472,492,4,8,256,regional_mean,15.657301953125
Azure,Southeast Asia,2026-07-25,3072,cpu-heavy,Standard_D4s_v3,2,2.0756,0.0173,6.69,,SG,480.703125,5.83203125,472,492,4,8,256,regional_mean,16.629123437500002
Azure,Southeast Asia,2026-07-26,3072,cpu-heavy,Standard_D4s_v3,2,1.9568,0.0163,7.71,,SG,480.703125,5.83203125,472,492,4,8,256,regional_mean,15.67733125
Azure,Southeast Asia,2026-07-25,3072,io-heavy,Standard_D4s_v3,2,3.6906,0.0308,88.87,,SG,480.703125,5.83203125,472,492,4,8,256,regional_mean,29.568049218749998
Azure,Southeast Asia,2026-07-26,3072,io-heavy,Standard_D4s_v3,2,4.7109,0.0393,90.06,,SG,480.703125,5.83203125,472,492,4,8,256,regional_mean,37.74240585937499
Azure,Southeast Asia,2026-07-25,3072,io-heavy,Standard_D4s_v3,2,3.7414,0.0312,88.25,,SG,480.703125,5.83203125,472,492,4,8,256,regional_mean,29.97504453125
Azure,Southeast Asia,2026-07-26,3072,io-heavy,Standard_D4s_v3,2,4.6907,0.0391,90.3,,SG,480.703125,5.83203125,472,492,4,8,256,regional_mean,37.580569140624995
Azure,Southeast Asia,2026-07-25,3072,memory-heavy,Standard_D4s_v3,2,3.4081,0.0284,5.93,,SG,480.703125,5.83203125,472,492,4,8,256,regional_mean,27.304738671875
Azure,Southeast Asia,2026-07-26,3072,memory-heavy,Standard_D4s_v3,2,3.0928,0.0258,5.31,,SG,480.703125,5.83203125,472,492,4,8,256,regional_mean,24.77864375
Azure,Southeast Asia,2026-07-25,3072,memory-heavy,Standard_D4s_v3,2,3.1998,0.0267,5.74,,SG,480.703125,5.83203125,472,492,4,8,256,regional_mean,25.635897656250002
Azure,Southeast Asia,2026-07-26,3072,memory-heavy,Standard_D4s_v3,2,3.1175,0.026,8.71,,SG,480.703125,5.83203125,472,492,4,8,256,regional_mean,24.976533203125
Azure,Southeast Asia,2026-07-25,5120,cpu-heavy,Standard_D4s_v3,2,3.2793,0.0273,5.51,,SG,480.703125,5.83203125,472,492,4,8,256,regional_mean,26.272829296875003
Azure,Southeast Asia,2026-07-26,5120,cpu-heavy,Standard_D4s_v3,2,3.0942,0.0258,6.54,,SG,480.703125,5.83203125,472,492,4,8,256,regional_mean,24.78986015625
Azure,Southeast Asia,2026-07-25,5120,cpu-heavy,Standard_D4s_v3,2,3.2778,0.0273,5.16,,SG,480.703125,5.83203125,472,492,4,8,256,regional_mean,26.26081171875
Azure,Southeast Asia,2026-07-26,5120,cpu-heavy,Standard_D4s_v3,2,2.9843,0.0249,6.71,,SG,480.703125,5.83203125,472,492,4,8,256,regional_mean,23.909372265625002
Azure,Southeast Asia,2026-07-25,5120,io-heavy,Standard_D4s_v3,2,4.5121,0.0376,95.58,,SG,480.703125,5.83203125,472,492,4,8,256,regional_mean,36.149676171875
Azure,Southeast Asia,2026-07-25,5120,io-heavy,Standard_D4s_v3,2,4.8782,0.0407,96.57,,SG,480.703125,5.83203125,472,492,4,8,256,regional_mean,39.082766406249995
Azure,Southeast Asia,2026-07-25,5120,memory-heavy,Standard_D4s_v3,2,5.4254,0.0452,6.24,,SG,480.703125,5.83203125,472,492,4,8,256,regional_mean,43.46677890625
Azure,Southeast Asia,2026-07-25,5120,memory-heavy,Standard_D4s_v3,2,5.3084,0.0442,4.5,,SG,480.703125,5.83203125,472,492,4,8,256,regional_mean,42.5294078125
Azure,Southeast Asia,2026-07-25,10,cpu-heavy,Standard_D4s_v3,4,0.3432,0.0057,38.52,,SG,480.703125,5.83203125,472,492,4,8,256,regional_mean,2.7496218750000003
Azure,Southeast Asia,2026-07-25,10,cpu-heavy,Standard_D4s_v3,4,0.3535,0.0059,54.03,,SG,480.703125,5.83203125,472,492,4,8,256,regional_mean,2.832142578125
Azure,Southeast Asia,2026-07-22,10,cpu-heavy,Standard_D4s_v3,4,0.3592,0.006,57.17,,SG,480.703125,5.83203125,472,492,4,8,256,regional_mean,2.877809375
Azure,Southeast Asia,2026-07-25,10,cpu-heavy,Standard_D4s_v3,4,0.319,0.0053,42.81,,SG,480.703125,5.83203125,472,492,4,8,256,regional_mean,2.55573828125
Azure,Southeast Asia,2026-07-25,10,cpu-heavy,Standard_D4s_v3,4,0.3506,0.0058,45.45,,SG,480.703125,5.83203125,472,492,4,8,256,regional_mean,2.8089085937500005
Azure,Southeast Asia,2026-07-22,10,cpu-heavy,Standard_D4s_v3,4,0.3499,0.0058,54.81,,SG,480.703125,5.83203125,472,492,4,8,256,regional_mean,2.803300390625
Azure,Southeast Asia,2026-07-25,10,io-heavy,Standard_D4s_v3,4,0.3646,0.0061,73.23,,SG,480.703125,5.83203125,472,492,4,8,256,regional_mean,2.92107265625
Azure,Southeast Asia,2026-07-25,10,io-heavy,Standard_D4s_v3,4,0.4483,0.0075,77.43,,SG,480.703125,5.83203125,472,492,4,8,256,regional_mean,3.591653515625
Azure,Southeast Asia,2026-07-22,10,io-heavy,Standard_D4s_v3,4,0.4465,0.0074,77.72,,SG,480.703125,5.83203125,472,492,4,8,256,regional_mean,3.5772324218750002
Azure,Southeast Asia,2026-07-25,10,io-heavy,Standard_D4s_v3,4,0.3646,0.0061,75.98,,SG,480.703125,5.83203125,472,492,4,8,256,regional_mean,2.92107265625
Azure,Southeast Asia,2026-07-25,10,io-heavy,Standard_D4s_v3,4,0.4368,0.0073,79.8,,SG,480.703125,5.83203125,472,492,4,8,256,regional_mean,3.49951875
Azure,Southeast Asia,2026-07-22,10,io-heavy,Standard_D4s_v3,4,0.4363,0.0073,83.15,,SG,480.703125,5.83203125,472,492,4,8,256,regional_mean,3.495512890625
Azure,Southeast Asia,2026-07-25,10,memory-heavy,Standard_D4s_v3,4,0.4043,0.0067,30.53,,SG,480.703125,5.83203125,472,492,4,8,256,regional_mean,3.239137890625
Azure,Southeast Asia,2026-07-25,10,memory-heavy,Standard_D4s_v3,4,0.4443,0.0074,47.21,,SG,480.703125,5.83203125,472,492,4,8,256,regional_mean,3.5596066406249998
Azure,Southeast Asia,2026-07-22,10,memory-heavy,Standard_D4s_v3,4,0.4413,0.0074,50.58,,SG,480.703125,5.83203125,472,492,4,8,256,regional_mean,3.535571484375
Azure,Southeast Asia,2026-07-25,10,memory-heavy,Standard_D4s_v3,4,0.4106,0.0068,37.7,,SG,480.703125,5.83203125,472,492,4,8,256,regional_mean,3.2896117187500002
Azure,Southeast Asia,2026-07-25,10,memory-heavy,Standard_D4s_v3,4,0.4459,0.0074,49.0,,SG,480.703125,5.83203125,472,492,4,8,256,regional_mean,3.5724253906250003
Azure,Southeast Asia,2026-07-22,10,memory-heavy,Standard_D4s_v3,4,0.4324,0.0072,47.6,,SG,480.703125,5.83203125,472,492,4,8,256,regional_mean,3.4642671875
Azure,Southeast Asia,2026-07-25,100,cpu-heavy,Standard_D4s_v3,4,0.3676,0.0061,46.36,,SG,480.703125,5.83203125,472,492,4,8,256,regional_mean,2.9451078125
Azure,Southeast Asia,2026-07-25,100,cpu-heavy,Standard_D4s_v3,4,0.3923,0.0065,36.78,,SG,480.703125,5.83203125,472,492,4,8,256,regional_mean,3.1429972656249996
Azure,Southeast Asia,2026-07-22,100,cpu-heavy,Standard_D4s_v3,4,0.3905,0.0065,42.38,,SG,480.703125,5.83203125,472,492,4,8,256,regional_mean,3.1285761718750003
Azure,Southeast Asia,2026-07-25,100,cpu-heavy,Standard_D4s_v3,4,0.3954,0.0066,31.04,,SG,480.703125,5.83203125,472,492,4,8,256,regional_mean,3.1678335937499997
Azure,Southeast Asia,2026-07-25,100,cpu-heavy,Standard_D4s_v3,4,0.388,0.0065,43.06,,SG,480.703125,5.83203125,472,492,4,8,256,regional_mean,3.108546875
Azure,Southeast Asia,2026-07-22,100,cpu-heavy,Standard_D4s_v3,4,0.4023,0.0067,36.26,,SG,480.703125,5.83203125,472,492,4,8,256,regional_mean,3.223114453125
Azure,Southeast Asia,2026-07-25,100,io-heavy,Standard_D4s_v3,4,0.5743,0.0096,85.78,,SG,480.703125,5.83203125,472,492,4,8,256,regional_mean,4.601130078125
Azure,Southeast Asia,2026-07-25,100,io-heavy,Standard_D4s_v3,4,0.4926,0.0082,82.24,,SG,480.703125,5.83203125,472,492,4,8,256,regional_mean,3.9465726562500003
Azure,Southeast Asia,2026-07-22,100,io-heavy,Standard_D4s_v3,4,0.5613,0.0094,84.99,,SG,480.703125,5.83203125,472,492,4,8,256,regional_mean,4.496977734375
Azure,Southeast Asia,2026-07-25,100,io-heavy,Standard_D4s_v3,4,0.5714,0.0095,85.44,,SG,480.703125,5.83203125,472,492,4,8,256,regional_mean,4.57789609375
Azure,Southeast Asia,2026-07-25,100,io-heavy,Standard_D4s_v3,4,0.4745,0.0079,79.24,,SG,480.703125,5.83203125,472,492,4,8,256,regional_mean,3.801560546875
Azure,Southeast Asia,2026-07-22,100,io-heavy,Standard_D4s_v3,4,0.5548,0.0092,84.28,,SG,480.703125,5.83203125,472,492,4,8,256,regional_mean,4.444901562499999
Azure,Southeast Asia,2026-07-25,100,memory-heavy,Standard_D4s_v3,4,0.4952,0.0083,31.49,,SG,480.703125,5.83203125,472,492,4,8,256,regional_mean,3.9674031249999997
Azure,Southeast Asia,2026-07-25,100,memory-heavy,Standard_D4s_v3,4,0.4705,0.0078,42.1,,SG,480.703125,5.83203125,472,492,4,8,256,regional_mean,3.769513671875
Azure,Southeast Asia,2026-07-22,100,memory-heavy,Standard_D4s_v3,4,0.5129,0.0085,38.83,,SG,480.703125,5.83203125,472,492,4,8,256,regional_mean,4.1092105468749995
Azure,Southeast Asia,2026-07-25,100,memory-heavy,Standard_D4s_v3,4,0.5037,0.0084,25.11,,SG,480.703125,5.83203125,472,492,4,8,256,regional_mean,4.035502734375001
Azure,Southeast Asia,2026-07-25,100,memory-heavy,Standard_D4s_v3,4,0.486,0.0081,30.88,,SG,480.703125,5.83203125,472,492,4,8,256,regional_mean,3.8936953125
Azure,Southeast Asia,2026-07-22,100,memory-heavy,Standard_D4s_v3,4,0.5071,0.0085,34.55,,SG,480.703125,5.83203125,472,492,4,8,256,regional_mean,4.0627425781249995
Azure,Southeast Asia,2026-07-25,500,cpu-heavy,Standard_D4s_v3,4,0.462,0.0077,35.48,,SG,480.703125,5.83203125,472,492,4,8,256,regional_mean,3.7014140625
Azure,Southeast Asia,2026-07-25,500,cpu-heavy,Standard_D4s_v3,4,0.4447,0.0074,25.41,,SG,480.703125,5.83203125,472,492,4,8,256,regional_mean,3.562811328125
Azure,Southeast Asia,2026-07-22,500,cpu-heavy,Standard_D4s_v3,4,0.5005,0.0083,36.02,,SG,480.703125,5.83203125,472,492,4,8,256,regional_mean,4.009865234375
Azure,Southeast Asia,2026-07-25,500,cpu-heavy,Standard_D4s_v3,4,0.461,0.0077,26.74,,SG,480.703125,5.83203125,472,492,4,8,256,regional_mean,3.6934023437500003
Azure,Southeast Asia,2026-07-25,500,cpu-heavy,Standard_D4s_v3,4,0.4449,0.0074,25.95,,SG,480.703125,5.83203125,472,492,4,8,256,regional_mean,3.564413671875
Azure,Southeast Asia,2026-07-22,500,cpu-heavy,Standard_D4s_v3,4,0.4733,0.0079,35.32,,SG,480.703125,5.83203125,472,492,4,8,256,regional_mean,3.7919464843750004
Azure,Southeast Asia,2026-07-25,500,io-heavy,Standard_D4s_v3,4,1.1461,0.0191,89.83,,SG,480.703125,5.83203125,472,492,4,8,256,regional_mean,9.182230859375
Azure,Southeast Asia,2026-07-25,500,io-heavy,Standard_D4s_v3,4,0.9164,0.0153,77.99,,SG,480.703125,5.83203125,472,492,4,8,256,regional_mean,7.3419390625
Azure,Southeast Asia,2026-07-22,500,io-heavy,Standard_D4s_v3,4,1.0366,0.0173,86.51,,SG,480.703125,5.83203125,472,492,4,8,256,regional_mean,8.30494765625
Azure,Southeast Asia,2026-07-25,500,io-heavy,Standard_D4s_v3,4,1.1116,0.0185,79.56,,SG,480.703125,5.83203125,472,492,4,8,256,regional_mean,8.9058265625
Azure,Southeast Asia,2026-07-25,500,io-heavy,Standard_D4s_v3,4,0.9138,0.0152,81.01,,SG,480.703125,5.83203125,472,492,4,8,256,regional_mean,7.321108593749999
Azure,Southeast Asia,2026-07-22,500,io-heavy,Standard_D4s_v3,4,1.0628,0.0177,89.35,,SG,480.703125,5.83203125,472,492,4,8,256,regional_mean,8.5148546875
Azure,Southeast Asia,2026-07-25,500,memory-heavy,Standard_D4s_v3,4,0.6213,0.0104,32.25,,SG,480.703125,5.83203125,472,492,4,8,256,regional_mean,4.977680859375
Azure,Southeast Asia,2026-07-25,500,memory-heavy,Standard_D4s_v3,4,0.6124,0.0102,20.78,,SG,480.703125,5.83203125,472,492,4,8,256,regional_mean,4.9063765625
Azure,Southeast Asia,2026-07-22,500,memory-heavy,Standard_D4s_v3,4,0.6429,0.0107,30.98,,SG,480.703125,5.83203125,472,492,4,8,256,regional_mean,5.150733984375
Azure,Southeast Asia,2026-07-25,500,memory-heavy,Standard_D4s_v3,4,0.6059,0.0101,21.33,,SG,480.703125,5.83203125,472,492,4,8,256,regional_mean,4.854300390624999
Azure,Southeast Asia,2026-07-25,500,memory-heavy,Standard_D4s_v3,4,0.637,0.0106,27.12,,SG,480.703125,5.83203125,472,492,4,8,256,regional_mean,5.10346484375
Azure,Southeast Asia,2026-07-22,500,memory-heavy,Standard_D4s_v3,4,0.6356,0.0106,29.45,,SG,480.703125,5.83203125,472,492,4,8,256,regional_mean,5.0922484375
Azure,Southeast Asia,2026-07-25,1024,cpu-heavy,Standard_D4s_v3,4,0.5542,0.0092,24.74,,SG,480.703125,5.83203125,472,492,4,8,256,regional_mean,4.440094531250001
Azure,Southeast Asia,2026-07-25,1024,cpu-heavy,Standard_D4s_v3,4,0.5435,0.0091,27.11,,SG,480.703125,5.83203125,472,492,4,8,256,regional_mean,4.354369140625
Azure,Southeast Asia,2026-07-22,1024,cpu-heavy,Standard_D4s_v3,4,0.5811,0.0097,32.61,,SG,480.703125,5.83203125,472,492,4,8,256,regional_mean,4.655609765625
Azure,Southeast Asia,2026-07-25,1024,cpu-heavy,Standard_D4s_v3,4,0.5528,0.0092,21.02,,SG,480.703125,5.83203125,472,492,4,8,256,regional_mean,4.428878125
Azure,Southeast Asia,2026-07-25,1024,cpu-heavy,Standard_D4s_v3,4,0.5618,0.0094,21.41,,SG,480.703125,5.83203125,472,492,4,8,256,regional_mean,4.50098359375
Azure,Southeast Asia,2026-07-22,1024,cpu-heavy,Standard_D4s_v3,4,0.5692,0.0095,29.32,,SG,480.703125,5.83203125,472,492,4,8,256,regional_mean,4.5602703125
Azure,Southeast Asia,2026-07-25,1024,io-heavy,Standard_D4s_v3,4,1.8619,0.031,91.6,,SG,480.703125,5.83203125,472,492,4,8,256,regional_mean,14.917019140625001
Azure,Southeast Asia,2026-07-25,1024,io-heavy,Standard_D4s_v3,4,1.5258,0.0254,89.35,,SG,480.703125,5.83203125,472,492,4,8,256,regional_mean,12.22428046875
Azure,Southeast Asia,2026-07-22,1024,io-heavy,Standard_D4s_v3,4,1.8916,0.0315,87.07,,SG,480.703125,5.83203125,472,492,4,8,256,regional_mean,15.1549671875
Azure,Southeast Asia,2026-07-25,1024,io-heavy,Standard_D4s_v3,4,1.7935,0.0299,90.51,,SG,480.703125,5.83203125,472,492,4,8,256,regional_mean,14.369017578125
Azure,Southeast Asia,2026-07-25,1024,io-heavy,Standard_D4s_v3,4,1.557,0.0259,89.76,,SG,480.703125,5.83203125,472,492,4,8,256,regional_mean,12.474246093749999
Azure,Southeast Asia,2026-07-22,1024,io-heavy,Standard_D4s_v3,4,1.7789,0.0296,91.11,,SG,480.703125,5.83203125,472,492,4,8,256,regional_mean,14.252046484374999
Azure,Southeast Asia,2026-07-25,1024,memory-heavy,Standard_D4s_v3,4,0.7751,0.0129,27.13,,SG,480.703125,5.83203125,472,492,4,8,256,regional_mean,6.209883203125
Azure,Southeast Asia,2026-07-25,1024,memory-heavy,Standard_D4s_v3,4,0.7691,0.0128,29.54,,SG,480.703125,5.83203125,472,492,4,8,256,regional_mean,6.161812890625
Azure,Southeast Asia,2026-07-22,1024,memory-heavy,Standard_D4s_v3,4,0.8073,0.0135,19.53,,SG,480.703125,5.83203125,472,492,4,8,256,regional_mean,6.467860546875
Azure,Southeast Asia,2026-07-25,1024,memory-heavy,Standard_D4s_v3,4,0.8373,0.014,14.1,,SG,480.703125,5.83203125,472,492,4,8,256,regional_mean,6.708212109375
Azure,Southeast Asia,2026-07-25,1024,memory-heavy,Standard_D4s_v3,4,0.7716,0.0129,26.08,,SG,480.703125,5.83203125,472,492,4,8,256,regional_mean,6.1818421875
Azure,Southeast Asia,2026-07-22,1024,memory-heavy,Standard_D4s_v3,4,0.7923,0.0132,25.19,,SG,480.703125,5.83203125,472,492,4,8,256,regional_mean,6.347684765625
Azure,Southeast Asia,2026-07-25,2048,cpu-heavy,Standard_D4s_v3,4,0.8381,0.014,18.04,,SG,480.703125,5.83203125,472,492,4,8,256,regional_mean,6.714621484375
Azure,Southeast Asia,2026-07-25,2048,cpu-heavy,Standard_D4s_v3,4,0.8042,0.0134,15.08,,SG,480.703125,5.83203125,472,492,4,8,256,regional_mean,6.44302421875
Azure,Southeast Asia,2026-07-22,2048,cpu-heavy,Standard_D4s_v3,4,0.8934,0.0149,14.29,,SG,480.703125,5.83203125,472,492,4,8,256,regional_mean,7.15766953125
Azure,Southeast Asia,2026-07-25,2048,cpu-heavy,Standard_D4s_v3,4,0.8263,0.0138,21.2,,SG,480.703125,5.83203125,472,492,4,8,256,regional_mean,6.620083203125
Azure,Southeast Asia,2026-07-25,2048,cpu-heavy,Standard_D4s_v3,4,0.7683,0.0128,15.81,,SG,480.703125,5.83203125,472,492,4,8,256,regional_mean,6.155403515625
Azure,Southeast Asia,2026-07-22,2048,cpu-heavy,Standard_D4s_v3,4,0.8371,0.014,17.92,,SG,480.703125,5.83203125,472,492,4,8,256,regional_mean,6.706609765625
Azure,Southeast Asia,2026-07-25,2048,io-heavy,Standard_D4s_v3,4,2.6175,0.0436,86.52,,SG,480.703125,5.83203125,472,492,4,8,256,regional_mean,20.970673828125
Azure,Southeast Asia,2026-07-25,2048,io-heavy,Standard_D4s_v3,4,3.2349,0.0539,91.1,,SG,480.703125,5.83203125,472,492,4,8,256,regional_mean,25.917108984375
Azure,Southeast Asia,2026-07-22,2048,io-heavy,Standard_D4s_v3,4,3.1183,0.052,90.9,,SG,480.703125,5.83203125,472,492,4,8,256,regional_mean,24.982942578124998
Azure,Southeast Asia,2026-07-25,2048,io-heavy,Standard_D4s_v3,4,2.7204,0.0453,85.2,,SG,480.703125,5.83203125,472,492,4,8,256,regional_mean,21.795079687500003
Azure,Southeast Asia,2026-07-22,2048,io-heavy,Standard_D4s_v3,4,2.9679,0.0495,88.5,,SG,480.703125,5.83203125,472,492,4,8,256,regional_mean,23.777980078125
Azure,Southeast Asia,2026-07-25,2048,memory-heavy,Standard_D4s_v3,4,1.1783,0.0196,18.82,,SG,480.703125,5.83203125,472,492,4,8,256,regional_mean,9.440208203124998
Azure,Southeast Asia,2026-07-25,2048,memory-heavy,Standard_D4s_v3,4,1.2116,0.0202,17.12,,SG,480.703125,5.83203125,472,492,4,8,256,regional_mean,9.706998437500001
Azure,Southeast Asia,2026-07-22,2048,memory-heavy,Standard_D4s_v3,4,1.2254,0.0204,18.83,,SG,480.703125,5.83203125,472,492,4,8,256,regional_mean,9.817560156250002
Azure,Southeast Asia,2026-07-25,2048,memory-heavy,Standard_D4s_v3,4,1.1968,0.0199,17.29,,SG,480.703125,5.83203125,472,492,4,8,256,regional_mean,9.588425
Azure,Southeast Asia,2026-07-25,2048,memory-heavy,Standard_D4s_v3,4,1.2185,0.0203,18.3,,SG,480.703125,5.83203125,472,492,4,8,256,regional_mean,9.762279296874999
Azure,Southeast Asia,2026-07-22,2048,memory-heavy,Standard_D4s_v3,4,1.2707,0.0212,15.74,,SG,480.703125,5.83203125,472,492,4,8,256,regional_mean,10.180491015625
Azure,Southeast Asia,2026-07-25,3072,cpu-heavy,Standard_D4s_v3,4,0.9336,0.0156,17.83,,SG,480.703125,5.83203125,472,492,4,8,256,regional_mean,7.479740625
Azure,Southeast Asia,2026-07-22,3072,cpu-heavy,Standard_D4s_v3,4,0.9259,0.0154,18.07,,SG,480.703125,5.83203125,472,492,4,8,256,regional_mean,7.418050390625
Azure,Southeast Asia,2026-07-25,3072,cpu-heavy,Standard_D4s_v3,4,0.936,0.0156,14.96,,SG,480.703125,5.83203125,472,492,4,8,256,regional_mean,7.49896875
Azure,Southeast Asia,2026-07-22,3072,cpu-heavy,Standard_D4s_v3,4,0.977,0.0163,17.33,,SG,480.703125,5.83203125,472,492,4,8,256,regional_mean,7.82744921875
Azure,Southeast Asia,2026-07-25,3072,io-heavy,Standard_D4s_v3,4,3.7871,0.0631,89.81,,SG,480.703125,5.83203125,472,492,4,8,256,regional_mean,30.341180078125
Azure,Southeast Asia,2026-07-22,3072,io-heavy,Standard_D4s_v3,4,4.412,0.0735,89.5,,SG,480.703125,5.83203125,472,492,4,8,256,regional_mean,35.347703124999995
Azure,Southeast Asia,2026-07-25,3072,io-heavy,Standard_D4s_v3,4,3.8513,0.0642,88.97,,SG,480.703125,5.83203125,472,492,4,8,256,regional_mean,30.855532421875
Azure,Southeast Asia,2026-07-22,3072,io-heavy,Standard_D4s_v3,4,4.2115,0.0702,88.76,,SG,480.703125,5.83203125,472,492,4,8,256,regional_mean,33.741353515625
Azure,Southeast Asia,2026-07-25,3072,memory-heavy,Standard_D4s_v3,4,1.4805,0.0247,15.86,,SG,480.703125,5.83203125,472,492,4,8,256,regional_mean,11.861349609374999
Azure,Southeast Asia,2026-07-22,3072,memory-heavy,Standard_D4s_v3,4,1.4515,0.0242,13.56,,SG,480.703125,5.83203125,472,492,4,8,256,regional_mean,11.629009765625
Azure,Southeast Asia,2026-07-25,3072,memory-heavy,Standard_D4s_v3,4,1.4531,0.0242,10.26,,SG,480.703125,5.83203125,472,492,4,8,256,regional_mean,11.641828515625
Azure,Southeast Asia,2026-07-22,3072,memory-heavy,Standard_D4s_v3,4,1.4613,0.0244,12.03,,SG,480.703125,5.83203125,472,492,4,8,256,regional_mean,11.707524609375001
Azure,Southeast Asia,2026-07-25,5120,cpu-heavy,Standard_D4s_v3,4,1.3438,0.0224,10.74,,SG,480.703125,5.83203125,472,492,4,8,256,regional_mean,10.76614765625
Azure,Southeast Asia,2026-07-22,5120,cpu-heavy,Standard_D4s_v3,4,1.4193,0.0237,13.64,,SG,480.703125,5.83203125,472,492,4,8,256,regional_mean,11.371032421875
Azure,Southeast Asia,2026-07-25,5120,cpu-heavy,Standard_D4s_v3,4,1.2597,0.021,10.14,,SG,480.703125,5.83203125,472,492,4,8,256,regional_mean,10.092362109375
Azure,Southeast Asia,2026-07-22,5120,cpu-heavy,Standard_D4s_v3,4,1.4298,0.0238,11.55,,SG,480.703125,5.83203125,472,492,4,8,256,regional_mean,11.45515546875
Azure,Southeast Asia,2026-07-25,5120,io-heavy,Standard_D4s_v3,4,4.4467,0.0741,96.89,,SG,480.703125,5.83203125,472,492,4,8,256,regional_mean,35.625709765625
Azure,Southeast Asia,2026-07-22,5120,io-heavy,Standard_D4s_v3,4,5.3726,0.0895,97.34,,SG,480.703125,5.83203125,472,492,4,8,256,regional_mean,43.04376015625
Azure,Southeast Asia,2026-07-25,5120,io-heavy,Standard_D4s_v3,4,4.4819,0.0747,97.64,,SG,480.703125,5.83203125,472,492,4,8,256,regional_mean,35.907722265625004
Azure,Southeast Asia,2026-07-22,5120,io-heavy,Standard_D4s_v3,4,5.9776,0.0996,95.22,,SG,480.703125,5.83203125,472,492,4,8,256,regional_mean,47.89085
Azure,Southeast Asia,2026-07-25,5120,memory-heavy,Standard_D4s_v3,4,2.007,0.0335,8.17,,SG,480.703125,5.83203125,472,492,4,8,256,regional_mean,16.07951953125
Azure,Southeast Asia,2026-07-22,5120,memory-heavy,Standard_D4s_v3,4,2.1119,0.0352,10.45,,SG,480.703125,5.83203125,472,492,4,8,256,regional_mean,16.919948828124998
Azure,Southeast Asia,2026-07-25,5120,memory-heavy,Standard_D4s_v3,4,2.1359,0.0356,8.58,,SG,480.703125,5.83203125,472,492,4,8,256,regional_mean,17.112230078125
Azure,Southeast Asia,2026-07-22,5120,memory-heavy,Standard_D4s_v3,4,2.1961,0.0366,6.73,,SG,480.703125,5.83203125,472,492,4,8,256,regional_mean,17.594535546874997
