model,cloud,region,dataset_size_mb,workload_type,machine_type,nodes,actual_runtime_minutes,predicted_runtime_minutes,actual_cost_usd,predicted_cost_usd
Linear Regression,AWS,ap-south-1,10,cpu-heavy,m5.xlarge,2,0.840116667,0.859998987959731,0.005377,0.0037061092231679485
Linear Regression,AWS,ap-south-1,10,io-heavy,m5.xlarge,2,0.91,1.7181052351740704,0.005824,0.011160998643657612
Linear Regression,AWS,ap-south-1,100,cpu-heavy,m5.xlarge,2,0.95,0.9295758255358675,0.00608,0.004226040120792442
Linear Regression,AWS,ap-south-1,100,cpu-heavy,m5.xlarge,2,0.939533,0.9295758255358675,0.006013,0.004226040120792442
Linear Regression,AWS,ap-south-1,100,memory-heavy,m5.xlarge,2,0.973667,1.1219832473962896,0.006231,0.00618672068754355
Linear Regression,AWS,ap-south-1,100,io-heavy,m5.xlarge,2,1.041433,1.787682072750207,0.006665,0.011680929541282104
Linear Regression,AWS,ap-south-1,500,memory-heavy,m5.xlarge,2,1.374483,1.4312136366235635,0.008797,0.008497524676985745
Linear Regression,AWS,ap-south-1,1024,io-heavy,m5.xlarge,2,2.074217,2.5020042718652094,0.013275,0.017018886756893573
Linear Regression,AWS,ap-south-1,100,memory-heavy,m5.xlarge,4,0.941817,0.7246032794299395,0.012055,0.013100378460837414
Linear Regression,AWS,ap-south-1,500,memory-heavy,m5.xlarge,4,1.106633,1.0338336686572134,0.014165,0.01541118245027961
Linear Regression,AWS,ap-south-1,500,io-heavy,m5.xlarge,4,1.17255,1.6995324940111305,0.015009,0.020905391304018164
Linear Regression,AWS,ap-south-1,1024,io-heavy,m5.xlarge,4,1.506167,2.1046243038988592,0.019279,0.023932544530187436
Linear Regression,AWS,ap-south-1,5120,cpu-heavy,m5.xlarge,4,2.773683,4.413037242371804,0.035503,0.04014028796158585
Linear Regression,AWS,ap-south-1,5120,memory-heavy,m5.xlarge,4,2.973667,4.605444664232227,0.038063,0.04210096852833696
Linear Regression,AWS,ap-south-1,5120,io-heavy,m5.xlarge,4,3.540233,5.2711434895861435,0.045315,0.04759517738207551
Linear Regression,AWS,ap-south-1,500,cpu-heavy,c5.xlarge,4,0.973933,0.5561967347708441,0.011038,0.008398464411898923
Linear Regression,AWS,ap-south-1,1024,memory-heavy,c5.xlarge,4,1.239433,1.153695966518995,0.014047,0.013386298204819305
Linear Regression,AWS,ap-south-1,1024,io-heavy,c5.xlarge,4,1.339867,1.819394791872912,0.015185,0.018880507058557858
Linear Regression,AWS,ap-south-1,500,memory-heavy,m6i.xlarge,4,0.9719,0.5237995673955747,0.013088,0.011490504775469954
Linear Regression,AWS,ap-south-1,5120,cpu-heavy,m6i.xlarge,4,2.105083,3.9030031411101658,0.028348,0.0362196102867762
Linear Regression,AWS,ap-south-1,10,cpu-heavy,m6i.xlarge,2,0.938017,0.3499648866980922,0.006316,-0.00021456845164170672
Linear Regression,AWS,ap-south-1,100,cpu-heavy,m6i.xlarge,2,0.737567,0.41954172427422876,0.004966,0.00030536244598278715
Linear Regression,AWS,ap-south-1,1024,memory-heavy,m6i.xlarge,2,1.471983,1.3262713452496535,0.009911,0.007604000228345365
Linear Regression,AWS,ap-south-1,5120,memory-heavy,m6i.xlarge,2,4.23795,4.492790530936938,0.028536,0.03126663308023343
Linear Regression,AWS,ap-south-1,10,cpu-heavy,c6i.xlarge,4,0.672733,-0.11814737656034735,0.008611,0.0049465220728465925
Linear Regression,AWS,ap-south-1,10,memory-heavy,c6i.xlarge,4,0.70555,0.0742600453000748,0.009031,0.0069072026395977
Linear Regression,AWS,ap-south-1,100,memory-heavy,c6i.xlarge,4,0.771833,0.1438368828762111,0.009879,0.007427133537222194
Linear Regression,AWS,ap-south-1,10,cpu-heavy,m5a.xlarge,4,1.0752,0.7874892625171495,0.012329,0.010164428298192517
Linear Regression,AWS,ap-south-1,500,memory-heavy,m5a.xlarge,4,1.376833,1.3587039111809818,0.015788,0.014955843752010312
Linear Regression,AWS,ap-south-1,1024,memory-heavy,m5a.xlarge,4,1.608517,1.7637957210687105,0.018444,0.017982996978179587
Linear Regression,AWS,ap-south-1,5120,memory-heavy,m5a.xlarge,4,3.541517,4.930314906755995,0.040609,0.04164562983006766
Linear Regression,AWS,ap-south-1,1024,cpu-heavy,c5a.xlarge,4,1.038583,0.8630542378860605,0.010663,0.007564688283025779
Linear Regression,AWS,ap-south-1,1024,memory-heavy,c5a.xlarge,4,1.105,1.0554616597464825,0.011345,0.009525368849776887
Linear Regression,AWS,ap-south-1,1024,io-heavy,c5a.xlarge,4,1.171967,1.7211604851003997,0.012032,0.01501957770351544
Linear Regression,AWS,ap-south-1,5120,io-heavy,c5a.xlarge,4,2.839033,4.8876796707876835,0.029147,0.03868221055540351
Linear Regression,AWS,ap-south-1,1024,cpu-heavy,c6i.xlarge,4,1.504433,0.6657516601307916,0.019257,0.010804410186082556
Linear Regression,AWS,ap-south-1,1024,memory-heavy,c6i.xlarge,4,1.60445,0.8581590819912136,0.020537,0.012765090752833663
Linear Regression,AWS,ap-south-1,100,memory-heavy,m5.xlarge,4,1.206667,0.7246032794299395,0.015445,0.013100378460837414
Linear Regression,AWS,ap-south-1,500,memory-heavy,m5.xlarge,4,1.406683,1.0338336686572134,0.018006,0.01541118245027961
Linear Regression,AWS,ap-south-1,500,io-heavy,m5.xlarge,4,1.473983,1.6995324940111305,0.018867,0.020905391304018164
Linear Regression,AWS,ap-south-1,1024,io-heavy,m5.xlarge,4,1.640867,2.1046243038988592,0.021003,0.023932544530187436
Linear Regression,AWS,ap-south-1,5120,cpu-heavy,m5.xlarge,4,3.2072,4.413037242371804,0.041052,0.04014028796158585
Linear Regression,AWS,ap-south-1,5120,memory-heavy,m5.xlarge,4,3.33995,4.605444664232227,0.042751,0.04210096852833696
Linear Regression,AWS,ap-south-1,5120,io-heavy,m5.xlarge,4,3.972817,5.2711434895861435,0.050852,0.04759517738207551
Linear Regression,AWS,ap-south-1,10,cpu-heavy,m5.xlarge,2,0.872633,0.859998987959731,0.005585,0.0037061092231679485
Linear Regression,AWS,ap-south-1,10,io-heavy,m5.xlarge,2,1.039133,1.7181052351740704,0.00665,0.011160998643657612
Linear Regression,AWS,ap-south-1,100,cpu-heavy,m5.xlarge,2,0.97285,0.9295758255358675,0.006226,0.004226040120792442
Linear Regression,AWS,ap-south-1,100,memory-heavy,m5.xlarge,2,1.04055,1.1219832473962896,0.00666,0.00618672068754355
Linear Regression,AWS,ap-south-1,100,io-heavy,m5.xlarge,2,1.273233,1.787682072750207,0.008149,0.011680929541282104
Linear Regression,AWS,ap-south-1,1024,memory-heavy,c5.xlarge,4,1.7729,1.153695966518995,0.020093,0.013386298204819305
Linear Regression,AWS,ap-south-1,500,memory-heavy,m5.xlarge,2,1.444483,1.4312136366235635,0.009245,0.008497524676985745
Linear Regression,AWS,ap-south-1,1024,io-heavy,c5.xlarge,4,1.905033,1.819394791872912,0.02159,0.018880507058557858
Linear Regression,AWS,ap-south-1,1024,io-heavy,m5.xlarge,2,2.139683,2.5020042718652094,0.013694,0.017018886756893573
Linear Regression,AWS,ap-south-1,10,cpu-heavy,c6i.xlarge,4,1.205617,-0.11814737656034735,0.015432,0.0049465220728465925
Linear Regression,AWS,ap-south-1,10,memory-heavy,c6i.xlarge,4,1.238483,0.0742600453000748,0.015853,0.0069072026395977
Linear Regression,AWS,ap-south-1,100,memory-heavy,c6i.xlarge,4,1.204533,0.1438368828762111,0.015418,0.007427133537222194
Linear Regression,AWS,ap-south-1,500,memory-heavy,m6i.xlarge,4,1.138367,0.5237995673955747,0.01533,0.011490504775469954
Linear Regression,AWS,ap-south-1,1024,cpu-heavy,c6i.xlarge,4,1.605717,0.6657516601307916,0.020553,0.010804410186082556
Linear Regression,AWS,ap-south-1,1024,memory-heavy,c6i.xlarge,4,1.604767,0.8581590819912136,0.020541,0.012765090752833663
Linear Regression,AWS,ap-south-1,5120,cpu-heavy,m6i.xlarge,4,2.87215,3.9030031411101658,0.038678,0.0362196102867762
Linear Regression,AWS,ap-south-1,10,cpu-heavy,m6i.xlarge,2,0.739183,0.3499648866980922,0.004977,-0.00021456845164170672
Linear Regression,AWS,ap-south-1,100,cpu-heavy,m6i.xlarge,2,0.80505,0.41954172427422876,0.005421,0.00030536244598278715
Linear Regression,AWS,ap-south-1,1024,memory-heavy,m6i.xlarge,2,1.572583,1.3262713452496535,0.010589,0.007604000228345365
Linear Regression,AWS,ap-south-1,5120,memory-heavy,m6i.xlarge,2,4.50715,4.492790530936938,0.030348,0.03126663308023343
Linear Regression,AWS,ap-southeast-1,10,memory-heavy,m5.xlarge,4,1.207217,0.8304163141393325,0.015452,0.01832487764279137
Linear Regression,AWS,ap-southeast-1,500,cpu-heavy,m5.xlarge,4,1.407567,1.0168161190823206,0.018017,0.01919493196310695
Linear Regression,AWS,ap-southeast-1,500,io-heavy,m5.xlarge,4,1.5397,1.8749223662966599,0.019708,0.02664982138359661
Linear Regression,AWS,ap-southeast-1,5120,memory-heavy,m5.xlarge,4,3.440933,4.780834536517755,0.044044,0.04784539860791541
Linear Regression,AWS,ap-southeast-1,10,memory-heavy,c6i.xlarge,4,1.239433,0.24964991758560418,0.015865,0.012651632719176149
Linear Regression,AWS,ap-southeast-1,10,io-heavy,c6i.xlarge,4,1.872133,0.9153487429395212,0.023963,0.0181458415729147
Linear Regression,AWS,ap-southeast-1,100,cpu-heavy,c6i.xlarge,4,1.404433,0.12681933330131856,0.017977,0.011210883050049535
Linear Regression,AWS,ap-southeast-1,100,memory-heavy,c6i.xlarge,4,1.272017,0.3192267551617407,0.016282,0.013171563616800643
Linear Regression,AWS,ap-southeast-1,10,memory-heavy,m5.xlarge,2,1.007233,1.2277962821056825,0.006446,0.011411219869497504
Linear Regression,AWS,ap-southeast-1,10,io-heavy,m5.xlarge,2,1.073083,1.8934951074595998,0.006868,0.016905428723236058
Linear Regression,AWS,ap-southeast-1,500,io-heavy,c5.xlarge,4,1.706367,1.5896928542707127,0.019339,0.02159778391196703
Linear Regression,AWS,ap-southeast-1,1024,cpu-heavy,c5.xlarge,4,1.741583,1.1366784169441022,0.019738,0.017170047717646644
Linear Regression,AWS,ap-southeast-1,1024,memory-heavy,m5.xlarge,2,1.973417,2.011695318796822,0.01263,0.017269107982733466
Linear Regression,AWS,ap-southeast-1,5120,io-heavy,m5.xlarge,2,7.3733,5.843913329838022,0.047189,0.0464259496883601
Linear Regression,AWS,ap-southeast-1,10,cpu-heavy,m5a.xlarge,4,1.34365,0.9628791348026788,0.019349,0.015908858377770965
Linear Regression,AWS,ap-southeast-1,10,memory-heavy,m5a.xlarge,4,1.474783,1.155286556663101,0.021237,0.01786953894452207
Linear Regression,AWS,ap-southeast-1,1024,memory-heavy,m5a.xlarge,4,2.308617,1.9391855933542401,0.033244,0.023727427057758033
Linear Regression,AWS,ap-southeast-1,5120,cpu-heavy,m5a.xlarge,4,4.10965,4.913297357181102,0.059179,0.045429379342894996
Linear Regression,AWS,ap-southeast-1,5120,memory-heavy,m5a.xlarge,4,4.410483,5.105704779041524,0.063511,0.04739005990964611
Linear Regression,AWS,ap-southeast-1,5120,memory-heavy,m5a.xlarge,4,4.3492,5.105704779041524,0.062628,0.04739005990964611
Linear Regression,AWS,ap-southeast-1,10,cpu-heavy,m6i.xlarge,4,0.871983,0.12797479101727172,0.013952,0.012443519401230606
Linear Regression,AWS,ap-southeast-1,10,cpu-heavy,c5a.xlarge,4,1.2733,0.25454507348045086,0.01494,0.007451230249368263
Linear Regression,AWS,ap-southeast-1,5120,memory-heavy,m6i.xlarge,4,2.672,4.270800435256117,0.042752,0.043924720933105746
Linear Regression,AWS,ap-southeast-1,10,cpu-heavy,m6i.xlarge,2,0.7399,0.5253547589836218,0.005919,0.005529861627936741
Linear Regression,AWS,ap-southeast-1,100,memory-heavy,m6i.xlarge,2,0.83825,0.7873390184201805,0.006706,0.008010473092312342
Linear Regression,AWS,ap-southeast-1,1024,io-heavy,m6i.xlarge,2,1.871833,2.1673600428891002,0.014975,0.018842639161662365
Linear Regression,AWS,ap-southeast-1,5120,io-heavy,m6i.xlarge,2,5.805367,5.333879228576384,0.046443,0.042505272013550435
Linear Regression,AWS,ap-south-1,10,cpu-heavy,c6i.xlarge,4,1.139333,-0.11814737656034735,0.014583,0.0049465220728465925
Linear Regression,AWS,ap-south-1,10,memory-heavy,c6i.xlarge,4,1.205217,0.0742600453000748,0.015427,0.0069072026395977
Linear Regression,AWS,ap-south-1,100,memory-heavy,c6i.xlarge,4,1.2397,0.1438368828762111,0.015868,0.007427133537222194
Linear Regression,AWS,ap-south-1,1024,cpu-heavy,c6i.xlarge,4,1.5392,0.6657516601307916,0.019702,0.010804410186082556
Linear Regression,AWS,ap-south-1,1024,memory-heavy,c6i.xlarge,4,1.572117,0.8581590819912136,0.020123,0.012765090752833663
Linear Regression,AWS,ap-southeast-1,10,io-heavy,c5a.xlarge,2,0.8725,1.5100312886611402,0.005119,0.007992461896564058
Linear Regression,AWS,ap-southeast-1,100,memory-heavy,c5a.xlarge,2,1.039167,0.9139093008833596,0.006096,0.0030181839404499963
Linear Regression,AWS,ap-southeast-1,100,memory-heavy,c5.xlarge,4,1.139067,0.614763639689522,0.014884,0.013792771068786281
Linear Regression,AWS,ap-southeast-1,1024,memory-heavy,c5a.xlarge,2,1.672517,1.6282314999983623,0.009812,0.008356141156061467
Linear Regression,AWS,ap-southeast-1,1024,io-heavy,c5a.xlarge,2,1.9723,2.2939303253522794,0.011571,0.013850350009800021
Linear Regression,AWS,ap-southeast-1,5120,io-heavy,c5.xlarge,4,3.039683,5.161303849845725,0.039719,0.048287569990024384
Linear Regression,AWS,ap-southeast-1,3072,memory-heavy,m6i.xlarge,2,2.93915,3.084920810378825,0.023513,0.025179746733867848
Linear Regression,AWS,ap-south-1,10,cpu-heavy,m5a.xlarge,4,1.274567,0.7874892625171495,0.009432,0.010164428298192517
Linear Regression,AWS,ap-south-1,10,cpu-heavy,m6i.xlarge,2,0.67135,0.3499648866980922,0.00452,-0.00021456845164170672
Linear Regression,AWS,ap-southeast-1,10,memory-heavy,m5a.xlarge,2,1.175467,1.552666524629451,0.008463,0.010955881171228206
Linear Regression,AWS,ap-south-1,10,cpu-heavy,m5.xlarge,2,0.839933,0.859998987959731,0.005656,0.0037061092231679485
Linear Regression,AWS,ap-south-1,10,cpu-heavy,c5.xlarge,2,0.73865,0.574769475933784,0.004186,-0.0013459282484616312
Linear Regression,AWS,ap-southeast-1,10,io-heavy,c5.xlarge,2,0.905067,1.6082655954336527,0.005913,0.011853391251606477
Linear Regression,AWS,ap-south-1,10,cpu-heavy,c6i.xlarge,2,0.6385,0.27923259140600276,0.003618,-0.001967135700447273
Linear Regression,AWS,ap-south-1,10,io-heavy,m5.xlarge,2,0.87395,1.7181052351740704,0.005885,0.011160998643657612
Linear Regression,AWS,ap-south-1,10,cpu-heavy,c6i.xlarge,4,0.772467,-0.11814737656034735,0.008755,0.0049465220728465925
Linear Regression,AWS,ap-south-1,100,cpu-heavy,m5.xlarge,2,0.907,0.9295758255358675,0.006107,0.004226040120792442
Linear Regression,AWS,ap-southeast-1,100,cpu-heavy,c6i.xlarge,2,1.00555,0.5241993012676687,0.00657,0.004297225276755669
Linear Regression,AWS,ap-south-1,100,memory-heavy,m5.xlarge,2,0.972417,1.1219832473962896,0.006548,0.00618672068754355
Linear Regression,AWS,ap-south-1,100,memory-heavy,m5.xlarge,4,1.106967,0.7246032794299395,0.014907,0.013100378460837414
Linear Regression,AWS,ap-southeast-1,100,memory-heavy,m5a.xlarge,2,1.274833,1.6222433622055876,0.009179,0.011475812068852698
Linear Regression,AWS,ap-south-1,100,io-heavy,m5.xlarge,2,0.9737,1.787682072750207,0.006556,0.011680929541282104
Linear Regression,AWS,ap-southeast-1,100,io-heavy,c5.xlarge,2,1.0049,1.6778424330097892,0.006565,0.012373322149230969
Linear Regression,AWS,ap-south-1,500,memory-heavy,m5.xlarge,2,1.306517,1.4312136366235635,0.008797,0.008497524676985745
Linear Regression,AWS,ap-south-1,10,memory-heavy,c6i.xlarge,4,0.805983,0.0742600453000748,0.009134,0.0069072026395977
Linear Regression,AWS,ap-south-1,500,memory-heavy,m5.xlarge,4,1.306033,1.0338336686572134,0.017588,0.01541118245027961
Linear Regression,AWS,ap-south-1,500,io-heavy,m5.xlarge,4,1.410717,1.6995324940111305,0.018998,0.020905391304018164
Linear Regression,AWS,ap-south-1,10,io-heavy,c5a.xlarge,2,0.739817,1.3346414163756108,0.002318,0.002248031816985612
Linear Regression,AWS,ap-south-1,1024,io-heavy,m5.xlarge,2,2.0403,2.5020042718652094,0.013738,0.017018886756893573
Linear Regression,AWS,ap-south-1,1024,io-heavy,m5.xlarge,4,1.605917,2.1046243038988592,0.021626,0.023932544530187436
Linear Regression,AWS,ap-south-1,100,cpu-heavy,m6i.xlarge,2,0.706033,0.41954172427422876,0.004754,0.00030536244598278715
Linear Regression,AWS,ap-southeast-1,1024,cpu-heavy,m5.xlarge,2,1.973383,1.8192878969363995,0.015787,0.015308427415982359
Linear Regression,AWS,ap-southeast-1,1024,cpu-heavy,m5a.xlarge,2,2.408517,2.144158139460168,0.017341,0.014853088717713061
Linear Regression,AWS,ap-southeast-1,1024,cpu-heavy,c6i.xlarge,2,1.4722,1.2385215003826713,0.009618,0.009635182492367137
Linear Regression,AWS,ap-south-1,100,cpu-heavy,c5a.xlarge,2,0.772483,0.546112006737408,0.00242,-0.004686926705879557
Linear Regression,AWS,ap-southeast-1,1024,memory-heavy,m5a.xlarge,2,2.609,2.3365655613205902,0.018785,0.016813769284464167
Linear Regression,AWS,ap-south-1,3072,memory-heavy,m5.xlarge,2,3.773233,3.419565039354934,0.025406,0.023355994329099055
Linear Regression,AWS,ap-south-1,100,memory-heavy,c5.xlarge,2,1.073683,0.8367537353703427,0.006084,0.00113468321591397
Linear Regression,AWS,ap-south-1,5120,cpu-heavy,m5.xlarge,4,3.10595,4.413037242371804,0.041827,0.04014028796158585
Linear Regression,AWS,ap-south-1,100,memory-heavy,c6i.xlarge,4,0.938533,0.1438368828762111,0.010637,0.007427133537222194
Linear Regression,AWS,ap-southeast-1,2048,cpu-heavy,c5.xlarge,2,2.640733,2.325688181332273,0.017253,0.016172048157324797
Linear Regression,AWS,ap-southeast-1,2048,cpu-heavy,c5.xlarge,4,1.506283,1.9283082133659233,0.019682,0.023085705930618663
Linear Regression,AWS,ap-south-1,5120,memory-heavy,m5.xlarge,4,3.2081,4.605444664232227,0.043202,0.04210096852833696
Linear Regression,AWS,ap-southeast-1,2048,cpu-heavy,c5a.xlarge,4,1.472067,1.8300739065934108,0.017272,0.019224776575576245
Linear Regression,AWS,ap-south-1,5120,io-heavy,m5.xlarge,4,4.139283,5.2711434895861435,0.055742,0.04759517738207551
Linear Regression,AWS,ap-southeast-1,2048,memory-heavy,m5.xlarge,2,2.805683,2.8033251152186427,0.022445,0.023184766195705486
Linear Regression,AWS,ap-south-1,500,cpu-heavy,c5.xlarge,4,0.972817,0.5561967347708441,0.011025,0.008398464411898923
Linear Regression,AWS,ap-south-1,500,cpu-heavy,c5a.xlarge,2,1.105517,0.8553423959646819,0.003464,-0.002376122716437362
Linear Regression,AWS,ap-south-1,500,memory-heavy,m5a.xlarge,2,1.809217,1.7560838791473319,0.006694,0.008042185978716445
Linear Regression,AWS,ap-south-1,500,memory-heavy,m5a.xlarge,4,1.67685,1.3587039111809818,0.012409,0.014955843752010312
Linear Regression,AWS,ap-southeast-1,2048,io-heavy,m5a.xlarge,4,3.14485,3.3965142151299776,0.045286,0.0351372941244686
Linear Regression,AWS,ap-south-1,500,memory-heavy,m6i.xlarge,4,1.03915,0.5237995673955747,0.013994,0.011490504775469954
Linear Regression,AWS,ap-southeast-1,2048,io-heavy,c6i.xlarge,4,1.9727,2.490877576052481,0.025777,0.02991938789912268
Linear Regression,AWS,ap-southeast-1,3072,cpu-heavy,m5a.xlarge,2,4.944383,3.72741773230381,0.0356,0.0266844051436571
Linear Regression,AWS,ap-south-1,500,io-heavy,c5.xlarge,2,1.3066,1.8116829499515335,0.007404,0.008939696059094716
Linear Regression,AWS,ap-southeast-1,3072,cpu-heavy,c5.xlarge,2,3.473467,3.1173179777540945,0.022693,0.022087706370296813
Linear Regression,AWS,ap-south-1,1024,cpu-heavy,m5a.xlarge,2,2.37405,1.9687682671746387,0.008784,0.009108658638134613
Linear Regression,AWS,ap-south-1,1024,cpu-heavy,c5a.xlarge,4,1.17255,0.8630542378860605,0.007348,0.007564688283025779
Linear Regression,AWS,ap-south-1,1024,cpu-heavy,c6i.xlarge,4,1.071483,0.6657516601307916,0.012143,0.010804410186082556
Linear Regression,AWS,ap-south-1,1024,cpu-heavy,c6i.xlarge,4,1.239283,0.6657516601307916,0.014045,0.010804410186082556
Linear Regression,AWS,ap-south-1,1024,memory-heavy,c6i.xlarge,4,1.271683,0.8581590819912136,0.014412,0.012765090752833663
Linear Regression,AWS,ap-south-1,1024,memory-heavy,m5a.xlarge,4,1.907767,1.7637957210687105,0.014117,0.017982996978179587
Linear Regression,AWS,ap-south-1,1024,memory-heavy,m6i.xlarge,2,1.605817,1.3262713452496535,0.010813,0.007604000228345365
Linear Regression,AWS,ap-southeast-1,3072,memory-heavy,c6i.xlarge,2,3.006133,3.0141885150867354,0.01964,0.02342717948506228
Linear Regression,AWS,ap-south-1,1024,memory-heavy,c5.xlarge,2,1.6403,1.551075934485345,0.009295,0.006472640431525439
Linear Regression,AWS,ap-south-1,1024,memory-heavy,c5.xlarge,4,1.272517,1.153695966518995,0.014422,0.013386298204819305
Linear Regression,AWS,ap-south-1,2048,memory-heavy,c6i.xlarge,2,2.206583,2.047168846379385,0.012504,0.011767091192511816
Linear Regression,AWS,ap-south-1,1024,memory-heavy,c5a.xlarge,4,1.406083,1.0554616597464825,0.008811,0.009525368849776887
Linear Regression,AWS,ap-south-1,1024,io-heavy,m5a.xlarge,2,2.675367,2.8268745143889777,0.009899,0.016563548058624276
Linear Regression,AWS,ap-southeast-1,3072,io-heavy,c5.xlarge,4,2.206367,3.5780442570020834,0.02883,0.036456253564080346
Linear Regression,AWS,ap-south-1,3072,cpu-heavy,c6i.xlarge,2,3.071567,2.6463912209407834,0.017406,0.015722068838732728
Linear Regression,AWS,ap-southeast-1,3072,io-heavy,c5a.xlarge,4,2.0387,3.479809950229571,0.023921,0.03259532420903792
Linear Regression,AWS,ap-southeast-1,3072,io-heavy,c6i.xlarge,2,3.704933,3.6798873404406525,0.024206,0.028921388338800837
Linear Regression,AWS,ap-south-1,1024,io-heavy,c5.xlarge,4,1.30565,1.819394791872912,0.014797,0.018880507058557858
Linear Regression,AWS,ap-south-1,1024,io-heavy,c5a.xlarge,4,1.241767,1.7211604851003997,0.007782,0.01501957770351544
Linear Regression,AWS,ap-southeast-1,5120,cpu-heavy,c5.xlarge,2,5.7403,4.700577570597736,0.037503,0.03391902279624086
Linear Regression,AWS,ap-south-1,5120,cpu-heavy,c6i.xlarge,2,4.2387,4.229650813784426,0.024019,0.027553385264676766
Linear Regression,AWS,ap-southeast-1,5120,memory-heavy,m5a.xlarge,2,7.776,5.503084747007874,0.055987,0.040476402136352244
Linear Regression,AWS,ap-south-1,2048,cpu-heavy,m6i.xlarge,2,2.571267,1.9254937198110524,0.017313,0.011558977874566275
Linear Regression,AWS,ap-south-1,5120,memory-heavy,c6i.xlarge,2,4.305667,4.4220582356448475,0.024399,0.029514065831427874
Linear Regression,AWS,ap-south-1,2048,cpu-heavy,c5.xlarge,2,2.505583,2.150298309046744,0.014198,0.010427618077746349
Linear Regression,AWS,ap-south-1,2048,cpu-heavy,c5.xlarge,4,1.438617,1.752918341080394,0.016304,0.017341275851040214
Linear Regression,AWS,ap-south-1,2048,cpu-heavy,c5a.xlarge,2,2.505417,2.0520640022742316,0.00785,0.006566688722703931
Linear Regression,AWS,ap-south-1,2048,memory-heavy,c5.xlarge,2,2.3729,2.3427057309071664,0.013446,0.012388298644497456
Linear Regression,AWS,ap-south-1,2048,memory-heavy,c5.xlarge,4,1.5391,1.945325762940816,0.017443,0.019301956417791324
Linear Regression,AWS,ap-south-1,2048,memory-heavy,c5a.xlarge,4,1.405333,1.8470914561683036,0.008807,0.015441027062748903
Linear Regression,AWS,ap-south-1,2048,io-heavy,m6i.xlarge,4,1.805367,2.3862199990590414,0.024312,0.0259275250683498
Linear Regression,AWS,ap-south-1,2048,io-heavy,c5.xlarge,2,2.972833,3.008404556261083,0.016846,0.01788250749823601
Linear Regression,AWS,ap-south-1,3072,cpu-heavy,m6i.xlarge,4,1.837967,2.319743548266523,0.024751,0.024388293860832157
Linear Regression,AWS,ap-south-1,3072,cpu-heavy,c5.xlarge,4,1.772383,2.5445481375022148,0.020087,0.023256934064012233
Linear Regression,AWS,ap-south-1,3072,memory-heavy,m5a.xlarge,2,5.04415,3.7444352818787023,0.018663,0.022900655630829755
Linear Regression,AWS,ap-south-1,3072,io-heavy,m5a.xlarge,2,5.908833,4.41013410723262,0.021863,0.02839486448456831
Linear Regression,AWS,ap-south-1,3072,io-heavy,m5a.xlarge,4,3.442417,4.01275413926627,0.025474,0.03530852225786218
Linear Regression,AWS,ap-south-1,3072,io-heavy,c5a.xlarge,2,3.8051,3.701800045910392,0.011923,0.019937236356165608
Linear Regression,AWS,ap-south-1,5120,cpu-heavy,m6i.xlarge,4,2.338183,3.9030031411101658,0.031488,0.0362196102867762
Linear Regression,AWS,ap-south-1,5120,cpu-heavy,c5a.xlarge,2,4.572133,4.426953391539695,0.014326,0.024313663361619987
Linear Regression,AWS,ap-south-1,5120,memory-heavy,m5a.xlarge,2,7.241583,5.327694874722345,0.026794,0.034731972056773794
Linear Regression,AWS,ap-south-1,5120,memory-heavy,m5a.xlarge,4,4.17555,4.930314906755995,0.030899,0.04164562983006766
Linear Regression,AWS,ap-south-1,5120,memory-heavy,m6i.xlarge,2,4.2726,4.492790530936938,0.028769,0.03126663308023343
Linear Regression,AWS,ap-south-1,5120,io-heavy,c5a.xlarge,4,2.739417,4.8876796707876835,0.017167,0.03868221055540351
Linear Regression,AWS,ap-south-1,3072,io-heavy,m5a.xlarge,2,5.94215,4.41013410723262,0.021986,0.02839486448456831
Linear Regression,AWS,ap-south-1,100,memory-heavy,c6i.xlarge,4,0.80585,0.1438368828762111,0.009133,0.007427133537222194
Linear Regression,AWS,ap-south-1,1024,memory-heavy,c5.xlarge,4,1.339633,1.153695966518995,0.015183,0.013386298204819305
Linear Regression,AWS,ap-south-1,100,cpu-heavy,m6i.xlarge,2,0.772167,0.41954172427422876,0.005199,0.00030536244598278715
Linear Regression,AWS,ap-south-1,500,io-heavy,m5.xlarge,4,1.407717,1.6995324940111305,0.018957,0.020905391304018164
Linear Regression,AWS,ap-south-1,2048,cpu-heavy,m6i.xlarge,2,2.105583,1.9254937198110524,0.014178,0.011558977874566275
Linear Regression,AWS,ap-south-1,1024,io-heavy,m5a.xlarge,2,2.6419,2.8268745143889777,0.009775,0.016563548058624276
Linear Regression,AWS,ap-south-1,2048,memory-heavy,c5.xlarge,4,1.5729,1.945325762940816,0.017826,0.019301956417791324
Linear Regression,AWS,ap-south-1,100,memory-heavy,c6i.xlarge,4,0.805083,0.1438368828762111,0.009124,0.007427133537222194
Linear Regression,AWS,ap-south-1,100,io-heavy,m5.xlarge,2,0.9743,1.787682072750207,0.00656,0.011680929541282104
Linear Regression,AWS,ap-south-1,500,memory-heavy,m5.xlarge,2,1.343167,1.4312136366235635,0.009044,0.008497524676985745
Linear Regression,AWS,ap-south-1,1024,io-heavy,m5.xlarge,2,2.440383,2.5020042718652094,0.016432,0.017018886756893573
Linear Regression,AWS,ap-south-1,100,cpu-heavy,m6i.xlarge,2,0.7388,0.41954172427422876,0.004975,0.00030536244598278715
Linear Regression,AWS,ap-south-1,2048,memory-heavy,c6i.xlarge,2,2.037817,2.047168846379385,0.011548,0.011767091192511816
Linear Regression,AWS,ap-south-1,500,io-heavy,m5.xlarge,4,1.37305,1.6995324940111305,0.01849,0.020905391304018164
Linear Regression,AWS,ap-south-1,5120,memory-heavy,m5.xlarge,4,3.306067,4.605444664232227,0.044522,0.04210096852833696
Linear Regression,AWS,ap-southeast-1,10,memory-heavy,m5a.xlarge,2,1.174567,1.552666524629451,0.008457,0.010955881171228206
Linear Regression,AWS,ap-southeast-1,1024,memory-heavy,m5a.xlarge,2,2.544633,2.3365655613205902,0.018321,0.016813769284464167
Linear Regression,AWS,ap-south-1,2048,io-heavy,m6i.xlarge,4,1.8053,2.3862199990590414,0.024311,0.0259275250683498
Linear Regression,AWS,ap-southeast-1,2048,cpu-heavy,c5.xlarge,4,1.573133,1.9283082133659233,0.020556,0.023085705930618663
Linear Regression,AWS,ap-south-1,500,memory-heavy,m5.xlarge,4,1.2746,1.0338336686572134,0.017165,0.01541118245027961
Linear Regression,AWS,ap-south-1,100,cpu-heavy,c5a.xlarge,2,0.771617,0.546112006737408,0.002418,-0.004686926705879557
Linear Regression,AWS,ap-southeast-1,10,memory-heavy,m5a.xlarge,4,1.4767,1.155286556663101,0.021264,0.01786953894452207
Linear Regression,AWS,ap-southeast-1,10,io-heavy,m5.xlarge,2,1.139483,1.8934951074595998,0.009116,0.016905428723236058
Linear Regression,AWS,ap-southeast-1,10,memory-heavy,m5.xlarge,4,1.106633,0.8304163141393325,0.017706,0.01832487764279137
Linear Regression,AWS,ap-south-1,500,memory-heavy,m5.xlarge,2,1.50585,1.4312136366235635,0.010139,0.008497524676985745
Linear Regression,AWS,ap-south-1,100,memory-heavy,c5.xlarge,2,0.839467,0.8367537353703427,0.004757,0.00113468321591397
Linear Regression,AWS,ap-south-1,10,io-heavy,m5.xlarge,2,0.873667,1.7181052351740704,0.005883,0.011160998643657612
Linear Regression,AWS,ap-south-1,10,io-heavy,c5a.xlarge,2,0.7717,1.3346414163756108,0.002418,0.002248031816985612
Linear Regression,AWS,ap-southeast-1,10,io-heavy,m5.xlarge,2,0.9733,1.8934951074595998,0.007786,0.016905428723236058
Linear Regression,AWS,ap-southeast-1,10,io-heavy,c5a.xlarge,2,0.871683,1.5100312886611402,0.005114,0.007992461896564058
Linear Regression,AWS,ap-southeast-1,10,cpu-heavy,m6i.xlarge,4,0.839167,0.12797479101727172,0.013427,0.012443519401230606
Linear Regression,AWS,ap-southeast-1,10,io-heavy,c5.xlarge,2,0.90655,1.6082655954336527,0.005923,0.011853391251606477
Linear Regression,AWS,ap-south-1,100,memory-heavy,c5.xlarge,2,0.872783,0.8367537353703427,0.004946,0.00113468321591397
Linear Regression,AWS,ap-south-1,10,io-heavy,m5.xlarge,2,0.872583,1.7181052351740704,0.005875,0.011160998643657612
Linear Regression,AWS,ap-south-1,10,cpu-heavy,m5.xlarge,2,0.84,0.859998987959731,0.005656,0.0037061092231679485
Linear Regression,AWS,ap-south-1,10,cpu-heavy,c5.xlarge,2,0.77285,0.574769475933784,0.004379,-0.0013459282484616312
Linear Regression,AWS,ap-south-1,10,cpu-heavy,m6i.xlarge,2,0.638833,0.3499648866980922,0.004301,-0.00021456845164170672
Linear Regression,AWS,ap-south-1,100,memory-heavy,c6i.xlarge,4,0.80575,0.1438368828762111,0.009132,0.007427133537222194
Linear Regression,AWS,ap-south-1,10,io-heavy,m5.xlarge,2,0.906333,1.7181052351740704,0.006103,0.011160998643657612
Linear Regression,AWS,ap-southeast-1,10,memory-heavy,c6i.xlarge,4,0.87275,0.24964991758560418,0.011404,0.012651632719176149
Linear Regression,AWS,ap-southeast-1,3072,io-heavy,c5a.xlarge,4,2.039,3.479809950229571,0.023924,0.03259532420903792
Linear Regression,AWS,ap-south-1,10,io-heavy,c5a.xlarge,2,0.73825,1.3346414163756108,0.002313,0.002248031816985612
Linear Regression,AWS,ap-south-1,5120,memory-heavy,m5a.xlarge,2,7.441767,5.327694874722345,0.027535,0.034731972056773794
Linear Regression,AWS,ap-south-1,1024,io-heavy,c5.xlarge,4,1.306433,1.819394791872912,0.014806,0.018880507058557858
Linear Regression,AWS,ap-southeast-1,100,cpu-heavy,c6i.xlarge,2,0.771667,0.5241993012676687,0.005042,0.004297225276755669
Linear Regression,AWS,ap-southeast-1,10,memory-heavy,m5.xlarge,4,1.1066,0.8304163141393325,0.017706,0.01832487764279137
Linear Regression,AWS,ap-southeast-1,10,memory-heavy,m5a.xlarge,2,1.175917,1.552666524629451,0.008467,0.010955881171228206
Linear Regression,AWS,ap-south-1,500,memory-heavy,m5a.xlarge,2,1.742083,1.7560838791473319,0.006446,0.008042185978716445
Linear Regression,AWS,ap-southeast-1,10,cpu-heavy,c5a.xlarge,4,0.83895,0.25454507348045086,0.009844,0.007451230249368263
Linear Regression,AWS,ap-southeast-1,10,memory-heavy,m5.xlarge,4,1.10675,0.8304163141393325,0.017708,0.01832487764279137
Linear Regression,AWS,ap-south-1,500,memory-heavy,m5.xlarge,4,1.272317,1.0338336686572134,0.017134,0.01541118245027961
Linear Regression,AWS,ap-southeast-1,1024,cpu-heavy,m5.xlarge,2,1.84045,1.8192878969363995,0.014724,0.015308427415982359
Linear Regression,AWS,ap-southeast-1,10,io-heavy,c6i.xlarge,4,0.8723,0.9153487429395212,0.011398,0.0181458415729147
Linear Regression,AWS,ap-southeast-1,100,memory-heavy,c5.xlarge,4,1.006633,0.614763639689522,0.013153,0.013792771068786281
Linear Regression,AWS,ap-south-1,2048,cpu-heavy,c5a.xlarge,2,2.1722,2.0520640022742316,0.006806,0.006566688722703931
Linear Regression,AWS,ap-southeast-1,100,io-heavy,c5.xlarge,2,1.639567,1.6778424330097892,0.010712,0.012373322149230969
Linear Regression,AWS,ap-south-1,100,cpu-heavy,c5a.xlarge,2,0.77175,0.546112006737408,0.002418,-0.004686926705879557
Linear Regression,AWS,ap-south-1,500,io-heavy,m5.xlarge,4,1.4066,1.6995324940111305,0.018942,0.020905391304018164
Linear Regression,AWS,ap-south-1,100,cpu-heavy,m5.xlarge,2,0.906517,0.9295758255358675,0.006104,0.004226040120792442
Linear Regression,AWS,ap-southeast-1,100,cpu-heavy,c6i.xlarge,4,0.804967,0.12681933330131856,0.010518,0.011210883050049535
Linear Regression,AWS,ap-southeast-1,10,memory-heavy,m5.xlarge,4,1.17345,0.8304163141393325,0.018775,0.01832487764279137
Linear Regression,AWS,ap-south-1,100,cpu-heavy,c5a.xlarge,2,0.772267,0.546112006737408,0.00242,-0.004686926705879557
Linear Regression,AWS,ap-southeast-1,10,memory-heavy,m5.xlarge,2,0.906733,1.2277962821056825,0.007254,0.011411219869497504
Linear Regression,AWS,ap-southeast-1,10,memory-heavy,m5.xlarge,2,0.939467,1.2277962821056825,0.007516,0.011411219869497504
Linear Regression,AWS,ap-south-1,500,cpu-heavy,c5.xlarge,4,1.006217,0.5561967347708441,0.011404,0.008398464411898923
Linear Regression,AWS,ap-south-1,100,cpu-heavy,m6i.xlarge,2,0.737683,0.41954172427422876,0.004967,0.00030536244598278715
Linear Regression,AWS,ap-south-1,100,io-heavy,m5.xlarge,2,1.006933,1.787682072750207,0.00678,0.011680929541282104
Linear Regression,AWS,ap-south-1,10,cpu-heavy,c6i.xlarge,2,0.638583,0.27923259140600276,0.003619,-0.001967135700447273
Linear Regression,AWS,ap-south-1,1024,memory-heavy,c5a.xlarge,4,1.172217,1.0554616597464825,0.007346,0.009525368849776887
Linear Regression,AWS,ap-south-1,100,cpu-heavy,m5.xlarge,2,0.939783,0.9295758255358675,0.006328,0.004226040120792442
Linear Regression,AWS,ap-southeast-1,10,memory-heavy,c6i.xlarge,4,0.8049,0.24964991758560418,0.010517,0.012651632719176149
Linear Regression,AWS,ap-southeast-1,100,memory-heavy,c6i.xlarge,4,0.906617,0.3192267551617407,0.011846,0.013171563616800643
Linear Regression,AWS,ap-south-1,100,memory-heavy,m5.xlarge,4,1.108833,0.7246032794299395,0.014932,0.013100378460837414
Linear Regression,AWS,ap-southeast-1,1024,memory-heavy,m5.xlarge,2,1.973,2.011695318796822,0.015784,0.017269107982733466
Linear Regression,AWS,ap-southeast-1,1024,io-heavy,m6i.xlarge,2,1.838717,2.1673600428891002,0.01471,0.018842639161662365
Linear Regression,AWS,ap-southeast-1,1024,cpu-heavy,c5.xlarge,4,1.272083,1.1366784169441022,0.014417,0.017170047717646644
Linear Regression,AWS,ap-southeast-1,10,io-heavy,c6i.xlarge,4,0.871267,0.9153487429395212,0.011385,0.0181458415729147
Linear Regression,AWS,ap-southeast-1,10,cpu-heavy,m6i.xlarge,4,1.173717,0.12797479101727172,0.018779,0.012443519401230606
Linear Regression,AWS,ap-southeast-1,3072,cpu-heavy,c5.xlarge,2,3.874283,3.1173179777540945,0.025312,0.022087706370296813
Linear Regression,AWS,ap-southeast-1,10,cpu-heavy,c5a.xlarge,4,0.872567,0.25454507348045086,0.010238,0.007451230249368263
Linear Regression,AWS,ap-southeast-1,100,io-heavy,c5.xlarge,2,1.0731,1.6778424330097892,0.007011,0.012373322149230969
Linear Regression,AWS,ap-southeast-1,100,io-heavy,c5.xlarge,2,1.106833,1.6778424330097892,0.007231,0.012373322149230969
Linear Regression,AWS,ap-southeast-1,1024,memory-heavy,m5a.xlarge,4,2.04225,1.9391855933542401,0.029408,0.023727427057758033
Linear Regression,AWS,ap-southeast-1,100,memory-heavy,m5a.xlarge,2,1.2745,1.6222433622055876,0.009176,0.011475812068852698
Linear Regression,AWS,ap-southeast-1,10,io-heavy,c5.xlarge,2,0.905983,1.6082655954336527,0.005919,0.011853391251606477
Linear Regression,AWS,ap-southeast-1,100,io-heavy,c5.xlarge,2,1.005217,1.6778424330097892,0.006567,0.012373322149230969
Linear Regression,AWS,ap-southeast-1,10,cpu-heavy,m6i.xlarge,4,0.838617,0.12797479101727172,0.013418,0.012443519401230606
Linear Regression,Azure,Central India,10,cpu-heavy,Standard_D2as_v4,2,0.2713,0.09218818649707794,0.0006,-0.011763230668120992
Linear Regression,Azure,Central India,10,cpu-heavy,Standard_D2as_v4,2,0.2769,0.09218818649707794,0.0006,-0.011763230668120992
Linear Regression,Azure,Central India,100,memory-heavy,Standard_D2as_v4,2,0.4763,0.3541724459336366,0.001,-0.009282619203745391
Linear Regression,Azure,Central India,100,memory-heavy,Standard_D2as_v4,2,0.4682,0.3541724459336366,0.001,-0.009282619203745391
Linear Regression,Azure,Central India,500,cpu-heavy,Standard_D2as_v4,2,0.5348,0.47099541330048833,0.0011,-0.0089324957810543
Linear Regression,Azure,Central India,500,cpu-heavy,Standard_D2as_v4,2,0.5588,0.47099541330048833,0.0012,-0.0089324957810543
Linear Regression,Azure,Central India,2048,memory-heavy,Standard_D2as_v4,2,2.3082,1.86012444147046,0.0048,0.0019709962248380987
Linear Regression,Azure,Central India,2048,memory-heavy,Standard_D2as_v4,2,2.2532,1.86012444147046,0.0047,0.0019709962248380987
Linear Regression,Azure,Central India,3072,memory-heavy,Standard_D2as_v4,2,3.272,2.6517542378922814,0.0068,0.007886654437810116
Linear Regression,Azure,Central India,3072,memory-heavy,Standard_D2as_v4,2,3.0465,2.6517542378922814,0.0063,0.007886654437810116
Linear Regression,Azure,Central India,10,io-heavy,Standard_D2as_v4,4,0.3389,0.5529144657450671,0.0014,0.002605316525662536
Linear Regression,Azure,Central India,10,io-heavy,Standard_D2as_v4,4,0.3401,0.5529144657450671,0.0014,0.002605316525662536
Linear Regression,Azure,Central India,500,cpu-heavy,Standard_D2as_v4,4,0.3933,0.07361544533413822,0.0016,-0.0020188380077604366
Linear Regression,Azure,Central India,500,cpu-heavy,Standard_D2as_v4,4,0.3834,0.07361544533413822,0.0016,-0.0020188380077604366
Linear Regression,Azure,Central India,1024,cpu-heavy,Standard_D2as_v4,4,0.5529,0.47870725522186697,0.0023,0.0010083152184088388
Linear Regression,Azure,Central India,1024,cpu-heavy,Standard_D2as_v4,4,0.5508,0.47870725522186697,0.0023,0.0010083152184088388
Linear Regression,Azure,Central India,2048,io-heavy,Standard_D2as_v4,4,2.9252,2.128443298858027,0.0121,0.014378862851870518
Linear Regression,Azure,Central India,2048,io-heavy,Standard_D2as_v4,4,2.7182,2.128443298858027,0.0113,0.014378862851870518
Linear Regression,Azure,Central India,3072,memory-heavy,Standard_D2as_v4,4,1.3007,2.254374269925931,0.0054,0.014800312211103981
Linear Regression,Azure,Central India,3072,memory-heavy,Standard_D2as_v4,4,1.2928,2.254374269925931,0.0054,0.014800312211103981
Linear Regression,Azure,Central India,5120,cpu-heavy,Standard_D2as_v4,4,1.2262,3.645226440909151,0.0051,0.024670948070296912
Linear Regression,Azure,Central India,5120,cpu-heavy,Standard_D2as_v4,4,1.2663,3.645226440909151,0.0053,0.024670948070296912
Linear Regression,Azure,Central India,5120,io-heavy,Standard_D2as_v4,4,6.3119,4.50333268812349,0.0262,0.03212583749078657
Linear Regression,Azure,Central India,5120,io-heavy,Standard_D2as_v4,4,6.2357,4.50333268812349,0.0259,0.03212583749078657
Linear Regression,Azure,Central India,100,cpu-heavy,Standard_D2s_v3,2,1.0937,0.5767736101653897,0.0038,-0.00418548978412835
Linear Regression,Azure,Central India,100,cpu-heavy,Standard_D2s_v3,2,0.4799,0.5767736101653897,0.0017,-0.00418548978412835
Linear Regression,Azure,Central India,100,cpu-heavy,Standard_D2s_v3,2,0.4088,0.5767736101653897,0.0014,-0.00418548978412835
Linear Regression,Azure,Central India,100,cpu-heavy,Standard_D2s_v3,2,1.1651,0.5767736101653897,0.0041,-0.00418548978412835
Linear Regression,Azure,Central India,100,cpu-heavy,Standard_D2s_v3,2,0.4348,0.5767736101653897,0.0015,-0.00418548978412835
Linear Regression,Azure,Central India,100,cpu-heavy,Standard_D2s_v3,2,0.4151,0.5767736101653897,0.0015,-0.00418548978412835
Linear Regression,Azure,Central India,1024,memory-heavy,Standard_D2s_v3,2,1.1856,1.4835032311408143,0.0041,0.0031131479982342263
Linear Regression,Azure,Central India,1024,memory-heavy,Standard_D2s_v3,2,1.9334,1.4835032311408143,0.0068,0.0031131479982342263
Linear Regression,Azure,Central India,1024,memory-heavy,Standard_D2s_v3,2,1.885,1.4835032311408143,0.0066,0.0031131479982342263
Linear Regression,Azure,Central India,1024,memory-heavy,Standard_D2s_v3,2,1.2562,1.4835032311408143,0.0044,0.0031131479982342263
Linear Regression,Azure,Central India,1024,memory-heavy,Standard_D2s_v3,2,1.8849,1.4835032311408143,0.0066,0.0031131479982342263
Linear Regression,Azure,Central India,1024,memory-heavy,Standard_D2s_v3,2,1.8687,1.4835032311408143,0.0065,0.0031131479982342263
Linear Regression,Azure,Central India,5120,io-heavy,Standard_D2s_v3,2,9.3642,5.315721242182015,0.0328,0.03226998970386086
Linear Regression,Azure,Central India,5120,io-heavy,Standard_D2s_v3,2,8.9246,5.315721242182015,0.0312,0.03226998970386086
Linear Regression,Azure,Central India,10,io-heavy,Standard_D2s_v3,4,0.4437,0.9679230518372421,0.0031,0.009663126512030683
Linear Regression,Azure,Central India,10,io-heavy,Standard_D2s_v3,4,0.4289,0.9679230518372421,0.003,0.009663126512030683
Linear Regression,Azure,Central India,100,cpu-heavy,Standard_D2s_v3,4,0.4122,0.17939364219903942,0.0029,0.002728167989165515
Linear Regression,Azure,Central India,100,cpu-heavy,Standard_D2s_v3,4,0.4156,0.17939364219903942,0.0029,0.002728167989165515
Linear Regression,Azure,Central India,500,memory-heavy,Standard_D2s_v3,4,0.7477,0.6810314532867354,0.0052,0.006999652545358817
Linear Regression,Azure,Central India,500,memory-heavy,Standard_D2s_v3,4,0.7452,0.6810314532867354,0.0052,0.006999652545358817
Linear Regression,Azure,Central India,1024,io-heavy,Standard_D2s_v3,4,2.2438,1.7518220885283813,0.0157,0.015521014625266645
Linear Regression,Azure,Central India,1024,io-heavy,Standard_D2s_v3,4,2.3376,1.7518220885283813,0.0164,0.015521014625266645
Linear Regression,Azure,Central India,2048,memory-heavy,Standard_D2s_v3,4,1.5582,1.877753059596285,0.0109,0.01594246398450011
Linear Regression,Azure,Central India,2048,memory-heavy,Standard_D2s_v3,4,1.5436,1.877753059596285,0.0108,0.01594246398450011
Linear Regression,Azure,Central India,5120,memory-heavy,Standard_D4ds_v4,4,1.5971,2.8444004057227534,0.026,0.036067053912244434
Linear Regression,Azure,Central India,5120,memory-heavy,Standard_D4ds_v4,4,1.5155,2.8444004057227534,0.0247,0.036067053912244434
Linear Regression,Azure,Central India,5120,io-heavy,Standard_D4s_v3,2,4.3174,4.4246215976515,0.0302,0.03377857027006852
Linear Regression,Azure,Central India,5120,io-heavy,Standard_D4s_v3,2,3.9583,4.4246215976515,0.0277,0.03377857027006852
Linear Regression,Azure,Southeast Asia,100,cpu-heavy,Standard_D2s_v3,2,0.552,1.1545994027991133,0.0023,0.0009734618083759965
Linear Regression,Azure,Southeast Asia,100,cpu-heavy,Standard_D2s_v3,2,0.5769,1.1545994027991133,0.0024,0.0009734618083759965
Linear Regression,Azure,Southeast Asia,100,cpu-heavy,Standard_D2s_v3,2,0.6422,1.1545994027991133,0.0027,0.0009734618083759965
Linear Regression,Azure,Southeast Asia,100,cpu-heavy,Standard_D2s_v3,2,0.5279,1.1545994027991133,0.0022,0.0009734618083759965
Linear Regression,Azure,Southeast Asia,100,cpu-heavy,Standard_D2s_v3,2,0.5724,1.1545994027991133,0.0024,0.0009734618083759965
Linear Regression,Azure,Southeast Asia,100,cpu-heavy,Standard_D2s_v3,2,0.5926,1.1545994027991133,0.0025,0.0009734618083759965
Linear Regression,Azure,Southeast Asia,100,cpu-heavy,Standard_D2s_v3,2,0.5339,1.1545994027991133,0.0022,0.0009734618083759965
Linear Regression,Azure,Southeast Asia,100,cpu-heavy,Standard_D2s_v3,2,0.5892,1.1545994027991133,0.0025,0.0009734618083759965
Linear Regression,Azure,Southeast Asia,100,cpu-heavy,Standard_D2s_v3,2,0.6176,1.1545994027991133,0.0026,0.0009734618083759965
Linear Regression,Azure,Southeast Asia,100,cpu-heavy,Standard_D2s_v3,2,0.5054,1.1545994027991133,0.0021,0.0009734618083759965
Linear Regression,Azure,Southeast Asia,100,cpu-heavy,Standard_D2s_v3,2,0.5754,1.1545994027991133,0.0024,0.0009734618083759965
Linear Regression,Azure,Southeast Asia,100,cpu-heavy,Standard_D2s_v3,2,0.5947,1.1545994027991133,0.0025,0.0009734618083759965
Linear Regression,Azure,Southeast Asia,2048,memory-heavy,Standard_D2s_v3,2,4.5779,2.852958820196359,0.0191,0.014187757803710592
Linear Regression,Azure,Southeast Asia,2048,memory-heavy,Standard_D2s_v3,2,4.4915,2.852958820196359,0.0187,0.014187757803710592
Linear Regression,Azure,Southeast Asia,2048,memory-heavy,Standard_D2s_v3,2,4.0028,2.852958820196359,0.0167,0.014187757803710592
Linear Regression,Azure,Southeast Asia,2048,memory-heavy,Standard_D2s_v3,2,4.6226,2.852958820196359,0.0193,0.014187757803710592
Linear Regression,Azure,Southeast Asia,2048,memory-heavy,Standard_D2s_v3,2,4.6525,2.852958820196359,0.0194,0.014187757803710592
Linear Regression,Azure,Southeast Asia,2048,memory-heavy,Standard_D2s_v3,2,4.1492,2.852958820196359,0.0173,0.014187757803710592
Linear Regression,Azure,Southeast Asia,2048,memory-heavy,Standard_D2s_v3,2,3.8651,2.852958820196359,0.0161,0.014187757803710592
Linear Regression,Azure,Southeast Asia,2048,memory-heavy,Standard_D2s_v3,2,4.6243,2.852958820196359,0.0193,0.014187757803710592
Linear Regression,Azure,Southeast Asia,3072,io-heavy,Standard_D2s_v3,2,7.4373,4.310287441972097,0.031,0.025597624870421165
Linear Regression,Azure,Southeast Asia,3072,io-heavy,Standard_D2s_v3,2,7.9502,4.310287441972097,0.0331,0.025597624870421165
Linear Regression,Azure,Southeast Asia,5120,memory-heavy,Standard_D2s_v3,2,10.2994,5.227848209461822,0.0429,0.03193473244262665
Linear Regression,Azure,Southeast Asia,5120,memory-heavy,Standard_D2s_v3,2,10.2047,5.227848209461822,0.0425,0.03193473244262665
Linear Regression,Azure,Southeast Asia,10,cpu-heavy,Standard_D2s_v3,4,0.475,0.6876425972566266,0.004,0.007367188684045369
Linear Regression,Azure,Southeast Asia,10,cpu-heavy,Standard_D2s_v3,4,0.5,0.6876425972566266,0.0042,0.007367188684045369
Linear Regression,Azure,Southeast Asia,10,cpu-heavy,Standard_D2s_v3,4,0.5343,0.6876425972566266,0.0045,0.007367188684045369
Linear Regression,Azure,Southeast Asia,10,cpu-heavy,Standard_D2s_v3,4,0.5225,0.6876425972566266,0.0044,0.007367188684045369
Linear Regression,Azure,Southeast Asia,10,cpu-heavy,Standard_D2s_v3,4,0.4918,0.6876425972566266,0.0041,0.007367188684045369
Linear Regression,Azure,Southeast Asia,10,cpu-heavy,Standard_D2s_v3,4,0.5208,0.6876425972566266,0.0043,0.007367188684045369
Linear Regression,Azure,Southeast Asia,10,cpu-heavy,Standard_D2s_v3,4,0.5209,0.6876425972566266,0.0043,0.007367188684045369
Linear Regression,Azure,Southeast Asia,10,cpu-heavy,Standard_D2s_v3,4,0.5087,0.6876425972566266,0.0042,0.007367188684045369
Linear Regression,Azure,Southeast Asia,10,memory-heavy,Standard_D2s_v3,4,0.6259,0.8800500191170487,0.0052,0.009327869250796476
Linear Regression,Azure,Southeast Asia,10,memory-heavy,Standard_D2s_v3,4,0.6773,0.8800500191170487,0.0056,0.009327869250796476
Linear Regression,Azure,Southeast Asia,10,memory-heavy,Standard_D2s_v3,4,0.6441,0.8800500191170487,0.0054,0.009327869250796476
Linear Regression,Azure,Southeast Asia,10,memory-heavy,Standard_D2s_v3,4,0.6806,0.8800500191170487,0.0057,0.009327869250796476
Linear Regression,Azure,Southeast Asia,10,memory-heavy,Standard_D2s_v3,4,0.6486,0.8800500191170487,0.0054,0.009327869250796476
Linear Regression,Azure,Southeast Asia,10,memory-heavy,Standard_D2s_v3,4,0.6751,0.8800500191170487,0.0056,0.009327869250796476
Linear Regression,Azure,Southeast Asia,10,memory-heavy,Standard_D2s_v3,4,0.6947,0.8800500191170487,0.0058,0.009327869250796476
Linear Regression,Azure,Southeast Asia,10,memory-heavy,Standard_D2s_v3,4,0.6936,0.8800500191170487,0.0058,0.009327869250796476
Linear Regression,Azure,Southeast Asia,100,io-heavy,Standard_D2s_v3,4,0.7437,1.6153256820471025,0.0062,0.015342009002159523
Linear Regression,Azure,Southeast Asia,100,io-heavy,Standard_D2s_v3,4,0.8282,1.6153256820471025,0.0069,0.015342009002159523
Linear Regression,Azure,Southeast Asia,100,io-heavy,Standard_D2s_v3,4,0.9414,1.6153256820471025,0.0078,0.015342009002159523
Linear Regression,Azure,Southeast Asia,100,io-heavy,Standard_D2s_v3,4,0.8785,1.6153256820471025,0.0073,0.015342009002159523
Linear Regression,Azure,Southeast Asia,100,io-heavy,Standard_D2s_v3,4,0.7152,1.6153256820471025,0.006,0.015342009002159523
Linear Regression,Azure,Southeast Asia,100,io-heavy,Standard_D2s_v3,4,0.8056,1.6153256820471025,0.0067,0.015342009002159523
Linear Regression,Azure,Southeast Asia,100,io-heavy,Standard_D2s_v3,4,0.8978,1.6153256820471025,0.0075,0.015342009002159523
Linear Regression,Azure,Southeast Asia,100,io-heavy,Standard_D2s_v3,4,0.8673,1.6153256820471025,0.0072,0.015342009002159523
Linear Regression,Azure,Southeast Asia,500,io-heavy,Standard_D2s_v3,4,1.6079,1.9245560712743761,0.0134,0.017652812991601718
Linear Regression,Azure,Southeast Asia,500,io-heavy,Standard_D2s_v3,4,1.7414,1.9245560712743761,0.0145,0.017652812991601718
Linear Regression,Azure,Southeast Asia,500,io-heavy,Standard_D2s_v3,4,1.8837,1.9245560712743761,0.0157,0.017652812991601718
Linear Regression,Azure,Southeast Asia,500,io-heavy,Standard_D2s_v3,4,1.9029,1.9245560712743761,0.0159,0.017652812991601718
Linear Regression,Azure,Southeast Asia,500,io-heavy,Standard_D2s_v3,4,1.5811,1.9245560712743761,0.0132,0.017652812991601718
Linear Regression,Azure,Southeast Asia,500,io-heavy,Standard_D2s_v3,4,1.714,1.9245560712743761,0.0143,0.017652812991601718
Linear Regression,Azure,Southeast Asia,500,io-heavy,Standard_D2s_v3,4,1.9543,1.9245560712743761,0.0163,0.017652812991601718
Linear Regression,Azure,Southeast Asia,500,io-heavy,Standard_D2s_v3,4,1.8702,1.9245560712743761,0.0156,0.017652812991601718
Linear Regression,Azure,Southeast Asia,1024,cpu-heavy,Standard_D2s_v3,4,1.0188,1.4715416339477656,0.0085,0.013225076797281332
Linear Regression,Azure,Southeast Asia,1024,cpu-heavy,Standard_D2s_v3,4,1.0108,1.4715416339477656,0.0084,0.013225076797281332
Linear Regression,Azure,Southeast Asia,1024,cpu-heavy,Standard_D2s_v3,4,0.9704,1.4715416339477656,0.0081,0.013225076797281332
Linear Regression,Azure,Southeast Asia,1024,cpu-heavy,Standard_D2s_v3,4,1.0702,1.4715416339477656,0.0089,0.013225076797281332
Linear Regression,Azure,Southeast Asia,1024,cpu-heavy,Standard_D2s_v3,4,0.9812,1.4715416339477656,0.0082,0.013225076797281332
Linear Regression,Azure,Southeast Asia,1024,cpu-heavy,Standard_D2s_v3,4,1.0508,1.4715416339477656,0.0088,0.013225076797281332
Linear Regression,Azure,Southeast Asia,1024,cpu-heavy,Standard_D2s_v3,4,0.9713,1.4715416339477656,0.0081,0.013225076797281332
Linear Regression,Azure,Southeast Asia,1024,cpu-heavy,Standard_D2s_v3,4,1.0371,1.4715416339477656,0.0086,0.013225076797281332
Linear Regression,Azure,Southeast Asia,3072,cpu-heavy,Standard_D2s_v3,4,1.6943,3.0548012267914078,0.0141,0.025056393223225365
Linear Regression,Azure,Southeast Asia,3072,cpu-heavy,Standard_D2s_v3,4,1.6609,3.0548012267914078,0.0138,0.025056393223225365
Linear Regression,Azure,Southeast Asia,3072,memory-heavy,Standard_D2s_v3,4,2.5554,3.2472086486518297,0.0213,0.027017073789976476
Linear Regression,Azure,Southeast Asia,3072,memory-heavy,Standard_D2s_v3,4,2.5978,3.2472086486518297,0.0216,0.027017073789976476
Linear Regression,Azure,Southeast Asia,10,memory-heavy,Standard_D4s_v3,2,0.4289,0.3863303425528839,0.0036,0.003922792043710278
Linear Regression,Azure,Southeast Asia,10,memory-heavy,Standard_D4s_v3,2,0.4377,0.3863303425528839,0.0036,0.003922792043710278
Linear Regression,Azure,Southeast Asia,10,memory-heavy,Standard_D4s_v3,2,0.437,0.3863303425528839,0.0036,0.003922792043710278
Linear Regression,Azure,Southeast Asia,10,memory-heavy,Standard_D4s_v3,2,0.4411,0.3863303425528839,0.0037,0.003922792043710278
Linear Regression,Azure,Southeast Asia,10,memory-heavy,Standard_D4s_v3,2,0.4434,0.3863303425528839,0.0037,0.003922792043710278
Linear Regression,Azure,Southeast Asia,10,memory-heavy,Standard_D4s_v3,2,0.4496,0.3863303425528839,0.0037,0.003922792043710278
Linear Regression,Azure,Southeast Asia,100,cpu-heavy,Standard_D4s_v3,2,0.3789,0.2634997582685983,0.0032,0.002482042374583663
Linear Regression,Azure,Southeast Asia,100,cpu-heavy,Standard_D4s_v3,2,0.3904,0.2634997582685983,0.0033,0.002482042374583663
Linear Regression,Azure,Southeast Asia,100,cpu-heavy,Standard_D4s_v3,2,0.3924,0.2634997582685983,0.0033,0.002482042374583663
Linear Regression,Azure,Southeast Asia,100,cpu-heavy,Standard_D4s_v3,2,0.384,0.2634997582685983,0.0032,0.002482042374583663
Linear Regression,Azure,Southeast Asia,100,cpu-heavy,Standard_D4s_v3,2,0.3732,0.2634997582685983,0.0031,0.002482042374583663
Linear Regression,Azure,Southeast Asia,100,cpu-heavy,Standard_D4s_v3,2,0.3977,0.2634997582685983,0.0033,0.002482042374583663
Linear Regression,Azure,Southeast Asia,100,memory-heavy,Standard_D4s_v3,2,0.5219,0.45590718012902043,0.0043,0.00444272294133477
Linear Regression,Azure,Southeast Asia,100,memory-heavy,Standard_D4s_v3,2,0.5276,0.45590718012902043,0.0044,0.00444272294133477
Linear Regression,Azure,Southeast Asia,100,memory-heavy,Standard_D4s_v3,2,0.5231,0.45590718012902043,0.0044,0.00444272294133477
Linear Regression,Azure,Southeast Asia,100,memory-heavy,Standard_D4s_v3,2,0.529,0.45590718012902043,0.0044,0.00444272294133477
Linear Regression,Azure,Southeast Asia,100,memory-heavy,Standard_D4s_v3,2,0.5234,0.45590718012902043,0.0044,0.00444272294133477
Linear Regression,Azure,Southeast Asia,100,memory-heavy,Standard_D4s_v3,2,0.5366,0.45590718012902043,0.0045,0.00444272294133477
Linear Regression,Azure,Southeast Asia,500,io-heavy,Standard_D4s_v3,2,0.9583,1.4308363947102112,0.008,0.01224773578451552
Linear Regression,Azure,Southeast Asia,500,io-heavy,Standard_D4s_v3,2,0.9053,1.4308363947102112,0.0075,0.01224773578451552
Linear Regression,Azure,Southeast Asia,500,io-heavy,Standard_D4s_v3,2,1.177,1.4308363947102112,0.0098,0.01224773578451552
Linear Regression,Azure,Southeast Asia,500,io-heavy,Standard_D4s_v3,2,0.9189,1.4308363947102112,0.0077,0.01224773578451552
Linear Regression,Azure,Southeast Asia,500,io-heavy,Standard_D4s_v3,2,0.9564,1.4308363947102112,0.008,0.01224773578451552
Linear Regression,Azure,Southeast Asia,500,io-heavy,Standard_D4s_v3,2,0.9529,1.4308363947102112,0.0079,0.01224773578451552
Linear Regression,Azure,Southeast Asia,500,io-heavy,Standard_D4s_v3,2,1.1293,1.4308363947102112,0.0094,0.01224773578451552
Linear Regression,Azure,Southeast Asia,500,io-heavy,Standard_D4s_v3,2,0.9696,1.4308363947102112,0.0081,0.01224773578451552
Linear Regression,Azure,Southeast Asia,500,memory-heavy,Standard_D4s_v3,2,0.8977,0.7651375693562942,0.0075,0.006753526930776966
Linear Regression,Azure,Southeast Asia,500,memory-heavy,Standard_D4s_v3,2,0.8537,0.7651375693562942,0.0071,0.006753526930776966
Linear Regression,Azure,Southeast Asia,500,memory-heavy,Standard_D4s_v3,2,0.8845,0.7651375693562942,0.0074,0.006753526930776966
Linear Regression,Azure,Southeast Asia,500,memory-heavy,Standard_D4s_v3,2,0.874,0.7651375693562942,0.0073,0.006753526930776966
Linear Regression,Azure,Southeast Asia,500,memory-heavy,Standard_D4s_v3,2,0.8703,0.7651375693562942,0.0073,0.006753526930776966
Linear Regression,Azure,Southeast Asia,500,memory-heavy,Standard_D4s_v3,2,0.875,0.7651375693562942,0.0073,0.006753526930776966
Linear Regression,Azure,Southeast Asia,500,memory-heavy,Standard_D4s_v3,2,0.7811,0.7651375693562942,0.0065,0.006753526930776966
Linear Regression,Azure,Southeast Asia,1024,io-heavy,Standard_D4s_v3,2,1.5345,1.83592820459794,0.0128,0.015274889010684795
Linear Regression,Azure,Southeast Asia,1024,io-heavy,Standard_D4s_v3,2,1.571,1.83592820459794,0.0131,0.015274889010684795
Linear Regression,Azure,Southeast Asia,1024,io-heavy,Standard_D4s_v3,2,1.8897,1.83592820459794,0.0157,0.015274889010684795
Linear Regression,Azure,Southeast Asia,1024,io-heavy,Standard_D4s_v3,2,1.5375,1.83592820459794,0.0128,0.015274889010684795
Linear Regression,Azure,Southeast Asia,1024,io-heavy,Standard_D4s_v3,2,1.5062,1.83592820459794,0.0126,0.015274889010684795
Linear Regression,Azure,Southeast Asia,1024,io-heavy,Standard_D4s_v3,2,1.5551,1.83592820459794,0.013,0.015274889010684795
Linear Regression,Azure,Southeast Asia,1024,io-heavy,Standard_D4s_v3,2,1.905,1.83592820459794,0.0159,0.015274889010684795
Linear Regression,Azure,Southeast Asia,1024,io-heavy,Standard_D4s_v3,2,1.7432,1.83592820459794,0.0145,0.015274889010684795
Linear Regression,Azure,Southeast Asia,2048,memory-heavy,Standard_D4s_v3,2,2.4245,1.961859175665844,0.0202,0.01569633836991826
Linear Regression,Azure,Southeast Asia,2048,memory-heavy,Standard_D4s_v3,2,2.384,1.961859175665844,0.0199,0.01569633836991826
Linear Regression,Azure,Southeast Asia,2048,memory-heavy,Standard_D4s_v3,2,2.1068,1.961859175665844,0.0176,0.01569633836991826
Linear Regression,Azure,Southeast Asia,2048,memory-heavy,Standard_D4s_v3,2,2.0508,1.961859175665844,0.0171,0.01569633836991826
Linear Regression,Azure,Southeast Asia,2048,memory-heavy,Standard_D4s_v3,2,2.3168,1.961859175665844,0.0193,0.01569633836991826
Linear Regression,Azure,Southeast Asia,2048,memory-heavy,Standard_D4s_v3,2,2.3339,1.961859175665844,0.0194,0.01569633836991826
Linear Regression,Azure,Southeast Asia,2048,memory-heavy,Standard_D4s_v3,2,2.1081,1.961859175665844,0.0176,0.01569633836991826
Linear Regression,Azure,Southeast Asia,2048,memory-heavy,Standard_D4s_v3,2,2.1075,1.961859175665844,0.0176,0.01569633836991826
Linear Regression,Azure,Southeast Asia,3072,cpu-heavy,Standard_D4s_v3,2,2.0815,2.5610815502272426,0.0173,0.01965131601613917
Linear Regression,Azure,Southeast Asia,3072,cpu-heavy,Standard_D4s_v3,2,1.9543,2.5610815502272426,0.0163,0.01965131601613917
Linear Regression,Azure,Southeast Asia,3072,cpu-heavy,Standard_D4s_v3,2,2.0756,2.5610815502272426,0.0173,0.01965131601613917
Linear Regression,Azure,Southeast Asia,3072,cpu-heavy,Standard_D4s_v3,2,1.9568,2.5610815502272426,0.0163,0.01965131601613917
Linear Regression,Azure,Southeast Asia,100,memory-heavy,Standard_D4s_v3,4,0.4952,0.05852721216267032,0.0083,0.011356380714628637
Linear Regression,Azure,Southeast Asia,100,memory-heavy,Standard_D4s_v3,4,0.4705,0.05852721216267032,0.0078,0.011356380714628637
Linear Regression,Azure,Southeast Asia,100,memory-heavy,Standard_D4s_v3,4,0.5129,0.05852721216267032,0.0085,0.011356380714628637
Linear Regression,Azure,Southeast Asia,100,memory-heavy,Standard_D4s_v3,4,0.5037,0.05852721216267032,0.0084,0.011356380714628637
Linear Regression,Azure,Southeast Asia,100,memory-heavy,Standard_D4s_v3,4,0.486,0.05852721216267032,0.0081,0.011356380714628637
Linear Regression,Azure,Southeast Asia,100,memory-heavy,Standard_D4s_v3,4,0.5071,0.05852721216267032,0.0085,0.011356380714628637
Linear Regression,Azure,Southeast Asia,500,memory-heavy,Standard_D4s_v3,4,0.6213,0.36775760138994396,0.0104,0.013667184704070832
Linear Regression,Azure,Southeast Asia,500,memory-heavy,Standard_D4s_v3,4,0.6124,0.36775760138994396,0.0102,0.013667184704070832
Linear Regression,Azure,Southeast Asia,500,memory-heavy,Standard_D4s_v3,4,0.6429,0.36775760138994396,0.0107,0.013667184704070832
Linear Regression,Azure,Southeast Asia,500,memory-heavy,Standard_D4s_v3,4,0.6059,0.36775760138994396,0.0101,0.013667184704070832
Linear Regression,Azure,Southeast Asia,500,memory-heavy,Standard_D4s_v3,4,0.637,0.36775760138994396,0.0106,0.013667184704070832
Linear Regression,Azure,Southeast Asia,500,memory-heavy,Standard_D4s_v3,4,0.6356,0.36775760138994396,0.0106,0.013667184704070832
Linear Regression,Azure,Southeast Asia,1024,memory-heavy,Standard_D4s_v3,4,0.7751,0.7728494112776727,0.0129,0.016694337930240107
Linear Regression,Azure,Southeast Asia,1024,memory-heavy,Standard_D4s_v3,4,0.7691,0.7728494112776727,0.0128,0.016694337930240107
Linear Regression,Azure,Southeast Asia,1024,memory-heavy,Standard_D4s_v3,4,0.8073,0.7728494112776727,0.0135,0.016694337930240107
Linear Regression,Azure,Southeast Asia,1024,memory-heavy,Standard_D4s_v3,4,0.8373,0.7728494112776727,0.014,0.016694337930240107
Linear Regression,Azure,Southeast Asia,1024,memory-heavy,Standard_D4s_v3,4,0.7716,0.7728494112776727,0.0129,0.016694337930240107
Linear Regression,Azure,Southeast Asia,1024,memory-heavy,Standard_D4s_v3,4,0.7923,0.7728494112776727,0.0132,0.016694337930240107
Linear Regression,Azure,Southeast Asia,2048,cpu-heavy,Standard_D4s_v3,4,0.8381,1.3720717858390716,0.014,0.02064931557646102
Linear Regression,Azure,Southeast Asia,2048,cpu-heavy,Standard_D4s_v3,4,0.8042,1.3720717858390716,0.0134,0.02064931557646102
Linear Regression,Azure,Southeast Asia,2048,cpu-heavy,Standard_D4s_v3,4,0.8934,1.3720717858390716,0.0149,0.02064931557646102
Linear Regression,Azure,Southeast Asia,2048,cpu-heavy,Standard_D4s_v3,4,0.8263,1.3720717858390716,0.0138,0.02064931557646102
Linear Regression,Azure,Southeast Asia,2048,cpu-heavy,Standard_D4s_v3,4,0.7683,1.3720717858390716,0.0128,0.02064931557646102
Linear Regression,Azure,Southeast Asia,2048,cpu-heavy,Standard_D4s_v3,4,0.8371,1.3720717858390716,0.014,0.02064931557646102
Linear Regression,Azure,Southeast Asia,3072,cpu-heavy,Standard_D4s_v3,4,0.9336,2.1637015822608925,0.0156,0.026564973789433035
Linear Regression,Azure,Southeast Asia,3072,cpu-heavy,Standard_D4s_v3,4,0.9259,2.1637015822608925,0.0154,0.026564973789433035
Linear Regression,Azure,Southeast Asia,3072,cpu-heavy,Standard_D4s_v3,4,0.936,2.1637015822608925,0.0156,0.026564973789433035
Linear Regression,Azure,Southeast Asia,3072,cpu-heavy,Standard_D4s_v3,4,0.977,2.1637015822608925,0.0163,0.026564973789433035
Linear Regression,Azure,Southeast Asia,5120,cpu-heavy,Standard_D4s_v3,4,1.3438,3.7469611751045346,0.0224,0.03839629021537708
Linear Regression,Azure,Southeast Asia,5120,cpu-heavy,Standard_D4s_v3,4,1.4193,3.7469611751045346,0.0237,0.03839629021537708
Linear Regression,Azure,Southeast Asia,5120,cpu-heavy,Standard_D4s_v3,4,1.2597,3.7469611751045346,0.021,0.03839629021537708
Linear Regression,Azure,Southeast Asia,5120,cpu-heavy,Standard_D4s_v3,4,1.4298,3.7469611751045346,0.0238,0.03839629021537708
Linear Regression,Azure,Southeast Asia,5120,io-heavy,Standard_D4s_v3,4,4.4467,4.605067422318873,0.0741,0.04585117963586674
Linear Regression,Azure,Southeast Asia,5120,io-heavy,Standard_D4s_v3,4,5.3726,4.605067422318873,0.0895,0.04585117963586674
Linear Regression,Azure,Southeast Asia,5120,io-heavy,Standard_D4s_v3,4,4.4819,4.605067422318873,0.0747,0.04585117963586674
Linear Regression,Azure,Southeast Asia,5120,io-heavy,Standard_D4s_v3,4,5.9776,4.605067422318873,0.0996,0.04585117963586674
Decision Tree,AWS,ap-south-1,10,cpu-heavy,m5.xlarge,2,0.840116667,0.9056335,0.005377,0.0066756666666666666
Decision Tree,AWS,ap-south-1,10,io-heavy,m5.xlarge,2,0.91,1.106333,0.005824,0.0066756666666666666
Decision Tree,AWS,ap-south-1,100,cpu-heavy,m5.xlarge,2,0.95,0.973067,0.00608,0.0066756666666666666
Decision Tree,AWS,ap-south-1,100,cpu-heavy,m5.xlarge,2,0.939533,0.973067,0.006013,0.0066756666666666666
Decision Tree,AWS,ap-south-1,100,memory-heavy,m5.xlarge,2,0.973667,1.0249666666666666,0.006231,0.0066756666666666666
Decision Tree,AWS,ap-south-1,100,io-heavy,m5.xlarge,2,1.041433,1.106333,0.006665,0.0066756666666666666
Decision Tree,AWS,ap-south-1,500,memory-heavy,m5.xlarge,2,1.374483,1.373533,0.008797,0.009734
Decision Tree,AWS,ap-south-1,1024,io-heavy,m5.xlarge,2,2.074217,2.6387,0.013275,0.010886
Decision Tree,AWS,ap-south-1,100,memory-heavy,m5.xlarge,4,0.941817,1.0479915,0.012055,0.013777250000000001
Decision Tree,AWS,ap-south-1,500,memory-heavy,m5.xlarge,4,1.106633,1.1229221666666664,0.014165,0.01602433333333333
Decision Tree,AWS,ap-south-1,500,io-heavy,m5.xlarge,4,1.17255,1.1986032,0.015009,0.01602433333333333
Decision Tree,AWS,ap-south-1,1024,io-heavy,m5.xlarge,4,1.506167,1.856075,0.019279,0.017799
Decision Tree,AWS,ap-south-1,5120,cpu-heavy,m5.xlarge,4,2.773683,2.205975,0.035503,0.034978
Decision Tree,AWS,ap-south-1,5120,memory-heavy,m5.xlarge,4,2.973667,2.288525,0.038063,0.036006
Decision Tree,AWS,ap-south-1,5120,io-heavy,m5.xlarge,4,3.540233,3.405775,0.045315,0.041794
Decision Tree,AWS,ap-south-1,500,cpu-heavy,c5.xlarge,4,0.973933,1.1279276666666667,0.011038,0.013255666666666666
Decision Tree,AWS,ap-south-1,1024,memory-heavy,c5.xlarge,4,1.239433,1.469675,0.014047,0.01690775
Decision Tree,AWS,ap-south-1,1024,io-heavy,c5.xlarge,4,1.339867,1.872483,0.015185,0.017799
Decision Tree,AWS,ap-south-1,500,memory-heavy,m6i.xlarge,4,0.9719,1.1229221666666664,0.013088,0.01357875
Decision Tree,AWS,ap-south-1,5120,cpu-heavy,m6i.xlarge,4,2.105083,2.205975,0.028348,0.03283
Decision Tree,AWS,ap-south-1,10,cpu-heavy,m6i.xlarge,2,0.938017,0.7299585000000001,0.006316,0.004915
Decision Tree,AWS,ap-south-1,100,cpu-heavy,m6i.xlarge,2,0.737567,0.827822,0.004966,0.005574333333333334
Decision Tree,AWS,ap-south-1,1024,memory-heavy,m6i.xlarge,2,1.471983,1.3894585,0.009911,0.009046
Decision Tree,AWS,ap-south-1,5120,memory-heavy,m6i.xlarge,2,4.23795,4.738467,0.028536,0.027047
Decision Tree,AWS,ap-south-1,10,cpu-heavy,c6i.xlarge,4,0.672733,0.9162416666666666,0.008611,0.010851333333333333
Decision Tree,AWS,ap-south-1,10,memory-heavy,c6i.xlarge,4,0.70555,0.9162416666666666,0.009031,0.0116564
Decision Tree,AWS,ap-south-1,100,memory-heavy,c6i.xlarge,4,0.771833,1.05512925,0.009879,0.01321025
Decision Tree,AWS,ap-south-1,10,cpu-heavy,m5a.xlarge,4,1.0752,1.2419835,0.012329,0.010851333333333333
Decision Tree,AWS,ap-south-1,500,memory-heavy,m5a.xlarge,4,1.376833,1.627742,0.015788,0.01246675
Decision Tree,AWS,ap-south-1,1024,memory-heavy,m5a.xlarge,4,1.608517,1.469675,0.018444,0.01690775
Decision Tree,AWS,ap-south-1,5120,memory-heavy,m5a.xlarge,4,3.541517,3.5366165,0.040609,0.034581
Decision Tree,AWS,ap-south-1,1024,cpu-heavy,c5a.xlarge,4,1.038583,1.41495825,0.010663,0.0148905
Decision Tree,AWS,ap-south-1,1024,memory-heavy,c5a.xlarge,4,1.105,1.469675,0.011345,0.01690775
Decision Tree,AWS,ap-south-1,1024,io-heavy,c5a.xlarge,4,1.171967,1.7222835,0.012032,0.017799
Decision Tree,AWS,ap-south-1,5120,io-heavy,c5a.xlarge,4,2.839033,3.405775,0.029147,0.041794
Decision Tree,AWS,ap-south-1,1024,cpu-heavy,c6i.xlarge,4,1.504433,1.41495825,0.019257,0.0148905
Decision Tree,AWS,ap-south-1,1024,memory-heavy,c6i.xlarge,4,1.60445,1.469675,0.020537,0.01690775
Decision Tree,AWS,ap-south-1,100,memory-heavy,m5.xlarge,4,1.206667,1.0479915,0.015445,0.013777250000000001
Decision Tree,AWS,ap-south-1,500,memory-heavy,m5.xlarge,4,1.406683,1.1229221666666664,0.018006,0.01602433333333333
Decision Tree,AWS,ap-south-1,500,io-heavy,m5.xlarge,4,1.473983,1.1986032,0.018867,0.01602433333333333
Decision Tree,AWS,ap-south-1,1024,io-heavy,m5.xlarge,4,1.640867,1.856075,0.021003,0.017799
Decision Tree,AWS,ap-south-1,5120,cpu-heavy,m5.xlarge,4,3.2072,2.205975,0.041052,0.034978
Decision Tree,AWS,ap-south-1,5120,memory-heavy,m5.xlarge,4,3.33995,2.288525,0.042751,0.036006
Decision Tree,AWS,ap-south-1,5120,io-heavy,m5.xlarge,4,3.972817,3.405775,0.050852,0.041794
Decision Tree,AWS,ap-south-1,10,cpu-heavy,m5.xlarge,2,0.872633,0.9056335,0.005585,0.0066756666666666666
Decision Tree,AWS,ap-south-1,10,io-heavy,m5.xlarge,2,1.039133,1.106333,0.00665,0.0066756666666666666
Decision Tree,AWS,ap-south-1,100,cpu-heavy,m5.xlarge,2,0.97285,0.973067,0.006226,0.0066756666666666666
Decision Tree,AWS,ap-south-1,100,memory-heavy,m5.xlarge,2,1.04055,1.0249666666666666,0.00666,0.0066756666666666666
Decision Tree,AWS,ap-south-1,100,io-heavy,m5.xlarge,2,1.273233,1.106333,0.008149,0.0066756666666666666
Decision Tree,AWS,ap-south-1,1024,memory-heavy,c5.xlarge,4,1.7729,1.469675,0.020093,0.01690775
Decision Tree,AWS,ap-south-1,500,memory-heavy,m5.xlarge,2,1.444483,1.373533,0.009245,0.009734
Decision Tree,AWS,ap-south-1,1024,io-heavy,c5.xlarge,4,1.905033,1.872483,0.02159,0.017799
Decision Tree,AWS,ap-south-1,1024,io-heavy,m5.xlarge,2,2.139683,2.6387,0.013694,0.010886
Decision Tree,AWS,ap-south-1,10,cpu-heavy,c6i.xlarge,4,1.205617,0.9162416666666666,0.015432,0.010851333333333333
Decision Tree,AWS,ap-south-1,10,memory-heavy,c6i.xlarge,4,1.238483,0.9162416666666666,0.015853,0.0116564
Decision Tree,AWS,ap-south-1,100,memory-heavy,c6i.xlarge,4,1.204533,1.05512925,0.015418,0.01321025
Decision Tree,AWS,ap-south-1,500,memory-heavy,m6i.xlarge,4,1.138367,1.1229221666666664,0.01533,0.01357875
Decision Tree,AWS,ap-south-1,1024,cpu-heavy,c6i.xlarge,4,1.605717,1.41495825,0.020553,0.0148905
Decision Tree,AWS,ap-south-1,1024,memory-heavy,c6i.xlarge,4,1.604767,1.469675,0.020541,0.01690775
Decision Tree,AWS,ap-south-1,5120,cpu-heavy,m6i.xlarge,4,2.87215,2.205975,0.038678,0.03283
Decision Tree,AWS,ap-south-1,10,cpu-heavy,m6i.xlarge,2,0.739183,0.7299585000000001,0.004977,0.004915
Decision Tree,AWS,ap-south-1,100,cpu-heavy,m6i.xlarge,2,0.80505,0.827822,0.005421,0.005574333333333334
Decision Tree,AWS,ap-south-1,1024,memory-heavy,m6i.xlarge,2,1.572583,1.3894585,0.010589,0.009046
Decision Tree,AWS,ap-south-1,5120,memory-heavy,m6i.xlarge,2,4.50715,4.738467,0.030348,0.027047
Decision Tree,AWS,ap-southeast-1,10,memory-heavy,m5.xlarge,4,1.207217,1.082,0.015452,0.016425
Decision Tree,AWS,ap-southeast-1,500,cpu-heavy,m5.xlarge,4,1.407567,1.2291946666666667,0.018017,0.0143445
Decision Tree,AWS,ap-southeast-1,500,io-heavy,m5.xlarge,4,1.5397,1.3904079999999999,0.019708,0.020108
Decision Tree,AWS,ap-southeast-1,5120,memory-heavy,m5.xlarge,4,3.440933,3.53835,0.044044,0.044046
Decision Tree,AWS,ap-southeast-1,10,memory-heavy,c6i.xlarge,4,1.239433,0.9273833333333333,0.015865,0.01219575
Decision Tree,AWS,ap-southeast-1,10,io-heavy,c6i.xlarge,4,1.872133,0.940046,0.023963,0.015712
Decision Tree,AWS,ap-southeast-1,100,cpu-heavy,c6i.xlarge,4,1.404433,1.122833,0.017977,0.019269
Decision Tree,AWS,ap-southeast-1,100,memory-heavy,c6i.xlarge,4,1.272017,1.355008,0.016282,0.017070500000000002
Decision Tree,AWS,ap-southeast-1,10,memory-heavy,m5.xlarge,2,1.007233,1.0057,0.006446,0.006494
Decision Tree,AWS,ap-southeast-1,10,io-heavy,m5.xlarge,2,1.073083,1.106333,0.006868,0.006494
Decision Tree,AWS,ap-southeast-1,500,io-heavy,c5.xlarge,4,1.706367,1.2739,0.019339,0.016692
Decision Tree,AWS,ap-southeast-1,1024,cpu-heavy,c5.xlarge,4,1.741583,1.1910835,0.019738,0.019227
Decision Tree,AWS,ap-southeast-1,1024,memory-heavy,m5.xlarge,2,1.973417,1.739633,0.01263,0.016888
Decision Tree,AWS,ap-southeast-1,5120,io-heavy,m5.xlarge,2,7.3733,7.374,0.047189,0.038582500000000006
Decision Tree,AWS,ap-southeast-1,10,cpu-heavy,m5a.xlarge,4,1.34365,1.44145,0.019349,0.020757
Decision Tree,AWS,ap-southeast-1,10,memory-heavy,m5a.xlarge,4,1.474783,1.5094835,0.021237,0.0217365
Decision Tree,AWS,ap-southeast-1,1024,memory-heavy,m5a.xlarge,4,2.308617,1.638483,0.033244,0.027478
Decision Tree,AWS,ap-southeast-1,5120,cpu-heavy,m5a.xlarge,4,4.10965,2.439533,0.059179,0.054552
Decision Tree,AWS,ap-southeast-1,5120,memory-heavy,m5a.xlarge,4,4.410483,3.53835,0.063511,0.054552
Decision Tree,AWS,ap-southeast-1,5120,memory-heavy,m5a.xlarge,4,4.3492,3.53835,0.062628,0.054552
Decision Tree,AWS,ap-southeast-1,10,cpu-heavy,m6i.xlarge,4,0.871983,0.9494556666666666,0.013952,0.015191333333333334
Decision Tree,AWS,ap-southeast-1,10,cpu-heavy,c5a.xlarge,4,1.2733,1.339117,0.01494,0.013327
Decision Tree,AWS,ap-southeast-1,5120,memory-heavy,m6i.xlarge,4,2.672,3.53835,0.042752,0.044046
Decision Tree,AWS,ap-southeast-1,10,cpu-heavy,m6i.xlarge,2,0.7399,0.7499496666666667,0.005919,0.005999333333333333
Decision Tree,AWS,ap-southeast-1,100,memory-heavy,m6i.xlarge,2,0.83825,0.838483,0.006706,0.009195
Decision Tree,AWS,ap-southeast-1,1024,io-heavy,m6i.xlarge,2,1.871833,1.6167446666666667,0.014975,0.013543
Decision Tree,AWS,ap-southeast-1,5120,io-heavy,m6i.xlarge,2,5.805367,5.2289,0.046443,0.038582500000000006
Decision Tree,AWS,ap-south-1,10,cpu-heavy,c6i.xlarge,4,1.139333,0.9162416666666666,0.014583,0.010851333333333333
Decision Tree,AWS,ap-south-1,10,memory-heavy,c6i.xlarge,4,1.205217,0.9162416666666666,0.015427,0.0116564
Decision Tree,AWS,ap-south-1,100,memory-heavy,c6i.xlarge,4,1.2397,1.05512925,0.015868,0.01321025
Decision Tree,AWS,ap-south-1,1024,cpu-heavy,c6i.xlarge,4,1.5392,1.41495825,0.019702,0.0148905
Decision Tree,AWS,ap-south-1,1024,memory-heavy,c6i.xlarge,4,1.572117,1.469675,0.020123,0.01690775
Decision Tree,AWS,ap-southeast-1,10,io-heavy,c5a.xlarge,2,0.8725,0.8612556666666666,0.005119,0.005425
Decision Tree,AWS,ap-southeast-1,100,memory-heavy,c5a.xlarge,2,1.039167,0.8719165,0.006096,0.005115
Decision Tree,AWS,ap-southeast-1,100,memory-heavy,c5.xlarge,4,1.139067,1.47285,0.014884,0.015755
Decision Tree,AWS,ap-southeast-1,1024,memory-heavy,c5a.xlarge,2,1.672517,1.538767,0.009812,0.004821
Decision Tree,AWS,ap-southeast-1,1024,io-heavy,c5a.xlarge,2,1.9723,2.07285,0.011571,0.0053965
Decision Tree,AWS,ap-southeast-1,5120,io-heavy,c5.xlarge,4,3.039683,4.141033,0.039719,0.050923
Decision Tree,AWS,ap-southeast-1,3072,memory-heavy,m6i.xlarge,2,2.93915,3.104533,0.023513,0.024836
Decision Tree,AWS,ap-south-1,10,cpu-heavy,m5a.xlarge,4,1.274567,1.2419835,0.009432,0.010851333333333333
Decision Tree,AWS,ap-south-1,10,cpu-heavy,m6i.xlarge,2,0.67135,0.7299585000000001,0.00452,0.004915
Decision Tree,AWS,ap-southeast-1,10,memory-heavy,m5a.xlarge,2,1.175467,1.285911,0.008463,0.009258666666666667
Decision Tree,AWS,ap-south-1,10,cpu-heavy,m5.xlarge,2,0.839933,0.9056335,0.005656,0.0066756666666666666
Decision Tree,AWS,ap-south-1,10,cpu-heavy,c5.xlarge,2,0.73865,0.7727,0.004186,0.004563
Decision Tree,AWS,ap-southeast-1,10,io-heavy,c5.xlarge,2,0.905067,0.9062835,0.005913,0.005809
Decision Tree,AWS,ap-south-1,10,cpu-heavy,c6i.xlarge,2,0.6385,0.6888164999999999,0.003618,0.003859
Decision Tree,AWS,ap-south-1,10,io-heavy,m5.xlarge,2,0.87395,1.106333,0.005885,0.0066756666666666666
Decision Tree,AWS,ap-south-1,10,cpu-heavy,c6i.xlarge,4,0.772467,0.9162416666666666,0.008755,0.010851333333333333
Decision Tree,AWS,ap-south-1,100,cpu-heavy,m5.xlarge,2,0.907,0.973067,0.006107,0.0066756666666666666
Decision Tree,AWS,ap-southeast-1,100,cpu-heavy,c6i.xlarge,2,1.00555,0.7941613333333334,0.00657,0.005188333333333333
Decision Tree,AWS,ap-south-1,100,memory-heavy,m5.xlarge,2,0.972417,1.0249666666666666,0.006548,0.0066756666666666666
Decision Tree,AWS,ap-south-1,100,memory-heavy,m5.xlarge,4,1.106967,1.0479915,0.014907,0.013777250000000001
Decision Tree,AWS,ap-southeast-1,100,memory-heavy,m5a.xlarge,2,1.274833,1.2259250000000002,0.009179,0.009914
Decision Tree,AWS,ap-south-1,100,io-heavy,m5.xlarge,2,0.9737,1.106333,0.006556,0.0066756666666666666
Decision Tree,AWS,ap-southeast-1,100,io-heavy,c5.xlarge,2,1.0049,1.1493776666666669,0.006565,0.005918
Decision Tree,AWS,ap-south-1,500,memory-heavy,m5.xlarge,2,1.306517,1.373533,0.008797,0.009734
Decision Tree,AWS,ap-south-1,10,memory-heavy,c6i.xlarge,4,0.805983,0.9162416666666666,0.009134,0.0116564
Decision Tree,AWS,ap-south-1,500,memory-heavy,m5.xlarge,4,1.306033,1.1229221666666664,0.017588,0.01602433333333333
Decision Tree,AWS,ap-south-1,500,io-heavy,m5.xlarge,4,1.410717,1.1986032,0.018998,0.01602433333333333
Decision Tree,AWS,ap-south-1,10,io-heavy,c5a.xlarge,2,0.739817,0.7049915,0.002318,0.002317
Decision Tree,AWS,ap-south-1,1024,io-heavy,m5.xlarge,2,2.0403,2.6387,0.013738,0.010886
Decision Tree,AWS,ap-south-1,1024,io-heavy,m5.xlarge,4,1.605917,1.856075,0.021626,0.017799
Decision Tree,AWS,ap-south-1,100,cpu-heavy,m6i.xlarge,2,0.706033,0.827822,0.004754,0.005574333333333334
Decision Tree,AWS,ap-southeast-1,1024,cpu-heavy,m5.xlarge,2,1.973383,1.72077925,0.015787,0.01116375
Decision Tree,AWS,ap-southeast-1,1024,cpu-heavy,m5a.xlarge,2,2.408517,1.9082,0.017341,0.0107125
Decision Tree,AWS,ap-southeast-1,1024,cpu-heavy,c6i.xlarge,2,1.4722,1.33925,0.009618,0.0107125
Decision Tree,AWS,ap-south-1,100,cpu-heavy,c5a.xlarge,2,0.772483,0.839225,0.00242,0.002679
Decision Tree,AWS,ap-southeast-1,1024,memory-heavy,m5a.xlarge,2,2.609,2.444817,0.018785,0.020946
Decision Tree,AWS,ap-south-1,3072,memory-heavy,m5.xlarge,2,3.773233,3.572967,0.025406,0.024058
Decision Tree,AWS,ap-south-1,100,memory-heavy,c5.xlarge,2,1.073683,0.80565,0.006084,0.004755499999999999
Decision Tree,AWS,ap-south-1,5120,cpu-heavy,m5.xlarge,4,3.10595,2.205975,0.041827,0.034978
Decision Tree,AWS,ap-south-1,100,memory-heavy,c6i.xlarge,4,0.938533,1.05512925,0.010637,0.01321025
Decision Tree,AWS,ap-southeast-1,2048,cpu-heavy,c5.xlarge,2,2.640733,2.63965,0.017253,0.017246
Decision Tree,AWS,ap-southeast-1,2048,cpu-heavy,c5.xlarge,4,1.506283,1.37135,0.019682,0.020102
Decision Tree,AWS,ap-south-1,5120,memory-heavy,m5.xlarge,4,3.2081,2.288525,0.043202,0.036006
Decision Tree,AWS,ap-southeast-1,2048,cpu-heavy,c5a.xlarge,4,1.472067,1.572033,0.017272,0.017271
Decision Tree,AWS,ap-south-1,5120,io-heavy,m5.xlarge,4,4.139283,3.405775,0.055742,0.041794
Decision Tree,AWS,ap-southeast-1,2048,memory-heavy,m5.xlarge,2,2.805683,2.840867,0.022445,0.022727
Decision Tree,AWS,ap-south-1,500,cpu-heavy,c5.xlarge,4,0.972817,1.1279276666666667,0.011025,0.013255666666666666
Decision Tree,AWS,ap-south-1,500,cpu-heavy,c5a.xlarge,2,1.105517,0.9303917499999999,0.003464,0.006391666666666667
Decision Tree,AWS,ap-south-1,500,memory-heavy,m5a.xlarge,2,1.809217,1.909433,0.006694,0.005895
Decision Tree,AWS,ap-south-1,500,memory-heavy,m5a.xlarge,4,1.67685,1.627742,0.012409,0.01246675
Decision Tree,AWS,ap-southeast-1,2048,io-heavy,m5a.xlarge,4,3.14485,2.842583,0.045286,0.027087
Decision Tree,AWS,ap-south-1,500,memory-heavy,m6i.xlarge,4,1.03915,1.1229221666666664,0.013994,0.01357875
Decision Tree,AWS,ap-southeast-1,2048,io-heavy,c6i.xlarge,4,1.9727,2.072967,0.025777,0.027087
Decision Tree,AWS,ap-southeast-1,3072,cpu-heavy,m5a.xlarge,2,4.944383,4.741583,0.0356,0.037749000000000005
Decision Tree,AWS,ap-south-1,500,io-heavy,c5.xlarge,2,1.3066,1.180054,0.007404,0.007065
Decision Tree,AWS,ap-southeast-1,3072,cpu-heavy,c5.xlarge,2,3.473467,3.706767,0.022693,0.025342
Decision Tree,AWS,ap-south-1,1024,cpu-heavy,m5a.xlarge,2,2.37405,1.7203386666666667,0.008784,0.009284
Decision Tree,AWS,ap-south-1,1024,cpu-heavy,c5a.xlarge,4,1.17255,1.41495825,0.007348,0.0148905
Decision Tree,AWS,ap-south-1,1024,cpu-heavy,c6i.xlarge,4,1.071483,1.41495825,0.012143,0.0148905
Decision Tree,AWS,ap-south-1,1024,cpu-heavy,c6i.xlarge,4,1.239283,1.41495825,0.014045,0.0148905
Decision Tree,AWS,ap-south-1,1024,memory-heavy,c6i.xlarge,4,1.271683,1.469675,0.014412,0.01690775
Decision Tree,AWS,ap-south-1,1024,memory-heavy,m5a.xlarge,4,1.907767,1.469675,0.014117,0.01690775
Decision Tree,AWS,ap-south-1,1024,memory-heavy,m6i.xlarge,2,1.605817,1.3894585,0.010813,0.009046
Decision Tree,AWS,ap-southeast-1,3072,memory-heavy,c6i.xlarge,2,3.006133,3.006217,0.01964,0.019399
Decision Tree,AWS,ap-south-1,1024,memory-heavy,c5.xlarge,2,1.6403,1.8321792499999998,0.009295,0.009046
Decision Tree,AWS,ap-south-1,1024,memory-heavy,c5.xlarge,4,1.272517,1.469675,0.014422,0.01690775
Decision Tree,AWS,ap-south-1,2048,memory-heavy,c6i.xlarge,2,2.206583,2.1054500000000003,0.012504,0.014339
Decision Tree,AWS,ap-south-1,1024,memory-heavy,c5a.xlarge,4,1.406083,1.469675,0.008811,0.01690775
Decision Tree,AWS,ap-south-1,1024,io-heavy,m5a.xlarge,2,2.675367,2.9091,0.009899,0.010886
Decision Tree,AWS,ap-southeast-1,3072,io-heavy,c5.xlarge,4,2.206367,3.67615,0.02883,0.048647
Decision Tree,AWS,ap-south-1,3072,cpu-heavy,c6i.xlarge,2,3.071567,2.839083,0.017406,0.017055
Decision Tree,AWS,ap-southeast-1,3072,io-heavy,c5a.xlarge,4,2.0387,3.67615,0.023921,0.048647
Decision Tree,AWS,ap-southeast-1,3072,io-heavy,c6i.xlarge,2,3.704933,4.105717,0.024206,0.029645
Decision Tree,AWS,ap-south-1,1024,io-heavy,c5.xlarge,4,1.30565,1.872483,0.014797,0.017799
Decision Tree,AWS,ap-south-1,1024,io-heavy,c5a.xlarge,4,1.241767,1.7222835,0.007782,0.017799
Decision Tree,AWS,ap-southeast-1,5120,cpu-heavy,c5.xlarge,2,5.7403,4.50465,0.037503,0.034451
Decision Tree,AWS,ap-south-1,5120,cpu-heavy,c6i.xlarge,2,4.2387,4.3277833333333335,0.024019,0.035894999999999996
Decision Tree,AWS,ap-southeast-1,5120,memory-heavy,m5a.xlarge,2,7.776,7.576717,0.055987,0.054552
Decision Tree,AWS,ap-south-1,2048,cpu-heavy,m6i.xlarge,2,2.571267,2.372517,0.017313,0.019365
Decision Tree,AWS,ap-south-1,5120,memory-heavy,c6i.xlarge,2,4.305667,4.371883,0.024399,0.0372965
Decision Tree,AWS,ap-south-1,2048,cpu-heavy,c5.xlarge,2,2.505583,2.63965,0.014198,0.009851
Decision Tree,AWS,ap-south-1,2048,cpu-heavy,c5.xlarge,4,1.438617,1.2396,0.016304,0.009851
Decision Tree,AWS,ap-south-1,2048,cpu-heavy,c5a.xlarge,2,2.505417,2.306583,0.00785,0.009851
Decision Tree,AWS,ap-south-1,2048,memory-heavy,c5.xlarge,2,2.3729,2.63965,0.013446,0.014339
Decision Tree,AWS,ap-south-1,2048,memory-heavy,c5.xlarge,4,1.5391,1.538825,0.017443,0.018815
Decision Tree,AWS,ap-south-1,2048,memory-heavy,c5a.xlarge,4,1.405333,1.471967,0.008807,0.007227
Decision Tree,AWS,ap-south-1,2048,io-heavy,m6i.xlarge,4,1.805367,1.538883,0.024312,0.028807
Decision Tree,AWS,ap-south-1,2048,io-heavy,c5.xlarge,2,2.972833,2.572517,0.016846,0.014578
Decision Tree,AWS,ap-south-1,3072,cpu-heavy,m6i.xlarge,4,1.837967,1.504883,0.024751,0.02002
Decision Tree,AWS,ap-south-1,3072,cpu-heavy,c5.xlarge,4,1.772383,1.504883,0.020087,0.017225
Decision Tree,AWS,ap-south-1,3072,memory-heavy,m5a.xlarge,2,5.04415,5.242900000000001,0.018663,0.019122
Decision Tree,AWS,ap-south-1,3072,io-heavy,m5a.xlarge,2,5.908833,3.544033,0.021863,0.021376
Decision Tree,AWS,ap-south-1,3072,io-heavy,m5a.xlarge,4,3.442417,2.139617,0.025474,0.024249
Decision Tree,AWS,ap-south-1,3072,io-heavy,c5a.xlarge,2,3.8051,3.544033,0.011923,0.021376
Decision Tree,AWS,ap-south-1,5120,cpu-heavy,m6i.xlarge,4,2.338183,2.205975,0.031488,0.03283
Decision Tree,AWS,ap-south-1,5120,cpu-heavy,c5a.xlarge,2,4.572133,5.20605,0.014326,0.014847
Decision Tree,AWS,ap-south-1,5120,memory-heavy,m5a.xlarge,2,7.241583,7.24195,0.026794,0.027047
Decision Tree,AWS,ap-south-1,5120,memory-heavy,m5a.xlarge,4,4.17555,3.5366165,0.030899,0.034581
Decision Tree,AWS,ap-south-1,5120,memory-heavy,m6i.xlarge,2,4.2726,4.738467,0.028769,0.027047
Decision Tree,AWS,ap-south-1,5120,io-heavy,c5a.xlarge,4,2.739417,3.405775,0.017167,0.041794
Decision Tree,AWS,ap-south-1,3072,io-heavy,m5a.xlarge,2,5.94215,3.544033,0.021986,0.021376
Decision Tree,AWS,ap-south-1,100,memory-heavy,c6i.xlarge,4,0.80585,1.05512925,0.009133,0.01321025
Decision Tree,AWS,ap-south-1,1024,memory-heavy,c5.xlarge,4,1.339633,1.469675,0.015183,0.01690775
Decision Tree,AWS,ap-south-1,100,cpu-heavy,m6i.xlarge,2,0.772167,0.827822,0.005199,0.005574333333333334
Decision Tree,AWS,ap-south-1,500,io-heavy,m5.xlarge,4,1.407717,1.1986032,0.018957,0.01602433333333333
Decision Tree,AWS,ap-south-1,2048,cpu-heavy,m6i.xlarge,2,2.105583,2.372517,0.014178,0.019365
Decision Tree,AWS,ap-south-1,1024,io-heavy,m5a.xlarge,2,2.6419,2.9091,0.009775,0.010886
Decision Tree,AWS,ap-south-1,2048,memory-heavy,c5.xlarge,4,1.5729,1.538825,0.017826,0.018815
Decision Tree,AWS,ap-south-1,100,memory-heavy,c6i.xlarge,4,0.805083,1.05512925,0.009124,0.01321025
Decision Tree,AWS,ap-south-1,100,io-heavy,m5.xlarge,2,0.9743,1.106333,0.00656,0.0066756666666666666
Decision Tree,AWS,ap-south-1,500,memory-heavy,m5.xlarge,2,1.343167,1.373533,0.009044,0.009734
Decision Tree,AWS,ap-south-1,1024,io-heavy,m5.xlarge,2,2.440383,2.6387,0.016432,0.010886
Decision Tree,AWS,ap-south-1,100,cpu-heavy,m6i.xlarge,2,0.7388,0.827822,0.004975,0.005574333333333334
Decision Tree,AWS,ap-south-1,2048,memory-heavy,c6i.xlarge,2,2.037817,2.1054500000000003,0.011548,0.014339
Decision Tree,AWS,ap-south-1,500,io-heavy,m5.xlarge,4,1.37305,1.1986032,0.01849,0.01602433333333333
Decision Tree,AWS,ap-south-1,5120,memory-heavy,m5.xlarge,4,3.306067,2.288525,0.044522,0.036006
Decision Tree,AWS,ap-southeast-1,10,memory-heavy,m5a.xlarge,2,1.174567,1.285911,0.008457,0.009258666666666667
Decision Tree,AWS,ap-southeast-1,1024,memory-heavy,m5a.xlarge,2,2.544633,2.444817,0.018321,0.020946
Decision Tree,AWS,ap-south-1,2048,io-heavy,m6i.xlarge,4,1.8053,1.538883,0.024311,0.028807
Decision Tree,AWS,ap-southeast-1,2048,cpu-heavy,c5.xlarge,4,1.573133,1.37135,0.020556,0.020102
Decision Tree,AWS,ap-south-1,500,memory-heavy,m5.xlarge,4,1.2746,1.1229221666666664,0.017165,0.01602433333333333
Decision Tree,AWS,ap-south-1,100,cpu-heavy,c5a.xlarge,2,0.771617,0.839225,0.002418,0.002679
Decision Tree,AWS,ap-southeast-1,10,memory-heavy,m5a.xlarge,4,1.4767,1.5094835,0.021264,0.0217365
Decision Tree,AWS,ap-southeast-1,10,io-heavy,m5.xlarge,2,1.139483,1.106333,0.009116,0.006494
Decision Tree,AWS,ap-southeast-1,10,memory-heavy,m5.xlarge,4,1.106633,1.082,0.017706,0.016425
Decision Tree,AWS,ap-south-1,500,memory-heavy,m5.xlarge,2,1.50585,1.373533,0.010139,0.009734
Decision Tree,AWS,ap-south-1,100,memory-heavy,c5.xlarge,2,0.839467,0.80565,0.004757,0.004755499999999999
Decision Tree,AWS,ap-south-1,10,io-heavy,m5.xlarge,2,0.873667,1.106333,0.005883,0.0066756666666666666
Decision Tree,AWS,ap-south-1,10,io-heavy,c5a.xlarge,2,0.7717,0.7049915,0.002418,0.002317
Decision Tree,AWS,ap-southeast-1,10,io-heavy,m5.xlarge,2,0.9733,1.106333,0.007786,0.006494
Decision Tree,AWS,ap-southeast-1,10,io-heavy,c5a.xlarge,2,0.871683,0.8612556666666666,0.005114,0.005425
Decision Tree,AWS,ap-southeast-1,10,cpu-heavy,m6i.xlarge,4,0.839167,0.9494556666666666,0.013427,0.015191333333333334
Decision Tree,AWS,ap-southeast-1,10,io-heavy,c5.xlarge,2,0.90655,0.9062835,0.005923,0.005809
Decision Tree,AWS,ap-south-1,100,memory-heavy,c5.xlarge,2,0.872783,0.80565,0.004946,0.004755499999999999
Decision Tree,AWS,ap-south-1,10,io-heavy,m5.xlarge,2,0.872583,1.106333,0.005875,0.0066756666666666666
Decision Tree,AWS,ap-south-1,10,cpu-heavy,m5.xlarge,2,0.84,0.9056335,0.005656,0.0066756666666666666
Decision Tree,AWS,ap-south-1,10,cpu-heavy,c5.xlarge,2,0.77285,0.7727,0.004379,0.004563
Decision Tree,AWS,ap-south-1,10,cpu-heavy,m6i.xlarge,2,0.638833,0.7299585000000001,0.004301,0.004915
Decision Tree,AWS,ap-south-1,100,memory-heavy,c6i.xlarge,4,0.80575,1.05512925,0.009132,0.01321025
Decision Tree,AWS,ap-south-1,10,io-heavy,m5.xlarge,2,0.906333,1.106333,0.006103,0.0066756666666666666
Decision Tree,AWS,ap-southeast-1,10,memory-heavy,c6i.xlarge,4,0.87275,0.9273833333333333,0.011404,0.01219575
Decision Tree,AWS,ap-southeast-1,3072,io-heavy,c5a.xlarge,4,2.039,3.67615,0.023924,0.048647
Decision Tree,AWS,ap-south-1,10,io-heavy,c5a.xlarge,2,0.73825,0.7049915,0.002313,0.002317
Decision Tree,AWS,ap-south-1,5120,memory-heavy,m5a.xlarge,2,7.441767,7.24195,0.027535,0.027047
Decision Tree,AWS,ap-south-1,1024,io-heavy,c5.xlarge,4,1.306433,1.872483,0.014806,0.017799
Decision Tree,AWS,ap-southeast-1,100,cpu-heavy,c6i.xlarge,2,0.771667,0.7941613333333334,0.005042,0.005188333333333333
Decision Tree,AWS,ap-southeast-1,10,memory-heavy,m5.xlarge,4,1.1066,1.082,0.017706,0.016425
Decision Tree,AWS,ap-southeast-1,10,memory-heavy,m5a.xlarge,2,1.175917,1.285911,0.008467,0.009258666666666667
Decision Tree,AWS,ap-south-1,500,memory-heavy,m5a.xlarge,2,1.742083,1.909433,0.006446,0.005895
Decision Tree,AWS,ap-southeast-1,10,cpu-heavy,c5a.xlarge,4,0.83895,1.339117,0.009844,0.013327
Decision Tree,AWS,ap-southeast-1,10,memory-heavy,m5.xlarge,4,1.10675,1.082,0.017708,0.016425
Decision Tree,AWS,ap-south-1,500,memory-heavy,m5.xlarge,4,1.272317,1.1229221666666664,0.017134,0.01602433333333333
Decision Tree,AWS,ap-southeast-1,1024,cpu-heavy,m5.xlarge,2,1.84045,1.72077925,0.014724,0.01116375
Decision Tree,AWS,ap-southeast-1,10,io-heavy,c6i.xlarge,4,0.8723,0.940046,0.011398,0.015712
Decision Tree,AWS,ap-southeast-1,100,memory-heavy,c5.xlarge,4,1.006633,1.47285,0.013153,0.015755
Decision Tree,AWS,ap-south-1,2048,cpu-heavy,c5a.xlarge,2,2.1722,2.306583,0.006806,0.009851
Decision Tree,AWS,ap-southeast-1,100,io-heavy,c5.xlarge,2,1.639567,1.1493776666666669,0.010712,0.005918
Decision Tree,AWS,ap-south-1,100,cpu-heavy,c5a.xlarge,2,0.77175,0.839225,0.002418,0.002679
Decision Tree,AWS,ap-south-1,500,io-heavy,m5.xlarge,4,1.4066,1.1986032,0.018942,0.01602433333333333
Decision Tree,AWS,ap-south-1,100,cpu-heavy,m5.xlarge,2,0.906517,0.973067,0.006104,0.0066756666666666666
Decision Tree,AWS,ap-southeast-1,100,cpu-heavy,c6i.xlarge,4,0.804967,1.122833,0.010518,0.019269
Decision Tree,AWS,ap-southeast-1,10,memory-heavy,m5.xlarge,4,1.17345,1.082,0.018775,0.016425
Decision Tree,AWS,ap-south-1,100,cpu-heavy,c5a.xlarge,2,0.772267,0.839225,0.00242,0.002679
Decision Tree,AWS,ap-southeast-1,10,memory-heavy,m5.xlarge,2,0.906733,1.0057,0.007254,0.006494
Decision Tree,AWS,ap-southeast-1,10,memory-heavy,m5.xlarge,2,0.939467,1.0057,0.007516,0.006494
Decision Tree,AWS,ap-south-1,500,cpu-heavy,c5.xlarge,4,1.006217,1.1279276666666667,0.011404,0.013255666666666666
Decision Tree,AWS,ap-south-1,100,cpu-heavy,m6i.xlarge,2,0.737683,0.827822,0.004967,0.005574333333333334
Decision Tree,AWS,ap-south-1,100,io-heavy,m5.xlarge,2,1.006933,1.106333,0.00678,0.0066756666666666666
Decision Tree,AWS,ap-south-1,10,cpu-heavy,c6i.xlarge,2,0.638583,0.6888164999999999,0.003619,0.003859
Decision Tree,AWS,ap-south-1,1024,memory-heavy,c5a.xlarge,4,1.172217,1.469675,0.007346,0.01690775
Decision Tree,AWS,ap-south-1,100,cpu-heavy,m5.xlarge,2,0.939783,0.973067,0.006328,0.0066756666666666666
Decision Tree,AWS,ap-southeast-1,10,memory-heavy,c6i.xlarge,4,0.8049,0.9273833333333333,0.010517,0.01219575
Decision Tree,AWS,ap-southeast-1,100,memory-heavy,c6i.xlarge,4,0.906617,1.355008,0.011846,0.017070500000000002
Decision Tree,AWS,ap-south-1,100,memory-heavy,m5.xlarge,4,1.108833,1.0479915,0.014932,0.013777250000000001
Decision Tree,AWS,ap-southeast-1,1024,memory-heavy,m5.xlarge,2,1.973,1.739633,0.015784,0.016888
Decision Tree,AWS,ap-southeast-1,1024,io-heavy,m6i.xlarge,2,1.838717,1.6167446666666667,0.01471,0.013543
Decision Tree,AWS,ap-southeast-1,1024,cpu-heavy,c5.xlarge,4,1.272083,1.1910835,0.014417,0.019227
Decision Tree,AWS,ap-southeast-1,10,io-heavy,c6i.xlarge,4,0.871267,0.940046,0.011385,0.015712
Decision Tree,AWS,ap-southeast-1,10,cpu-heavy,m6i.xlarge,4,1.173717,0.9494556666666666,0.018779,0.015191333333333334
Decision Tree,AWS,ap-southeast-1,3072,cpu-heavy,c5.xlarge,2,3.874283,3.706767,0.025312,0.025342
Decision Tree,AWS,ap-southeast-1,10,cpu-heavy,c5a.xlarge,4,0.872567,1.339117,0.010238,0.013327
Decision Tree,AWS,ap-southeast-1,100,io-heavy,c5.xlarge,2,1.0731,1.1493776666666669,0.007011,0.005918
Decision Tree,AWS,ap-southeast-1,100,io-heavy,c5.xlarge,2,1.106833,1.1493776666666669,0.007231,0.005918
Decision Tree,AWS,ap-southeast-1,1024,memory-heavy,m5a.xlarge,4,2.04225,1.638483,0.029408,0.027478
Decision Tree,AWS,ap-southeast-1,100,memory-heavy,m5a.xlarge,2,1.2745,1.2259250000000002,0.009176,0.009914
Decision Tree,AWS,ap-southeast-1,10,io-heavy,c5.xlarge,2,0.905983,0.9062835,0.005919,0.005809
Decision Tree,AWS,ap-southeast-1,100,io-heavy,c5.xlarge,2,1.005217,1.1493776666666669,0.006567,0.005918
Decision Tree,AWS,ap-southeast-1,10,cpu-heavy,m6i.xlarge,4,0.838617,0.9494556666666666,0.013418,0.015191333333333334
Decision Tree,Azure,Central India,10,cpu-heavy,Standard_D2as_v4,2,0.2713,0.2833,0.0006,0.0007
Decision Tree,Azure,Central India,10,cpu-heavy,Standard_D2as_v4,2,0.2769,0.2833,0.0006,0.0007
Decision Tree,Azure,Central India,100,memory-heavy,Standard_D2as_v4,2,0.4763,0.40565,0.001,0.00095
Decision Tree,Azure,Central India,100,memory-heavy,Standard_D2as_v4,2,0.4682,0.40565,0.001,0.00095
Decision Tree,Azure,Central India,500,cpu-heavy,Standard_D2as_v4,2,0.5348,0.6119333333333333,0.0011,0.0017
Decision Tree,Azure,Central India,500,cpu-heavy,Standard_D2as_v4,2,0.5588,0.6119333333333333,0.0012,0.0017
Decision Tree,Azure,Central India,2048,memory-heavy,Standard_D2as_v4,2,2.3082,1.5667,0.0048,0.0044
Decision Tree,Azure,Central India,2048,memory-heavy,Standard_D2as_v4,2,2.2532,1.5667,0.0047,0.0044
Decision Tree,Azure,Central India,3072,memory-heavy,Standard_D2as_v4,2,3.272,2.34395,0.0068,0.0044
Decision Tree,Azure,Central India,3072,memory-heavy,Standard_D2as_v4,2,3.0465,2.34395,0.0063,0.0044
Decision Tree,Azure,Central India,10,io-heavy,Standard_D2as_v4,4,0.3389,0.34385,0.0014,0.0019
Decision Tree,Azure,Central India,10,io-heavy,Standard_D2as_v4,4,0.3401,0.34385,0.0014,0.0019
Decision Tree,Azure,Central India,500,cpu-heavy,Standard_D2as_v4,4,0.3933,0.4644,0.0016,0.0022
Decision Tree,Azure,Central India,500,cpu-heavy,Standard_D2as_v4,4,0.3834,0.4644,0.0016,0.0022
Decision Tree,Azure,Central India,1024,cpu-heavy,Standard_D2as_v4,4,0.5529,0.79385,0.0023,0.0033
Decision Tree,Azure,Central India,1024,cpu-heavy,Standard_D2as_v4,4,0.5508,0.79385,0.0023,0.0033
Decision Tree,Azure,Central India,2048,io-heavy,Standard_D2as_v4,4,2.9252,2.9318,0.0121,0.016
Decision Tree,Azure,Central India,2048,io-heavy,Standard_D2as_v4,4,2.7182,2.9318,0.0113,0.016
Decision Tree,Azure,Central India,3072,memory-heavy,Standard_D2as_v4,4,1.3007,1.0585499999999999,0.0054,0.0044
Decision Tree,Azure,Central India,3072,memory-heavy,Standard_D2as_v4,4,1.2928,1.0585499999999999,0.0054,0.0044
Decision Tree,Azure,Central India,5120,cpu-heavy,Standard_D2as_v4,4,1.2262,1.9198,0.0051,0.0066
Decision Tree,Azure,Central India,5120,cpu-heavy,Standard_D2as_v4,4,1.2663,1.9198,0.0053,0.0066
Decision Tree,Azure,Central India,5120,io-heavy,Standard_D2as_v4,4,6.3119,3.7281,0.0262,0.06295
Decision Tree,Azure,Central India,5120,io-heavy,Standard_D2as_v4,4,6.2357,3.7281,0.0259,0.06295
Decision Tree,Azure,Central India,100,cpu-heavy,Standard_D2s_v3,2,1.0937,0.5592750000000001,0.0038,0.0027333333333333337
Decision Tree,Azure,Central India,100,cpu-heavy,Standard_D2s_v3,2,0.4799,0.5592750000000001,0.0017,0.0027333333333333337
Decision Tree,Azure,Central India,100,cpu-heavy,Standard_D2s_v3,2,0.4088,0.5592750000000001,0.0014,0.0027333333333333337
Decision Tree,Azure,Central India,100,cpu-heavy,Standard_D2s_v3,2,1.1651,0.5592750000000001,0.0041,0.0027333333333333337
Decision Tree,Azure,Central India,100,cpu-heavy,Standard_D2s_v3,2,0.4348,0.5592750000000001,0.0015,0.0027333333333333337
Decision Tree,Azure,Central India,100,cpu-heavy,Standard_D2s_v3,2,0.4151,0.5592750000000001,0.0015,0.0027333333333333337
Decision Tree,Azure,Central India,1024,memory-heavy,Standard_D2s_v3,2,1.1856,1.2891499999999998,0.0041,0.0042
Decision Tree,Azure,Central India,1024,memory-heavy,Standard_D2s_v3,2,1.9334,1.2891499999999998,0.0068,0.0042
Decision Tree,Azure,Central India,1024,memory-heavy,Standard_D2s_v3,2,1.885,1.2891499999999998,0.0066,0.0042
Decision Tree,Azure,Central India,1024,memory-heavy,Standard_D2s_v3,2,1.2562,1.2891499999999998,0.0044,0.0042
Decision Tree,Azure,Central India,1024,memory-heavy,Standard_D2s_v3,2,1.8849,1.2891499999999998,0.0066,0.0042
Decision Tree,Azure,Central India,1024,memory-heavy,Standard_D2s_v3,2,1.8687,1.2891499999999998,0.0065,0.0042
Decision Tree,Azure,Central India,5120,io-heavy,Standard_D2s_v3,2,9.3642,8.996200000000002,0.0328,0.010950000000000001
Decision Tree,Azure,Central India,5120,io-heavy,Standard_D2s_v3,2,8.9246,8.996200000000002,0.0312,0.010950000000000001
Decision Tree,Azure,Central India,10,io-heavy,Standard_D2s_v3,4,0.4437,0.49229999999999996,0.0031,0.00345
Decision Tree,Azure,Central India,10,io-heavy,Standard_D2s_v3,4,0.4289,0.49229999999999996,0.003,0.00345
Decision Tree,Azure,Central India,100,cpu-heavy,Standard_D2s_v3,4,0.4122,0.5592750000000001,0.0029,0.00435
Decision Tree,Azure,Central India,100,cpu-heavy,Standard_D2s_v3,4,0.4156,0.5592750000000001,0.0029,0.00435
Decision Tree,Azure,Central India,500,memory-heavy,Standard_D2s_v3,4,0.7477,1.33585,0.0052,0.0081
Decision Tree,Azure,Central India,500,memory-heavy,Standard_D2s_v3,4,0.7452,1.33585,0.0052,0.0081
Decision Tree,Azure,Central India,1024,io-heavy,Standard_D2s_v3,4,2.2438,2.2834000000000003,0.0157,0.017799
Decision Tree,Azure,Central India,1024,io-heavy,Standard_D2s_v3,4,2.3376,2.2834000000000003,0.0164,0.017799
Decision Tree,Azure,Central India,2048,memory-heavy,Standard_D2s_v3,4,1.5582,1.91025,0.0109,0.0115
Decision Tree,Azure,Central India,2048,memory-heavy,Standard_D2s_v3,4,1.5436,1.91025,0.0108,0.0115
Decision Tree,Azure,Central India,5120,memory-heavy,Standard_D4ds_v4,4,1.5971,1.0112999999999999,0.026,0.0281
Decision Tree,Azure,Central India,5120,memory-heavy,Standard_D4ds_v4,4,1.5155,1.0112999999999999,0.0247,0.0281
Decision Tree,Azure,Central India,5120,io-heavy,Standard_D4s_v3,2,4.3174,6.47865,0.0302,0.010950000000000001
Decision Tree,Azure,Central India,5120,io-heavy,Standard_D4s_v3,2,3.9583,6.47865,0.0277,0.010950000000000001
Decision Tree,Azure,Southeast Asia,100,cpu-heavy,Standard_D2s_v3,2,0.552,0.5592750000000001,0.0023,0.003466666666666666
Decision Tree,Azure,Southeast Asia,100,cpu-heavy,Standard_D2s_v3,2,0.5769,0.5592750000000001,0.0024,0.003466666666666666
Decision Tree,Azure,Southeast Asia,100,cpu-heavy,Standard_D2s_v3,2,0.6422,0.5592750000000001,0.0027,0.003466666666666666
Decision Tree,Azure,Southeast Asia,100,cpu-heavy,Standard_D2s_v3,2,0.5279,0.5592750000000001,0.0022,0.003466666666666666
Decision Tree,Azure,Southeast Asia,100,cpu-heavy,Standard_D2s_v3,2,0.5724,0.5592750000000001,0.0024,0.003466666666666666
Decision Tree,Azure,Southeast Asia,100,cpu-heavy,Standard_D2s_v3,2,0.5926,0.5592750000000001,0.0025,0.003466666666666666
Decision Tree,Azure,Southeast Asia,100,cpu-heavy,Standard_D2s_v3,2,0.5339,0.5592750000000001,0.0022,0.003466666666666666
Decision Tree,Azure,Southeast Asia,100,cpu-heavy,Standard_D2s_v3,2,0.5892,0.5592750000000001,0.0025,0.003466666666666666
Decision Tree,Azure,Southeast Asia,100,cpu-heavy,Standard_D2s_v3,2,0.6176,0.5592750000000001,0.0026,0.003466666666666666
Decision Tree,Azure,Southeast Asia,100,cpu-heavy,Standard_D2s_v3,2,0.5054,0.5592750000000001,0.0021,0.003466666666666666
Decision Tree,Azure,Southeast Asia,100,cpu-heavy,Standard_D2s_v3,2,0.5754,0.5592750000000001,0.0024,0.003466666666666666
Decision Tree,Azure,Southeast Asia,100,cpu-heavy,Standard_D2s_v3,2,0.5947,0.5592750000000001,0.0025,0.003466666666666666
Decision Tree,Azure,Southeast Asia,2048,memory-heavy,Standard_D2s_v3,2,4.5779,3.2849500000000003,0.0191,0.014339
Decision Tree,Azure,Southeast Asia,2048,memory-heavy,Standard_D2s_v3,2,4.4915,3.2849500000000003,0.0187,0.014339
Decision Tree,Azure,Southeast Asia,2048,memory-heavy,Standard_D2s_v3,2,4.0028,3.2849500000000003,0.0167,0.014339
Decision Tree,Azure,Southeast Asia,2048,memory-heavy,Standard_D2s_v3,2,4.6226,3.2849500000000003,0.0193,0.014339
Decision Tree,Azure,Southeast Asia,2048,memory-heavy,Standard_D2s_v3,2,4.6525,3.2849500000000003,0.0194,0.014339
Decision Tree,Azure,Southeast Asia,2048,memory-heavy,Standard_D2s_v3,2,4.1492,3.2849500000000003,0.0173,0.014339
Decision Tree,Azure,Southeast Asia,2048,memory-heavy,Standard_D2s_v3,2,3.8651,3.2849500000000003,0.0161,0.014339
Decision Tree,Azure,Southeast Asia,2048,memory-heavy,Standard_D2s_v3,2,4.6243,3.2849500000000003,0.0193,0.014339
Decision Tree,Azure,Southeast Asia,3072,io-heavy,Standard_D2s_v3,2,7.4373,7.5615,0.031,0.0351
Decision Tree,Azure,Southeast Asia,3072,io-heavy,Standard_D2s_v3,2,7.9502,7.5615,0.0331,0.0351
Decision Tree,Azure,Southeast Asia,5120,memory-heavy,Standard_D2s_v3,2,10.2994,4.32805,0.0429,0.027047
Decision Tree,Azure,Southeast Asia,5120,memory-heavy,Standard_D2s_v3,2,10.2047,4.32805,0.0425,0.027047
Decision Tree,Azure,Southeast Asia,10,cpu-heavy,Standard_D2s_v3,4,0.475,0.3852,0.004,0.0050625
Decision Tree,Azure,Southeast Asia,10,cpu-heavy,Standard_D2s_v3,4,0.5,0.3852,0.0042,0.0050625
Decision Tree,Azure,Southeast Asia,10,cpu-heavy,Standard_D2s_v3,4,0.5343,0.3852,0.0045,0.0050625
Decision Tree,Azure,Southeast Asia,10,cpu-heavy,Standard_D2s_v3,4,0.5225,0.3852,0.0044,0.0050625
Decision Tree,Azure,Southeast Asia,10,cpu-heavy,Standard_D2s_v3,4,0.4918,0.3852,0.0041,0.0050625
Decision Tree,Azure,Southeast Asia,10,cpu-heavy,Standard_D2s_v3,4,0.5208,0.3852,0.0043,0.0050625
Decision Tree,Azure,Southeast Asia,10,cpu-heavy,Standard_D2s_v3,4,0.5209,0.3852,0.0043,0.0050625
Decision Tree,Azure,Southeast Asia,10,cpu-heavy,Standard_D2s_v3,4,0.5087,0.3852,0.0042,0.0050625
Decision Tree,Azure,Southeast Asia,10,memory-heavy,Standard_D2s_v3,4,0.6259,0.6072625,0.0052,0.006225
Decision Tree,Azure,Southeast Asia,10,memory-heavy,Standard_D2s_v3,4,0.6773,0.6072625,0.0056,0.006225
Decision Tree,Azure,Southeast Asia,10,memory-heavy,Standard_D2s_v3,4,0.6441,0.6072625,0.0054,0.006225
Decision Tree,Azure,Southeast Asia,10,memory-heavy,Standard_D2s_v3,4,0.6806,0.6072625,0.0057,0.006225
Decision Tree,Azure,Southeast Asia,10,memory-heavy,Standard_D2s_v3,4,0.6486,0.6072625,0.0054,0.006225
Decision Tree,Azure,Southeast Asia,10,memory-heavy,Standard_D2s_v3,4,0.6751,0.6072625,0.0056,0.006225
Decision Tree,Azure,Southeast Asia,10,memory-heavy,Standard_D2s_v3,4,0.6947,0.6072625,0.0058,0.006225
Decision Tree,Azure,Southeast Asia,10,memory-heavy,Standard_D2s_v3,4,0.6936,0.6072625,0.0058,0.006225
Decision Tree,Azure,Southeast Asia,100,io-heavy,Standard_D2s_v3,4,0.7437,0.7474500000000001,0.0062,0.004675
Decision Tree,Azure,Southeast Asia,100,io-heavy,Standard_D2s_v3,4,0.8282,0.7474500000000001,0.0069,0.004675
Decision Tree,Azure,Southeast Asia,100,io-heavy,Standard_D2s_v3,4,0.9414,0.7474500000000001,0.0078,0.004675
Decision Tree,Azure,Southeast Asia,100,io-heavy,Standard_D2s_v3,4,0.8785,0.7474500000000001,0.0073,0.004675
Decision Tree,Azure,Southeast Asia,100,io-heavy,Standard_D2s_v3,4,0.7152,0.7474500000000001,0.006,0.004675
Decision Tree,Azure,Southeast Asia,100,io-heavy,Standard_D2s_v3,4,0.8056,0.7474500000000001,0.0067,0.004675
Decision Tree,Azure,Southeast Asia,100,io-heavy,Standard_D2s_v3,4,0.8978,0.7474500000000001,0.0075,0.004675
Decision Tree,Azure,Southeast Asia,100,io-heavy,Standard_D2s_v3,4,0.8673,0.7474500000000001,0.0072,0.004675
Decision Tree,Azure,Southeast Asia,500,io-heavy,Standard_D2s_v3,4,1.6079,1.0312166666666667,0.0134,0.00935
Decision Tree,Azure,Southeast Asia,500,io-heavy,Standard_D2s_v3,4,1.7414,1.0312166666666667,0.0145,0.00935
Decision Tree,Azure,Southeast Asia,500,io-heavy,Standard_D2s_v3,4,1.8837,1.0312166666666667,0.0157,0.00935
Decision Tree,Azure,Southeast Asia,500,io-heavy,Standard_D2s_v3,4,1.9029,1.0312166666666667,0.0159,0.00935
Decision Tree,Azure,Southeast Asia,500,io-heavy,Standard_D2s_v3,4,1.5811,1.0312166666666667,0.0132,0.00935
Decision Tree,Azure,Southeast Asia,500,io-heavy,Standard_D2s_v3,4,1.714,1.0312166666666667,0.0143,0.00935
Decision Tree,Azure,Southeast Asia,500,io-heavy,Standard_D2s_v3,4,1.9543,1.0312166666666667,0.0163,0.00935
Decision Tree,Azure,Southeast Asia,500,io-heavy,Standard_D2s_v3,4,1.8702,1.0312166666666667,0.0156,0.00935
Decision Tree,Azure,Southeast Asia,1024,cpu-heavy,Standard_D2s_v3,4,1.0188,1.6393,0.0085,0.01225
Decision Tree,Azure,Southeast Asia,1024,cpu-heavy,Standard_D2s_v3,4,1.0108,1.6393,0.0084,0.01225
Decision Tree,Azure,Southeast Asia,1024,cpu-heavy,Standard_D2s_v3,4,0.9704,1.6393,0.0081,0.01225
Decision Tree,Azure,Southeast Asia,1024,cpu-heavy,Standard_D2s_v3,4,1.0702,1.6393,0.0089,0.01225
Decision Tree,Azure,Southeast Asia,1024,cpu-heavy,Standard_D2s_v3,4,0.9812,1.6393,0.0082,0.01225
Decision Tree,Azure,Southeast Asia,1024,cpu-heavy,Standard_D2s_v3,4,1.0508,1.6393,0.0088,0.01225
Decision Tree,Azure,Southeast Asia,1024,cpu-heavy,Standard_D2s_v3,4,0.9713,1.6393,0.0081,0.01225
Decision Tree,Azure,Southeast Asia,1024,cpu-heavy,Standard_D2s_v3,4,1.0371,1.6393,0.0086,0.01225
Decision Tree,Azure,Southeast Asia,3072,cpu-heavy,Standard_D2s_v3,4,1.6943,1.939467,0.0141,0.01605
Decision Tree,Azure,Southeast Asia,3072,cpu-heavy,Standard_D2s_v3,4,1.6609,1.939467,0.0138,0.01605
Decision Tree,Azure,Southeast Asia,3072,memory-heavy,Standard_D2s_v3,4,2.5554,2.0127750000000004,0.0213,0.024375
Decision Tree,Azure,Southeast Asia,3072,memory-heavy,Standard_D2s_v3,4,2.5978,2.0127750000000004,0.0216,0.024375
Decision Tree,Azure,Southeast Asia,10,memory-heavy,Standard_D4s_v3,2,0.4289,0.3938333333333333,0.0036,0.002766666666666667
Decision Tree,Azure,Southeast Asia,10,memory-heavy,Standard_D4s_v3,2,0.4377,0.3938333333333333,0.0036,0.002766666666666667
Decision Tree,Azure,Southeast Asia,10,memory-heavy,Standard_D4s_v3,2,0.437,0.3938333333333333,0.0036,0.002766666666666667
Decision Tree,Azure,Southeast Asia,10,memory-heavy,Standard_D4s_v3,2,0.4411,0.3938333333333333,0.0037,0.002766666666666667
Decision Tree,Azure,Southeast Asia,10,memory-heavy,Standard_D4s_v3,2,0.4434,0.3938333333333333,0.0037,0.002766666666666667
Decision Tree,Azure,Southeast Asia,10,memory-heavy,Standard_D4s_v3,2,0.4496,0.3938333333333333,0.0037,0.002766666666666667
Decision Tree,Azure,Southeast Asia,100,cpu-heavy,Standard_D4s_v3,2,0.3789,0.38935000000000003,0.0032,0.004416666666666667
Decision Tree,Azure,Southeast Asia,100,cpu-heavy,Standard_D4s_v3,2,0.3904,0.38935000000000003,0.0033,0.004416666666666667
Decision Tree,Azure,Southeast Asia,100,cpu-heavy,Standard_D4s_v3,2,0.3924,0.38935000000000003,0.0033,0.004416666666666667
Decision Tree,Azure,Southeast Asia,100,cpu-heavy,Standard_D4s_v3,2,0.384,0.38935000000000003,0.0032,0.004416666666666667
Decision Tree,Azure,Southeast Asia,100,cpu-heavy,Standard_D4s_v3,2,0.3732,0.38935000000000003,0.0031,0.004416666666666667
Decision Tree,Azure,Southeast Asia,100,cpu-heavy,Standard_D4s_v3,2,0.3977,0.38935000000000003,0.0033,0.004416666666666667
Decision Tree,Azure,Southeast Asia,100,memory-heavy,Standard_D4s_v3,2,0.5219,0.5281833333333333,0.0043,0.004416666666666667
Decision Tree,Azure,Southeast Asia,100,memory-heavy,Standard_D4s_v3,2,0.5276,0.5281833333333333,0.0044,0.004416666666666667
Decision Tree,Azure,Southeast Asia,100,memory-heavy,Standard_D4s_v3,2,0.5231,0.5281833333333333,0.0044,0.004416666666666667
Decision Tree,Azure,Southeast Asia,100,memory-heavy,Standard_D4s_v3,2,0.529,0.5281833333333333,0.0044,0.004416666666666667
Decision Tree,Azure,Southeast Asia,100,memory-heavy,Standard_D4s_v3,2,0.5234,0.5281833333333333,0.0044,0.004416666666666667
Decision Tree,Azure,Southeast Asia,100,memory-heavy,Standard_D4s_v3,2,0.5366,0.5281833333333333,0.0045,0.004416666666666667
Decision Tree,Azure,Southeast Asia,500,io-heavy,Standard_D4s_v3,2,0.9583,1.7592700000000001,0.008,0.007065
Decision Tree,Azure,Southeast Asia,500,io-heavy,Standard_D4s_v3,2,0.9053,1.7592700000000001,0.0075,0.007065
Decision Tree,Azure,Southeast Asia,500,io-heavy,Standard_D4s_v3,2,1.177,1.7592700000000001,0.0098,0.007065
Decision Tree,Azure,Southeast Asia,500,io-heavy,Standard_D4s_v3,2,0.9189,1.7592700000000001,0.0077,0.007065
Decision Tree,Azure,Southeast Asia,500,io-heavy,Standard_D4s_v3,2,0.9564,1.7592700000000001,0.008,0.007065
Decision Tree,Azure,Southeast Asia,500,io-heavy,Standard_D4s_v3,2,0.9529,1.7592700000000001,0.0079,0.007065
Decision Tree,Azure,Southeast Asia,500,io-heavy,Standard_D4s_v3,2,1.1293,1.7592700000000001,0.0094,0.007065
Decision Tree,Azure,Southeast Asia,500,io-heavy,Standard_D4s_v3,2,0.9696,1.7592700000000001,0.0081,0.007065
Decision Tree,Azure,Southeast Asia,500,memory-heavy,Standard_D4s_v3,2,0.8977,1.5247727272727274,0.0075,0.006363636363636363
Decision Tree,Azure,Southeast Asia,500,memory-heavy,Standard_D4s_v3,2,0.8537,1.5247727272727274,0.0071,0.006363636363636363
Decision Tree,Azure,Southeast Asia,500,memory-heavy,Standard_D4s_v3,2,0.8845,1.5247727272727274,0.0074,0.006363636363636363
Decision Tree,Azure,Southeast Asia,500,memory-heavy,Standard_D4s_v3,2,0.874,1.5247727272727274,0.0073,0.006363636363636363
Decision Tree,Azure,Southeast Asia,500,memory-heavy,Standard_D4s_v3,2,0.8703,1.5247727272727274,0.0073,0.006363636363636363
Decision Tree,Azure,Southeast Asia,500,memory-heavy,Standard_D4s_v3,2,0.875,1.5247727272727274,0.0073,0.006363636363636363
Decision Tree,Azure,Southeast Asia,500,memory-heavy,Standard_D4s_v3,2,0.7811,1.5247727272727274,0.0065,0.006363636363636363
Decision Tree,Azure,Southeast Asia,1024,io-heavy,Standard_D4s_v3,2,1.5345,2.07285,0.0128,0.0126375
Decision Tree,Azure,Southeast Asia,1024,io-heavy,Standard_D4s_v3,2,1.571,2.07285,0.0131,0.0126375
Decision Tree,Azure,Southeast Asia,1024,io-heavy,Standard_D4s_v3,2,1.8897,2.07285,0.0157,0.0126375
Decision Tree,Azure,Southeast Asia,1024,io-heavy,Standard_D4s_v3,2,1.5375,2.07285,0.0128,0.0126375
Decision Tree,Azure,Southeast Asia,1024,io-heavy,Standard_D4s_v3,2,1.5062,2.07285,0.0126,0.0126375
Decision Tree,Azure,Southeast Asia,1024,io-heavy,Standard_D4s_v3,2,1.5551,2.07285,0.013,0.0126375
Decision Tree,Azure,Southeast Asia,1024,io-heavy,Standard_D4s_v3,2,1.905,2.07285,0.0159,0.0126375
Decision Tree,Azure,Southeast Asia,1024,io-heavy,Standard_D4s_v3,2,1.7432,2.07285,0.0145,0.0126375
Decision Tree,Azure,Southeast Asia,2048,memory-heavy,Standard_D4s_v3,2,2.4245,1.3892125000000002,0.0202,0.020266666666666665
Decision Tree,Azure,Southeast Asia,2048,memory-heavy,Standard_D4s_v3,2,2.384,1.3892125000000002,0.0199,0.020266666666666665
Decision Tree,Azure,Southeast Asia,2048,memory-heavy,Standard_D4s_v3,2,2.1068,1.3892125000000002,0.0176,0.020266666666666665
Decision Tree,Azure,Southeast Asia,2048,memory-heavy,Standard_D4s_v3,2,2.0508,1.3892125000000002,0.0171,0.020266666666666665
Decision Tree,Azure,Southeast Asia,2048,memory-heavy,Standard_D4s_v3,2,2.3168,1.3892125000000002,0.0193,0.020266666666666665
Decision Tree,Azure,Southeast Asia,2048,memory-heavy,Standard_D4s_v3,2,2.3339,1.3892125000000002,0.0194,0.020266666666666665
Decision Tree,Azure,Southeast Asia,2048,memory-heavy,Standard_D4s_v3,2,2.1081,1.3892125000000002,0.0176,0.020266666666666665
Decision Tree,Azure,Southeast Asia,2048,memory-heavy,Standard_D4s_v3,2,2.1075,1.3892125000000002,0.0176,0.020266666666666665
Decision Tree,Azure,Southeast Asia,3072,cpu-heavy,Standard_D4s_v3,2,2.0815,3.2045500000000002,0.0173,0.01605
Decision Tree,Azure,Southeast Asia,3072,cpu-heavy,Standard_D4s_v3,2,1.9543,3.2045500000000002,0.0163,0.01605
Decision Tree,Azure,Southeast Asia,3072,cpu-heavy,Standard_D4s_v3,2,2.0756,3.2045500000000002,0.0173,0.01605
Decision Tree,Azure,Southeast Asia,3072,cpu-heavy,Standard_D4s_v3,2,1.9568,3.2045500000000002,0.0163,0.01605
Decision Tree,Azure,Southeast Asia,100,memory-heavy,Standard_D4s_v3,4,0.4952,0.53815,0.0083,0.008966666666666666
Decision Tree,Azure,Southeast Asia,100,memory-heavy,Standard_D4s_v3,4,0.4705,0.53815,0.0078,0.008966666666666666
Decision Tree,Azure,Southeast Asia,100,memory-heavy,Standard_D4s_v3,4,0.5129,0.53815,0.0085,0.008966666666666666
Decision Tree,Azure,Southeast Asia,100,memory-heavy,Standard_D4s_v3,4,0.5037,0.53815,0.0084,0.008966666666666666
Decision Tree,Azure,Southeast Asia,100,memory-heavy,Standard_D4s_v3,4,0.486,0.53815,0.0081,0.008966666666666666
Decision Tree,Azure,Southeast Asia,100,memory-heavy,Standard_D4s_v3,4,0.5071,0.53815,0.0085,0.008966666666666666
Decision Tree,Azure,Southeast Asia,500,memory-heavy,Standard_D4s_v3,4,0.6213,0.973875,0.0104,0.0077333333333333325
Decision Tree,Azure,Southeast Asia,500,memory-heavy,Standard_D4s_v3,4,0.6124,0.973875,0.0102,0.0077333333333333325
Decision Tree,Azure,Southeast Asia,500,memory-heavy,Standard_D4s_v3,4,0.6429,0.973875,0.0107,0.0077333333333333325
Decision Tree,Azure,Southeast Asia,500,memory-heavy,Standard_D4s_v3,4,0.6059,0.973875,0.0101,0.0077333333333333325
Decision Tree,Azure,Southeast Asia,500,memory-heavy,Standard_D4s_v3,4,0.637,0.973875,0.0106,0.0077333333333333325
Decision Tree,Azure,Southeast Asia,500,memory-heavy,Standard_D4s_v3,4,0.6356,0.973875,0.0106,0.0077333333333333325
Decision Tree,Azure,Southeast Asia,1024,memory-heavy,Standard_D4s_v3,4,0.7751,1.32055,0.0129,0.009349999999999999
Decision Tree,Azure,Southeast Asia,1024,memory-heavy,Standard_D4s_v3,4,0.7691,1.32055,0.0128,0.009349999999999999
Decision Tree,Azure,Southeast Asia,1024,memory-heavy,Standard_D4s_v3,4,0.8073,1.32055,0.0135,0.009349999999999999
Decision Tree,Azure,Southeast Asia,1024,memory-heavy,Standard_D4s_v3,4,0.8373,1.32055,0.014,0.009349999999999999
Decision Tree,Azure,Southeast Asia,1024,memory-heavy,Standard_D4s_v3,4,0.7716,1.32055,0.0129,0.009349999999999999
Decision Tree,Azure,Southeast Asia,1024,memory-heavy,Standard_D4s_v3,4,0.7923,1.32055,0.0132,0.009349999999999999
Decision Tree,Azure,Southeast Asia,2048,cpu-heavy,Standard_D4s_v3,4,0.8381,1.2168833333333333,0.014,0.0111875
Decision Tree,Azure,Southeast Asia,2048,cpu-heavy,Standard_D4s_v3,4,0.8042,1.2168833333333333,0.0134,0.0111875
Decision Tree,Azure,Southeast Asia,2048,cpu-heavy,Standard_D4s_v3,4,0.8934,1.2168833333333333,0.0149,0.0111875
Decision Tree,Azure,Southeast Asia,2048,cpu-heavy,Standard_D4s_v3,4,0.8263,1.2168833333333333,0.0138,0.0111875
Decision Tree,Azure,Southeast Asia,2048,cpu-heavy,Standard_D4s_v3,4,0.7683,1.2168833333333333,0.0128,0.0111875
Decision Tree,Azure,Southeast Asia,2048,cpu-heavy,Standard_D4s_v3,4,0.8371,1.2168833333333333,0.014,0.0111875
Decision Tree,Azure,Southeast Asia,3072,cpu-heavy,Standard_D4s_v3,4,0.9336,1.4615999999999998,0.0156,0.01605
Decision Tree,Azure,Southeast Asia,3072,cpu-heavy,Standard_D4s_v3,4,0.9259,1.4615999999999998,0.0154,0.01605
Decision Tree,Azure,Southeast Asia,3072,cpu-heavy,Standard_D4s_v3,4,0.936,1.4615999999999998,0.0156,0.01605
Decision Tree,Azure,Southeast Asia,3072,cpu-heavy,Standard_D4s_v3,4,0.977,1.4615999999999998,0.0163,0.01605
Decision Tree,Azure,Southeast Asia,5120,cpu-heavy,Standard_D4s_v3,4,1.3438,2.1127249999999997,0.0224,0.020725
Decision Tree,Azure,Southeast Asia,5120,cpu-heavy,Standard_D4s_v3,4,1.4193,2.1127249999999997,0.0237,0.020725
Decision Tree,Azure,Southeast Asia,5120,cpu-heavy,Standard_D4s_v3,4,1.2597,2.1127249999999997,0.021,0.020725
Decision Tree,Azure,Southeast Asia,5120,cpu-heavy,Standard_D4s_v3,4,1.4298,2.1127249999999997,0.0238,0.020725
Decision Tree,Azure,Southeast Asia,5120,io-heavy,Standard_D4s_v3,4,4.4467,4.141033,0.0741,0.10122500000000001
Decision Tree,Azure,Southeast Asia,5120,io-heavy,Standard_D4s_v3,4,5.3726,4.141033,0.0895,0.10122500000000001
Decision Tree,Azure,Southeast Asia,5120,io-heavy,Standard_D4s_v3,4,4.4819,4.141033,0.0747,0.10122500000000001
Decision Tree,Azure,Southeast Asia,5120,io-heavy,Standard_D4s_v3,4,5.9776,4.141033,0.0996,0.10122500000000001
Random Forest,AWS,ap-south-1,10,cpu-heavy,m5.xlarge,2,0.840116667,0.9616909040095247,0.005377,0.006503227980952377
Random Forest,AWS,ap-south-1,10,io-heavy,m5.xlarge,2,0.91,1.0349788863523828,0.005824,0.006562975861904758
Random Forest,AWS,ap-south-1,100,cpu-heavy,m5.xlarge,2,0.95,0.9568075436095217,0.00608,0.006536987080952378
Random Forest,AWS,ap-south-1,100,cpu-heavy,m5.xlarge,2,0.939533,0.9568075436095217,0.006013,0.006536987080952378
Random Forest,AWS,ap-south-1,100,memory-heavy,m5.xlarge,2,0.973667,0.9971222935857144,0.006231,0.0066038962714285694
Random Forest,AWS,ap-south-1,100,io-heavy,m5.xlarge,2,1.041433,1.0221733675825408,0.006665,0.006586659271428569
Random Forest,AWS,ap-south-1,500,memory-heavy,m5.xlarge,2,1.374483,1.418854952536509,0.008797,0.009672389416605611
Random Forest,AWS,ap-south-1,1024,io-heavy,m5.xlarge,2,2.074217,1.9470486124142836,0.013275,0.011633699166666655
Random Forest,AWS,ap-south-1,100,memory-heavy,m5.xlarge,4,0.941817,1.066489418122078,0.012055,0.01396195675108223
Random Forest,AWS,ap-south-1,500,memory-heavy,m5.xlarge,4,1.106633,1.2454869334634935,0.014165,0.015011287590476173
Random Forest,AWS,ap-south-1,500,io-heavy,m5.xlarge,4,1.17255,1.4145529781967034,0.015009,0.01574223638759018
Random Forest,AWS,ap-south-1,1024,io-heavy,m5.xlarge,4,1.506167,1.6811893669079374,0.019279,0.018596458526984116
Random Forest,AWS,ap-south-1,5120,cpu-heavy,m5.xlarge,4,2.773683,2.635215027704762,0.035503,0.03483214137142857
Random Forest,AWS,ap-south-1,5120,memory-heavy,m5.xlarge,4,2.973667,2.7648771122571434,0.038063,0.0356305008
Random Forest,AWS,ap-south-1,5120,io-heavy,m5.xlarge,4,3.540233,3.5584307112181808,0.045315,0.0422140273047619
Random Forest,AWS,ap-south-1,500,cpu-heavy,c5.xlarge,4,0.973933,1.1249383714476184,0.011038,0.013860842211111118
Random Forest,AWS,ap-south-1,1024,memory-heavy,c5.xlarge,4,1.239433,1.3980654873428568,0.014047,0.016255356323809537
Random Forest,AWS,ap-south-1,1024,io-heavy,c5.xlarge,4,1.339867,1.680582577022942,0.015185,0.01797688856507935
Random Forest,AWS,ap-south-1,500,memory-heavy,m6i.xlarge,4,0.9719,1.0294548277376623,0.013088,0.013463976054401156
Random Forest,AWS,ap-south-1,5120,cpu-heavy,m6i.xlarge,4,2.105083,2.4922563524744605,0.028348,0.03155734284761903
Random Forest,AWS,ap-south-1,10,cpu-heavy,m6i.xlarge,2,0.938017,0.7172323984132756,0.006316,0.005097673641125539
Random Forest,AWS,ap-south-1,100,cpu-heavy,m6i.xlarge,2,0.737567,0.8335111127190475,0.004966,0.005820143076190479
Random Forest,AWS,ap-south-1,1024,memory-heavy,m6i.xlarge,2,1.471983,1.4617126476178928,0.009911,0.010755261315506732
Random Forest,AWS,ap-south-1,5120,memory-heavy,m6i.xlarge,2,4.23795,4.633662073938092,0.028536,0.03350403929639248
Random Forest,AWS,ap-south-1,10,cpu-heavy,c6i.xlarge,4,0.672733,0.8771298820930735,0.008611,0.010694772589898998
Random Forest,AWS,ap-south-1,10,memory-heavy,c6i.xlarge,4,0.70555,0.9290214209985568,0.009031,0.011212529018903327
Random Forest,AWS,ap-south-1,100,memory-heavy,c6i.xlarge,4,0.771833,1.0064529365555552,0.009879,0.012264079472438672
Random Forest,AWS,ap-south-1,10,cpu-heavy,m5a.xlarge,4,1.0752,1.2341751917809536,0.012329,0.010707906920634922
Random Forest,AWS,ap-south-1,500,memory-heavy,m5a.xlarge,4,1.376833,1.585877927469842,0.015788,0.012983326622222228
Random Forest,AWS,ap-south-1,1024,memory-heavy,m5a.xlarge,4,1.608517,1.8456962573777809,0.018444,0.016639424147619042
Random Forest,AWS,ap-south-1,5120,memory-heavy,m5a.xlarge,4,3.541517,3.209037075914286,0.040609,0.0354135140952381
Random Forest,AWS,ap-south-1,1024,cpu-heavy,c5a.xlarge,4,1.038583,1.3490007575769112,0.010663,0.013968834064646465
Random Forest,AWS,ap-south-1,1024,memory-heavy,c5a.xlarge,4,1.105,1.4082508939445444,0.011345,0.016076170804761907
Random Forest,AWS,ap-south-1,1024,io-heavy,c5a.xlarge,4,1.171967,1.5948850150461773,0.012032,0.017115760355555544
Random Forest,AWS,ap-south-1,5120,io-heavy,c5a.xlarge,4,2.839033,3.6098990738658023,0.029147,0.0385603602222222
Random Forest,AWS,ap-south-1,1024,cpu-heavy,c6i.xlarge,4,1.504433,1.3214008114007207,0.019257,0.014826814869408376
Random Forest,AWS,ap-south-1,1024,memory-heavy,c6i.xlarge,4,1.60445,1.3963519930858133,0.020537,0.016845981284415584
Random Forest,AWS,ap-south-1,100,memory-heavy,m5.xlarge,4,1.206667,1.066489418122078,0.015445,0.01396195675108223
Random Forest,AWS,ap-south-1,500,memory-heavy,m5.xlarge,4,1.406683,1.2454869334634935,0.018006,0.015011287590476173
Random Forest,AWS,ap-south-1,500,io-heavy,m5.xlarge,4,1.473983,1.4145529781967034,0.018867,0.01574223638759018
Random Forest,AWS,ap-south-1,1024,io-heavy,m5.xlarge,4,1.640867,1.6811893669079374,0.021003,0.018596458526984116
Random Forest,AWS,ap-south-1,5120,cpu-heavy,m5.xlarge,4,3.2072,2.635215027704762,0.041052,0.03483214137142857
Random Forest,AWS,ap-south-1,5120,memory-heavy,m5.xlarge,4,3.33995,2.7648771122571434,0.042751,0.0356305008
Random Forest,AWS,ap-south-1,5120,io-heavy,m5.xlarge,4,3.972817,3.5584307112181808,0.050852,0.0422140273047619
Random Forest,AWS,ap-south-1,10,cpu-heavy,m5.xlarge,2,0.872633,0.9616909040095247,0.005585,0.006503227980952377
Random Forest,AWS,ap-south-1,10,io-heavy,m5.xlarge,2,1.039133,1.0349788863523828,0.00665,0.006562975861904758
Random Forest,AWS,ap-south-1,100,cpu-heavy,m5.xlarge,2,0.97285,0.9568075436095217,0.006226,0.006536987080952378
Random Forest,AWS,ap-south-1,100,memory-heavy,m5.xlarge,2,1.04055,0.9971222935857144,0.00666,0.0066038962714285694
Random Forest,AWS,ap-south-1,100,io-heavy,m5.xlarge,2,1.273233,1.0221733675825408,0.008149,0.006586659271428569
Random Forest,AWS,ap-south-1,1024,memory-heavy,c5.xlarge,4,1.7729,1.3980654873428568,0.020093,0.016255356323809537
Random Forest,AWS,ap-south-1,500,memory-heavy,m5.xlarge,2,1.444483,1.418854952536509,0.009245,0.009672389416605611
Random Forest,AWS,ap-south-1,1024,io-heavy,c5.xlarge,4,1.905033,1.680582577022942,0.02159,0.01797688856507935
Random Forest,AWS,ap-south-1,1024,io-heavy,m5.xlarge,2,2.139683,1.9470486124142836,0.013694,0.011633699166666655
Random Forest,AWS,ap-south-1,10,cpu-heavy,c6i.xlarge,4,1.205617,0.8771298820930735,0.015432,0.010694772589898998
Random Forest,AWS,ap-south-1,10,memory-heavy,c6i.xlarge,4,1.238483,0.9290214209985568,0.015853,0.011212529018903327
Random Forest,AWS,ap-south-1,100,memory-heavy,c6i.xlarge,4,1.204533,1.0064529365555552,0.015418,0.012264079472438672
Random Forest,AWS,ap-south-1,500,memory-heavy,m6i.xlarge,4,1.138367,1.0294548277376623,0.01533,0.013463976054401156
Random Forest,AWS,ap-south-1,1024,cpu-heavy,c6i.xlarge,4,1.605717,1.3214008114007207,0.020553,0.014826814869408376
Random Forest,AWS,ap-south-1,1024,memory-heavy,c6i.xlarge,4,1.604767,1.3963519930858133,0.020541,0.016845981284415584
Random Forest,AWS,ap-south-1,5120,cpu-heavy,m6i.xlarge,4,2.87215,2.4922563524744605,0.038678,0.03155734284761903
Random Forest,AWS,ap-south-1,10,cpu-heavy,m6i.xlarge,2,0.739183,0.7172323984132756,0.004977,0.005097673641125539
Random Forest,AWS,ap-south-1,100,cpu-heavy,m6i.xlarge,2,0.80505,0.8335111127190475,0.005421,0.005820143076190479
Random Forest,AWS,ap-south-1,1024,memory-heavy,m6i.xlarge,2,1.572583,1.4617126476178928,0.010589,0.010755261315506732
Random Forest,AWS,ap-south-1,5120,memory-heavy,m6i.xlarge,2,4.50715,4.633662073938092,0.030348,0.03350403929639248
Random Forest,AWS,ap-southeast-1,10,memory-heavy,m5.xlarge,4,1.207217,1.083649012028572,0.015452,0.01612101263780665
Random Forest,AWS,ap-southeast-1,500,cpu-heavy,m5.xlarge,4,1.407567,1.2906013587666674,0.018017,0.01686374283333332
Random Forest,AWS,ap-southeast-1,500,io-heavy,m5.xlarge,4,1.5397,1.5263167777761941,0.019708,0.01999708039047618
Random Forest,AWS,ap-southeast-1,5120,memory-heavy,m5.xlarge,4,3.440933,3.1852375537333346,0.044044,0.04033157789206343
Random Forest,AWS,ap-southeast-1,10,memory-heavy,c6i.xlarge,4,1.239433,0.9179640010539684,0.015865,0.01226602550952381
Random Forest,AWS,ap-southeast-1,10,io-heavy,c6i.xlarge,4,1.872133,0.9539113961380957,0.023963,0.01312423066349208
Random Forest,AWS,ap-southeast-1,100,cpu-heavy,c6i.xlarge,4,1.404433,1.1378589234666647,0.017977,0.016283432309523806
Random Forest,AWS,ap-southeast-1,100,memory-heavy,c6i.xlarge,4,1.272017,1.2868537049904754,0.016282,0.01780101917619048
Random Forest,AWS,ap-southeast-1,10,memory-heavy,m5.xlarge,2,1.007233,0.979364707795238,0.006446,0.006869250666666663
Random Forest,AWS,ap-southeast-1,10,io-heavy,m5.xlarge,2,1.073083,1.0141730268666693,0.006868,0.007199975611111106
Random Forest,AWS,ap-southeast-1,500,io-heavy,c5.xlarge,4,1.706367,1.448367897519049,0.019339,0.016290732609523798
Random Forest,AWS,ap-southeast-1,1024,cpu-heavy,c5.xlarge,4,1.741583,1.6205876283333354,0.019738,0.020199583500000038
Random Forest,AWS,ap-southeast-1,1024,memory-heavy,m5.xlarge,2,1.973417,1.804420267638098,0.01263,0.013127652674603148
Random Forest,AWS,ap-southeast-1,5120,io-heavy,m5.xlarge,2,7.3733,6.9809751268777855,0.047189,0.04307192755555554
Random Forest,AWS,ap-southeast-1,10,cpu-heavy,m5a.xlarge,4,1.34365,1.4517889879619021,0.019349,0.02115901033333331
Random Forest,AWS,ap-southeast-1,10,memory-heavy,m5a.xlarge,4,1.474783,1.4836908534380933,0.021237,0.02144063001904761
Random Forest,AWS,ap-southeast-1,1024,memory-heavy,m5a.xlarge,4,2.308617,1.929353377447623,0.033244,0.0284696787619048
Random Forest,AWS,ap-southeast-1,5120,cpu-heavy,m5a.xlarge,4,4.10965,3.3230058339333364,0.059179,0.047912521599999904
Random Forest,AWS,ap-southeast-1,5120,memory-heavy,m5a.xlarge,4,4.410483,3.3750083196000027,0.063511,0.04740550301587291
Random Forest,AWS,ap-southeast-1,5120,memory-heavy,m5a.xlarge,4,4.3492,3.3750083196000027,0.062628,0.04740550301587291
Random Forest,AWS,ap-southeast-1,10,cpu-heavy,m6i.xlarge,4,0.871983,0.9829804093269856,0.013952,0.014978790984126989
Random Forest,AWS,ap-southeast-1,10,cpu-heavy,c5a.xlarge,4,1.2733,1.180598060066665,0.01494,0.013693106980952368
Random Forest,AWS,ap-southeast-1,5120,memory-heavy,m6i.xlarge,4,2.672,2.9566218072585877,0.042752,0.0401768737333332
Random Forest,AWS,ap-southeast-1,10,cpu-heavy,m6i.xlarge,2,0.7399,0.7488646092952388,0.005919,0.006487064799999996
Random Forest,AWS,ap-southeast-1,100,memory-heavy,m6i.xlarge,2,0.83825,0.9527864829761902,0.006706,0.007196934142857133
Random Forest,AWS,ap-southeast-1,1024,io-heavy,m6i.xlarge,2,1.871833,1.783173535314288,0.014975,0.013002805859851255
Random Forest,AWS,ap-southeast-1,5120,io-heavy,m6i.xlarge,2,5.805367,5.50066765421588,0.046443,0.03894656505714285
Random Forest,AWS,ap-south-1,10,cpu-heavy,c6i.xlarge,4,1.139333,0.8771298820930735,0.014583,0.010694772589898998
Random Forest,AWS,ap-south-1,10,memory-heavy,c6i.xlarge,4,1.205217,0.9290214209985568,0.015427,0.011212529018903327
Random Forest,AWS,ap-south-1,100,memory-heavy,c6i.xlarge,4,1.2397,1.0064529365555552,0.015868,0.012264079472438672
Random Forest,AWS,ap-south-1,1024,cpu-heavy,c6i.xlarge,4,1.5392,1.3214008114007207,0.019702,0.014826814869408376
Random Forest,AWS,ap-south-1,1024,memory-heavy,c6i.xlarge,4,1.572117,1.3963519930858133,0.020123,0.016845981284415584
Random Forest,AWS,ap-southeast-1,10,io-heavy,c5a.xlarge,2,0.8725,0.8460659288476184,0.005119,0.005490542223809523
Random Forest,AWS,ap-southeast-1,100,memory-heavy,c5a.xlarge,2,1.039167,0.8848596610333349,0.006096,0.005169937852380948
Random Forest,AWS,ap-southeast-1,100,memory-heavy,c5.xlarge,4,1.139067,1.3239893295238068,0.014884,0.015952301766666656
Random Forest,AWS,ap-southeast-1,1024,memory-heavy,c5a.xlarge,2,1.672517,1.6417927553587337,0.009812,0.007164724399999994
Random Forest,AWS,ap-southeast-1,1024,io-heavy,c5a.xlarge,2,1.9723,1.8923023067285751,0.011571,0.008058550622222238
Random Forest,AWS,ap-southeast-1,5120,io-heavy,c5.xlarge,4,3.039683,3.993520538409518,0.039719,0.05268169553333333
Random Forest,AWS,ap-southeast-1,3072,memory-heavy,m6i.xlarge,2,2.93915,3.351537458428568,0.023513,0.026021653999999953
Random Forest,AWS,ap-south-1,10,cpu-heavy,m5a.xlarge,4,1.274567,1.2341751917809536,0.009432,0.010707906920634922
Random Forest,AWS,ap-south-1,10,cpu-heavy,m6i.xlarge,2,0.67135,0.7172323984132756,0.00452,0.005097673641125539
Random Forest,AWS,ap-southeast-1,10,memory-heavy,m5a.xlarge,2,1.175467,1.2036115029492063,0.008463,0.008648074130158737
Random Forest,AWS,ap-south-1,10,cpu-heavy,m5.xlarge,2,0.839933,0.9616909040095247,0.005656,0.006503227980952377
Random Forest,AWS,ap-south-1,10,cpu-heavy,c5.xlarge,2,0.73865,0.7993604326619025,0.004186,0.004486490138095238
Random Forest,AWS,ap-southeast-1,10,io-heavy,c5.xlarge,2,0.905067,0.8818274667047614,0.005913,0.00615359291111111
Random Forest,AWS,ap-south-1,10,cpu-heavy,c6i.xlarge,2,0.6385,0.6937663483142861,0.003618,0.003862123238095234
Random Forest,AWS,ap-south-1,10,io-heavy,m5.xlarge,2,0.87395,1.0349788863523828,0.005885,0.006562975861904758
Random Forest,AWS,ap-south-1,10,cpu-heavy,c6i.xlarge,4,0.772467,0.8771298820930735,0.008755,0.010694772589898998
Random Forest,AWS,ap-south-1,100,cpu-heavy,m5.xlarge,2,0.907,0.9568075436095217,0.006107,0.006536987080952378
Random Forest,AWS,ap-southeast-1,100,cpu-heavy,c6i.xlarge,2,1.00555,0.7888651267285711,0.00657,0.005132043066666662
Random Forest,AWS,ap-south-1,100,memory-heavy,m5.xlarge,2,0.972417,0.9971222935857144,0.006548,0.0066038962714285694
Random Forest,AWS,ap-south-1,100,memory-heavy,m5.xlarge,4,1.106967,1.066489418122078,0.014907,0.01396195675108223
Random Forest,AWS,ap-southeast-1,100,memory-heavy,m5a.xlarge,2,1.274833,1.2802208868539682,0.009179,0.009062583806349217
Random Forest,AWS,ap-south-1,100,io-heavy,m5.xlarge,2,0.9737,1.0221733675825408,0.006556,0.006586659271428569
Random Forest,AWS,ap-southeast-1,100,io-heavy,c5.xlarge,2,1.0049,0.9828476321190479,0.006565,0.0064308099587301595
Random Forest,AWS,ap-south-1,500,memory-heavy,m5.xlarge,2,1.306517,1.418854952536509,0.008797,0.009672389416605611
Random Forest,AWS,ap-south-1,10,memory-heavy,c6i.xlarge,4,0.805983,0.9290214209985568,0.009134,0.011212529018903327
Random Forest,AWS,ap-south-1,500,memory-heavy,m5.xlarge,4,1.306033,1.2454869334634935,0.017588,0.015011287590476173
Random Forest,AWS,ap-south-1,500,io-heavy,m5.xlarge,4,1.410717,1.4145529781967034,0.018998,0.01574223638759018
Random Forest,AWS,ap-south-1,10,io-heavy,c5a.xlarge,2,0.739817,0.7563671251365082,0.002318,0.0023795915365079404
Random Forest,AWS,ap-south-1,1024,io-heavy,m5.xlarge,2,2.0403,1.9470486124142836,0.013738,0.011633699166666655
Random Forest,AWS,ap-south-1,1024,io-heavy,m5.xlarge,4,1.605917,1.6811893669079374,0.021626,0.018596458526984116
Random Forest,AWS,ap-south-1,100,cpu-heavy,m6i.xlarge,2,0.706033,0.8335111127190475,0.004754,0.005820143076190479
Random Forest,AWS,ap-southeast-1,1024,cpu-heavy,m5.xlarge,2,1.973383,1.6695171879821729,0.015787,0.011757211874603173
Random Forest,AWS,ap-southeast-1,1024,cpu-heavy,m5a.xlarge,2,2.408517,1.8179823910361428,0.017341,0.012888655765079353
Random Forest,AWS,ap-southeast-1,1024,cpu-heavy,c6i.xlarge,2,1.4722,1.525880516648838,0.009618,0.009340674161904757
Random Forest,AWS,ap-south-1,100,cpu-heavy,c5a.xlarge,2,0.772483,0.8165805018380958,0.00242,0.002467014723809524
Random Forest,AWS,ap-southeast-1,1024,memory-heavy,m5a.xlarge,2,2.609,2.1724181012634927,0.018785,0.015152681644022623
Random Forest,AWS,ap-south-1,3072,memory-heavy,m5.xlarge,2,3.773233,3.5284072294476085,0.025406,0.025194203266666677
Random Forest,AWS,ap-south-1,100,memory-heavy,c5.xlarge,2,1.073683,0.8554449525190468,0.006084,0.004801102657142855
Random Forest,AWS,ap-south-1,5120,cpu-heavy,m5.xlarge,4,3.10595,2.635215027704762,0.041827,0.03483214137142857
Random Forest,AWS,ap-south-1,100,memory-heavy,c6i.xlarge,4,0.938533,1.0064529365555552,0.010637,0.012264079472438672
Random Forest,AWS,ap-southeast-1,2048,cpu-heavy,c5.xlarge,2,2.640733,2.493756703555556,0.017253,0.016848048000000036
Random Forest,AWS,ap-southeast-1,2048,cpu-heavy,c5.xlarge,4,1.506283,1.5252256067850334,0.019682,0.0204515196
Random Forest,AWS,ap-south-1,5120,memory-heavy,m5.xlarge,4,3.2081,2.7648771122571434,0.043202,0.0356305008
Random Forest,AWS,ap-southeast-1,2048,cpu-heavy,c5a.xlarge,4,1.472067,1.5533225912063497,0.017272,0.017893839600000027
Random Forest,AWS,ap-south-1,5120,io-heavy,m5.xlarge,4,4.139283,3.5584307112181808,0.055742,0.0422140273047619
Random Forest,AWS,ap-southeast-1,2048,memory-heavy,m5.xlarge,2,2.805683,2.722011336000004,0.022445,0.025065142214285692
Random Forest,AWS,ap-south-1,500,cpu-heavy,c5.xlarge,4,0.972817,1.1249383714476184,0.011025,0.013860842211111118
Random Forest,AWS,ap-south-1,500,cpu-heavy,c5a.xlarge,2,1.105517,0.9983531719519488,0.003464,0.005153817990476191
Random Forest,AWS,ap-south-1,500,memory-heavy,m5a.xlarge,2,1.809217,1.729050169661907,0.006694,0.006699140360856792
Random Forest,AWS,ap-south-1,500,memory-heavy,m5a.xlarge,4,1.67685,1.585877927469842,0.012409,0.012983326622222228
Random Forest,AWS,ap-southeast-1,2048,io-heavy,m5a.xlarge,4,3.14485,3.3221322710476153,0.045286,0.034831848961904735
Random Forest,AWS,ap-south-1,500,memory-heavy,m6i.xlarge,4,1.03915,1.0294548277376623,0.013994,0.013463976054401156
Random Forest,AWS,ap-southeast-1,2048,io-heavy,c6i.xlarge,4,1.9727,2.057530242717946,0.025777,0.027695938857142822
Random Forest,AWS,ap-southeast-1,3072,cpu-heavy,m5a.xlarge,2,4.944383,4.9937714333333325,0.0356,0.036067154266666616
Random Forest,AWS,ap-south-1,500,io-heavy,c5.xlarge,2,1.3066,1.330585283384127,0.007404,0.007218923699245211
Random Forest,AWS,ap-southeast-1,3072,cpu-heavy,c5.xlarge,2,3.473467,3.4201440247619113,0.022693,0.02348110400000004
Random Forest,AWS,ap-south-1,1024,cpu-heavy,m5a.xlarge,2,2.37405,1.763980382025398,0.008784,0.01016480292380952
Random Forest,AWS,ap-south-1,1024,cpu-heavy,c5a.xlarge,4,1.17255,1.3490007575769112,0.007348,0.013968834064646465
Random Forest,AWS,ap-south-1,1024,cpu-heavy,c6i.xlarge,4,1.071483,1.3214008114007207,0.012143,0.014826814869408376
Random Forest,AWS,ap-south-1,1024,cpu-heavy,c6i.xlarge,4,1.239283,1.3214008114007207,0.014045,0.014826814869408376
Random Forest,AWS,ap-south-1,1024,memory-heavy,c6i.xlarge,4,1.271683,1.3963519930858133,0.014412,0.016845981284415584
Random Forest,AWS,ap-south-1,1024,memory-heavy,m5a.xlarge,4,1.907767,1.8456962573777809,0.014117,0.016639424147619042
Random Forest,AWS,ap-south-1,1024,memory-heavy,m6i.xlarge,2,1.605817,1.4617126476178928,0.010813,0.010755261315506732
Random Forest,AWS,ap-southeast-1,3072,memory-heavy,c6i.xlarge,2,3.006133,3.3184155810952354,0.01964,0.02073806999999997
Random Forest,AWS,ap-south-1,1024,memory-heavy,c5.xlarge,2,1.6403,1.6682068758353537,0.009295,0.010463723656776567
Random Forest,AWS,ap-south-1,1024,memory-heavy,c5.xlarge,4,1.272517,1.3980654873428568,0.014422,0.016255356323809537
Random Forest,AWS,ap-south-1,2048,memory-heavy,c6i.xlarge,2,2.206583,2.26048181771429,0.012504,0.01400147840000002
Random Forest,AWS,ap-south-1,1024,memory-heavy,c5a.xlarge,4,1.406083,1.4082508939445444,0.008811,0.016076170804761907
Random Forest,AWS,ap-south-1,1024,io-heavy,m5a.xlarge,2,2.675367,2.275288627676194,0.009899,0.013264494255555547
Random Forest,AWS,ap-southeast-1,3072,io-heavy,c5.xlarge,4,2.206367,2.8984140620952368,0.02883,0.03992796046666672
Random Forest,AWS,ap-south-1,3072,cpu-heavy,c6i.xlarge,2,3.071567,2.9898785759999997,0.017406,0.01709076799999999
Random Forest,AWS,ap-southeast-1,3072,io-heavy,c5a.xlarge,4,2.0387,2.84738852409524,0.023921,0.0342580571333334
Random Forest,AWS,ap-southeast-1,3072,io-heavy,c6i.xlarge,2,3.704933,3.8923355059047684,0.024206,0.03139948350000001
Random Forest,AWS,ap-south-1,1024,io-heavy,c5.xlarge,4,1.30565,1.680582577022942,0.014797,0.01797688856507935
Random Forest,AWS,ap-south-1,1024,io-heavy,c5a.xlarge,4,1.241767,1.5948850150461773,0.007782,0.017115760355555544
Random Forest,AWS,ap-southeast-1,5120,cpu-heavy,c5.xlarge,2,5.7403,4.808659950200007,0.037503,0.03272015685714276
Random Forest,AWS,ap-south-1,5120,cpu-heavy,c6i.xlarge,2,4.2387,4.477141362012988,0.024019,0.032136692842857126
Random Forest,AWS,ap-southeast-1,5120,memory-heavy,m5a.xlarge,2,7.776,6.978436026666658,0.055987,0.04689787199999997
Random Forest,AWS,ap-south-1,2048,cpu-heavy,m6i.xlarge,2,2.571267,2.214678063047623,0.017313,0.01560795853333333
Random Forest,AWS,ap-south-1,5120,memory-heavy,c6i.xlarge,2,4.305667,4.508451281438106,0.024399,0.03417683395873017
Random Forest,AWS,ap-south-1,2048,cpu-heavy,c5.xlarge,2,2.505583,2.462777988865802,0.014198,0.013464062443867216
Random Forest,AWS,ap-south-1,2048,cpu-heavy,c5.xlarge,4,1.438617,1.4139752831385253,0.016304,0.015209667161904764
Random Forest,AWS,ap-south-1,2048,cpu-heavy,c5a.xlarge,2,2.505417,2.3487089443809506,0.00785,0.0100571927994228
Random Forest,AWS,ap-south-1,2048,memory-heavy,c5.xlarge,2,2.3729,2.4958822817142874,0.013446,0.014364966933333358
Random Forest,AWS,ap-south-1,2048,memory-heavy,c5.xlarge,4,1.5391,1.528480484701589,0.017443,0.018501404299567124
Random Forest,AWS,ap-south-1,2048,memory-heavy,c5a.xlarge,4,1.405333,1.4932776994158743,0.008807,0.01149301533333334
Random Forest,AWS,ap-south-1,2048,io-heavy,m6i.xlarge,4,1.805367,1.8198807349079344,0.024312,0.02398220486031741
Random Forest,AWS,ap-south-1,2048,io-heavy,c5.xlarge,2,2.972833,2.8615427891226526,0.016846,0.016260224000000042
Random Forest,AWS,ap-south-1,3072,cpu-heavy,m6i.xlarge,4,1.837967,1.6556781526666657,0.024751,0.021045353866666654
Random Forest,AWS,ap-south-1,3072,cpu-heavy,c5.xlarge,4,1.772383,1.6845434795099539,0.020087,0.01890630146666666
Random Forest,AWS,ap-south-1,3072,memory-heavy,m5a.xlarge,2,5.04415,4.786981979999997,0.018663,0.0198332486666667
Random Forest,AWS,ap-south-1,3072,io-heavy,m5a.xlarge,2,5.908833,4.914436712000004,0.021863,0.027559214628571447
Random Forest,AWS,ap-south-1,3072,io-heavy,m5a.xlarge,4,3.442417,3.0356336926285734,0.025474,0.030167814066666652
Random Forest,AWS,ap-south-1,3072,io-heavy,c5a.xlarge,2,3.8051,3.672474029333334,0.011923,0.019604611999999973
Random Forest,AWS,ap-south-1,5120,cpu-heavy,m6i.xlarge,4,2.338183,2.4922563524744605,0.031488,0.03155734284761903
Random Forest,AWS,ap-south-1,5120,cpu-heavy,c5a.xlarge,2,4.572133,4.846670282593939,0.014326,0.01731401013333335
Random Forest,AWS,ap-south-1,5120,memory-heavy,m5a.xlarge,2,7.241583,6.764281720666671,0.026794,0.03437591329365077
Random Forest,AWS,ap-south-1,5120,memory-heavy,m5a.xlarge,4,4.17555,3.209037075914286,0.030899,0.0354135140952381
Random Forest,AWS,ap-south-1,5120,memory-heavy,m6i.xlarge,2,4.2726,4.633662073938092,0.028769,0.03350403929639248
Random Forest,AWS,ap-south-1,5120,io-heavy,c5a.xlarge,4,2.739417,3.6098990738658023,0.017167,0.0385603602222222
Random Forest,AWS,ap-south-1,3072,io-heavy,m5a.xlarge,2,5.94215,4.914436712000004,0.021986,0.027559214628571447
Random Forest,AWS,ap-south-1,100,memory-heavy,c6i.xlarge,4,0.80585,1.0064529365555552,0.009133,0.012264079472438672
Random Forest,AWS,ap-south-1,1024,memory-heavy,c5.xlarge,4,1.339633,1.3980654873428568,0.015183,0.016255356323809537
Random Forest,AWS,ap-south-1,100,cpu-heavy,m6i.xlarge,2,0.772167,0.8335111127190475,0.005199,0.005820143076190479
Random Forest,AWS,ap-south-1,500,io-heavy,m5.xlarge,4,1.407717,1.4145529781967034,0.018957,0.01574223638759018
Random Forest,AWS,ap-south-1,2048,cpu-heavy,m6i.xlarge,2,2.105583,2.214678063047623,0.014178,0.01560795853333333
Random Forest,AWS,ap-south-1,1024,io-heavy,m5a.xlarge,2,2.6419,2.275288627676194,0.009775,0.013264494255555547
Random Forest,AWS,ap-south-1,2048,memory-heavy,c5.xlarge,4,1.5729,1.528480484701589,0.017826,0.018501404299567124
Random Forest,AWS,ap-south-1,100,memory-heavy,c6i.xlarge,4,0.805083,1.0064529365555552,0.009124,0.012264079472438672
Random Forest,AWS,ap-south-1,100,io-heavy,m5.xlarge,2,0.9743,1.0221733675825408,0.00656,0.006586659271428569
Random Forest,AWS,ap-south-1,500,memory-heavy,m5.xlarge,2,1.343167,1.418854952536509,0.009044,0.009672389416605611
Random Forest,AWS,ap-south-1,1024,io-heavy,m5.xlarge,2,2.440383,1.9470486124142836,0.016432,0.011633699166666655
Random Forest,AWS,ap-south-1,100,cpu-heavy,m6i.xlarge,2,0.7388,0.8335111127190475,0.004975,0.005820143076190479
Random Forest,AWS,ap-south-1,2048,memory-heavy,c6i.xlarge,2,2.037817,2.26048181771429,0.011548,0.01400147840000002
Random Forest,AWS,ap-south-1,500,io-heavy,m5.xlarge,4,1.37305,1.4145529781967034,0.01849,0.01574223638759018
Random Forest,AWS,ap-south-1,5120,memory-heavy,m5.xlarge,4,3.306067,2.7648771122571434,0.044522,0.0356305008
Random Forest,AWS,ap-southeast-1,10,memory-heavy,m5a.xlarge,2,1.174567,1.2036115029492063,0.008457,0.008648074130158737
Random Forest,AWS,ap-southeast-1,1024,memory-heavy,m5a.xlarge,2,2.544633,2.1724181012634927,0.018321,0.015152681644022623
Random Forest,AWS,ap-south-1,2048,io-heavy,m6i.xlarge,4,1.8053,1.8198807349079344,0.024311,0.02398220486031741
Random Forest,AWS,ap-southeast-1,2048,cpu-heavy,c5.xlarge,4,1.573133,1.5252256067850334,0.020556,0.0204515196
Random Forest,AWS,ap-south-1,500,memory-heavy,m5.xlarge,4,1.2746,1.2454869334634935,0.017165,0.015011287590476173
Random Forest,AWS,ap-south-1,100,cpu-heavy,c5a.xlarge,2,0.771617,0.8165805018380958,0.002418,0.002467014723809524
Random Forest,AWS,ap-southeast-1,10,memory-heavy,m5a.xlarge,4,1.4767,1.4836908534380933,0.021264,0.02144063001904761
Random Forest,AWS,ap-southeast-1,10,io-heavy,m5.xlarge,2,1.139483,1.0141730268666693,0.009116,0.007199975611111106
Random Forest,AWS,ap-southeast-1,10,memory-heavy,m5.xlarge,4,1.106633,1.083649012028572,0.017706,0.01612101263780665
Random Forest,AWS,ap-south-1,500,memory-heavy,m5.xlarge,2,1.50585,1.418854952536509,0.010139,0.009672389416605611
Random Forest,AWS,ap-south-1,100,memory-heavy,c5.xlarge,2,0.839467,0.8554449525190468,0.004757,0.004801102657142855
Random Forest,AWS,ap-south-1,10,io-heavy,m5.xlarge,2,0.873667,1.0349788863523828,0.005883,0.006562975861904758
Random Forest,AWS,ap-south-1,10,io-heavy,c5a.xlarge,2,0.7717,0.7563671251365082,0.002418,0.0023795915365079404
Random Forest,AWS,ap-southeast-1,10,io-heavy,m5.xlarge,2,0.9733,1.0141730268666693,0.007786,0.007199975611111106
Random Forest,AWS,ap-southeast-1,10,io-heavy,c5a.xlarge,2,0.871683,0.8460659288476184,0.005114,0.005490542223809523
Random Forest,AWS,ap-southeast-1,10,cpu-heavy,m6i.xlarge,4,0.839167,0.9829804093269856,0.013427,0.014978790984126989
Random Forest,AWS,ap-southeast-1,10,io-heavy,c5.xlarge,2,0.90655,0.8818274667047614,0.005923,0.00615359291111111
Random Forest,AWS,ap-south-1,100,memory-heavy,c5.xlarge,2,0.872783,0.8554449525190468,0.004946,0.004801102657142855
Random Forest,AWS,ap-south-1,10,io-heavy,m5.xlarge,2,0.872583,1.0349788863523828,0.005875,0.006562975861904758
Random Forest,AWS,ap-south-1,10,cpu-heavy,m5.xlarge,2,0.84,0.9616909040095247,0.005656,0.006503227980952377
Random Forest,AWS,ap-south-1,10,cpu-heavy,c5.xlarge,2,0.77285,0.7993604326619025,0.004379,0.004486490138095238
Random Forest,AWS,ap-south-1,10,cpu-heavy,m6i.xlarge,2,0.638833,0.7172323984132756,0.004301,0.005097673641125539
Random Forest,AWS,ap-south-1,100,memory-heavy,c6i.xlarge,4,0.80575,1.0064529365555552,0.009132,0.012264079472438672
Random Forest,AWS,ap-south-1,10,io-heavy,m5.xlarge,2,0.906333,1.0349788863523828,0.006103,0.006562975861904758
Random Forest,AWS,ap-southeast-1,10,memory-heavy,c6i.xlarge,4,0.87275,0.9179640010539684,0.011404,0.01226602550952381
Random Forest,AWS,ap-southeast-1,3072,io-heavy,c5a.xlarge,4,2.039,2.84738852409524,0.023924,0.0342580571333334
Random Forest,AWS,ap-south-1,10,io-heavy,c5a.xlarge,2,0.73825,0.7563671251365082,0.002313,0.0023795915365079404
Random Forest,AWS,ap-south-1,5120,memory-heavy,m5a.xlarge,2,7.441767,6.764281720666671,0.027535,0.03437591329365077
Random Forest,AWS,ap-south-1,1024,io-heavy,c5.xlarge,4,1.306433,1.680582577022942,0.014806,0.01797688856507935
Random Forest,AWS,ap-southeast-1,100,cpu-heavy,c6i.xlarge,2,0.771667,0.7888651267285711,0.005042,0.005132043066666662
Random Forest,AWS,ap-southeast-1,10,memory-heavy,m5.xlarge,4,1.1066,1.083649012028572,0.017706,0.01612101263780665
Random Forest,AWS,ap-southeast-1,10,memory-heavy,m5a.xlarge,2,1.175917,1.2036115029492063,0.008467,0.008648074130158737
Random Forest,AWS,ap-south-1,500,memory-heavy,m5a.xlarge,2,1.742083,1.729050169661907,0.006446,0.006699140360856792
Random Forest,AWS,ap-southeast-1,10,cpu-heavy,c5a.xlarge,4,0.83895,1.180598060066665,0.009844,0.013693106980952368
Random Forest,AWS,ap-southeast-1,10,memory-heavy,m5.xlarge,4,1.10675,1.083649012028572,0.017708,0.01612101263780665
Random Forest,AWS,ap-south-1,500,memory-heavy,m5.xlarge,4,1.272317,1.2454869334634935,0.017134,0.015011287590476173
Random Forest,AWS,ap-southeast-1,1024,cpu-heavy,m5.xlarge,2,1.84045,1.6695171879821729,0.014724,0.011757211874603173
Random Forest,AWS,ap-southeast-1,10,io-heavy,c6i.xlarge,4,0.8723,0.9539113961380957,0.011398,0.01312423066349208
Random Forest,AWS,ap-southeast-1,100,memory-heavy,c5.xlarge,4,1.006633,1.3239893295238068,0.013153,0.015952301766666656
Random Forest,AWS,ap-south-1,2048,cpu-heavy,c5a.xlarge,2,2.1722,2.3487089443809506,0.006806,0.0100571927994228
Random Forest,AWS,ap-southeast-1,100,io-heavy,c5.xlarge,2,1.639567,0.9828476321190479,0.010712,0.0064308099587301595
Random Forest,AWS,ap-south-1,100,cpu-heavy,c5a.xlarge,2,0.77175,0.8165805018380958,0.002418,0.002467014723809524
Random Forest,AWS,ap-south-1,500,io-heavy,m5.xlarge,4,1.4066,1.4145529781967034,0.018942,0.01574223638759018
Random Forest,AWS,ap-south-1,100,cpu-heavy,m5.xlarge,2,0.906517,0.9568075436095217,0.006104,0.006536987080952378
Random Forest,AWS,ap-southeast-1,100,cpu-heavy,c6i.xlarge,4,0.804967,1.1378589234666647,0.010518,0.016283432309523806
Random Forest,AWS,ap-southeast-1,10,memory-heavy,m5.xlarge,4,1.17345,1.083649012028572,0.018775,0.01612101263780665
Random Forest,AWS,ap-south-1,100,cpu-heavy,c5a.xlarge,2,0.772267,0.8165805018380958,0.00242,0.002467014723809524
Random Forest,AWS,ap-southeast-1,10,memory-heavy,m5.xlarge,2,0.906733,0.979364707795238,0.007254,0.006869250666666663
Random Forest,AWS,ap-southeast-1,10,memory-heavy,m5.xlarge,2,0.939467,0.979364707795238,0.007516,0.006869250666666663
Random Forest,AWS,ap-south-1,500,cpu-heavy,c5.xlarge,4,1.006217,1.1249383714476184,0.011404,0.013860842211111118
Random Forest,AWS,ap-south-1,100,cpu-heavy,m6i.xlarge,2,0.737683,0.8335111127190475,0.004967,0.005820143076190479
Random Forest,AWS,ap-south-1,100,io-heavy,m5.xlarge,2,1.006933,1.0221733675825408,0.00678,0.006586659271428569
Random Forest,AWS,ap-south-1,10,cpu-heavy,c6i.xlarge,2,0.638583,0.6937663483142861,0.003619,0.003862123238095234
Random Forest,AWS,ap-south-1,1024,memory-heavy,c5a.xlarge,4,1.172217,1.4082508939445444,0.007346,0.016076170804761907
Random Forest,AWS,ap-south-1,100,cpu-heavy,m5.xlarge,2,0.939783,0.9568075436095217,0.006328,0.006536987080952378
Random Forest,AWS,ap-southeast-1,10,memory-heavy,c6i.xlarge,4,0.8049,0.9179640010539684,0.010517,0.01226602550952381
Random Forest,AWS,ap-southeast-1,100,memory-heavy,c6i.xlarge,4,0.906617,1.2868537049904754,0.011846,0.01780101917619048
Random Forest,AWS,ap-south-1,100,memory-heavy,m5.xlarge,4,1.108833,1.066489418122078,0.014932,0.01396195675108223
Random Forest,AWS,ap-southeast-1,1024,memory-heavy,m5.xlarge,2,1.973,1.804420267638098,0.015784,0.013127652674603148
Random Forest,AWS,ap-southeast-1,1024,io-heavy,m6i.xlarge,2,1.838717,1.783173535314288,0.01471,0.013002805859851255
Random Forest,AWS,ap-southeast-1,1024,cpu-heavy,c5.xlarge,4,1.272083,1.6205876283333354,0.014417,0.020199583500000038
Random Forest,AWS,ap-southeast-1,10,io-heavy,c6i.xlarge,4,0.871267,0.9539113961380957,0.011385,0.01312423066349208
Random Forest,AWS,ap-southeast-1,10,cpu-heavy,m6i.xlarge,4,1.173717,0.9829804093269856,0.018779,0.014978790984126989
Random Forest,AWS,ap-southeast-1,3072,cpu-heavy,c5.xlarge,2,3.874283,3.4201440247619113,0.025312,0.02348110400000004
Random Forest,AWS,ap-southeast-1,10,cpu-heavy,c5a.xlarge,4,0.872567,1.180598060066665,0.010238,0.013693106980952368
Random Forest,AWS,ap-southeast-1,100,io-heavy,c5.xlarge,2,1.0731,0.9828476321190479,0.007011,0.0064308099587301595
Random Forest,AWS,ap-southeast-1,100,io-heavy,c5.xlarge,2,1.106833,0.9828476321190479,0.007231,0.0064308099587301595
Random Forest,AWS,ap-southeast-1,1024,memory-heavy,m5a.xlarge,4,2.04225,1.929353377447623,0.029408,0.0284696787619048
Random Forest,AWS,ap-southeast-1,100,memory-heavy,m5a.xlarge,2,1.2745,1.2802208868539682,0.009176,0.009062583806349217
Random Forest,AWS,ap-southeast-1,10,io-heavy,c5.xlarge,2,0.905983,0.8818274667047614,0.005919,0.00615359291111111
Random Forest,AWS,ap-southeast-1,100,io-heavy,c5.xlarge,2,1.005217,0.9828476321190479,0.006567,0.0064308099587301595
Random Forest,AWS,ap-southeast-1,10,cpu-heavy,m6i.xlarge,4,0.838617,0.9829804093269856,0.013418,0.014978790984126989
Random Forest,Azure,Central India,10,cpu-heavy,Standard_D2as_v4,2,0.2713,0.29012981047619035,0.0006,0.0007456000000000022
Random Forest,Azure,Central India,10,cpu-heavy,Standard_D2as_v4,2,0.2769,0.29012981047619035,0.0006,0.0007456000000000022
Random Forest,Azure,Central India,100,memory-heavy,Standard_D2as_v4,2,0.4763,0.4051324776190474,0.001,0.0009572044444444468
Random Forest,Azure,Central India,100,memory-heavy,Standard_D2as_v4,2,0.4682,0.4051324776190474,0.001,0.0009572044444444468
Random Forest,Azure,Central India,500,cpu-heavy,Standard_D2as_v4,2,0.5348,0.8247116216204023,0.0011,0.00179678333333333
Random Forest,Azure,Central India,500,cpu-heavy,Standard_D2as_v4,2,0.5588,0.8247116216204023,0.0012,0.00179678333333333
Random Forest,Azure,Central India,2048,memory-heavy,Standard_D2as_v4,2,2.3082,1.8902829257142877,0.0048,0.004819126666666648
Random Forest,Azure,Central India,2048,memory-heavy,Standard_D2as_v4,2,2.2532,1.8902829257142877,0.0047,0.004819126666666648
Random Forest,Azure,Central India,3072,memory-heavy,Standard_D2as_v4,2,3.272,2.8807090287619035,0.0068,0.005370852761904744
Random Forest,Azure,Central India,3072,memory-heavy,Standard_D2as_v4,2,3.0465,2.8807090287619035,0.0063,0.005370852761904744
Random Forest,Azure,Central India,10,io-heavy,Standard_D2as_v4,4,0.3389,0.36536396116883174,0.0014,0.0019672000000000057
Random Forest,Azure,Central India,10,io-heavy,Standard_D2as_v4,4,0.3401,0.36536396116883174,0.0014,0.0019672000000000057
Random Forest,Azure,Central India,500,cpu-heavy,Standard_D2as_v4,4,0.3933,0.5637772219370845,0.0016,0.0027514799999999967
Random Forest,Azure,Central India,500,cpu-heavy,Standard_D2as_v4,4,0.3834,0.5637772219370845,0.0016,0.0027514799999999967
Random Forest,Azure,Central India,1024,cpu-heavy,Standard_D2as_v4,4,0.5529,0.7711620104761898,0.0023,0.004100613333333326
Random Forest,Azure,Central India,1024,cpu-heavy,Standard_D2as_v4,4,0.5508,0.7711620104761898,0.0023,0.004100613333333326
Random Forest,Azure,Central India,2048,io-heavy,Standard_D2as_v4,4,2.9252,2.665460441470042,0.0121,0.019677662476190454
Random Forest,Azure,Central India,2048,io-heavy,Standard_D2as_v4,4,2.7182,2.665460441470042,0.0113,0.019677662476190454
Random Forest,Azure,Central India,3072,memory-heavy,Standard_D2as_v4,4,1.3007,1.2140799828571445,0.0054,0.005169833333333312
Random Forest,Azure,Central India,3072,memory-heavy,Standard_D2as_v4,4,1.2928,1.2140799828571445,0.0054,0.005169833333333312
Random Forest,Azure,Central India,5120,cpu-heavy,Standard_D2as_v4,4,1.2262,1.876492135047617,0.0051,0.006966333333333312
Random Forest,Azure,Central India,5120,cpu-heavy,Standard_D2as_v4,4,1.2663,1.876492135047617,0.0053,0.006966333333333312
Random Forest,Azure,Central India,5120,io-heavy,Standard_D2as_v4,4,6.3119,3.745560650190477,0.0262,0.05082692909523815
Random Forest,Azure,Central India,5120,io-heavy,Standard_D2as_v4,4,6.2357,3.745560650190477,0.0259,0.05082692909523815
Random Forest,Azure,Central India,100,cpu-heavy,Standard_D2s_v3,2,1.0937,0.6658342728404932,0.0038,0.0026190955462315475
Random Forest,Azure,Central India,100,cpu-heavy,Standard_D2s_v3,2,0.4799,0.6658342728404932,0.0017,0.0026190955462315475
Random Forest,Azure,Central India,100,cpu-heavy,Standard_D2s_v3,2,0.4088,0.6658342728404932,0.0014,0.0026190955462315475
Random Forest,Azure,Central India,100,cpu-heavy,Standard_D2s_v3,2,1.1651,0.6658342728404932,0.0041,0.0026190955462315475
Random Forest,Azure,Central India,100,cpu-heavy,Standard_D2s_v3,2,0.4348,0.6658342728404932,0.0015,0.0026190955462315475
Random Forest,Azure,Central India,100,cpu-heavy,Standard_D2s_v3,2,0.4151,0.6658342728404932,0.0015,0.0026190955462315475
Random Forest,Azure,Central India,1024,memory-heavy,Standard_D2s_v3,2,1.1856,1.547210281577939,0.0041,0.004777609189699186
Random Forest,Azure,Central India,1024,memory-heavy,Standard_D2s_v3,2,1.9334,1.547210281577939,0.0068,0.004777609189699186
Random Forest,Azure,Central India,1024,memory-heavy,Standard_D2s_v3,2,1.885,1.547210281577939,0.0066,0.004777609189699186
Random Forest,Azure,Central India,1024,memory-heavy,Standard_D2s_v3,2,1.2562,1.547210281577939,0.0044,0.004777609189699186
Random Forest,Azure,Central India,1024,memory-heavy,Standard_D2s_v3,2,1.8849,1.547210281577939,0.0066,0.004777609189699186
Random Forest,Azure,Central India,1024,memory-heavy,Standard_D2s_v3,2,1.8687,1.547210281577939,0.0065,0.004777609189699186
Random Forest,Azure,Central India,5120,io-heavy,Standard_D2s_v3,2,9.3642,9.211731716190474,0.0328,0.023219004666666664
Random Forest,Azure,Central India,5120,io-heavy,Standard_D2s_v3,2,8.9246,9.211731716190474,0.0312,0.023219004666666664
Random Forest,Azure,Central India,10,io-heavy,Standard_D2s_v3,4,0.4437,0.5645020405261408,0.0031,0.003985966753246745
Random Forest,Azure,Central India,10,io-heavy,Standard_D2s_v3,4,0.4289,0.5645020405261408,0.003,0.003985966753246745
Random Forest,Azure,Central India,100,cpu-heavy,Standard_D2s_v3,4,0.4122,0.5212205834077034,0.0029,0.00352339333333334
Random Forest,Azure,Central India,100,cpu-heavy,Standard_D2s_v3,4,0.4156,0.5212205834077034,0.0029,0.00352339333333334
Random Forest,Azure,Central India,500,memory-heavy,Standard_D2s_v3,4,0.7477,1.0076573390215773,0.0052,0.0064621359851259955
Random Forest,Azure,Central India,500,memory-heavy,Standard_D2s_v3,4,0.7452,1.0076573390215773,0.0052,0.0064621359851259955
Random Forest,Azure,Central India,1024,io-heavy,Standard_D2s_v3,4,2.2438,2.296666012539683,0.0157,0.01058583275497835
Random Forest,Azure,Central India,1024,io-heavy,Standard_D2s_v3,4,2.3376,2.296666012539683,0.0164,0.01058583275497835
Random Forest,Azure,Central India,2048,memory-heavy,Standard_D2s_v3,4,1.5582,1.727207711071375,0.0109,0.012243261904761887
Random Forest,Azure,Central India,2048,memory-heavy,Standard_D2s_v3,4,1.5436,1.727207711071375,0.0108,0.012243261904761887
Random Forest,Azure,Central India,5120,memory-heavy,Standard_D4ds_v4,4,1.5971,1.3342205892857135,0.026,0.02210798666666667
Random Forest,Azure,Central India,5120,memory-heavy,Standard_D4ds_v4,4,1.5155,1.3342205892857135,0.0247,0.02210798666666667
Random Forest,Azure,Central India,5120,io-heavy,Standard_D4s_v3,2,4.3174,5.418188829976191,0.0302,0.018310450161904742
Random Forest,Azure,Central India,5120,io-heavy,Standard_D4s_v3,2,3.9583,5.418188829976191,0.0277,0.018310450161904742
Random Forest,Azure,Southeast Asia,100,cpu-heavy,Standard_D2s_v3,2,0.552,0.6340415624467467,0.0023,0.003243682336981215
Random Forest,Azure,Southeast Asia,100,cpu-heavy,Standard_D2s_v3,2,0.5769,0.6340415624467467,0.0024,0.003243682336981215
Random Forest,Azure,Southeast Asia,100,cpu-heavy,Standard_D2s_v3,2,0.6422,0.6340415624467467,0.0027,0.003243682336981215
Random Forest,Azure,Southeast Asia,100,cpu-heavy,Standard_D2s_v3,2,0.5279,0.6340415624467467,0.0022,0.003243682336981215
Random Forest,Azure,Southeast Asia,100,cpu-heavy,Standard_D2s_v3,2,0.5724,0.6340415624467467,0.0024,0.003243682336981215
Random Forest,Azure,Southeast Asia,100,cpu-heavy,Standard_D2s_v3,2,0.5926,0.6340415624467467,0.0025,0.003243682336981215
Random Forest,Azure,Southeast Asia,100,cpu-heavy,Standard_D2s_v3,2,0.5339,0.6340415624467467,0.0022,0.003243682336981215
Random Forest,Azure,Southeast Asia,100,cpu-heavy,Standard_D2s_v3,2,0.5892,0.6340415624467467,0.0025,0.003243682336981215
Random Forest,Azure,Southeast Asia,100,cpu-heavy,Standard_D2s_v3,2,0.6176,0.6340415624467467,0.0026,0.003243682336981215
Random Forest,Azure,Southeast Asia,100,cpu-heavy,Standard_D2s_v3,2,0.5054,0.6340415624467467,0.0021,0.003243682336981215
Random Forest,Azure,Southeast Asia,100,cpu-heavy,Standard_D2s_v3,2,0.5754,0.6340415624467467,0.0024,0.003243682336981215
Random Forest,Azure,Southeast Asia,100,cpu-heavy,Standard_D2s_v3,2,0.5947,0.6340415624467467,0.0025,0.003243682336981215
Random Forest,Azure,Southeast Asia,2048,memory-heavy,Standard_D2s_v3,2,4.5779,3.391311344349868,0.0191,0.015319174939837943
Random Forest,Azure,Southeast Asia,2048,memory-heavy,Standard_D2s_v3,2,4.4915,3.391311344349868,0.0187,0.015319174939837943
Random Forest,Azure,Southeast Asia,2048,memory-heavy,Standard_D2s_v3,2,4.0028,3.391311344349868,0.0167,0.015319174939837943
Random Forest,Azure,Southeast Asia,2048,memory-heavy,Standard_D2s_v3,2,4.6226,3.391311344349868,0.0193,0.015319174939837943
Random Forest,Azure,Southeast Asia,2048,memory-heavy,Standard_D2s_v3,2,4.6525,3.391311344349868,0.0194,0.015319174939837943
Random Forest,Azure,Southeast Asia,2048,memory-heavy,Standard_D2s_v3,2,4.1492,3.391311344349868,0.0173,0.015319174939837943
Random Forest,Azure,Southeast Asia,2048,memory-heavy,Standard_D2s_v3,2,3.8651,3.391311344349868,0.0161,0.015319174939837943
Random Forest,Azure,Southeast Asia,2048,memory-heavy,Standard_D2s_v3,2,4.6243,3.391311344349868,0.0193,0.015319174939837943
Random Forest,Azure,Southeast Asia,3072,io-heavy,Standard_D2s_v3,2,7.4373,7.338891662008002,0.031,0.03802075485137088
Random Forest,Azure,Southeast Asia,3072,io-heavy,Standard_D2s_v3,2,7.9502,7.338891662008002,0.0331,0.03802075485137088
Random Forest,Azure,Southeast Asia,5120,memory-heavy,Standard_D2s_v3,2,10.2994,6.040697752666665,0.0429,0.035555069698412704
Random Forest,Azure,Southeast Asia,5120,memory-heavy,Standard_D2s_v3,2,10.2047,6.040697752666665,0.0425,0.035555069698412704
Random Forest,Azure,Southeast Asia,10,cpu-heavy,Standard_D2s_v3,4,0.475,0.46469485115934855,0.004,0.004771405181485181
Random Forest,Azure,Southeast Asia,10,cpu-heavy,Standard_D2s_v3,4,0.5,0.46469485115934855,0.0042,0.004771405181485181
Random Forest,Azure,Southeast Asia,10,cpu-heavy,Standard_D2s_v3,4,0.5343,0.46469485115934855,0.0045,0.004771405181485181
Random Forest,Azure,Southeast Asia,10,cpu-heavy,Standard_D2s_v3,4,0.5225,0.46469485115934855,0.0044,0.004771405181485181
Random Forest,Azure,Southeast Asia,10,cpu-heavy,Standard_D2s_v3,4,0.4918,0.46469485115934855,0.0041,0.004771405181485181
Random Forest,Azure,Southeast Asia,10,cpu-heavy,Standard_D2s_v3,4,0.5208,0.46469485115934855,0.0043,0.004771405181485181
Random Forest,Azure,Southeast Asia,10,cpu-heavy,Standard_D2s_v3,4,0.5209,0.46469485115934855,0.0043,0.004771405181485181
Random Forest,Azure,Southeast Asia,10,cpu-heavy,Standard_D2s_v3,4,0.5087,0.46469485115934855,0.0042,0.004771405181485181
Random Forest,Azure,Southeast Asia,10,memory-heavy,Standard_D2s_v3,4,0.6259,0.6140474256492545,0.0052,0.006251523459612279
Random Forest,Azure,Southeast Asia,10,memory-heavy,Standard_D2s_v3,4,0.6773,0.6140474256492545,0.0056,0.006251523459612279
Random Forest,Azure,Southeast Asia,10,memory-heavy,Standard_D2s_v3,4,0.6441,0.6140474256492545,0.0054,0.006251523459612279
Random Forest,Azure,Southeast Asia,10,memory-heavy,Standard_D2s_v3,4,0.6806,0.6140474256492545,0.0057,0.006251523459612279
Random Forest,Azure,Southeast Asia,10,memory-heavy,Standard_D2s_v3,4,0.6486,0.6140474256492545,0.0054,0.006251523459612279
Random Forest,Azure,Southeast Asia,10,memory-heavy,Standard_D2s_v3,4,0.6751,0.6140474256492545,0.0056,0.006251523459612279
Random Forest,Azure,Southeast Asia,10,memory-heavy,Standard_D2s_v3,4,0.6947,0.6140474256492545,0.0058,0.006251523459612279
Random Forest,Azure,Southeast Asia,10,memory-heavy,Standard_D2s_v3,4,0.6936,0.6140474256492545,0.0058,0.006251523459612279
Random Forest,Azure,Southeast Asia,100,io-heavy,Standard_D2s_v3,4,0.7437,0.695438387089838,0.0062,0.005115510083805088
Random Forest,Azure,Southeast Asia,100,io-heavy,Standard_D2s_v3,4,0.8282,0.695438387089838,0.0069,0.005115510083805088
Random Forest,Azure,Southeast Asia,100,io-heavy,Standard_D2s_v3,4,0.9414,0.695438387089838,0.0078,0.005115510083805088
Random Forest,Azure,Southeast Asia,100,io-heavy,Standard_D2s_v3,4,0.8785,0.695438387089838,0.0073,0.005115510083805088
Random Forest,Azure,Southeast Asia,100,io-heavy,Standard_D2s_v3,4,0.7152,0.695438387089838,0.006,0.005115510083805088
Random Forest,Azure,Southeast Asia,100,io-heavy,Standard_D2s_v3,4,0.8056,0.695438387089838,0.0067,0.005115510083805088
Random Forest,Azure,Southeast Asia,100,io-heavy,Standard_D2s_v3,4,0.8978,0.695438387089838,0.0075,0.005115510083805088
Random Forest,Azure,Southeast Asia,100,io-heavy,Standard_D2s_v3,4,0.8673,0.695438387089838,0.0072,0.005115510083805088
Random Forest,Azure,Southeast Asia,500,io-heavy,Standard_D2s_v3,4,1.6079,1.3743758031259516,0.0134,0.010958348904428908
Random Forest,Azure,Southeast Asia,500,io-heavy,Standard_D2s_v3,4,1.7414,1.3743758031259516,0.0145,0.010958348904428908
Random Forest,Azure,Southeast Asia,500,io-heavy,Standard_D2s_v3,4,1.8837,1.3743758031259516,0.0157,0.010958348904428908
Random Forest,Azure,Southeast Asia,500,io-heavy,Standard_D2s_v3,4,1.9029,1.3743758031259516,0.0159,0.010958348904428908
Random Forest,Azure,Southeast Asia,500,io-heavy,Standard_D2s_v3,4,1.5811,1.3743758031259516,0.0132,0.010958348904428908
Random Forest,Azure,Southeast Asia,500,io-heavy,Standard_D2s_v3,4,1.714,1.3743758031259516,0.0143,0.010958348904428908
Random Forest,Azure,Southeast Asia,500,io-heavy,Standard_D2s_v3,4,1.9543,1.3743758031259516,0.0163,0.010958348904428908
Random Forest,Azure,Southeast Asia,500,io-heavy,Standard_D2s_v3,4,1.8702,1.3743758031259516,0.0156,0.010958348904428908
Random Forest,Azure,Southeast Asia,1024,cpu-heavy,Standard_D2s_v3,4,1.0188,1.4523927028019072,0.0085,0.01087933162037962
Random Forest,Azure,Southeast Asia,1024,cpu-heavy,Standard_D2s_v3,4,1.0108,1.4523927028019072,0.0084,0.01087933162037962
Random Forest,Azure,Southeast Asia,1024,cpu-heavy,Standard_D2s_v3,4,0.9704,1.4523927028019072,0.0081,0.01087933162037962
Random Forest,Azure,Southeast Asia,1024,cpu-heavy,Standard_D2s_v3,4,1.0702,1.4523927028019072,0.0089,0.01087933162037962
Random Forest,Azure,Southeast Asia,1024,cpu-heavy,Standard_D2s_v3,4,0.9812,1.4523927028019072,0.0082,0.01087933162037962
Random Forest,Azure,Southeast Asia,1024,cpu-heavy,Standard_D2s_v3,4,1.0508,1.4523927028019072,0.0088,0.01087933162037962
Random Forest,Azure,Southeast Asia,1024,cpu-heavy,Standard_D2s_v3,4,0.9713,1.4523927028019072,0.0081,0.01087933162037962
Random Forest,Azure,Southeast Asia,1024,cpu-heavy,Standard_D2s_v3,4,1.0371,1.4523927028019072,0.0086,0.01087933162037962
Random Forest,Azure,Southeast Asia,3072,cpu-heavy,Standard_D2s_v3,4,1.6943,1.550609557440116,0.0141,0.016383350882672888
Random Forest,Azure,Southeast Asia,3072,cpu-heavy,Standard_D2s_v3,4,1.6609,1.550609557440116,0.0138,0.016383350882672888
Random Forest,Azure,Southeast Asia,3072,memory-heavy,Standard_D2s_v3,4,2.5554,1.9591701996561224,0.0213,0.024023008752625162
Random Forest,Azure,Southeast Asia,3072,memory-heavy,Standard_D2s_v3,4,2.5978,1.9591701996561224,0.0216,0.024023008752625162
Random Forest,Azure,Southeast Asia,10,memory-heavy,Standard_D4s_v3,2,0.4289,0.4113993866810969,0.0036,0.0031300835523365516
Random Forest,Azure,Southeast Asia,10,memory-heavy,Standard_D4s_v3,2,0.4377,0.4113993866810969,0.0036,0.0031300835523365516
Random Forest,Azure,Southeast Asia,10,memory-heavy,Standard_D4s_v3,2,0.437,0.4113993866810969,0.0036,0.0031300835523365516
Random Forest,Azure,Southeast Asia,10,memory-heavy,Standard_D4s_v3,2,0.4411,0.4113993866810969,0.0037,0.0031300835523365516
Random Forest,Azure,Southeast Asia,10,memory-heavy,Standard_D4s_v3,2,0.4434,0.4113993866810969,0.0037,0.0031300835523365516
Random Forest,Azure,Southeast Asia,10,memory-heavy,Standard_D4s_v3,2,0.4496,0.4113993866810969,0.0037,0.0031300835523365516
Random Forest,Azure,Southeast Asia,100,cpu-heavy,Standard_D4s_v3,2,0.3789,0.3838146778687978,0.0032,0.004211102068820069
Random Forest,Azure,Southeast Asia,100,cpu-heavy,Standard_D4s_v3,2,0.3904,0.3838146778687978,0.0033,0.004211102068820069
Random Forest,Azure,Southeast Asia,100,cpu-heavy,Standard_D4s_v3,2,0.3924,0.3838146778687978,0.0033,0.004211102068820069
Random Forest,Azure,Southeast Asia,100,cpu-heavy,Standard_D4s_v3,2,0.384,0.3838146778687978,0.0032,0.004211102068820069
Random Forest,Azure,Southeast Asia,100,cpu-heavy,Standard_D4s_v3,2,0.3732,0.3838146778687978,0.0031,0.004211102068820069
Random Forest,Azure,Southeast Asia,100,cpu-heavy,Standard_D4s_v3,2,0.3977,0.3838146778687978,0.0033,0.004211102068820069
Random Forest,Azure,Southeast Asia,100,memory-heavy,Standard_D4s_v3,2,0.5219,0.4766855188167388,0.0043,0.004400524122988121
Random Forest,Azure,Southeast Asia,100,memory-heavy,Standard_D4s_v3,2,0.5276,0.4766855188167388,0.0044,0.004400524122988121
Random Forest,Azure,Southeast Asia,100,memory-heavy,Standard_D4s_v3,2,0.5231,0.4766855188167388,0.0044,0.004400524122988121
Random Forest,Azure,Southeast Asia,100,memory-heavy,Standard_D4s_v3,2,0.529,0.4766855188167388,0.0044,0.004400524122988121
Random Forest,Azure,Southeast Asia,100,memory-heavy,Standard_D4s_v3,2,0.5234,0.4766855188167388,0.0044,0.004400524122988121
Random Forest,Azure,Southeast Asia,100,memory-heavy,Standard_D4s_v3,2,0.5366,0.4766855188167388,0.0045,0.004400524122988121
Random Forest,Azure,Southeast Asia,500,io-heavy,Standard_D4s_v3,2,0.9583,1.2651842998658007,0.008,0.007293910993731759
Random Forest,Azure,Southeast Asia,500,io-heavy,Standard_D4s_v3,2,0.9053,1.2651842998658007,0.0075,0.007293910993731759
Random Forest,Azure,Southeast Asia,500,io-heavy,Standard_D4s_v3,2,1.177,1.2651842998658007,0.0098,0.007293910993731759
Random Forest,Azure,Southeast Asia,500,io-heavy,Standard_D4s_v3,2,0.9189,1.2651842998658007,0.0077,0.007293910993731759
Random Forest,Azure,Southeast Asia,500,io-heavy,Standard_D4s_v3,2,0.9564,1.2651842998658007,0.008,0.007293910993731759
Random Forest,Azure,Southeast Asia,500,io-heavy,Standard_D4s_v3,2,0.9529,1.2651842998658007,0.0079,0.007293910993731759
Random Forest,Azure,Southeast Asia,500,io-heavy,Standard_D4s_v3,2,1.1293,1.2651842998658007,0.0094,0.007293910993731759
Random Forest,Azure,Southeast Asia,500,io-heavy,Standard_D4s_v3,2,0.9696,1.2651842998658007,0.0081,0.007293910993731759
Random Forest,Azure,Southeast Asia,500,memory-heavy,Standard_D4s_v3,2,0.8977,1.0967963993655652,0.0075,0.006345121136673339
Random Forest,Azure,Southeast Asia,500,memory-heavy,Standard_D4s_v3,2,0.8537,1.0967963993655652,0.0071,0.006345121136673339
Random Forest,Azure,Southeast Asia,500,memory-heavy,Standard_D4s_v3,2,0.8845,1.0967963993655652,0.0074,0.006345121136673339
Random Forest,Azure,Southeast Asia,500,memory-heavy,Standard_D4s_v3,2,0.874,1.0967963993655652,0.0073,0.006345121136673339
Random Forest,Azure,Southeast Asia,500,memory-heavy,Standard_D4s_v3,2,0.8703,1.0967963993655652,0.0073,0.006345121136673339
Random Forest,Azure,Southeast Asia,500,memory-heavy,Standard_D4s_v3,2,0.875,1.0967963993655652,0.0073,0.006345121136673339
Random Forest,Azure,Southeast Asia,500,memory-heavy,Standard_D4s_v3,2,0.7811,1.0967963993655652,0.0065,0.006345121136673339
Random Forest,Azure,Southeast Asia,1024,io-heavy,Standard_D4s_v3,2,1.5345,1.7769874671574888,0.0128,0.012471583519391729
Random Forest,Azure,Southeast Asia,1024,io-heavy,Standard_D4s_v3,2,1.571,1.7769874671574888,0.0131,0.012471583519391729
Random Forest,Azure,Southeast Asia,1024,io-heavy,Standard_D4s_v3,2,1.8897,1.7769874671574888,0.0157,0.012471583519391729
Random Forest,Azure,Southeast Asia,1024,io-heavy,Standard_D4s_v3,2,1.5375,1.7769874671574888,0.0128,0.012471583519391729
Random Forest,Azure,Southeast Asia,1024,io-heavy,Standard_D4s_v3,2,1.5062,1.7769874671574888,0.0126,0.012471583519391729
Random Forest,Azure,Southeast Asia,1024,io-heavy,Standard_D4s_v3,2,1.5551,1.7769874671574888,0.013,0.012471583519391729
Random Forest,Azure,Southeast Asia,1024,io-heavy,Standard_D4s_v3,2,1.905,1.7769874671574888,0.0159,0.012471583519391729
Random Forest,Azure,Southeast Asia,1024,io-heavy,Standard_D4s_v3,2,1.7432,1.7769874671574888,0.0145,0.012471583519391729
Random Forest,Azure,Southeast Asia,2048,memory-heavy,Standard_D4s_v3,2,2.4245,1.5729528374511244,0.0202,0.01770864981596182
Random Forest,Azure,Southeast Asia,2048,memory-heavy,Standard_D4s_v3,2,2.384,1.5729528374511244,0.0199,0.01770864981596182
Random Forest,Azure,Southeast Asia,2048,memory-heavy,Standard_D4s_v3,2,2.1068,1.5729528374511244,0.0176,0.01770864981596182
Random Forest,Azure,Southeast Asia,2048,memory-heavy,Standard_D4s_v3,2,2.0508,1.5729528374511244,0.0171,0.01770864981596182
Random Forest,Azure,Southeast Asia,2048,memory-heavy,Standard_D4s_v3,2,2.3168,1.5729528374511244,0.0193,0.01770864981596182
Random Forest,Azure,Southeast Asia,2048,memory-heavy,Standard_D4s_v3,2,2.3339,1.5729528374511244,0.0194,0.01770864981596182
Random Forest,Azure,Southeast Asia,2048,memory-heavy,Standard_D4s_v3,2,2.1081,1.5729528374511244,0.0176,0.01770864981596182
Random Forest,Azure,Southeast Asia,2048,memory-heavy,Standard_D4s_v3,2,2.1075,1.5729528374511244,0.0176,0.01770864981596182
Random Forest,Azure,Southeast Asia,3072,cpu-heavy,Standard_D4s_v3,2,2.0815,2.952907880555559,0.0173,0.017811731316017324
Random Forest,Azure,Southeast Asia,3072,cpu-heavy,Standard_D4s_v3,2,1.9543,2.952907880555559,0.0163,0.017811731316017324
Random Forest,Azure,Southeast Asia,3072,cpu-heavy,Standard_D4s_v3,2,2.0756,2.952907880555559,0.0173,0.017811731316017324
Random Forest,Azure,Southeast Asia,3072,cpu-heavy,Standard_D4s_v3,2,1.9568,2.952907880555559,0.0163,0.017811731316017324
Random Forest,Azure,Southeast Asia,100,memory-heavy,Standard_D4s_v3,4,0.4952,0.48949337681873684,0.0083,0.008001264041514038
Random Forest,Azure,Southeast Asia,100,memory-heavy,Standard_D4s_v3,4,0.4705,0.48949337681873684,0.0078,0.008001264041514038
Random Forest,Azure,Southeast Asia,100,memory-heavy,Standard_D4s_v3,4,0.5129,0.48949337681873684,0.0085,0.008001264041514038
Random Forest,Azure,Southeast Asia,100,memory-heavy,Standard_D4s_v3,4,0.5037,0.48949337681873684,0.0084,0.008001264041514038
Random Forest,Azure,Southeast Asia,100,memory-heavy,Standard_D4s_v3,4,0.486,0.48949337681873684,0.0081,0.008001264041514038
Random Forest,Azure,Southeast Asia,100,memory-heavy,Standard_D4s_v3,4,0.5071,0.48949337681873684,0.0085,0.008001264041514038
Random Forest,Azure,Southeast Asia,500,memory-heavy,Standard_D4s_v3,4,0.6213,0.8517875382283266,0.0104,0.009845557600177602
Random Forest,Azure,Southeast Asia,500,memory-heavy,Standard_D4s_v3,4,0.6124,0.8517875382283266,0.0102,0.009845557600177602
Random Forest,Azure,Southeast Asia,500,memory-heavy,Standard_D4s_v3,4,0.6429,0.8517875382283266,0.0107,0.009845557600177602
Random Forest,Azure,Southeast Asia,500,memory-heavy,Standard_D4s_v3,4,0.6059,0.8517875382283266,0.0101,0.009845557600177602
Random Forest,Azure,Southeast Asia,500,memory-heavy,Standard_D4s_v3,4,0.637,0.8517875382283266,0.0106,0.009845557600177602
Random Forest,Azure,Southeast Asia,500,memory-heavy,Standard_D4s_v3,4,0.6356,0.8517875382283266,0.0106,0.009845557600177602
Random Forest,Azure,Southeast Asia,1024,memory-heavy,Standard_D4s_v3,4,0.7751,1.248714296750471,0.0129,0.010813935731268737
Random Forest,Azure,Southeast Asia,1024,memory-heavy,Standard_D4s_v3,4,0.7691,1.248714296750471,0.0128,0.010813935731268737
Random Forest,Azure,Southeast Asia,1024,memory-heavy,Standard_D4s_v3,4,0.8073,1.248714296750471,0.0135,0.010813935731268737
Random Forest,Azure,Southeast Asia,1024,memory-heavy,Standard_D4s_v3,4,0.8373,1.248714296750471,0.014,0.010813935731268737
Random Forest,Azure,Southeast Asia,1024,memory-heavy,Standard_D4s_v3,4,0.7716,1.248714296750471,0.0129,0.010813935731268737
Random Forest,Azure,Southeast Asia,1024,memory-heavy,Standard_D4s_v3,4,0.7923,1.248714296750471,0.0132,0.010813935731268737
Random Forest,Azure,Southeast Asia,2048,cpu-heavy,Standard_D4s_v3,4,0.8381,1.215190830124582,0.014,0.011748893115923288
Random Forest,Azure,Southeast Asia,2048,cpu-heavy,Standard_D4s_v3,4,0.8042,1.215190830124582,0.0134,0.011748893115923288
Random Forest,Azure,Southeast Asia,2048,cpu-heavy,Standard_D4s_v3,4,0.8934,1.215190830124582,0.0149,0.011748893115923288
Random Forest,Azure,Southeast Asia,2048,cpu-heavy,Standard_D4s_v3,4,0.8263,1.215190830124582,0.0138,0.011748893115923288
Random Forest,Azure,Southeast Asia,2048,cpu-heavy,Standard_D4s_v3,4,0.7683,1.215190830124582,0.0128,0.011748893115923288
Random Forest,Azure,Southeast Asia,2048,cpu-heavy,Standard_D4s_v3,4,0.8371,1.215190830124582,0.014,0.011748893115923288
Random Forest,Azure,Southeast Asia,3072,cpu-heavy,Standard_D4s_v3,4,0.9336,1.3987980562086406,0.0156,0.01778172337839939
Random Forest,Azure,Southeast Asia,3072,cpu-heavy,Standard_D4s_v3,4,0.9259,1.3987980562086406,0.0154,0.01778172337839939
Random Forest,Azure,Southeast Asia,3072,cpu-heavy,Standard_D4s_v3,4,0.936,1.3987980562086406,0.0156,0.01778172337839939
Random Forest,Azure,Southeast Asia,3072,cpu-heavy,Standard_D4s_v3,4,0.977,1.3987980562086406,0.0163,0.01778172337839939
Random Forest,Azure,Southeast Asia,5120,cpu-heavy,Standard_D4s_v3,4,1.3438,2.165079338886003,0.0224,0.025331318427705644
Random Forest,Azure,Southeast Asia,5120,cpu-heavy,Standard_D4s_v3,4,1.4193,2.165079338886003,0.0237,0.025331318427705644
Random Forest,Azure,Southeast Asia,5120,cpu-heavy,Standard_D4s_v3,4,1.2597,2.165079338886003,0.021,0.025331318427705644
Random Forest,Azure,Southeast Asia,5120,cpu-heavy,Standard_D4s_v3,4,1.4298,2.165079338886003,0.0238,0.025331318427705644
Random Forest,Azure,Southeast Asia,5120,io-heavy,Standard_D4s_v3,4,4.4467,4.047809329333331,0.0741,0.09150654931428573
Random Forest,Azure,Southeast Asia,5120,io-heavy,Standard_D4s_v3,4,5.3726,4.047809329333331,0.0895,0.09150654931428573
Random Forest,Azure,Southeast Asia,5120,io-heavy,Standard_D4s_v3,4,4.4819,4.047809329333331,0.0747,0.09150654931428573
Random Forest,Azure,Southeast Asia,5120,io-heavy,Standard_D4s_v3,4,5.9776,4.047809329333331,0.0996,0.09150654931428573
Gradient Boosting,AWS,ap-south-1,10,cpu-heavy,m5.xlarge,2,0.840116667,1.0409884580002788,0.005377,0.0074926789579067505
Gradient Boosting,AWS,ap-south-1,10,io-heavy,m5.xlarge,2,0.91,1.016747371379979,0.005824,0.006961198752928905
Gradient Boosting,AWS,ap-south-1,100,cpu-heavy,m5.xlarge,2,0.95,1.0812531746911165,0.00608,0.007652260009522053
Gradient Boosting,AWS,ap-south-1,100,cpu-heavy,m5.xlarge,2,0.939533,1.0812531746911165,0.006013,0.007652260009522053
Gradient Boosting,AWS,ap-south-1,100,memory-heavy,m5.xlarge,2,0.973667,1.0891708843425578,0.006231,0.007610853950118803
Gradient Boosting,AWS,ap-south-1,100,io-heavy,m5.xlarge,2,1.041433,1.0817432575233554,0.006665,0.007737077333315996
Gradient Boosting,AWS,ap-south-1,500,memory-heavy,m5.xlarge,2,1.374483,1.4116985643191242,0.008797,0.009688030056092988
Gradient Boosting,AWS,ap-south-1,1024,io-heavy,m5.xlarge,2,2.074217,2.104240245911322,0.013275,0.01327896113713451
Gradient Boosting,AWS,ap-south-1,100,memory-heavy,m5.xlarge,4,0.941817,1.1020989128456333,0.012055,0.01374550666281543
Gradient Boosting,AWS,ap-south-1,500,memory-heavy,m5.xlarge,4,1.106633,1.3087253832013224,0.014165,0.014693868869724867
Gradient Boosting,AWS,ap-south-1,500,io-heavy,m5.xlarge,4,1.17255,1.356744561190233,0.015009,0.01653765098552396
Gradient Boosting,AWS,ap-south-1,1024,io-heavy,m5.xlarge,4,1.506167,1.787692791255166,0.019279,0.021108123163925786
Gradient Boosting,AWS,ap-south-1,5120,cpu-heavy,m5.xlarge,4,2.773683,3.0607338753336015,0.035503,0.03445101125380295
Gradient Boosting,AWS,ap-south-1,5120,memory-heavy,m5.xlarge,4,2.973667,3.0568357539924866,0.038063,0.035007690856163995
Gradient Boosting,AWS,ap-south-1,5120,io-heavy,m5.xlarge,4,3.540233,4.796394351393266,0.045315,0.050463192118481506
Gradient Boosting,AWS,ap-south-1,500,cpu-heavy,c5.xlarge,4,0.973933,1.0583914699648054,0.011038,0.011837797390092598
Gradient Boosting,AWS,ap-south-1,1024,memory-heavy,c5.xlarge,4,1.239433,1.2631335567915243,0.014047,0.015202707651257693
Gradient Boosting,AWS,ap-south-1,1024,io-heavy,c5.xlarge,4,1.339867,1.6403083682438973,0.015185,0.01863354628128279
Gradient Boosting,AWS,ap-south-1,500,memory-heavy,m6i.xlarge,4,0.9719,1.061599361168109,0.013088,0.01226908847206789
Gradient Boosting,AWS,ap-south-1,5120,cpu-heavy,m6i.xlarge,4,2.105083,2.3272313487530116,0.028348,0.03164378133739515
Gradient Boosting,AWS,ap-south-1,10,cpu-heavy,m6i.xlarge,2,0.938017,0.74654387827766,0.006316,0.005039136076098782
Gradient Boosting,AWS,ap-south-1,100,cpu-heavy,m6i.xlarge,2,0.737567,0.7868085949684973,0.004966,0.005198717127714089
Gradient Boosting,AWS,ap-south-1,1024,memory-heavy,m6i.xlarge,2,1.471983,1.420468400523941,0.009911,0.008096664029992704
Gradient Boosting,AWS,ap-south-1,5120,memory-heavy,m6i.xlarge,2,4.23795,4.793622319946495,0.028536,0.02917391368080247
Gradient Boosting,AWS,ap-south-1,10,cpu-heavy,c6i.xlarge,4,0.672733,0.8407312381671254,0.008611,0.010591458817220548
Gradient Boosting,AWS,ap-south-1,10,memory-heavy,c6i.xlarge,4,0.70555,0.829649465252955,0.009031,0.010456207085871437
Gradient Boosting,AWS,ap-south-1,100,memory-heavy,c6i.xlarge,4,0.771833,0.8734559213213015,0.009879,0.010908332068924425
Gradient Boosting,AWS,ap-south-1,10,cpu-heavy,m5a.xlarge,4,1.0752,1.2557537872239284,0.012329,0.010793955698491802
Gradient Boosting,AWS,ap-south-1,500,memory-heavy,m5a.xlarge,4,1.376833,1.6316212019672158,0.015788,0.012547212756249804
Gradient Boosting,AWS,ap-south-1,1024,memory-heavy,m5a.xlarge,4,1.608517,1.7199314980499412,0.018444,0.015596331891166333
Gradient Boosting,AWS,ap-south-1,5120,memory-heavy,m5a.xlarge,4,3.541517,3.0430215766826896,0.040609,0.031532070107438324
Gradient Boosting,AWS,ap-south-1,1024,cpu-heavy,c5a.xlarge,4,1.038583,1.1864890045133536,0.010663,0.011028623305724699
Gradient Boosting,AWS,ap-south-1,1024,memory-heavy,c5a.xlarge,4,1.105,1.2455356719484219,0.011345,0.01114254349833319
Gradient Boosting,AWS,ap-south-1,1024,io-heavy,c5a.xlarge,4,1.171967,1.628197477452176,0.012032,0.013979015095713712
Gradient Boosting,AWS,ap-south-1,5120,io-heavy,c5a.xlarge,4,2.839033,4.271714893933561,0.029147,0.03349230904681459
Gradient Boosting,AWS,ap-south-1,1024,cpu-heavy,c6i.xlarge,4,1.504433,1.1832382105156163,0.019257,0.01506969821703938
Gradient Boosting,AWS,ap-south-1,1024,memory-heavy,c6i.xlarge,4,1.60445,1.2216358474769695,0.020537,0.015106944038820149
Gradient Boosting,AWS,ap-south-1,100,memory-heavy,m5.xlarge,4,1.206667,1.1020989128456333,0.015445,0.01374550666281543
Gradient Boosting,AWS,ap-south-1,500,memory-heavy,m5.xlarge,4,1.406683,1.3087253832013224,0.018006,0.014693868869724867
Gradient Boosting,AWS,ap-south-1,500,io-heavy,m5.xlarge,4,1.473983,1.356744561190233,0.018867,0.01653765098552396
Gradient Boosting,AWS,ap-south-1,1024,io-heavy,m5.xlarge,4,1.640867,1.787692791255166,0.021003,0.021108123163925786
Gradient Boosting,AWS,ap-south-1,5120,cpu-heavy,m5.xlarge,4,3.2072,3.0607338753336015,0.041052,0.03445101125380295
Gradient Boosting,AWS,ap-south-1,5120,memory-heavy,m5.xlarge,4,3.33995,3.0568357539924866,0.042751,0.035007690856163995
Gradient Boosting,AWS,ap-south-1,5120,io-heavy,m5.xlarge,4,3.972817,4.796394351393266,0.050852,0.050463192118481506
Gradient Boosting,AWS,ap-south-1,10,cpu-heavy,m5.xlarge,2,0.872633,1.0409884580002788,0.005585,0.0074926789579067505
Gradient Boosting,AWS,ap-south-1,10,io-heavy,m5.xlarge,2,1.039133,1.016747371379979,0.00665,0.006961198752928905
Gradient Boosting,AWS,ap-south-1,100,cpu-heavy,m5.xlarge,2,0.97285,1.0812531746911165,0.006226,0.007652260009522053
Gradient Boosting,AWS,ap-south-1,100,memory-heavy,m5.xlarge,2,1.04055,1.0891708843425578,0.00666,0.007610853950118803
Gradient Boosting,AWS,ap-south-1,100,io-heavy,m5.xlarge,2,1.273233,1.0817432575233554,0.008149,0.007737077333315996
Gradient Boosting,AWS,ap-south-1,1024,memory-heavy,c5.xlarge,4,1.7729,1.2631335567915243,0.020093,0.015202707651257693
Gradient Boosting,AWS,ap-south-1,500,memory-heavy,m5.xlarge,2,1.444483,1.4116985643191242,0.009245,0.009688030056092988
Gradient Boosting,AWS,ap-south-1,1024,io-heavy,c5.xlarge,4,1.905033,1.6403083682438973,0.02159,0.01863354628128279
Gradient Boosting,AWS,ap-south-1,1024,io-heavy,m5.xlarge,2,2.139683,2.104240245911322,0.013694,0.01327896113713451
Gradient Boosting,AWS,ap-south-1,10,cpu-heavy,c6i.xlarge,4,1.205617,0.8407312381671254,0.015432,0.010591458817220548
Gradient Boosting,AWS,ap-south-1,10,memory-heavy,c6i.xlarge,4,1.238483,0.829649465252955,0.015853,0.010456207085871437
Gradient Boosting,AWS,ap-south-1,100,memory-heavy,c6i.xlarge,4,1.204533,0.8734559213213015,0.015418,0.010908332068924425
Gradient Boosting,AWS,ap-south-1,500,memory-heavy,m6i.xlarge,4,1.138367,1.061599361168109,0.01533,0.01226908847206789
Gradient Boosting,AWS,ap-south-1,1024,cpu-heavy,c6i.xlarge,4,1.605717,1.1832382105156163,0.020553,0.01506969821703938
Gradient Boosting,AWS,ap-south-1,1024,memory-heavy,c6i.xlarge,4,1.604767,1.2216358474769695,0.020541,0.015106944038820149
Gradient Boosting,AWS,ap-south-1,5120,cpu-heavy,m6i.xlarge,4,2.87215,2.3272313487530116,0.038678,0.03164378133739515
Gradient Boosting,AWS,ap-south-1,10,cpu-heavy,m6i.xlarge,2,0.739183,0.74654387827766,0.004977,0.005039136076098782
Gradient Boosting,AWS,ap-south-1,100,cpu-heavy,m6i.xlarge,2,0.80505,0.7868085949684973,0.005421,0.005198717127714089
Gradient Boosting,AWS,ap-south-1,1024,memory-heavy,m6i.xlarge,2,1.572583,1.420468400523941,0.010589,0.008096664029992704
Gradient Boosting,AWS,ap-south-1,5120,memory-heavy,m6i.xlarge,2,4.50715,4.793622319946495,0.030348,0.02917391368080247
Gradient Boosting,AWS,ap-southeast-1,10,memory-heavy,m5.xlarge,4,1.207217,1.0925701833434824,0.015452,0.016406034137176697
Gradient Boosting,AWS,ap-southeast-1,500,cpu-heavy,m5.xlarge,4,1.407567,1.3007082020500391,0.018017,0.017813630640799535
Gradient Boosting,AWS,ap-southeast-1,500,io-heavy,m5.xlarge,4,1.5397,1.4261249004371717,0.019708,0.02055273670761389
Gradient Boosting,AWS,ap-southeast-1,5120,memory-heavy,m5.xlarge,4,3.440933,3.168451980494775,0.044044,0.039550557612930484
Gradient Boosting,AWS,ap-southeast-1,10,memory-heavy,c6i.xlarge,4,1.239433,0.9083246772184336,0.015865,0.014254761353520417
Gradient Boosting,AWS,ap-southeast-1,10,io-heavy,c6i.xlarge,4,1.872133,0.9655271260515786,0.023963,0.014779734634013792
Gradient Boosting,AWS,ap-southeast-1,100,cpu-heavy,c6i.xlarge,4,1.404433,0.9439687307997926,0.017977,0.015222894655847696
Gradient Boosting,AWS,ap-southeast-1,100,memory-heavy,c6i.xlarge,4,1.272017,0.95213113328678,0.016282,0.01519346845645865
Gradient Boosting,AWS,ap-southeast-1,10,memory-heavy,m5.xlarge,2,1.007233,1.0639397188167579,0.006446,0.008282550716036154
Gradient Boosting,AWS,ap-southeast-1,10,io-heavy,m5.xlarge,2,1.073083,1.0861277106269176,0.006868,0.008026860360011144
Gradient Boosting,AWS,ap-southeast-1,500,io-heavy,c5.xlarge,4,1.706367,1.332983485833869,0.019339,0.018633897608927315
Gradient Boosting,AWS,ap-southeast-1,1024,cpu-heavy,c5.xlarge,4,1.741583,1.4009625865408917,0.019738,0.018812706340814975
Gradient Boosting,AWS,ap-southeast-1,1024,memory-heavy,m5.xlarge,2,1.973417,1.8808974297526235,0.01263,0.01330569415298224
Gradient Boosting,AWS,ap-southeast-1,5120,io-heavy,m5.xlarge,2,7.3733,6.436234716121112,0.047189,0.05011216869681485
Gradient Boosting,AWS,ap-southeast-1,10,cpu-heavy,m5a.xlarge,4,1.34365,1.3078130422975514,0.019349,0.018482400826259297
Gradient Boosting,AWS,ap-southeast-1,10,memory-heavy,m5a.xlarge,4,1.474783,1.320429268914066,0.021237,0.018440278264753113
Gradient Boosting,AWS,ap-southeast-1,1024,memory-heavy,m5a.xlarge,4,2.308617,1.8901912383425212,0.033244,0.027062082846826048
Gradient Boosting,AWS,ap-southeast-1,5120,cpu-heavy,m5a.xlarge,4,4.10965,3.327024904298572,0.059179,0.04942828139231526
Gradient Boosting,AWS,ap-southeast-1,5120,memory-heavy,m5a.xlarge,4,4.410483,3.2723295872749896,0.063511,0.05166335943807835
Gradient Boosting,AWS,ap-southeast-1,5120,memory-heavy,m5a.xlarge,4,4.3492,3.2723295872749896,0.062628,0.05166335943807835
Gradient Boosting,AWS,ap-southeast-1,10,cpu-heavy,m6i.xlarge,4,0.871983,0.9085309349426809,0.013952,0.014927774784563778
Gradient Boosting,AWS,ap-southeast-1,10,cpu-heavy,c5a.xlarge,4,1.2733,0.9226572441303413,0.01494,0.01292692768518391
Gradient Boosting,AWS,ap-southeast-1,5120,memory-heavy,m6i.xlarge,4,2.672,2.588961348799134,0.042752,0.03834010084909633
Gradient Boosting,AWS,ap-southeast-1,10,cpu-heavy,m6i.xlarge,2,0.7399,0.8252190902431388,0.005919,0.007007661640421968
Gradient Boosting,AWS,ap-southeast-1,100,memory-heavy,m6i.xlarge,2,0.83825,0.8979765569720931,0.006706,0.00746949686477774
Gradient Boosting,AWS,ap-southeast-1,1024,io-heavy,m6i.xlarge,2,1.871833,2.0453590543865063,0.014975,0.013639656257180586
Gradient Boosting,AWS,ap-southeast-1,5120,io-heavy,m6i.xlarge,2,5.805367,5.422336623420404,0.046443,0.04579309478339883
Gradient Boosting,AWS,ap-south-1,10,cpu-heavy,c6i.xlarge,4,1.139333,0.8407312381671254,0.014583,0.010591458817220548
Gradient Boosting,AWS,ap-south-1,10,memory-heavy,c6i.xlarge,4,1.205217,0.829649465252955,0.015427,0.010456207085871437
Gradient Boosting,AWS,ap-south-1,100,memory-heavy,c6i.xlarge,4,1.2397,0.8734559213213015,0.015868,0.010908332068924425
Gradient Boosting,AWS,ap-south-1,1024,cpu-heavy,c6i.xlarge,4,1.5392,1.1832382105156163,0.019702,0.01506969821703938
Gradient Boosting,AWS,ap-south-1,1024,memory-heavy,c6i.xlarge,4,1.572117,1.2216358474769695,0.020123,0.015106944038820149
Gradient Boosting,AWS,ap-southeast-1,10,io-heavy,c5a.xlarge,2,0.8725,0.9036562404376242,0.005119,0.0049197446587484804
Gradient Boosting,AWS,ap-southeast-1,100,memory-heavy,c5a.xlarge,2,1.039167,0.9084215490823389,0.006096,0.005330145066474112
Gradient Boosting,AWS,ap-southeast-1,100,memory-heavy,c5.xlarge,4,1.139067,0.9936288426013342,0.014884,0.014815372696177416
Gradient Boosting,AWS,ap-southeast-1,1024,memory-heavy,c5a.xlarge,2,1.672517,1.681739658994745,0.009812,0.00957353366391112
Gradient Boosting,AWS,ap-southeast-1,1024,io-heavy,c5a.xlarge,2,1.9723,2.1146899555229814,0.011571,0.011900159632523976
Gradient Boosting,AWS,ap-southeast-1,5120,io-heavy,c5.xlarge,4,3.039683,4.687928911175401,0.039719,0.05761548823094449
Gradient Boosting,AWS,ap-southeast-1,3072,memory-heavy,m6i.xlarge,2,2.93915,3.505596496276509,0.023513,0.02543993083068251
Gradient Boosting,AWS,ap-south-1,10,cpu-heavy,m5a.xlarge,4,1.274567,1.2557537872239284,0.009432,0.010793955698491802
Gradient Boosting,AWS,ap-south-1,10,cpu-heavy,m6i.xlarge,2,0.67135,0.74654387827766,0.00452,0.005039136076098782
Gradient Boosting,AWS,ap-southeast-1,10,memory-heavy,m5a.xlarge,2,1.175467,1.2371174242145238,0.008463,0.010520165120611309
Gradient Boosting,AWS,ap-south-1,10,cpu-heavy,m5.xlarge,2,0.839933,1.0409884580002788,0.005656,0.0074926789579067505
Gradient Boosting,AWS,ap-south-1,10,cpu-heavy,c5.xlarge,2,0.73865,0.7720911787334143,0.004186,0.004789201306460013
Gradient Boosting,AWS,ap-southeast-1,10,io-heavy,c5.xlarge,2,0.905067,0.915077231705718,0.005913,0.006068802061280735
Gradient Boosting,AWS,ap-south-1,10,cpu-heavy,c6i.xlarge,2,0.6385,0.7372480359107075,0.003618,0.003764790907992684
Gradient Boosting,AWS,ap-south-1,10,io-heavy,m5.xlarge,2,0.87395,1.016747371379979,0.005885,0.006961198752928905
Gradient Boosting,AWS,ap-south-1,10,cpu-heavy,c6i.xlarge,4,0.772467,0.8407312381671254,0.008755,0.010591458817220548
Gradient Boosting,AWS,ap-south-1,100,cpu-heavy,m5.xlarge,2,0.907,1.0812531746911165,0.006107,0.007652260009522053
Gradient Boosting,AWS,ap-southeast-1,100,cpu-heavy,c6i.xlarge,2,1.00555,0.8561879645670236,0.00657,0.006098641684513443
Gradient Boosting,AWS,ap-south-1,100,memory-heavy,m5.xlarge,2,0.972417,1.0891708843425578,0.006548,0.007610853950118803
Gradient Boosting,AWS,ap-south-1,100,memory-heavy,m5.xlarge,4,1.106967,1.1020989128456333,0.014907,0.01374550666281543
Gradient Boosting,AWS,ap-southeast-1,100,memory-heavy,m5a.xlarge,2,1.274833,1.3245273586364064,0.009179,0.012120627968737955
Gradient Boosting,AWS,ap-south-1,100,io-heavy,m5.xlarge,2,0.9737,1.0817432575233554,0.006556,0.007737077333315996
Gradient Boosting,AWS,ap-southeast-1,100,io-heavy,c5.xlarge,2,1.0049,0.9757601330768728,0.006565,0.007327577424235445
Gradient Boosting,AWS,ap-south-1,500,memory-heavy,m5.xlarge,2,1.306517,1.4116985643191242,0.008797,0.009688030056092988
Gradient Boosting,AWS,ap-south-1,10,memory-heavy,c6i.xlarge,4,0.805983,0.829649465252955,0.009134,0.010456207085871437
Gradient Boosting,AWS,ap-south-1,500,memory-heavy,m5.xlarge,4,1.306033,1.3087253832013224,0.017588,0.014693868869724867
Gradient Boosting,AWS,ap-south-1,500,io-heavy,m5.xlarge,4,1.410717,1.356744561190233,0.018998,0.01653765098552396
Gradient Boosting,AWS,ap-south-1,10,io-heavy,c5a.xlarge,2,0.739817,0.774692537447662,0.002318,0.0012432747336985684
Gradient Boosting,AWS,ap-south-1,1024,io-heavy,m5.xlarge,2,2.0403,2.104240245911322,0.013738,0.01327896113713451
Gradient Boosting,AWS,ap-south-1,1024,io-heavy,m5.xlarge,4,1.605917,1.787692791255166,0.021626,0.021108123163925786
Gradient Boosting,AWS,ap-south-1,100,cpu-heavy,m6i.xlarge,2,0.706033,0.7868085949684973,0.004754,0.005198717127714089
Gradient Boosting,AWS,ap-southeast-1,1024,cpu-heavy,m5.xlarge,2,1.973383,1.808356151092357,0.015787,0.012315947642031169
Gradient Boosting,AWS,ap-southeast-1,1024,cpu-heavy,m5a.xlarge,2,2.408517,2.0753496269156306,0.017341,0.017245455187702152
Gradient Boosting,AWS,ap-southeast-1,1024,cpu-heavy,c6i.xlarge,2,1.4722,1.5648825054706048,0.009618,0.0091101924933337
Gradient Boosting,AWS,ap-south-1,100,cpu-heavy,c5a.xlarge,2,0.772483,0.8009349041561578,0.00242,0.001340229109450463
Gradient Boosting,AWS,ap-southeast-1,1024,memory-heavy,m5a.xlarge,2,2.609,2.160121464289585,0.018785,0.01824321347403953
Gradient Boosting,AWS,ap-south-1,3072,memory-heavy,m5.xlarge,2,3.773233,3.794959677443848,0.025406,0.026810694563275336
Gradient Boosting,AWS,ap-south-1,100,memory-heavy,c5.xlarge,2,1.073683,0.8423413376641136,0.006084,0.005059902959335178
Gradient Boosting,AWS,ap-south-1,5120,cpu-heavy,m5.xlarge,4,3.10595,3.0607338753336015,0.041827,0.03445101125380295
Gradient Boosting,AWS,ap-south-1,100,memory-heavy,c6i.xlarge,4,0.938533,0.8734559213213015,0.010637,0.010908332068924425
Gradient Boosting,AWS,ap-southeast-1,2048,cpu-heavy,c5.xlarge,2,2.640733,2.3301087701691987,0.017253,0.016013975987722102
Gradient Boosting,AWS,ap-southeast-1,2048,cpu-heavy,c5.xlarge,4,1.506283,1.633470465205217,0.019682,0.019755993867992865
Gradient Boosting,AWS,ap-south-1,5120,memory-heavy,m5.xlarge,4,3.2081,3.0568357539924866,0.043202,0.035007690856163995
Gradient Boosting,AWS,ap-southeast-1,2048,cpu-heavy,c5a.xlarge,4,1.472067,1.6458251092420884,0.017272,0.017447859777933436
Gradient Boosting,AWS,ap-south-1,5120,io-heavy,m5.xlarge,4,4.139283,4.796394351393266,0.055742,0.050463192118481506
Gradient Boosting,AWS,ap-southeast-1,2048,memory-heavy,m5.xlarge,2,2.805683,2.7353028963025268,0.022445,0.02433004139346965
Gradient Boosting,AWS,ap-south-1,500,cpu-heavy,c5.xlarge,4,0.972817,1.0583914699648054,0.011025,0.011837797390092598
Gradient Boosting,AWS,ap-south-1,500,cpu-heavy,c5a.xlarge,2,1.105517,1.0890853860666871,0.003464,0.002787129309991633
Gradient Boosting,AWS,ap-south-1,500,memory-heavy,m5a.xlarge,2,1.809217,1.6799130029122,0.006694,0.00765964765549877
Gradient Boosting,AWS,ap-south-1,500,memory-heavy,m5a.xlarge,4,1.67685,1.6316212019672158,0.012409,0.012547212756249804
Gradient Boosting,AWS,ap-southeast-1,2048,io-heavy,m5a.xlarge,4,3.14485,3.616305709259779,0.045286,0.03960291968887362
Gradient Boosting,AWS,ap-south-1,500,memory-heavy,m6i.xlarge,4,1.03915,1.061599361168109,0.013994,0.01226908847206789
Gradient Boosting,AWS,ap-southeast-1,2048,io-heavy,c6i.xlarge,4,1.9727,2.65034238589549,0.025777,0.0299050904917882
Gradient Boosting,AWS,ap-southeast-1,3072,cpu-heavy,m5a.xlarge,2,4.944383,5.102536639638934,0.0356,0.03261164539003397
Gradient Boosting,AWS,ap-south-1,500,io-heavy,c5.xlarge,2,1.3066,1.247308699493042,0.007404,0.007832034729269736
Gradient Boosting,AWS,ap-southeast-1,3072,cpu-heavy,c5.xlarge,2,3.473467,3.446871129232273,0.022693,0.022059014440981458
Gradient Boosting,AWS,ap-south-1,1024,cpu-heavy,m5a.xlarge,2,2.37405,1.9050898866230503,0.008784,0.008757954189384907
Gradient Boosting,AWS,ap-south-1,1024,cpu-heavy,c5a.xlarge,4,1.17255,1.1864890045133536,0.007348,0.011028623305724699
Gradient Boosting,AWS,ap-south-1,1024,cpu-heavy,c6i.xlarge,4,1.071483,1.1832382105156163,0.012143,0.01506969821703938
Gradient Boosting,AWS,ap-south-1,1024,cpu-heavy,c6i.xlarge,4,1.239283,1.1832382105156163,0.014045,0.01506969821703938
Gradient Boosting,AWS,ap-south-1,1024,memory-heavy,c6i.xlarge,4,1.271683,1.2216358474769695,0.014412,0.015106944038820149
Gradient Boosting,AWS,ap-south-1,1024,memory-heavy,m5a.xlarge,4,1.907767,1.7199314980499412,0.014117,0.015596331891166333
Gradient Boosting,AWS,ap-south-1,1024,memory-heavy,m6i.xlarge,2,1.605817,1.420468400523941,0.010813,0.008096664029992704
Gradient Boosting,AWS,ap-southeast-1,3072,memory-heavy,c6i.xlarge,2,3.006133,3.5770102892434514,0.01964,0.02321882794200225
Gradient Boosting,AWS,ap-south-1,1024,memory-heavy,c5.xlarge,2,1.6403,1.497458962357563,0.009295,0.008064204162424269
Gradient Boosting,AWS,ap-south-1,1024,memory-heavy,c5.xlarge,4,1.272517,1.2631335567915243,0.014422,0.015202707651257693
Gradient Boosting,AWS,ap-south-1,2048,memory-heavy,c6i.xlarge,2,2.206583,2.2627733508143195,0.012504,0.012683598034092122
Gradient Boosting,AWS,ap-south-1,1024,memory-heavy,c5a.xlarge,4,1.406083,1.2455356719484219,0.008811,0.01114254349833319
Gradient Boosting,AWS,ap-south-1,1024,io-heavy,m5a.xlarge,2,2.675367,2.3457900997015875,0.009899,0.01123441553834585
Gradient Boosting,AWS,ap-southeast-1,3072,io-heavy,c5.xlarge,4,2.206367,3.2626812579665323,0.02883,0.040342548217913096
Gradient Boosting,AWS,ap-south-1,3072,cpu-heavy,c6i.xlarge,2,3.071567,3.174896493903888,0.017406,0.01759906282931443
Gradient Boosting,AWS,ap-southeast-1,3072,io-heavy,c5a.xlarge,4,2.0387,3.280522896054785,0.023921,0.035271389473551566
Gradient Boosting,AWS,ap-southeast-1,3072,io-heavy,c6i.xlarge,2,3.704933,3.9314036010981135,0.024206,0.03158546490829166
Gradient Boosting,AWS,ap-south-1,1024,io-heavy,c5.xlarge,4,1.30565,1.6403083682438973,0.014797,0.01863354628128279
Gradient Boosting,AWS,ap-south-1,1024,io-heavy,c5a.xlarge,4,1.241767,1.628197477452176,0.007782,0.013979015095713712
Gradient Boosting,AWS,ap-southeast-1,5120,cpu-heavy,c5.xlarge,2,5.7403,4.830838654838896,0.037503,0.03112454971181716
Gradient Boosting,AWS,ap-south-1,5120,cpu-heavy,c6i.xlarge,2,4.2387,4.6185835743666095,0.024019,0.027675242035077586
Gradient Boosting,AWS,ap-southeast-1,5120,memory-heavy,m5a.xlarge,2,7.776,8.064365204310816,0.055987,0.04940083626138506
Gradient Boosting,AWS,ap-south-1,2048,cpu-heavy,m6i.xlarge,2,2.571267,2.0506974907224644,0.017313,0.01465377256844307
Gradient Boosting,AWS,ap-south-1,5120,memory-heavy,c6i.xlarge,2,4.305667,4.902830592680904,0.024399,0.028267610312855823
Gradient Boosting,AWS,ap-south-1,2048,cpu-heavy,c5.xlarge,2,2.505583,2.150592094151025,0.014198,0.013036270459945803
Gradient Boosting,AWS,ap-south-1,2048,cpu-heavy,c5.xlarge,4,1.438617,1.4539537891870422,0.016304,0.017529508036180565
Gradient Boosting,AWS,ap-south-1,2048,cpu-heavy,c5a.xlarge,2,2.505417,2.122080867541558,0.00785,0.006048205512321506
Gradient Boosting,AWS,ap-south-1,2048,memory-heavy,c5.xlarge,2,2.3729,2.352425232909814,0.013446,0.013786947197085219
Gradient Boosting,AWS,ap-south-1,2048,memory-heavy,c5.xlarge,4,1.5391,1.4788407910684045,0.017443,0.01828018477331998
Gradient Boosting,AWS,ap-south-1,2048,memory-heavy,c5a.xlarge,4,1.405333,1.4911954351052759,0.008807,0.010640518515791883
Gradient Boosting,AWS,ap-south-1,2048,io-heavy,m6i.xlarge,4,1.805367,2.2209398610929023,0.024312,0.028509612268700708
Gradient Boosting,AWS,ap-south-1,2048,io-heavy,c5.xlarge,2,2.972833,2.9862977770554417,0.016846,0.016666601475072585
Gradient Boosting,AWS,ap-south-1,3072,cpu-heavy,m6i.xlarge,4,1.837967,1.6345770109338698,0.024751,0.023232549475891755
Gradient Boosting,AWS,ap-south-1,3072,cpu-heavy,c5.xlarge,4,1.772383,1.7550258082969088,0.020087,0.020856130579431056
Gradient Boosting,AWS,ap-south-1,3072,memory-heavy,m5a.xlarge,2,5.04415,5.108887679979109,0.018663,0.02072026854368352
Gradient Boosting,AWS,ap-south-1,3072,io-heavy,m5a.xlarge,2,5.908833,5.4270277303522105,0.021863,0.025256561185098888
Gradient Boosting,AWS,ap-south-1,3072,io-heavy,m5a.xlarge,4,3.442417,3.7476903185558004,0.025474,0.03292975589373045
Gradient Boosting,AWS,ap-south-1,3072,io-heavy,c5a.xlarge,2,3.8051,3.745798195025066,0.011923,0.011762429366997324
Gradient Boosting,AWS,ap-south-1,5120,cpu-heavy,m6i.xlarge,4,2.338183,2.3272313487530116,0.031488,0.03164378133739515
Gradient Boosting,AWS,ap-south-1,5120,cpu-heavy,c5a.xlarge,2,4.572133,4.620962143353158,0.014326,0.0182544441410424
Gradient Boosting,AWS,ap-south-1,5120,memory-heavy,m5a.xlarge,2,7.241583,7.903682517898296,0.026794,0.02994914512223941
Gradient Boosting,AWS,ap-south-1,5120,memory-heavy,m5a.xlarge,4,4.17555,3.0430215766826896,0.030899,0.031532070107438324
Gradient Boosting,AWS,ap-south-1,5120,memory-heavy,m6i.xlarge,2,4.2726,4.793622319946495,0.028769,0.02917391368080247
Gradient Boosting,AWS,ap-south-1,5120,io-heavy,c5a.xlarge,4,2.739417,4.271714893933561,0.017167,0.03349230904681459
Gradient Boosting,AWS,ap-south-1,3072,io-heavy,m5a.xlarge,2,5.94215,5.4270277303522105,0.021986,0.025256561185098888
Gradient Boosting,AWS,ap-south-1,100,memory-heavy,c6i.xlarge,4,0.80585,0.8734559213213015,0.009133,0.010908332068924425
Gradient Boosting,AWS,ap-south-1,1024,memory-heavy,c5.xlarge,4,1.339633,1.2631335567915243,0.015183,0.015202707651257693
Gradient Boosting,AWS,ap-south-1,100,cpu-heavy,m6i.xlarge,2,0.772167,0.7868085949684973,0.005199,0.005198717127714089
Gradient Boosting,AWS,ap-south-1,500,io-heavy,m5.xlarge,4,1.407717,1.356744561190233,0.018957,0.01653765098552396
Gradient Boosting,AWS,ap-south-1,2048,cpu-heavy,m6i.xlarge,2,2.105583,2.0506974907224644,0.014178,0.01465377256844307
Gradient Boosting,AWS,ap-south-1,1024,io-heavy,m5a.xlarge,2,2.6419,2.3457900997015875,0.009775,0.01123441553834585
Gradient Boosting,AWS,ap-south-1,2048,memory-heavy,c5.xlarge,4,1.5729,1.4788407910684045,0.017826,0.01828018477331998
Gradient Boosting,AWS,ap-south-1,100,memory-heavy,c6i.xlarge,4,0.805083,0.8734559213213015,0.009124,0.010908332068924425
Gradient Boosting,AWS,ap-south-1,100,io-heavy,m5.xlarge,2,0.9743,1.0817432575233554,0.00656,0.007737077333315996
Gradient Boosting,AWS,ap-south-1,500,memory-heavy,m5.xlarge,2,1.343167,1.4116985643191242,0.009044,0.009688030056092988
Gradient Boosting,AWS,ap-south-1,1024,io-heavy,m5.xlarge,2,2.440383,2.104240245911322,0.016432,0.01327896113713451
Gradient Boosting,AWS,ap-south-1,100,cpu-heavy,m6i.xlarge,2,0.7388,0.7868085949684973,0.004975,0.005198717127714089
Gradient Boosting,AWS,ap-south-1,2048,memory-heavy,c6i.xlarge,2,2.037817,2.2627733508143195,0.011548,0.012683598034092122
Gradient Boosting,AWS,ap-south-1,500,io-heavy,m5.xlarge,4,1.37305,1.356744561190233,0.01849,0.01653765098552396
Gradient Boosting,AWS,ap-south-1,5120,memory-heavy,m5.xlarge,4,3.306067,3.0568357539924866,0.044522,0.035007690856163995
Gradient Boosting,AWS,ap-southeast-1,10,memory-heavy,m5a.xlarge,2,1.174567,1.2371174242145238,0.008457,0.010520165120611309
Gradient Boosting,AWS,ap-southeast-1,1024,memory-heavy,m5a.xlarge,2,2.544633,2.160121464289585,0.018321,0.01824321347403953
Gradient Boosting,AWS,ap-south-1,2048,io-heavy,m6i.xlarge,4,1.8053,2.2209398610929023,0.024311,0.028509612268700708
Gradient Boosting,AWS,ap-southeast-1,2048,cpu-heavy,c5.xlarge,4,1.573133,1.633470465205217,0.020556,0.019755993867992865
Gradient Boosting,AWS,ap-south-1,500,memory-heavy,m5.xlarge,4,1.2746,1.3087253832013224,0.017165,0.014693868869724867
Gradient Boosting,AWS,ap-south-1,100,cpu-heavy,c5a.xlarge,2,0.771617,0.8009349041561578,0.002418,0.001340229109450463
Gradient Boosting,AWS,ap-southeast-1,10,memory-heavy,m5a.xlarge,4,1.4767,1.320429268914066,0.021264,0.018440278264753113
Gradient Boosting,AWS,ap-southeast-1,10,io-heavy,m5.xlarge,2,1.139483,1.0861277106269176,0.009116,0.008026860360011144
Gradient Boosting,AWS,ap-southeast-1,10,memory-heavy,m5.xlarge,4,1.106633,1.0925701833434824,0.017706,0.016406034137176697
Gradient Boosting,AWS,ap-south-1,500,memory-heavy,m5.xlarge,2,1.50585,1.4116985643191242,0.010139,0.009688030056092988
Gradient Boosting,AWS,ap-south-1,100,memory-heavy,c5.xlarge,2,0.839467,0.8423413376641136,0.004757,0.005059902959335178
Gradient Boosting,AWS,ap-south-1,10,io-heavy,m5.xlarge,2,0.873667,1.016747371379979,0.005883,0.006961198752928905
Gradient Boosting,AWS,ap-south-1,10,io-heavy,c5a.xlarge,2,0.7717,0.774692537447662,0.002418,0.0012432747336985684
Gradient Boosting,AWS,ap-southeast-1,10,io-heavy,m5.xlarge,2,0.9733,1.0861277106269176,0.007786,0.008026860360011144
Gradient Boosting,AWS,ap-southeast-1,10,io-heavy,c5a.xlarge,2,0.871683,0.9036562404376242,0.005114,0.0049197446587484804
Gradient Boosting,AWS,ap-southeast-1,10,cpu-heavy,m6i.xlarge,4,0.839167,0.9085309349426809,0.013427,0.014927774784563778
Gradient Boosting,AWS,ap-southeast-1,10,io-heavy,c5.xlarge,2,0.90655,0.915077231705718,0.005923,0.006068802061280735
Gradient Boosting,AWS,ap-south-1,100,memory-heavy,c5.xlarge,2,0.872783,0.8423413376641136,0.004946,0.005059902959335178
Gradient Boosting,AWS,ap-south-1,10,io-heavy,m5.xlarge,2,0.872583,1.016747371379979,0.005875,0.006961198752928905
Gradient Boosting,AWS,ap-south-1,10,cpu-heavy,m5.xlarge,2,0.84,1.0409884580002788,0.005656,0.0074926789579067505
Gradient Boosting,AWS,ap-south-1,10,cpu-heavy,c5.xlarge,2,0.77285,0.7720911787334143,0.004379,0.004789201306460013
Gradient Boosting,AWS,ap-south-1,10,cpu-heavy,m6i.xlarge,2,0.638833,0.74654387827766,0.004301,0.005039136076098782
Gradient Boosting,AWS,ap-south-1,100,memory-heavy,c6i.xlarge,4,0.80575,0.8734559213213015,0.009132,0.010908332068924425
Gradient Boosting,AWS,ap-south-1,10,io-heavy,m5.xlarge,2,0.906333,1.016747371379979,0.006103,0.006961198752928905
Gradient Boosting,AWS,ap-southeast-1,10,memory-heavy,c6i.xlarge,4,0.87275,0.9083246772184336,0.011404,0.014254761353520417
Gradient Boosting,AWS,ap-southeast-1,3072,io-heavy,c5a.xlarge,4,2.039,3.280522896054785,0.023924,0.035271389473551566
Gradient Boosting,AWS,ap-south-1,10,io-heavy,c5a.xlarge,2,0.73825,0.774692537447662,0.002313,0.0012432747336985684
Gradient Boosting,AWS,ap-south-1,5120,memory-heavy,m5a.xlarge,2,7.441767,7.903682517898296,0.027535,0.02994914512223941
Gradient Boosting,AWS,ap-south-1,1024,io-heavy,c5.xlarge,4,1.306433,1.6403083682438973,0.014806,0.01863354628128279
Gradient Boosting,AWS,ap-southeast-1,100,cpu-heavy,c6i.xlarge,2,0.771667,0.8561879645670236,0.005042,0.006098641684513443
Gradient Boosting,AWS,ap-southeast-1,10,memory-heavy,m5.xlarge,4,1.1066,1.0925701833434824,0.017706,0.016406034137176697
Gradient Boosting,AWS,ap-southeast-1,10,memory-heavy,m5a.xlarge,2,1.175917,1.2371174242145238,0.008467,0.010520165120611309
Gradient Boosting,AWS,ap-south-1,500,memory-heavy,m5a.xlarge,2,1.742083,1.6799130029122,0.006446,0.00765964765549877
Gradient Boosting,AWS,ap-southeast-1,10,cpu-heavy,c5a.xlarge,4,0.83895,0.9226572441303413,0.009844,0.01292692768518391
Gradient Boosting,AWS,ap-southeast-1,10,memory-heavy,m5.xlarge,4,1.10675,1.0925701833434824,0.017708,0.016406034137176697
Gradient Boosting,AWS,ap-south-1,500,memory-heavy,m5.xlarge,4,1.272317,1.3087253832013224,0.017134,0.014693868869724867
Gradient Boosting,AWS,ap-southeast-1,1024,cpu-heavy,m5.xlarge,2,1.84045,1.808356151092357,0.014724,0.012315947642031169
Gradient Boosting,AWS,ap-southeast-1,10,io-heavy,c6i.xlarge,4,0.8723,0.9655271260515786,0.011398,0.014779734634013792
Gradient Boosting,AWS,ap-southeast-1,100,memory-heavy,c5.xlarge,4,1.006633,0.9936288426013342,0.013153,0.014815372696177416
Gradient Boosting,AWS,ap-south-1,2048,cpu-heavy,c5a.xlarge,2,2.1722,2.122080867541558,0.006806,0.006048205512321506
Gradient Boosting,AWS,ap-southeast-1,100,io-heavy,c5.xlarge,2,1.639567,0.9757601330768728,0.010712,0.007327577424235445
Gradient Boosting,AWS,ap-south-1,100,cpu-heavy,c5a.xlarge,2,0.77175,0.8009349041561578,0.002418,0.001340229109450463
Gradient Boosting,AWS,ap-south-1,500,io-heavy,m5.xlarge,4,1.4066,1.356744561190233,0.018942,0.01653765098552396
Gradient Boosting,AWS,ap-south-1,100,cpu-heavy,m5.xlarge,2,0.906517,1.0812531746911165,0.006104,0.007652260009522053
Gradient Boosting,AWS,ap-southeast-1,100,cpu-heavy,c6i.xlarge,4,0.804967,0.9439687307997926,0.010518,0.015222894655847696
Gradient Boosting,AWS,ap-southeast-1,10,memory-heavy,m5.xlarge,4,1.17345,1.0925701833434824,0.018775,0.016406034137176697
Gradient Boosting,AWS,ap-south-1,100,cpu-heavy,c5a.xlarge,2,0.772267,0.8009349041561578,0.00242,0.001340229109450463
Gradient Boosting,AWS,ap-southeast-1,10,memory-heavy,m5.xlarge,2,0.906733,1.0639397188167579,0.007254,0.008282550716036154
Gradient Boosting,AWS,ap-southeast-1,10,memory-heavy,m5.xlarge,2,0.939467,1.0639397188167579,0.007516,0.008282550716036154
Gradient Boosting,AWS,ap-south-1,500,cpu-heavy,c5.xlarge,4,1.006217,1.0583914699648054,0.011404,0.011837797390092598
Gradient Boosting,AWS,ap-south-1,100,cpu-heavy,m6i.xlarge,2,0.737683,0.7868085949684973,0.004967,0.005198717127714089
Gradient Boosting,AWS,ap-south-1,100,io-heavy,m5.xlarge,2,1.006933,1.0817432575233554,0.00678,0.007737077333315996
Gradient Boosting,AWS,ap-south-1,10,cpu-heavy,c6i.xlarge,2,0.638583,0.7372480359107075,0.003619,0.003764790907992684
Gradient Boosting,AWS,ap-south-1,1024,memory-heavy,c5a.xlarge,4,1.172217,1.2455356719484219,0.007346,0.01114254349833319
Gradient Boosting,AWS,ap-south-1,100,cpu-heavy,m5.xlarge,2,0.939783,1.0812531746911165,0.006328,0.007652260009522053
Gradient Boosting,AWS,ap-southeast-1,10,memory-heavy,c6i.xlarge,4,0.8049,0.9083246772184336,0.010517,0.014254761353520417
Gradient Boosting,AWS,ap-southeast-1,100,memory-heavy,c6i.xlarge,4,0.906617,0.95213113328678,0.011846,0.01519346845645865
Gradient Boosting,AWS,ap-south-1,100,memory-heavy,m5.xlarge,4,1.108833,1.1020989128456333,0.014932,0.01374550666281543
Gradient Boosting,AWS,ap-southeast-1,1024,memory-heavy,m5.xlarge,2,1.973,1.8808974297526235,0.015784,0.01330569415298224
Gradient Boosting,AWS,ap-southeast-1,1024,io-heavy,m6i.xlarge,2,1.838717,2.0453590543865063,0.01471,0.013639656257180586
Gradient Boosting,AWS,ap-southeast-1,1024,cpu-heavy,c5.xlarge,4,1.272083,1.4009625865408917,0.014417,0.018812706340814975
Gradient Boosting,AWS,ap-southeast-1,10,io-heavy,c6i.xlarge,4,0.871267,0.9655271260515786,0.011385,0.014779734634013792
Gradient Boosting,AWS,ap-southeast-1,10,cpu-heavy,m6i.xlarge,4,1.173717,0.9085309349426809,0.018779,0.014927774784563778
Gradient Boosting,AWS,ap-southeast-1,3072,cpu-heavy,c5.xlarge,2,3.874283,3.446871129232273,0.025312,0.022059014440981458
Gradient Boosting,AWS,ap-southeast-1,10,cpu-heavy,c5a.xlarge,4,0.872567,0.9226572441303413,0.010238,0.01292692768518391
Gradient Boosting,AWS,ap-southeast-1,100,io-heavy,c5.xlarge,2,1.0731,0.9757601330768728,0.007011,0.007327577424235445
Gradient Boosting,AWS,ap-southeast-1,100,io-heavy,c5.xlarge,2,1.106833,0.9757601330768728,0.007231,0.007327577424235445
Gradient Boosting,AWS,ap-southeast-1,1024,memory-heavy,m5a.xlarge,4,2.04225,1.8901912383425212,0.029408,0.027062082846826048
Gradient Boosting,AWS,ap-southeast-1,100,memory-heavy,m5a.xlarge,2,1.2745,1.3245273586364064,0.009176,0.012120627968737955
Gradient Boosting,AWS,ap-southeast-1,10,io-heavy,c5.xlarge,2,0.905983,0.915077231705718,0.005919,0.006068802061280735
Gradient Boosting,AWS,ap-southeast-1,100,io-heavy,c5.xlarge,2,1.005217,0.9757601330768728,0.006567,0.007327577424235445
Gradient Boosting,AWS,ap-southeast-1,10,cpu-heavy,m6i.xlarge,4,0.838617,0.9085309349426809,0.013418,0.014927774784563778
Gradient Boosting,Azure,Central India,10,cpu-heavy,Standard_D2as_v4,2,0.2713,0.22970776796321402,0.0006,-0.00020989372020744674
Gradient Boosting,Azure,Central India,10,cpu-heavy,Standard_D2as_v4,2,0.2769,0.22970776796321402,0.0006,-0.00020989372020744674
Gradient Boosting,Azure,Central India,100,memory-heavy,Standard_D2as_v4,2,0.4763,0.48336426767374185,0.001,-0.00012002974091991078
Gradient Boosting,Azure,Central India,100,memory-heavy,Standard_D2as_v4,2,0.4682,0.48336426767374185,0.001,-0.00012002974091991078
Gradient Boosting,Azure,Central India,500,cpu-heavy,Standard_D2as_v4,2,0.5348,0.6714758544822955,0.0011,0.0008547856786970742
Gradient Boosting,Azure,Central India,500,cpu-heavy,Standard_D2as_v4,2,0.5588,0.6714758544822955,0.0012,0.0008547856786970742
Gradient Boosting,Azure,Central India,2048,memory-heavy,Standard_D2as_v4,2,2.3082,2.16806920458095,0.0048,0.004594256769178897
Gradient Boosting,Azure,Central India,2048,memory-heavy,Standard_D2as_v4,2,2.2532,2.16806920458095,0.0047,0.004594256769178897
Gradient Boosting,Azure,Central India,3072,memory-heavy,Standard_D2as_v4,2,3.272,3.1627038085071844,0.0068,0.005336882672170465
Gradient Boosting,Azure,Central India,3072,memory-heavy,Standard_D2as_v4,2,3.0465,3.1627038085071844,0.0063,0.005336882672170465
Gradient Boosting,Azure,Central India,10,io-heavy,Standard_D2as_v4,4,0.3389,0.5299781205745137,0.0014,0.0042855691848665955
Gradient Boosting,Azure,Central India,10,io-heavy,Standard_D2as_v4,4,0.3401,0.5299781205745137,0.0014,0.0042855691848665955
Gradient Boosting,Azure,Central India,500,cpu-heavy,Standard_D2as_v4,4,0.3933,0.47945324608857537,0.0016,0.0011670273996372141
Gradient Boosting,Azure,Central India,500,cpu-heavy,Standard_D2as_v4,4,0.3834,0.47945324608857537,0.0016,0.0011670273996372141
Gradient Boosting,Azure,Central India,1024,cpu-heavy,Standard_D2as_v4,4,0.5529,0.5367223314206362,0.0023,0.004232662373523552
Gradient Boosting,Azure,Central India,1024,cpu-heavy,Standard_D2as_v4,4,0.5508,0.5367223314206362,0.0023,0.004232662373523552
Gradient Boosting,Azure,Central India,2048,io-heavy,Standard_D2as_v4,4,2.9252,2.3994702290241983,0.0121,0.017148484015407257
Gradient Boosting,Azure,Central India,2048,io-heavy,Standard_D2as_v4,4,2.7182,2.3994702290241983,0.0113,0.017148484015407257
Gradient Boosting,Azure,Central India,3072,memory-heavy,Standard_D2as_v4,4,1.3007,1.5012121440697064,0.0054,0.004965329250845332
Gradient Boosting,Azure,Central India,3072,memory-heavy,Standard_D2as_v4,4,1.2928,1.5012121440697064,0.0054,0.004965329250845332
Gradient Boosting,Azure,Central India,5120,cpu-heavy,Standard_D2as_v4,4,1.2262,1.3847091528424542,0.0051,0.010151540998593386
Gradient Boosting,Azure,Central India,5120,cpu-heavy,Standard_D2as_v4,4,1.2663,1.3847091528424542,0.0053,0.010151540998593386
Gradient Boosting,Azure,Central India,5120,io-heavy,Standard_D2as_v4,4,6.3119,4.149154158284814,0.0262,0.03493692908530099
Gradient Boosting,Azure,Central India,5120,io-heavy,Standard_D2as_v4,4,6.2357,4.149154158284814,0.0259,0.03493692908530099
Gradient Boosting,Azure,Central India,100,cpu-heavy,Standard_D2s_v3,2,1.0937,0.37707728119247486,0.0038,0.00032969082399782835
Gradient Boosting,Azure,Central India,100,cpu-heavy,Standard_D2s_v3,2,0.4799,0.37707728119247486,0.0017,0.00032969082399782835
Gradient Boosting,Azure,Central India,100,cpu-heavy,Standard_D2s_v3,2,0.4088,0.37707728119247486,0.0014,0.00032969082399782835
Gradient Boosting,Azure,Central India,100,cpu-heavy,Standard_D2s_v3,2,1.1651,0.37707728119247486,0.0041,0.00032969082399782835
Gradient Boosting,Azure,Central India,100,cpu-heavy,Standard_D2s_v3,2,0.4348,0.37707728119247486,0.0015,0.00032969082399782835
Gradient Boosting,Azure,Central India,100,cpu-heavy,Standard_D2s_v3,2,0.4151,0.37707728119247486,0.0015,0.00032969082399782835
Gradient Boosting,Azure,Central India,1024,memory-heavy,Standard_D2s_v3,2,1.1856,1.7583435892007508,0.0041,0.005841693962132803
Gradient Boosting,Azure,Central India,1024,memory-heavy,Standard_D2s_v3,2,1.9334,1.7583435892007508,0.0068,0.005841693962132803
Gradient Boosting,Azure,Central India,1024,memory-heavy,Standard_D2s_v3,2,1.885,1.7583435892007508,0.0066,0.005841693962132803
Gradient Boosting,Azure,Central India,1024,memory-heavy,Standard_D2s_v3,2,1.2562,1.7583435892007508,0.0044,0.005841693962132803
Gradient Boosting,Azure,Central India,1024,memory-heavy,Standard_D2s_v3,2,1.8849,1.7583435892007508,0.0066,0.005841693962132803
Gradient Boosting,Azure,Central India,1024,memory-heavy,Standard_D2s_v3,2,1.8687,1.7583435892007508,0.0065,0.005841693962132803
Gradient Boosting,Azure,Central India,5120,io-heavy,Standard_D2s_v3,2,9.3642,9.848490562715636,0.0328,0.032277906639333484
Gradient Boosting,Azure,Central India,5120,io-heavy,Standard_D2s_v3,2,8.9246,9.848490562715636,0.0312,0.032277906639333484
Gradient Boosting,Azure,Central India,10,io-heavy,Standard_D2s_v3,4,0.4437,0.6817442648337286,0.0031,0.008009083520774252
Gradient Boosting,Azure,Central India,10,io-heavy,Standard_D2s_v3,4,0.4289,0.6817442648337286,0.003,0.008009083520774252
Gradient Boosting,Azure,Central India,100,cpu-heavy,Standard_D2s_v3,4,0.4122,0.23793881396612696,0.0029,0.0033540657997969
Gradient Boosting,Azure,Central India,100,cpu-heavy,Standard_D2s_v3,4,0.4156,0.23793881396612696,0.0029,0.0033540657997969
Gradient Boosting,Azure,Central India,500,memory-heavy,Standard_D2s_v3,4,0.7477,0.9074176236205839,0.0052,0.006382025066028638
Gradient Boosting,Azure,Central India,500,memory-heavy,Standard_D2s_v3,4,0.7452,0.9074176236205839,0.0052,0.006382025066028638
Gradient Boosting,Azure,Central India,1024,io-heavy,Standard_D2s_v3,4,2.2438,2.0812240630920806,0.0157,0.017108523182110823
Gradient Boosting,Azure,Central India,1024,io-heavy,Standard_D2s_v3,4,2.3376,2.0812240630920806,0.0164,0.017108523182110823
Gradient Boosting,Azure,Central India,2048,memory-heavy,Standard_D2s_v3,4,1.5582,1.9430233900949547,0.0109,0.014230183335786064
Gradient Boosting,Azure,Central India,2048,memory-heavy,Standard_D2s_v3,4,1.5436,1.9430233900949547,0.0108,0.014230183335786064
Gradient Boosting,Azure,Central India,5120,memory-heavy,Standard_D4ds_v4,4,1.5971,1.750547336057886,0.026,0.02539406176445706
Gradient Boosting,Azure,Central India,5120,memory-heavy,Standard_D4ds_v4,4,1.5155,1.750547336057886,0.0247,0.02539406176445706
Gradient Boosting,Azure,Central India,5120,io-heavy,Standard_D4s_v3,2,4.3174,4.935091751946102,0.0302,0.029183853901362824
Gradient Boosting,Azure,Central India,5120,io-heavy,Standard_D4s_v3,2,3.9583,4.935091751946102,0.0277,0.029183853901362824
Gradient Boosting,Azure,Southeast Asia,100,cpu-heavy,Standard_D2s_v3,2,0.552,0.6269073920820749,0.0023,0.001722984349650041
Gradient Boosting,Azure,Southeast Asia,100,cpu-heavy,Standard_D2s_v3,2,0.5769,0.6269073920820749,0.0024,0.001722984349650041
Gradient Boosting,Azure,Southeast Asia,100,cpu-heavy,Standard_D2s_v3,2,0.6422,0.6269073920820749,0.0027,0.001722984349650041
Gradient Boosting,Azure,Southeast Asia,100,cpu-heavy,Standard_D2s_v3,2,0.5279,0.6269073920820749,0.0022,0.001722984349650041
Gradient Boosting,Azure,Southeast Asia,100,cpu-heavy,Standard_D2s_v3,2,0.5724,0.6269073920820749,0.0024,0.001722984349650041
Gradient Boosting,Azure,Southeast Asia,100,cpu-heavy,Standard_D2s_v3,2,0.5926,0.6269073920820749,0.0025,0.001722984349650041
Gradient Boosting,Azure,Southeast Asia,100,cpu-heavy,Standard_D2s_v3,2,0.5339,0.6269073920820749,0.0022,0.001722984349650041
Gradient Boosting,Azure,Southeast Asia,100,cpu-heavy,Standard_D2s_v3,2,0.5892,0.6269073920820749,0.0025,0.001722984349650041
Gradient Boosting,Azure,Southeast Asia,100,cpu-heavy,Standard_D2s_v3,2,0.6176,0.6269073920820749,0.0026,0.001722984349650041
Gradient Boosting,Azure,Southeast Asia,100,cpu-heavy,Standard_D2s_v3,2,0.5054,0.6269073920820749,0.0021,0.001722984349650041
Gradient Boosting,Azure,Southeast Asia,100,cpu-heavy,Standard_D2s_v3,2,0.5754,0.6269073920820749,0.0024,0.001722984349650041
Gradient Boosting,Azure,Southeast Asia,100,cpu-heavy,Standard_D2s_v3,2,0.5947,0.6269073920820749,0.0025,0.001722984349650041
Gradient Boosting,Azure,Southeast Asia,2048,memory-heavy,Standard_D2s_v3,2,4.5779,3.266383794815909,0.0191,0.017569706374490884
Gradient Boosting,Azure,Southeast Asia,2048,memory-heavy,Standard_D2s_v3,2,4.4915,3.266383794815909,0.0187,0.017569706374490884
Gradient Boosting,Azure,Southeast Asia,2048,memory-heavy,Standard_D2s_v3,2,4.0028,3.266383794815909,0.0167,0.017569706374490884
Gradient Boosting,Azure,Southeast Asia,2048,memory-heavy,Standard_D2s_v3,2,4.6226,3.266383794815909,0.0193,0.017569706374490884
Gradient Boosting,Azure,Southeast Asia,2048,memory-heavy,Standard_D2s_v3,2,4.6525,3.266383794815909,0.0194,0.017569706374490884
Gradient Boosting,Azure,Southeast Asia,2048,memory-heavy,Standard_D2s_v3,2,4.1492,3.266383794815909,0.0173,0.017569706374490884
Gradient Boosting,Azure,Southeast Asia,2048,memory-heavy,Standard_D2s_v3,2,3.8651,3.266383794815909,0.0161,0.017569706374490884
Gradient Boosting,Azure,Southeast Asia,2048,memory-heavy,Standard_D2s_v3,2,4.6243,3.266383794815909,0.0193,0.017569706374490884
Gradient Boosting,Azure,Southeast Asia,3072,io-heavy,Standard_D2s_v3,2,7.4373,7.431891884792947,0.031,0.03929751409070649
Gradient Boosting,Azure,Southeast Asia,3072,io-heavy,Standard_D2s_v3,2,7.9502,7.431891884792947,0.0331,0.03929751409070649
Gradient Boosting,Azure,Southeast Asia,5120,memory-heavy,Standard_D2s_v3,2,10.2994,6.105514427919129,0.0429,0.033839244591519706
Gradient Boosting,Azure,Southeast Asia,5120,memory-heavy,Standard_D2s_v3,2,10.2047,6.105514427919129,0.0425,0.033839244591519706
Gradient Boosting,Azure,Southeast Asia,10,cpu-heavy,Standard_D2s_v3,4,0.475,0.5091607051460058,0.004,0.00402677599808511
Gradient Boosting,Azure,Southeast Asia,10,cpu-heavy,Standard_D2s_v3,4,0.5,0.5091607051460058,0.0042,0.00402677599808511
Gradient Boosting,Azure,Southeast Asia,10,cpu-heavy,Standard_D2s_v3,4,0.5343,0.5091607051460058,0.0045,0.00402677599808511
Gradient Boosting,Azure,Southeast Asia,10,cpu-heavy,Standard_D2s_v3,4,0.5225,0.5091607051460058,0.0044,0.00402677599808511
Gradient Boosting,Azure,Southeast Asia,10,cpu-heavy,Standard_D2s_v3,4,0.4918,0.5091607051460058,0.0041,0.00402677599808511
Gradient Boosting,Azure,Southeast Asia,10,cpu-heavy,Standard_D2s_v3,4,0.5208,0.5091607051460058,0.0043,0.00402677599808511
Gradient Boosting,Azure,Southeast Asia,10,cpu-heavy,Standard_D2s_v3,4,0.5209,0.5091607051460058,0.0043,0.00402677599808511
Gradient Boosting,Azure,Southeast Asia,10,cpu-heavy,Standard_D2s_v3,4,0.5087,0.5091607051460058,0.0042,0.00402677599808511
Gradient Boosting,Azure,Southeast Asia,10,memory-heavy,Standard_D2s_v3,4,0.6259,0.7242812759276473,0.0052,0.005601898835186121
Gradient Boosting,Azure,Southeast Asia,10,memory-heavy,Standard_D2s_v3,4,0.6773,0.7242812759276473,0.0056,0.005601898835186121
Gradient Boosting,Azure,Southeast Asia,10,memory-heavy,Standard_D2s_v3,4,0.6441,0.7242812759276473,0.0054,0.005601898835186121
Gradient Boosting,Azure,Southeast Asia,10,memory-heavy,Standard_D2s_v3,4,0.6806,0.7242812759276473,0.0057,0.005601898835186121
Gradient Boosting,Azure,Southeast Asia,10,memory-heavy,Standard_D2s_v3,4,0.6486,0.7242812759276473,0.0054,0.005601898835186121
Gradient Boosting,Azure,Southeast Asia,10,memory-heavy,Standard_D2s_v3,4,0.6751,0.7242812759276473,0.0056,0.005601898835186121
Gradient Boosting,Azure,Southeast Asia,10,memory-heavy,Standard_D2s_v3,4,0.6947,0.7242812759276473,0.0058,0.005601898835186121
Gradient Boosting,Azure,Southeast Asia,10,memory-heavy,Standard_D2s_v3,4,0.6936,0.7242812759276473,0.0058,0.005601898835186121
Gradient Boosting,Azure,Southeast Asia,100,io-heavy,Standard_D2s_v3,4,0.7437,0.9989956087970416,0.0062,0.012994866957435536
Gradient Boosting,Azure,Southeast Asia,100,io-heavy,Standard_D2s_v3,4,0.8282,0.9989956087970416,0.0069,0.012994866957435536
Gradient Boosting,Azure,Southeast Asia,100,io-heavy,Standard_D2s_v3,4,0.9414,0.9989956087970416,0.0078,0.012994866957435536
Gradient Boosting,Azure,Southeast Asia,100,io-heavy,Standard_D2s_v3,4,0.8785,0.9989956087970416,0.0073,0.012994866957435536
Gradient Boosting,Azure,Southeast Asia,100,io-heavy,Standard_D2s_v3,4,0.7152,0.9989956087970416,0.006,0.012994866957435536
Gradient Boosting,Azure,Southeast Asia,100,io-heavy,Standard_D2s_v3,4,0.8056,0.9989956087970416,0.0067,0.012994866957435536
Gradient Boosting,Azure,Southeast Asia,100,io-heavy,Standard_D2s_v3,4,0.8978,0.9989956087970416,0.0075,0.012994866957435536
Gradient Boosting,Azure,Southeast Asia,100,io-heavy,Standard_D2s_v3,4,0.8673,0.9989956087970416,0.0072,0.012994866957435536
Gradient Boosting,Azure,Southeast Asia,500,io-heavy,Standard_D2s_v3,4,1.6079,1.448651239514536,0.0134,0.016975483875526335
Gradient Boosting,Azure,Southeast Asia,500,io-heavy,Standard_D2s_v3,4,1.7414,1.448651239514536,0.0145,0.016975483875526335
Gradient Boosting,Azure,Southeast Asia,500,io-heavy,Standard_D2s_v3,4,1.8837,1.448651239514536,0.0157,0.016975483875526335
Gradient Boosting,Azure,Southeast Asia,500,io-heavy,Standard_D2s_v3,4,1.9029,1.448651239514536,0.0159,0.016975483875526335
Gradient Boosting,Azure,Southeast Asia,500,io-heavy,Standard_D2s_v3,4,1.5811,1.448651239514536,0.0132,0.016975483875526335
Gradient Boosting,Azure,Southeast Asia,500,io-heavy,Standard_D2s_v3,4,1.714,1.448651239514536,0.0143,0.016975483875526335
Gradient Boosting,Azure,Southeast Asia,500,io-heavy,Standard_D2s_v3,4,1.9543,1.448651239514536,0.0163,0.016975483875526335
Gradient Boosting,Azure,Southeast Asia,500,io-heavy,Standard_D2s_v3,4,1.8702,1.448651239514536,0.0156,0.016975483875526335
Gradient Boosting,Azure,Southeast Asia,1024,cpu-heavy,Standard_D2s_v3,4,1.0188,1.3635609740412713,0.0085,0.010826755002306945
Gradient Boosting,Azure,Southeast Asia,1024,cpu-heavy,Standard_D2s_v3,4,1.0108,1.3635609740412713,0.0084,0.010826755002306945
Gradient Boosting,Azure,Southeast Asia,1024,cpu-heavy,Standard_D2s_v3,4,0.9704,1.3635609740412713,0.0081,0.010826755002306945
Gradient Boosting,Azure,Southeast Asia,1024,cpu-heavy,Standard_D2s_v3,4,1.0702,1.3635609740412713,0.0089,0.010826755002306945
Gradient Boosting,Azure,Southeast Asia,1024,cpu-heavy,Standard_D2s_v3,4,0.9812,1.3635609740412713,0.0082,0.010826755002306945
Gradient Boosting,Azure,Southeast Asia,1024,cpu-heavy,Standard_D2s_v3,4,1.0508,1.3635609740412713,0.0088,0.010826755002306945
Gradient Boosting,Azure,Southeast Asia,1024,cpu-heavy,Standard_D2s_v3,4,0.9713,1.3635609740412713,0.0081,0.010826755002306945
Gradient Boosting,Azure,Southeast Asia,1024,cpu-heavy,Standard_D2s_v3,4,1.0371,1.3635609740412713,0.0086,0.010826755002306945
Gradient Boosting,Azure,Southeast Asia,3072,cpu-heavy,Standard_D2s_v3,4,1.6943,2.8073692805475656,0.0141,0.02004000342914891
Gradient Boosting,Azure,Southeast Asia,3072,cpu-heavy,Standard_D2s_v3,4,1.6609,2.8073692805475656,0.0138,0.02004000342914891
Gradient Boosting,Azure,Southeast Asia,3072,memory-heavy,Standard_D2s_v3,4,2.5554,3.6267166764992482,0.0213,0.026437825289509827
Gradient Boosting,Azure,Southeast Asia,3072,memory-heavy,Standard_D2s_v3,4,2.5978,3.6267166764992482,0.0216,0.026437825289509827
Gradient Boosting,Azure,Southeast Asia,10,memory-heavy,Standard_D4s_v3,2,0.4289,0.3134124074043359,0.0036,0.0031333218869308717
Gradient Boosting,Azure,Southeast Asia,10,memory-heavy,Standard_D4s_v3,2,0.4377,0.3134124074043359,0.0036,0.0031333218869308717
Gradient Boosting,Azure,Southeast Asia,10,memory-heavy,Standard_D4s_v3,2,0.437,0.3134124074043359,0.0036,0.0031333218869308717
Gradient Boosting,Azure,Southeast Asia,10,memory-heavy,Standard_D4s_v3,2,0.4411,0.3134124074043359,0.0037,0.0031333218869308717
Gradient Boosting,Azure,Southeast Asia,10,memory-heavy,Standard_D4s_v3,2,0.4434,0.3134124074043359,0.0037,0.0031333218869308717
Gradient Boosting,Azure,Southeast Asia,10,memory-heavy,Standard_D4s_v3,2,0.4496,0.3134124074043359,0.0037,0.0031333218869308717
Gradient Boosting,Azure,Southeast Asia,100,cpu-heavy,Standard_D4s_v3,2,0.3789,0.20071921247532093,0.0032,0.0026815817866893835
Gradient Boosting,Azure,Southeast Asia,100,cpu-heavy,Standard_D4s_v3,2,0.3904,0.20071921247532093,0.0033,0.0026815817866893835
Gradient Boosting,Azure,Southeast Asia,100,cpu-heavy,Standard_D4s_v3,2,0.3924,0.20071921247532093,0.0033,0.0026815817866893835
Gradient Boosting,Azure,Southeast Asia,100,cpu-heavy,Standard_D4s_v3,2,0.384,0.20071921247532093,0.0032,0.0026815817866893835
Gradient Boosting,Azure,Southeast Asia,100,cpu-heavy,Standard_D4s_v3,2,0.3732,0.20071921247532093,0.0031,0.0026815817866893835
Gradient Boosting,Azure,Southeast Asia,100,cpu-heavy,Standard_D4s_v3,2,0.3977,0.20071921247532093,0.0033,0.0026815817866893835
Gradient Boosting,Azure,Southeast Asia,100,memory-heavy,Standard_D4s_v3,2,0.5219,0.3729212994963315,0.0043,0.0037612829005602695
Gradient Boosting,Azure,Southeast Asia,100,memory-heavy,Standard_D4s_v3,2,0.5276,0.3729212994963315,0.0044,0.0037612829005602695
Gradient Boosting,Azure,Southeast Asia,100,memory-heavy,Standard_D4s_v3,2,0.5231,0.3729212994963315,0.0044,0.0037612829005602695
Gradient Boosting,Azure,Southeast Asia,100,memory-heavy,Standard_D4s_v3,2,0.529,0.3729212994963315,0.0044,0.0037612829005602695
Gradient Boosting,Azure,Southeast Asia,100,memory-heavy,Standard_D4s_v3,2,0.5234,0.3729212994963315,0.0044,0.0037612829005602695
Gradient Boosting,Azure,Southeast Asia,100,memory-heavy,Standard_D4s_v3,2,0.5366,0.3729212994963315,0.0045,0.0037612829005602695
Gradient Boosting,Azure,Southeast Asia,500,io-heavy,Standard_D4s_v3,2,0.9583,1.0539457315734273,0.008,0.008366188298408232
Gradient Boosting,Azure,Southeast Asia,500,io-heavy,Standard_D4s_v3,2,0.9053,1.0539457315734273,0.0075,0.008366188298408232
Gradient Boosting,Azure,Southeast Asia,500,io-heavy,Standard_D4s_v3,2,1.177,1.0539457315734273,0.0098,0.008366188298408232
Gradient Boosting,Azure,Southeast Asia,500,io-heavy,Standard_D4s_v3,2,0.9189,1.0539457315734273,0.0077,0.008366188298408232
Gradient Boosting,Azure,Southeast Asia,500,io-heavy,Standard_D4s_v3,2,0.9564,1.0539457315734273,0.008,0.008366188298408232
Gradient Boosting,Azure,Southeast Asia,500,io-heavy,Standard_D4s_v3,2,0.9529,1.0539457315734273,0.0079,0.008366188298408232
Gradient Boosting,Azure,Southeast Asia,500,io-heavy,Standard_D4s_v3,2,1.1293,1.0539457315734273,0.0094,0.008366188298408232
Gradient Boosting,Azure,Southeast Asia,500,io-heavy,Standard_D4s_v3,2,0.9696,1.0539457315734273,0.0081,0.008366188298408232
Gradient Boosting,Azure,Southeast Asia,500,memory-heavy,Standard_D4s_v3,2,0.8977,0.7828577693199461,0.0075,0.007044981209670558
Gradient Boosting,Azure,Southeast Asia,500,memory-heavy,Standard_D4s_v3,2,0.8537,0.7828577693199461,0.0071,0.007044981209670558
Gradient Boosting,Azure,Southeast Asia,500,memory-heavy,Standard_D4s_v3,2,0.8845,0.7828577693199461,0.0074,0.007044981209670558
Gradient Boosting,Azure,Southeast Asia,500,memory-heavy,Standard_D4s_v3,2,0.874,0.7828577693199461,0.0073,0.007044981209670558
Gradient Boosting,Azure,Southeast Asia,500,memory-heavy,Standard_D4s_v3,2,0.8703,0.7828577693199461,0.0073,0.007044981209670558
Gradient Boosting,Azure,Southeast Asia,500,memory-heavy,Standard_D4s_v3,2,0.875,0.7828577693199461,0.0073,0.007044981209670558
Gradient Boosting,Azure,Southeast Asia,500,memory-heavy,Standard_D4s_v3,2,0.7811,0.7828577693199461,0.0065,0.007044981209670558
Gradient Boosting,Azure,Southeast Asia,1024,io-heavy,Standard_D4s_v3,2,1.5345,1.8399773340306438,0.0128,0.0132074127455722
Gradient Boosting,Azure,Southeast Asia,1024,io-heavy,Standard_D4s_v3,2,1.571,1.8399773340306438,0.0131,0.0132074127455722
Gradient Boosting,Azure,Southeast Asia,1024,io-heavy,Standard_D4s_v3,2,1.8897,1.8399773340306438,0.0157,0.0132074127455722
Gradient Boosting,Azure,Southeast Asia,1024,io-heavy,Standard_D4s_v3,2,1.5375,1.8399773340306438,0.0128,0.0132074127455722
Gradient Boosting,Azure,Southeast Asia,1024,io-heavy,Standard_D4s_v3,2,1.5062,1.8399773340306438,0.0126,0.0132074127455722
Gradient Boosting,Azure,Southeast Asia,1024,io-heavy,Standard_D4s_v3,2,1.5551,1.8399773340306438,0.013,0.0132074127455722
Gradient Boosting,Azure,Southeast Asia,1024,io-heavy,Standard_D4s_v3,2,1.905,1.8399773340306438,0.0159,0.0132074127455722
Gradient Boosting,Azure,Southeast Asia,1024,io-heavy,Standard_D4s_v3,2,1.7432,1.8399773340306438,0.0145,0.0132074127455722
Gradient Boosting,Azure,Southeast Asia,2048,memory-heavy,Standard_D4s_v3,2,2.4245,2.1830327948150923,0.0202,0.018725945969216378
Gradient Boosting,Azure,Southeast Asia,2048,memory-heavy,Standard_D4s_v3,2,2.384,2.1830327948150923,0.0199,0.018725945969216378
Gradient Boosting,Azure,Southeast Asia,2048,memory-heavy,Standard_D4s_v3,2,2.1068,2.1830327948150923,0.0176,0.018725945969216378
Gradient Boosting,Azure,Southeast Asia,2048,memory-heavy,Standard_D4s_v3,2,2.0508,2.1830327948150923,0.0171,0.018725945969216378
Gradient Boosting,Azure,Southeast Asia,2048,memory-heavy,Standard_D4s_v3,2,2.3168,2.1830327948150923,0.0193,0.018725945969216378
Gradient Boosting,Azure,Southeast Asia,2048,memory-heavy,Standard_D4s_v3,2,2.3339,2.1830327948150923,0.0194,0.018725945969216378
Gradient Boosting,Azure,Southeast Asia,2048,memory-heavy,Standard_D4s_v3,2,2.1081,2.1830327948150923,0.0176,0.018725945969216378
Gradient Boosting,Azure,Southeast Asia,2048,memory-heavy,Standard_D4s_v3,2,2.1075,2.1830327948150923,0.0176,0.018725945969216378
Gradient Boosting,Azure,Southeast Asia,3072,cpu-heavy,Standard_D4s_v3,2,2.0815,2.7552789470617074,0.0173,0.01967704074413708
Gradient Boosting,Azure,Southeast Asia,3072,cpu-heavy,Standard_D4s_v3,2,1.9543,2.7552789470617074,0.0163,0.01967704074413708
Gradient Boosting,Azure,Southeast Asia,3072,cpu-heavy,Standard_D4s_v3,2,2.0756,2.7552789470617074,0.0173,0.01967704074413708
Gradient Boosting,Azure,Southeast Asia,3072,cpu-heavy,Standard_D4s_v3,2,1.9568,2.7552789470617074,0.0163,0.01967704074413708
Gradient Boosting,Azure,Southeast Asia,100,memory-heavy,Standard_D4s_v3,4,0.4952,0.3632654659045798,0.0083,0.007126913901516545
Gradient Boosting,Azure,Southeast Asia,100,memory-heavy,Standard_D4s_v3,4,0.4705,0.3632654659045798,0.0078,0.007126913901516545
Gradient Boosting,Azure,Southeast Asia,100,memory-heavy,Standard_D4s_v3,4,0.5129,0.3632654659045798,0.0085,0.007126913901516545
Gradient Boosting,Azure,Southeast Asia,100,memory-heavy,Standard_D4s_v3,4,0.5037,0.3632654659045798,0.0084,0.007126913901516545
Gradient Boosting,Azure,Southeast Asia,100,memory-heavy,Standard_D4s_v3,4,0.486,0.3632654659045798,0.0081,0.007126913901516545
Gradient Boosting,Azure,Southeast Asia,100,memory-heavy,Standard_D4s_v3,4,0.5071,0.3632654659045798,0.0085,0.007126913901516545
Gradient Boosting,Azure,Southeast Asia,500,memory-heavy,Standard_D4s_v3,4,0.6213,0.6877317910506923,0.0104,0.009885735843473756
Gradient Boosting,Azure,Southeast Asia,500,memory-heavy,Standard_D4s_v3,4,0.6124,0.6877317910506923,0.0102,0.009885735843473756
Gradient Boosting,Azure,Southeast Asia,500,memory-heavy,Standard_D4s_v3,4,0.6429,0.6877317910506923,0.0107,0.009885735843473756
Gradient Boosting,Azure,Southeast Asia,500,memory-heavy,Standard_D4s_v3,4,0.6059,0.6877317910506923,0.0101,0.009885735843473756
Gradient Boosting,Azure,Southeast Asia,500,memory-heavy,Standard_D4s_v3,4,0.637,0.6877317910506923,0.0106,0.009885735843473756
Gradient Boosting,Azure,Southeast Asia,500,memory-heavy,Standard_D4s_v3,4,0.6356,0.6877317910506923,0.0106,0.009885735843473756
Gradient Boosting,Azure,Southeast Asia,1024,memory-heavy,Standard_D4s_v3,4,0.7751,1.0770219389524194,0.0129,0.015455300165951672
Gradient Boosting,Azure,Southeast Asia,1024,memory-heavy,Standard_D4s_v3,4,0.7691,1.0770219389524194,0.0128,0.015455300165951672
Gradient Boosting,Azure,Southeast Asia,1024,memory-heavy,Standard_D4s_v3,4,0.8073,1.0770219389524194,0.0135,0.015455300165951672
Gradient Boosting,Azure,Southeast Asia,1024,memory-heavy,Standard_D4s_v3,4,0.8373,1.0770219389524194,0.014,0.015455300165951672
Gradient Boosting,Azure,Southeast Asia,1024,memory-heavy,Standard_D4s_v3,4,0.7716,1.0770219389524194,0.0129,0.015455300165951672
Gradient Boosting,Azure,Southeast Asia,1024,memory-heavy,Standard_D4s_v3,4,0.7923,1.0770219389524194,0.0132,0.015455300165951672
Gradient Boosting,Azure,Southeast Asia,2048,cpu-heavy,Standard_D4s_v3,4,0.8381,1.0965262806821845,0.014,0.01643223442841816
Gradient Boosting,Azure,Southeast Asia,2048,cpu-heavy,Standard_D4s_v3,4,0.8042,1.0965262806821845,0.0134,0.01643223442841816
Gradient Boosting,Azure,Southeast Asia,2048,cpu-heavy,Standard_D4s_v3,4,0.8934,1.0965262806821845,0.0149,0.01643223442841816
Gradient Boosting,Azure,Southeast Asia,2048,cpu-heavy,Standard_D4s_v3,4,0.8263,1.0965262806821845,0.0138,0.01643223442841816
Gradient Boosting,Azure,Southeast Asia,2048,cpu-heavy,Standard_D4s_v3,4,0.7683,1.0965262806821845,0.0128,0.01643223442841816
Gradient Boosting,Azure,Southeast Asia,2048,cpu-heavy,Standard_D4s_v3,4,0.8371,1.0965262806821845,0.014,0.01643223442841816
Gradient Boosting,Azure,Southeast Asia,3072,cpu-heavy,Standard_D4s_v3,4,0.9336,1.513532357768738,0.0156,0.02207139076796216
Gradient Boosting,Azure,Southeast Asia,3072,cpu-heavy,Standard_D4s_v3,4,0.9259,1.513532357768738,0.0154,0.02207139076796216
Gradient Boosting,Azure,Southeast Asia,3072,cpu-heavy,Standard_D4s_v3,4,0.936,1.513532357768738,0.0156,0.02207139076796216
Gradient Boosting,Azure,Southeast Asia,3072,cpu-heavy,Standard_D4s_v3,4,0.977,1.513532357768738,0.0163,0.02207139076796216
Gradient Boosting,Azure,Southeast Asia,5120,cpu-heavy,Standard_D4s_v3,4,1.3438,1.7304086592679255,0.0224,0.02940836434572264
Gradient Boosting,Azure,Southeast Asia,5120,cpu-heavy,Standard_D4s_v3,4,1.4193,1.7304086592679255,0.0237,0.02940836434572264
Gradient Boosting,Azure,Southeast Asia,5120,cpu-heavy,Standard_D4s_v3,4,1.2597,1.7304086592679255,0.021,0.02940836434572264
Gradient Boosting,Azure,Southeast Asia,5120,cpu-heavy,Standard_D4s_v3,4,1.4298,1.7304086592679255,0.0238,0.02940836434572264
Gradient Boosting,Azure,Southeast Asia,5120,io-heavy,Standard_D4s_v3,4,4.4467,4.480624548924826,0.0741,0.07143113343771035
Gradient Boosting,Azure,Southeast Asia,5120,io-heavy,Standard_D4s_v3,4,5.3726,4.480624548924826,0.0895,0.07143113343771035
Gradient Boosting,Azure,Southeast Asia,5120,io-heavy,Standard_D4s_v3,4,4.4819,4.480624548924826,0.0747,0.07143113343771035
Gradient Boosting,Azure,Southeast Asia,5120,io-heavy,Standard_D4s_v3,4,5.9776,4.480624548924826,0.0996,0.07143113343771035
