cloud,region,electricity_zone,dataset_size_mb,workload_type,machine_type,nodes,runtime_minutes,cost_usd,carbon_intensity_mean,renewable_percentage_mean
aws,ap-south-1,IN,10,cpu-heavy,m5.xlarge,2,0.840116667,0.005377,605.22265625,23.890625
aws,ap-south-1,IN,10,memory-heavy,m5.xlarge,2,1.06,0.006784,605.22265625,23.890625
aws,ap-south-1,IN,10,io-heavy,m5.xlarge,2,0.91,0.005824,605.22265625,23.890625
aws,ap-south-1,IN,100,cpu-heavy,m5.xlarge,2,0.95,0.00608,605.22265625,23.890625
aws,ap-south-1,IN,100,cpu-heavy,m5.xlarge,2,0.939533,0.006013,605.22265625,23.890625
aws,ap-south-1,IN,100,memory-heavy,m5.xlarge,2,0.973667,0.006231,605.22265625,23.890625
aws,ap-south-1,IN,100,io-heavy,m5.xlarge,2,1.041433,0.006665,605.22265625,23.890625
aws,ap-south-1,IN,500,cpu-heavy,m5.xlarge,2,1.307317,0.008367,605.22265625,23.890625
aws,ap-south-1,IN,500,memory-heavy,m5.xlarge,2,1.374483,0.008797,605.22265625,23.890625
aws,ap-south-1,IN,500,io-heavy,m5.xlarge,2,1.539917,0.009855,605.22265625,23.890625
aws,ap-south-1,IN,1024,cpu-heavy,m5.xlarge,2,1.46,0.009344,605.22265625,23.890625
aws,ap-south-1,IN,1024,memory-heavy,m5.xlarge,2,1.57,0.010048,605.22265625,23.890625
aws,ap-south-1,IN,1024,cpu-heavy,m5.xlarge,2,1.774933,0.01136,605.22265625,23.890625
aws,ap-south-1,IN,1024,memory-heavy,m5.xlarge,2,1.873033,0.011987,605.22265625,23.890625
aws,ap-south-1,IN,1024,io-heavy,m5.xlarge,2,2.074217,0.013275,605.22265625,23.890625
aws,ap-south-1,IN,5120,cpu-heavy,m5.xlarge,2,5.172517,0.033104,605.22265625,23.890625
aws,ap-south-1,IN,5120,memory-heavy,m5.xlarge,2,5.373567,0.034391,605.22265625,23.890625
aws,ap-south-1,IN,5120,io-heavy,m5.xlarge,2,6.674333,0.042716,605.22265625,23.890625
aws,ap-south-1,IN,10,cpu-heavy,m5.xlarge,4,0.872867,0.011173,605.22265625,23.890625
aws,ap-south-1,IN,10,memory-heavy,m5.xlarge,4,0.90705,0.01161,605.22265625,23.890625
aws,ap-south-1,IN,10,io-heavy,m5.xlarge,4,0.905483,0.01159,605.22265625,23.890625
aws,ap-south-1,IN,100,cpu-heavy,m5.xlarge,4,0.906467,0.011603,605.22265625,23.890625
aws,ap-south-1,IN,100,memory-heavy,m5.xlarge,4,0.941817,0.012055,605.22265625,23.890625
aws,ap-south-1,IN,100,io-heavy,m5.xlarge,4,0.973183,0.012457,605.22265625,23.890625
aws,ap-south-1,IN,500,cpu-heavy,m5.xlarge,4,1.072917,0.013733,605.22265625,23.890625
aws,ap-south-1,IN,500,memory-heavy,m5.xlarge,4,1.106633,0.014165,605.22265625,23.890625
aws,ap-south-1,IN,500,io-heavy,m5.xlarge,4,1.17255,0.015009,605.22265625,23.890625
aws,ap-south-1,IN,1024,cpu-heavy,m5.xlarge,4,1.30645,0.016723,605.22265625,23.890625
aws,ap-south-1,IN,1024,memory-heavy,m5.xlarge,4,1.306783,0.016727,605.22265625,23.890625
aws,ap-south-1,IN,1024,io-heavy,m5.xlarge,4,1.506167,0.019279,605.22265625,23.890625
aws,ap-south-1,IN,5120,cpu-heavy,m5.xlarge,4,2.773683,0.035503,605.22265625,23.890625
aws,ap-south-1,IN,5120,memory-heavy,m5.xlarge,4,2.973667,0.038063,605.22265625,23.890625
aws,ap-south-1,IN,5120,io-heavy,m5.xlarge,4,3.540233,0.045315,605.22265625,23.890625
aws,ap-south-1,IN,10,io-heavy,c5.xlarge,4,0.873733,0.009902,605.22265625,23.890625
aws,ap-south-1,IN,10,memory-heavy,c5.xlarge,4,1.0065,0.011407,605.22265625,23.890625
aws,ap-south-1,IN,10,cpu-heavy,c5.xlarge,4,0.771833,0.008747,605.22265625,23.890625
aws,ap-south-1,IN,100,cpu-heavy,c5.xlarge,4,0.839533,0.009515,605.22265625,23.890625
aws,ap-south-1,IN,100,memory-heavy,c5.xlarge,4,0.906017,0.010268,605.22265625,23.890625
aws,ap-south-1,IN,100,io-heavy,c5.xlarge,4,0.9084,0.010295,605.22265625,23.890625
aws,ap-south-1,IN,500,cpu-heavy,c5.xlarge,4,0.973933,0.011038,605.22265625,23.890625
aws,ap-south-1,IN,500,memory-heavy,c5.xlarge,4,1.00655,0.011408,605.22265625,23.890625
aws,ap-south-1,IN,500,io-heavy,c5.xlarge,4,1.10585,0.012533,605.22265625,23.890625
aws,ap-south-1,IN,1024,memory-heavy,c5.xlarge,4,1.239433,0.014047,605.22265625,23.890625
aws,ap-south-1,IN,1024,io-heavy,c5.xlarge,4,1.339867,0.015185,605.22265625,23.890625
aws,ap-south-1,IN,1024,cpu-heavy,c5.xlarge,4,1.139117,0.01291,605.22265625,23.890625
aws,ap-south-1,IN,5120,memory-heavy,c5.xlarge,4,2.906167,0.032937,605.22265625,23.890625
aws,ap-south-1,IN,5120,io-heavy,c5.xlarge,4,3.306167,0.03747,605.22265625,23.890625
aws,ap-south-1,IN,5120,cpu-heavy,c5.xlarge,4,2.607317,0.02955,605.22265625,23.890625
aws,ap-south-1,IN,10,cpu-heavy,m6i.xlarge,4,0.70705,0.009522,605.22265625,23.890625
aws,ap-south-1,IN,10,memory-heavy,m6i.xlarge,4,0.738333,0.009943,605.22265625,23.890625
aws,ap-south-1,IN,10,io-heavy,m6i.xlarge,4,0.771967,0.010396,605.22265625,23.890625
aws,ap-south-1,IN,100,cpu-heavy,m6i.xlarge,4,0.706133,0.009509,605.22265625,23.890625
aws,ap-south-1,IN,100,memory-heavy,m6i.xlarge,4,0.7724,0.010402,605.22265625,23.890625
aws,ap-south-1,IN,100,io-heavy,m6i.xlarge,4,0.771517,0.01039,605.22265625,23.890625
aws,ap-south-1,IN,500,cpu-heavy,m6i.xlarge,4,0.8715,0.011736,605.22265625,23.890625
aws,ap-south-1,IN,500,memory-heavy,m6i.xlarge,4,0.9719,0.013088,605.22265625,23.890625
aws,ap-south-1,IN,500,io-heavy,m6i.xlarge,4,0.93785,0.01263,605.22265625,23.890625
aws,ap-south-1,IN,1024,cpu-heavy,m6i.xlarge,4,0.972167,0.013092,605.22265625,23.890625
aws,ap-south-1,IN,1024,memory-heavy,m6i.xlarge,4,1.072183,0.014439,605.22265625,23.890625
aws,ap-south-1,IN,1024,io-heavy,m6i.xlarge,4,1.13945,0.015345,605.22265625,23.890625
aws,ap-south-1,IN,5120,cpu-heavy,m6i.xlarge,4,2.105083,0.028348,605.22265625,23.890625
aws,ap-south-1,IN,5120,memory-heavy,m6i.xlarge,4,2.33895,0.031498,605.22265625,23.890625
aws,ap-south-1,IN,5120,io-heavy,m6i.xlarge,4,2.706233,0.036444,605.22265625,23.890625
aws,ap-south-1,IN,10,cpu-heavy,m6i.xlarge,2,0.938017,0.006316,605.22265625,23.890625
aws,ap-south-1,IN,10,memory-heavy,m6i.xlarge,2,0.772317,0.0052,605.22265625,23.890625
aws,ap-south-1,IN,10,io-heavy,m6i.xlarge,2,0.805933,0.005427,605.22265625,23.890625
aws,ap-south-1,IN,100,cpu-heavy,m6i.xlarge,2,0.737567,0.004966,605.22265625,23.890625
aws,ap-south-1,IN,100,memory-heavy,m6i.xlarge,2,0.837967,0.005642,605.22265625,23.890625
aws,ap-south-1,IN,100,io-heavy,m6i.xlarge,2,0.838783,0.005648,605.22265625,23.890625
aws,ap-south-1,IN,500,cpu-heavy,m6i.xlarge,2,1.0049,0.006766,605.22265625,23.890625
aws,ap-south-1,IN,500,memory-heavy,m6i.xlarge,2,1.104667,0.007438,605.22265625,23.890625
aws,ap-south-1,IN,500,io-heavy,m6i.xlarge,2,1.171617,0.007889,605.22265625,23.890625
aws,ap-south-1,IN,1024,cpu-heavy,m6i.xlarge,2,1.406417,0.00947,605.22265625,23.890625
aws,ap-south-1,IN,1024,memory-heavy,m6i.xlarge,2,1.471983,0.009911,605.22265625,23.890625
aws,ap-south-1,IN,1024,io-heavy,m6i.xlarge,2,1.638617,0.011033,605.22265625,23.890625
aws,ap-south-1,IN,5120,cpu-heavy,m6i.xlarge,2,4.271567,0.028762,605.22265625,23.890625
aws,ap-south-1,IN,5120,memory-heavy,m6i.xlarge,2,4.23795,0.028536,605.22265625,23.890625
aws,ap-south-1,IN,5120,io-heavy,m6i.xlarge,2,5.10485,0.034373,605.22265625,23.890625
aws,ap-south-1,IN,10,cpu-heavy,c6i.xlarge,4,0.672733,0.008611,605.22265625,23.890625
aws,ap-south-1,IN,10,memory-heavy,c6i.xlarge,4,0.70555,0.009031,605.22265625,23.890625
aws,ap-south-1,IN,10,io-heavy,c6i.xlarge,4,0.73835,0.009451,605.22265625,23.890625
aws,ap-south-1,IN,100,cpu-heavy,c6i.xlarge,4,0.704383,0.009016,605.22265625,23.890625
aws,ap-south-1,IN,100,memory-heavy,c6i.xlarge,4,0.771833,0.009879,605.22265625,23.890625
aws,ap-south-1,IN,100,io-heavy,c6i.xlarge,4,0.771117,0.00987,605.22265625,23.890625
aws,ap-south-1,IN,500,cpu-heavy,c6i.xlarge,4,0.838367,0.010731,605.22265625,23.890625
aws,ap-south-1,IN,500,memory-heavy,c6i.xlarge,4,0.906467,0.011603,605.22265625,23.890625
aws,ap-south-1,IN,500,io-heavy,c6i.xlarge,4,0.938867,0.012017,605.22265625,23.890625
aws,ap-south-1,IN,10,cpu-heavy,m5a.xlarge,4,1.0752,0.012329,605.22265625,23.890625
aws,ap-south-1,IN,10,memory-heavy,m5a.xlarge,4,1.143933,0.013117,605.22265625,23.890625
aws,ap-south-1,IN,100,cpu-heavy,m5a.xlarge,4,1.142417,0.0131,605.22265625,23.890625
aws,ap-south-1,IN,100,memory-heavy,m5a.xlarge,4,1.210033,0.013875,605.22265625,23.890625
aws,ap-south-1,IN,100,io-heavy,m5a.xlarge,4,1.20865,0.013859,605.22265625,23.890625
aws,ap-south-1,IN,500,cpu-heavy,m5a.xlarge,4,1.342317,0.015392,605.22265625,23.890625
aws,ap-south-1,IN,500,memory-heavy,m5a.xlarge,4,1.376833,0.015788,605.22265625,23.890625
aws,ap-south-1,IN,500,io-heavy,m5a.xlarge,4,1.445867,0.016579,605.22265625,23.890625
aws,ap-south-1,IN,1024,cpu-heavy,m5a.xlarge,4,1.508233,0.017294,605.22265625,23.890625
aws,ap-south-1,IN,1024,memory-heavy,m5a.xlarge,4,1.608517,0.018444,605.22265625,23.890625
aws,ap-south-1,IN,1024,io-heavy,m5a.xlarge,4,1.7438,0.019996,605.22265625,23.890625
aws,ap-south-1,IN,5120,cpu-heavy,m5a.xlarge,4,3.275,0.037553,605.22265625,23.890625
aws,ap-south-1,IN,5120,memory-heavy,m5a.xlarge,4,3.541517,0.040609,605.22265625,23.890625
aws,ap-south-1,IN,5120,io-heavy,m5a.xlarge,4,4.208467,0.048257,605.22265625,23.890625
aws,ap-south-1,IN,10,cpu-heavy,c5a.xlarge,4,0.738783,0.007585,605.22265625,23.890625
aws,ap-south-1,IN,10,memory-heavy,c5a.xlarge,4,0.972433,0.009984,605.22265625,23.890625
aws,ap-south-1,IN,10,io-heavy,c5a.xlarge,4,0.805833,0.008273,605.22265625,23.890625
aws,ap-south-1,IN,100,cpu-heavy,c5a.xlarge,4,0.7721,0.007927,605.22265625,23.890625
aws,ap-south-1,IN,100,memory-heavy,c5a.xlarge,4,0.839233,0.008616,605.22265625,23.890625
aws,ap-south-1,IN,100,io-heavy,c5a.xlarge,4,0.838383,0.008607,605.22265625,23.890625
aws,ap-south-1,IN,500,cpu-heavy,c5a.xlarge,4,0.872517,0.008958,605.22265625,23.890625
aws,ap-south-1,IN,500,memory-heavy,c5a.xlarge,4,0.939117,0.009642,605.22265625,23.890625
aws,ap-south-1,IN,500,io-heavy,c5a.xlarge,4,1.4727,0.01512,605.22265625,23.890625
aws,ap-south-1,IN,1024,cpu-heavy,c5a.xlarge,4,1.038583,0.010663,605.22265625,23.890625
aws,ap-south-1,IN,1024,memory-heavy,c5a.xlarge,4,1.105,0.011345,605.22265625,23.890625
aws,ap-south-1,IN,1024,io-heavy,c5a.xlarge,4,1.171967,0.012032,605.22265625,23.890625
aws,ap-south-1,IN,5120,cpu-heavy,c5a.xlarge,4,2.20585,0.022647,605.22265625,23.890625
aws,ap-south-1,IN,5120,memory-heavy,c5a.xlarge,4,2.305067,0.023665,605.22265625,23.890625
aws,ap-south-1,IN,5120,io-heavy,c5a.xlarge,4,2.839033,0.029147,605.22265625,23.890625
aws,ap-south-1,IN,1024,cpu-heavy,c6i.xlarge,4,1.504433,0.019257,605.22265625,23.890625
aws,ap-south-1,IN,1024,memory-heavy,c6i.xlarge,4,1.60445,0.020537,605.22265625,23.890625
aws,ap-south-1,IN,1024,io-heavy,c6i.xlarge,4,1.705733,0.021833,605.22265625,23.890625
aws,ap-south-1,IN,5120,cpu-heavy,c6i.xlarge,4,3.238583,0.041454,605.22265625,23.890625
aws,ap-south-1,IN,5120,memory-heavy,c6i.xlarge,4,3.072017,0.039322,605.22265625,23.890625
aws,ap-south-1,IN,5120,io-heavy,c6i.xlarge,4,3.705483,0.04743,605.22265625,23.890625
aws,ap-south-1,IN,10,cpu-heavy,m5.xlarge,4,1.2066,0.015444,605.22265625,23.890625
aws,ap-south-1,IN,10,memory-heavy,m5.xlarge,4,1.10625,0.01416,605.22265625,23.890625
aws,ap-south-1,IN,10,io-heavy,m5.xlarge,4,1.141067,0.014606,605.22265625,23.890625
aws,ap-south-1,IN,100,cpu-heavy,m5.xlarge,4,1.1397,0.014588,605.22265625,23.890625
aws,ap-south-1,IN,100,memory-heavy,m5.xlarge,4,1.206667,0.015445,605.22265625,23.890625
aws,ap-south-1,IN,100,io-heavy,m5.xlarge,4,1.172767,0.015011,605.22265625,23.890625
aws,ap-south-1,IN,500,cpu-heavy,m5.xlarge,4,1.306117,0.016718,605.22265625,23.890625
aws,ap-south-1,IN,500,memory-heavy,m5.xlarge,4,1.406683,0.018006,605.22265625,23.890625
aws,ap-south-1,IN,500,io-heavy,m5.xlarge,4,1.473983,0.018867,605.22265625,23.890625
aws,ap-south-1,IN,1024,cpu-heavy,m5.xlarge,4,1.506433,0.019282,605.22265625,23.890625
aws,ap-south-1,IN,1024,memory-heavy,m5.xlarge,4,1.57215,0.020124,605.22265625,23.890625
aws,ap-south-1,IN,1024,io-heavy,m5.xlarge,4,1.640867,0.021003,605.22265625,23.890625
aws,ap-south-1,IN,5120,cpu-heavy,m5.xlarge,4,3.2072,0.041052,605.22265625,23.890625
aws,ap-south-1,IN,5120,memory-heavy,m5.xlarge,4,3.33995,0.042751,605.22265625,23.890625
aws,ap-south-1,IN,5120,io-heavy,m5.xlarge,4,3.972817,0.050852,605.22265625,23.890625
aws,ap-south-1,IN,10,cpu-heavy,m5.xlarge,2,0.872633,0.005585,605.22265625,23.890625
aws,ap-south-1,IN,10,memory-heavy,c5.xlarge,4,1.272933,0.014427,605.22265625,23.890625
aws,ap-south-1,IN,10,memory-heavy,m5.xlarge,2,0.973683,0.006232,605.22265625,23.890625
aws,ap-south-1,IN,10,io-heavy,c5.xlarge,4,1.305633,0.014797,605.22265625,23.890625
aws,ap-south-1,IN,10,io-heavy,m5.xlarge,2,1.039133,0.00665,605.22265625,23.890625
aws,ap-south-1,IN,100,memory-heavy,c5.xlarge,4,1.341717,0.015206,605.22265625,23.890625
aws,ap-south-1,IN,100,cpu-heavy,m5.xlarge,2,0.97285,0.006226,605.22265625,23.890625
aws,ap-south-1,IN,100,memory-heavy,m5.xlarge,2,1.04055,0.00666,605.22265625,23.890625
aws,ap-south-1,IN,100,io-heavy,c5.xlarge,4,1.3731,0.015562,605.22265625,23.890625
aws,ap-south-1,IN,100,io-heavy,m5.xlarge,2,1.273233,0.008149,605.22265625,23.890625
aws,ap-south-1,IN,500,memory-heavy,c5.xlarge,4,1.573517,0.017833,605.22265625,23.890625
aws,ap-south-1,IN,500,cpu-heavy,m5.xlarge,2,1.740867,0.011142,605.22265625,23.890625
aws,ap-south-1,IN,500,io-heavy,c5.xlarge,4,1.939917,0.021986,605.22265625,23.890625
aws,ap-south-1,IN,1024,memory-heavy,c5.xlarge,4,1.7729,0.020093,605.22265625,23.890625
aws,ap-south-1,IN,500,memory-heavy,m5.xlarge,2,1.444483,0.009245,605.22265625,23.890625
aws,ap-south-1,IN,1024,io-heavy,c5.xlarge,4,1.905033,0.02159,605.22265625,23.890625
aws,ap-south-1,IN,500,io-heavy,m5.xlarge,2,1.581183,0.01012,605.22265625,23.890625
aws,ap-south-1,IN,1024,cpu-heavy,m5.xlarge,2,1.840917,0.011782,605.22265625,23.890625
aws,ap-south-1,IN,5120,memory-heavy,c5.xlarge,4,3.7067,0.042009,605.22265625,23.890625
aws,ap-south-1,IN,5120,io-heavy,c5.xlarge,4,4.4067,0.049943,605.22265625,23.890625
aws,ap-south-1,IN,1024,memory-heavy,m5.xlarge,2,2.078667,0.013303,605.22265625,23.890625
aws,ap-south-1,IN,1024,io-heavy,m5.xlarge,2,2.139683,0.013694,605.22265625,23.890625
aws,ap-south-1,IN,5120,cpu-heavy,m5.xlarge,2,5.639367,0.036092,605.22265625,23.890625
aws,ap-south-1,IN,5120,memory-heavy,m5.xlarge,2,5.606117,0.035879,605.22265625,23.890625
aws,ap-south-1,IN,5120,io-heavy,m5.xlarge,2,7.306567,0.046762,605.22265625,23.890625
aws,ap-south-1,IN,10,cpu-heavy,m6i.xlarge,4,0.905333,0.012192,605.22265625,23.890625
aws,ap-south-1,IN,10,cpu-heavy,c6i.xlarge,4,1.205617,0.015432,605.22265625,23.890625
aws,ap-south-1,IN,10,memory-heavy,c6i.xlarge,4,1.238483,0.015853,605.22265625,23.890625
aws,ap-south-1,IN,10,memory-heavy,m6i.xlarge,4,0.8726,0.011751,605.22265625,23.890625
aws,ap-south-1,IN,10,io-heavy,c6i.xlarge,4,1.171633,0.014997,605.22265625,23.890625
aws,ap-south-1,IN,10,io-heavy,m6i.xlarge,4,0.872433,0.011749,605.22265625,23.890625
aws,ap-south-1,IN,100,cpu-heavy,c6i.xlarge,4,1.171967,0.015001,605.22265625,23.890625
aws,ap-south-1,IN,100,cpu-heavy,m6i.xlarge,4,0.872167,0.011745,605.22265625,23.890625
aws,ap-south-1,IN,100,memory-heavy,m6i.xlarge,4,0.9724,0.013095,605.22265625,23.890625
aws,ap-south-1,IN,100,memory-heavy,c6i.xlarge,4,1.204533,0.015418,605.22265625,23.890625
aws,ap-south-1,IN,100,io-heavy,c6i.xlarge,4,1.338683,0.017135,605.22265625,23.890625
aws,ap-south-1,IN,100,io-heavy,m6i.xlarge,4,1.005367,0.013539,605.22265625,23.890625
aws,ap-south-1,IN,500,cpu-heavy,c6i.xlarge,4,1.337733,0.017123,605.22265625,23.890625
aws,ap-south-1,IN,500,cpu-heavy,m6i.xlarge,4,1.109167,0.014937,605.22265625,23.890625
aws,ap-south-1,IN,500,memory-heavy,c6i.xlarge,4,1.373033,0.017575,605.22265625,23.890625
aws,ap-south-1,IN,500,memory-heavy,m6i.xlarge,4,1.138367,0.01533,605.22265625,23.890625
aws,ap-south-1,IN,500,io-heavy,c6i.xlarge,4,1.471733,0.018838,605.22265625,23.890625
aws,ap-south-1,IN,500,io-heavy,m6i.xlarge,4,1.23905,0.016686,605.22265625,23.890625
aws,ap-south-1,IN,1024,cpu-heavy,c6i.xlarge,4,1.605717,0.020553,605.22265625,23.890625
aws,ap-south-1,IN,1024,cpu-heavy,m6i.xlarge,4,1.30595,0.017587,605.22265625,23.890625
aws,ap-south-1,IN,1024,memory-heavy,c6i.xlarge,4,1.604767,0.020541,605.22265625,23.890625
aws,ap-south-1,IN,1024,memory-heavy,m6i.xlarge,4,1.605167,0.021616,605.22265625,23.890625
aws,ap-south-1,IN,1024,io-heavy,c6i.xlarge,4,2.07195,0.026521,605.22265625,23.890625
aws,ap-south-1,IN,1024,io-heavy,m6i.xlarge,4,1.372083,0.018477,605.22265625,23.890625
aws,ap-south-1,IN,5120,cpu-heavy,c6i.xlarge,4,2.972433,0.038047,605.22265625,23.890625
aws,ap-south-1,IN,5120,cpu-heavy,m6i.xlarge,4,2.87215,0.038678,605.22265625,23.890625
aws,ap-south-1,IN,5120,memory-heavy,c6i.xlarge,4,3.439017,0.044019,605.22265625,23.890625
aws,ap-south-1,IN,5120,memory-heavy,m6i.xlarge,4,2.639117,0.03554,605.22265625,23.890625
aws,ap-south-1,IN,5120,io-heavy,c6i.xlarge,4,3.806517,0.048723,605.22265625,23.890625
aws,ap-south-1,IN,5120,io-heavy,m6i.xlarge,4,3.273283,0.04408,605.22265625,23.890625
aws,ap-south-1,IN,10,cpu-heavy,m6i.xlarge,2,0.739183,0.004977,605.22265625,23.890625
aws,ap-south-1,IN,10,memory-heavy,m6i.xlarge,2,0.771333,0.005194,605.22265625,23.890625
aws,ap-south-1,IN,10,io-heavy,m6i.xlarge,2,0.9067,0.006105,605.22265625,23.890625
aws,ap-south-1,IN,100,cpu-heavy,m6i.xlarge,2,0.80505,0.005421,605.22265625,23.890625
aws,ap-south-1,IN,100,memory-heavy,m6i.xlarge,2,1.24,0.008349,605.22265625,23.890625
aws,ap-south-1,IN,100,io-heavy,m6i.xlarge,2,0.8392,0.005651,605.22265625,23.890625
aws,ap-south-1,IN,500,cpu-heavy,m6i.xlarge,2,1.037833,0.006988,605.22265625,23.890625
aws,ap-south-1,IN,500,memory-heavy,m6i.xlarge,2,1.13795,0.007662,605.22265625,23.890625
aws,ap-south-1,IN,500,io-heavy,m6i.xlarge,2,1.238483,0.008339,605.22265625,23.890625
aws,ap-south-1,IN,1024,cpu-heavy,m6i.xlarge,2,1.405433,0.009463,605.22265625,23.890625
aws,ap-south-1,IN,1024,memory-heavy,m6i.xlarge,2,1.572583,0.010589,605.22265625,23.890625
aws,ap-south-1,IN,1024,io-heavy,m6i.xlarge,2,1.639067,0.011036,605.22265625,23.890625
aws,ap-south-1,IN,5120,cpu-heavy,m6i.xlarge,2,4.606083,0.031014,605.22265625,23.890625
aws,ap-south-1,IN,5120,memory-heavy,m6i.xlarge,2,4.50715,0.030348,605.22265625,23.890625
aws,ap-south-1,IN,5120,io-heavy,m6i.xlarge,2,5.34055,0.03596,605.22265625,23.890625
aws,ap-southeast-1,SG,10,cpu-heavy,m5.xlarge,4,1.10875,0.014192,479.62890625,5.9921875
aws,ap-southeast-1,SG,10,memory-heavy,m5.xlarge,4,1.207217,0.015452,479.62890625,5.9921875
aws,ap-southeast-1,SG,10,io-heavy,m5.xlarge,4,1.172717,0.015011,479.62890625,5.9921875
aws,ap-southeast-1,SG,100,cpu-heavy,m5.xlarge,4,1.14045,0.014598,479.62890625,5.9921875
aws,ap-southeast-1,SG,100,memory-heavy,m5.xlarge,4,1.243,0.01591,479.62890625,5.9921875
aws,ap-southeast-1,SG,100,io-heavy,m5.xlarge,4,1.2725,0.016288,479.62890625,5.9921875
aws,ap-southeast-1,SG,500,cpu-heavy,m5.xlarge,4,1.407567,0.018017,479.62890625,5.9921875
aws,ap-southeast-1,SG,500,memory-heavy,m5.xlarge,4,1.407033,0.01801,479.62890625,5.9921875
aws,ap-southeast-1,SG,500,io-heavy,m5.xlarge,4,1.5397,0.019708,479.62890625,5.9921875
aws,ap-southeast-1,SG,1024,cpu-heavy,m5.xlarge,4,1.539483,0.019705,479.62890625,5.9921875
aws,ap-southeast-1,SG,1024,memory-heavy,m5.xlarge,4,1.641,0.021005,479.62890625,5.9921875
aws,ap-southeast-1,SG,1024,io-heavy,m5.xlarge,4,1.838933,0.023538,479.62890625,5.9921875
aws,ap-southeast-1,SG,5120,cpu-heavy,m5.xlarge,4,3.1407,0.040201,479.62890625,5.9921875
aws,ap-southeast-1,SG,5120,memory-heavy,m5.xlarge,4,3.440933,0.044044,479.62890625,5.9921875
aws,ap-southeast-1,SG,5120,io-heavy,m5.xlarge,4,4.141033,0.053005,479.62890625,5.9921875
aws,ap-southeast-1,SG,10,cpu-heavy,c6i.xlarge,4,1.311717,0.01679,479.62890625,5.9921875
aws,ap-southeast-1,SG,10,memory-heavy,c6i.xlarge,4,1.239433,0.015865,479.62890625,5.9921875
aws,ap-southeast-1,SG,10,io-heavy,c6i.xlarge,4,1.872133,0.023963,479.62890625,5.9921875
aws,ap-southeast-1,SG,100,cpu-heavy,c6i.xlarge,4,1.404433,0.017977,479.62890625,5.9921875
aws,ap-southeast-1,SG,100,memory-heavy,c6i.xlarge,4,1.272017,0.016282,479.62890625,5.9921875
aws,ap-southeast-1,SG,100,io-heavy,c6i.xlarge,4,1.339283,0.017143,479.62890625,5.9921875
aws,ap-southeast-1,SG,500,cpu-heavy,c6i.xlarge,4,1.505417,0.019269,479.62890625,5.9921875
aws,ap-southeast-1,SG,500,memory-heavy,c6i.xlarge,4,1.472967,0.018854,479.62890625,5.9921875
aws,ap-southeast-1,SG,500,io-heavy,c6i.xlarge,4,1.570967,0.020108,479.62890625,5.9921875
aws,ap-southeast-1,SG,1024,cpu-heavy,c6i.xlarge,4,1.6393,0.020983,479.62890625,5.9921875
aws,ap-southeast-1,SG,1024,memory-heavy,c6i.xlarge,4,1.638483,0.020973,479.62890625,5.9921875
aws,ap-southeast-1,SG,1024,io-heavy,c6i.xlarge,4,1.839633,0.023547,479.62890625,5.9921875
aws,ap-southeast-1,SG,5120,cpu-heavy,c6i.xlarge,4,3.105767,0.039754,479.62890625,5.9921875
aws,ap-southeast-1,SG,5120,memory-heavy,c6i.xlarge,4,3.4411,0.044046,479.62890625,5.9921875
aws,ap-southeast-1,SG,5120,io-heavy,c6i.xlarge,4,4.00505,0.051265,479.62890625,5.9921875
aws,ap-southeast-1,SG,10,cpu-heavy,c5.xlarge,4,1.306117,0.014803,479.62890625,5.9921875
aws,ap-southeast-1,SG,10,cpu-heavy,m5.xlarge,2,0.93915,0.006011,479.62890625,5.9921875
aws,ap-southeast-1,SG,10,memory-heavy,m5.xlarge,2,1.007233,0.006446,479.62890625,5.9921875
aws,ap-southeast-1,SG,10,io-heavy,m5.xlarge,2,1.073083,0.006868,479.62890625,5.9921875
aws,ap-southeast-1,SG,100,io-heavy,c5.xlarge,4,1.47285,0.016692,479.62890625,5.9921875
aws,ap-southeast-1,SG,500,cpu-heavy,c5.xlarge,4,1.539667,0.01745,479.62890625,5.9921875
aws,ap-southeast-1,SG,500,memory-heavy,c5.xlarge,4,1.5413,0.017468,479.62890625,5.9921875
aws,ap-southeast-1,SG,500,io-heavy,c5.xlarge,4,1.706367,0.019339,479.62890625,5.9921875
aws,ap-southeast-1,SG,1024,cpu-heavy,c5.xlarge,4,1.741583,0.019738,479.62890625,5.9921875
aws,ap-southeast-1,SG,500,io-heavy,m5.xlarge,2,1.672117,0.010702,479.62890625,5.9921875
aws,ap-southeast-1,SG,1024,memory-heavy,c5.xlarge,4,1.8729,0.021226,479.62890625,5.9921875
aws,ap-southeast-1,SG,1024,memory-heavy,m5.xlarge,2,1.973417,0.01263,479.62890625,5.9921875
aws,ap-southeast-1,SG,1024,io-heavy,m5.xlarge,2,2.6387,0.016888,479.62890625,5.9921875
aws,ap-southeast-1,SG,5120,cpu-heavy,m5.xlarge,2,5.706433,0.036521,479.62890625,5.9921875
aws,ap-southeast-1,SG,5120,memory-heavy,m5.xlarge,2,5.806033,0.037159,479.62890625,5.9921875
aws,ap-southeast-1,SG,5120,io-heavy,m5.xlarge,2,7.3733,0.047189,479.62890625,5.9921875
aws,ap-southeast-1,SG,10,cpu-heavy,m5a.xlarge,4,1.34365,0.019349,479.62890625,5.9921875
aws,ap-southeast-1,SG,10,memory-heavy,m5a.xlarge,4,1.474783,0.021237,479.62890625,5.9921875
aws,ap-southeast-1,SG,10,io-heavy,m5a.xlarge,4,1.642733,0.023655,479.62890625,5.9921875
aws,ap-southeast-1,SG,100,cpu-heavy,m5a.xlarge,4,1.44145,0.020757,479.62890625,5.9921875
aws,ap-southeast-1,SG,100,memory-heavy,m5a.xlarge,4,1.57655,0.022702,479.62890625,5.9921875
aws,ap-southeast-1,SG,100,io-heavy,m5a.xlarge,4,1.741517,0.025078,479.62890625,5.9921875
aws,ap-southeast-1,SG,500,cpu-heavy,m5a.xlarge,4,1.742133,0.025087,479.62890625,5.9921875
aws,ap-southeast-1,SG,500,memory-heavy,m5a.xlarge,4,1.74215,0.025087,479.62890625,5.9921875
aws,ap-southeast-1,SG,500,io-heavy,m5a.xlarge,4,2.143583,0.030868,479.62890625,5.9921875
aws,ap-southeast-1,SG,1024,cpu-heavy,m5a.xlarge,4,1.9082,0.027478,479.62890625,5.9921875
aws,ap-southeast-1,SG,1024,memory-heavy,m5a.xlarge,4,2.308617,0.033244,479.62890625,5.9921875
aws,ap-southeast-1,SG,1024,io-heavy,m5a.xlarge,4,2.308267,0.033239,479.62890625,5.9921875
aws,ap-southeast-1,SG,5120,cpu-heavy,m5a.xlarge,4,4.10965,0.059179,479.62890625,5.9921875
aws,ap-southeast-1,SG,5120,memory-heavy,m5a.xlarge,4,4.410483,0.063511,479.62890625,5.9921875
aws,ap-southeast-1,SG,5120,memory-heavy,m5a.xlarge,4,4.3492,0.062628,479.62890625,5.9921875
aws,ap-southeast-1,SG,5120,io-heavy,m5a.xlarge,4,5.279717,0.076028,479.62890625,5.9921875
aws,ap-southeast-1,SG,5120,io-heavy,m5a.xlarge,4,5.14175,0.074041,479.62890625,5.9921875
aws,ap-southeast-1,SG,10,cpu-heavy,m6i.xlarge,4,0.871983,0.013952,479.62890625,5.9921875
aws,ap-southeast-1,SG,10,memory-heavy,m6i.xlarge,4,0.971867,0.01555,479.62890625,5.9921875
aws,ap-southeast-1,SG,10,io-heavy,m6i.xlarge,4,1.00505,0.016081,479.62890625,5.9921875
aws,ap-southeast-1,SG,100,cpu-heavy,m6i.xlarge,4,0.9391,0.015026,479.62890625,5.9921875
aws,ap-southeast-1,SG,100,memory-heavy,m6i.xlarge,4,1.437983,0.023008,479.62890625,5.9921875
aws,ap-southeast-1,SG,100,io-heavy,m6i.xlarge,4,1.0719,0.01715,479.62890625,5.9921875
aws,ap-southeast-1,SG,10,cpu-heavy,c5a.xlarge,4,1.2733,0.01494,479.62890625,5.9921875
aws,ap-southeast-1,SG,500,cpu-heavy,m6i.xlarge,4,1.072017,0.017152,479.62890625,5.9921875
aws,ap-southeast-1,SG,10,memory-heavy,c5a.xlarge,4,1.2723,0.014928,479.62890625,5.9921875
aws,ap-southeast-1,SG,500,memory-heavy,m6i.xlarge,4,1.104983,0.01768,479.62890625,5.9921875
aws,ap-southeast-1,SG,10,io-heavy,c5a.xlarge,4,1.339117,0.015712,479.62890625,5.9921875
aws,ap-southeast-1,SG,500,io-heavy,m6i.xlarge,4,1.2391,0.019826,479.62890625,5.9921875
aws,ap-southeast-1,SG,100,cpu-heavy,c5a.xlarge,4,1.308833,0.015357,479.62890625,5.9921875
aws,ap-southeast-1,SG,1024,cpu-heavy,m6i.xlarge,4,1.2051,0.019282,479.62890625,5.9921875
aws,ap-southeast-1,SG,100,memory-heavy,c5a.xlarge,4,1.339233,0.015714,479.62890625,5.9921875
aws,ap-southeast-1,SG,1024,memory-heavy,m6i.xlarge,4,1.24005,0.019841,479.62890625,5.9921875
aws,ap-southeast-1,SG,100,io-heavy,c5a.xlarge,4,1.406083,0.016498,479.62890625,5.9921875
aws,ap-southeast-1,SG,1024,io-heavy,m6i.xlarge,4,1.4724,0.023558,479.62890625,5.9921875
aws,ap-southeast-1,SG,500,cpu-heavy,c5a.xlarge,4,1.439383,0.016889,479.62890625,5.9921875
aws,ap-southeast-1,SG,500,memory-heavy,c5a.xlarge,4,1.472433,0.017277,479.62890625,5.9921875
aws,ap-southeast-1,SG,5120,cpu-heavy,m6i.xlarge,4,2.60545,0.041687,479.62890625,5.9921875
aws,ap-southeast-1,SG,500,io-heavy,c5a.xlarge,4,1.672117,0.01962,479.62890625,5.9921875
aws,ap-southeast-1,SG,5120,memory-heavy,m6i.xlarge,4,2.672,0.042752,479.62890625,5.9921875
aws,ap-southeast-1,SG,1024,cpu-heavy,c5a.xlarge,4,1.638633,0.019227,479.62890625,5.9921875
aws,ap-southeast-1,SG,5120,io-heavy,m6i.xlarge,4,3.272033,0.052353,479.62890625,5.9921875
aws,ap-southeast-1,SG,1024,memory-heavy,c5a.xlarge,4,1.706183,0.020019,479.62890625,5.9921875
aws,ap-southeast-1,SG,1024,io-heavy,c5a.xlarge,4,1.973067,0.023151,479.62890625,5.9921875
aws,ap-southeast-1,SG,5120,cpu-heavy,c5a.xlarge,4,3.405317,0.039956,479.62890625,5.9921875
aws,ap-southeast-1,SG,10,cpu-heavy,m6i.xlarge,2,0.7399,0.005919,479.62890625,5.9921875
aws,ap-southeast-1,SG,5120,memory-heavy,c5a.xlarge,4,3.53835,0.041517,479.62890625,5.9921875
aws,ap-southeast-1,SG,10,memory-heavy,m6i.xlarge,2,0.771983,0.006176,479.62890625,5.9921875
aws,ap-southeast-1,SG,5120,io-heavy,c5a.xlarge,4,4.34,0.050923,479.62890625,5.9921875
aws,ap-southeast-1,SG,10,io-heavy,m6i.xlarge,2,0.90535,0.007243,479.62890625,5.9921875
aws,ap-southeast-1,SG,100,cpu-heavy,m6i.xlarge,2,0.838483,0.006708,479.62890625,5.9921875
aws,ap-southeast-1,SG,100,memory-heavy,m6i.xlarge,2,0.83825,0.006706,479.62890625,5.9921875
aws,ap-southeast-1,SG,100,io-heavy,m6i.xlarge,2,0.9718,0.007774,479.62890625,5.9921875
aws,ap-southeast-1,SG,500,cpu-heavy,m6i.xlarge,2,1.072767,0.008582,479.62890625,5.9921875
aws,ap-southeast-1,SG,500,memory-heavy,m6i.xlarge,2,1.1721,0.009377,479.62890625,5.9921875
aws,ap-southeast-1,SG,500,io-heavy,m6i.xlarge,2,1.339033,0.010712,479.62890625,5.9921875
aws,ap-southeast-1,SG,1024,cpu-heavy,m6i.xlarge,2,1.539,0.012312,479.62890625,5.9921875
aws,ap-southeast-1,SG,1024,memory-heavy,m6i.xlarge,2,1.57155,0.012572,479.62890625,5.9921875
aws,ap-southeast-1,SG,1024,io-heavy,m6i.xlarge,2,1.871833,0.014975,479.62890625,5.9921875
aws,ap-southeast-1,SG,5120,cpu-heavy,m6i.xlarge,2,4.7068,0.037654,479.62890625,5.9921875
aws,ap-southeast-1,SG,5120,memory-heavy,m6i.xlarge,2,4.7057,0.037646,479.62890625,5.9921875
aws,ap-southeast-1,SG,5120,io-heavy,m6i.xlarge,2,5.805367,0.046443,479.62890625,5.9921875
aws,ap-south-1,IN,10,cpu-heavy,c6i.xlarge,4,1.139333,0.014583,605.22265625,23.890625
aws,ap-south-1,IN,10,memory-heavy,c6i.xlarge,4,1.205217,0.015427,605.22265625,23.890625
aws,ap-south-1,IN,10,io-heavy,c6i.xlarge,4,1.20545,0.01543,605.22265625,23.890625
aws,ap-south-1,IN,100,cpu-heavy,c6i.xlarge,4,1.171433,0.014994,605.22265625,23.890625
aws,ap-south-1,IN,100,memory-heavy,c6i.xlarge,4,1.2397,0.015868,605.22265625,23.890625
aws,ap-south-1,IN,100,io-heavy,c6i.xlarge,4,1.3055,0.01671,605.22265625,23.890625
aws,ap-south-1,IN,500,cpu-heavy,c6i.xlarge,4,1.605183,0.020546,605.22265625,23.890625
aws,ap-south-1,IN,500,memory-heavy,c6i.xlarge,4,1.773533,0.022701,605.22265625,23.890625
aws,ap-south-1,IN,500,io-heavy,c6i.xlarge,4,1.47215,0.018844,605.22265625,23.890625
aws,ap-south-1,IN,1024,cpu-heavy,c6i.xlarge,4,1.5392,0.019702,605.22265625,23.890625
aws,ap-south-1,IN,1024,memory-heavy,c6i.xlarge,4,1.572117,0.020123,605.22265625,23.890625
aws,ap-south-1,IN,1024,io-heavy,c6i.xlarge,4,1.73895,0.022259,605.22265625,23.890625
aws,ap-south-1,IN,5120,cpu-heavy,c6i.xlarge,4,2.90605,0.037197,605.22265625,23.890625
aws,ap-south-1,IN,5120,memory-heavy,c6i.xlarge,4,3.073067,0.039335,605.22265625,23.890625
aws,ap-south-1,IN,5120,io-heavy,c6i.xlarge,4,3.7719,0.04828,605.22265625,23.890625
aws,ap-southeast-1,SG,10,cpu-heavy,c5a.xlarge,2,0.772,0.004529,479.62890625,5.9921875
aws,ap-southeast-1,SG,10,memory-heavy,c5a.xlarge,2,0.805267,0.004724,479.62890625,5.9921875
aws,ap-southeast-1,SG,10,io-heavy,c5a.xlarge,2,0.8725,0.005119,479.62890625,5.9921875
aws,ap-southeast-1,SG,100,cpu-heavy,c5a.xlarge,2,0.8719,0.005115,479.62890625,5.9921875
aws,ap-southeast-1,SG,100,memory-heavy,c5a.xlarge,2,1.039167,0.006096,479.62890625,5.9921875
aws,ap-southeast-1,SG,10,memory-heavy,c5.xlarge,4,0.973483,0.01272,479.62890625,5.9921875
aws,ap-southeast-1,SG,100,io-heavy,c5a.xlarge,2,0.972717,0.005707,479.62890625,5.9921875
aws,ap-southeast-1,SG,10,io-heavy,c5.xlarge,4,0.9719,0.012699,479.62890625,5.9921875
aws,ap-southeast-1,SG,500,cpu-heavy,c5a.xlarge,2,1.13855,0.006679,479.62890625,5.9921875
aws,ap-southeast-1,SG,500,memory-heavy,c5a.xlarge,2,1.2059,0.007075,479.62890625,5.9921875
aws,ap-southeast-1,SG,100,cpu-heavy,c5.xlarge,4,1.272583,0.016628,479.62890625,5.9921875
aws,ap-southeast-1,SG,500,io-heavy,c5a.xlarge,2,1.405667,0.008247,479.62890625,5.9921875
aws,ap-southeast-1,SG,100,memory-heavy,c5.xlarge,4,1.139067,0.014884,479.62890625,5.9921875
aws,ap-southeast-1,SG,1024,io-heavy,c5.xlarge,4,1.6746,0.021881,479.62890625,5.9921875
aws,ap-southeast-1,SG,1024,cpu-heavy,c5a.xlarge,2,1.638617,0.009613,479.62890625,5.9921875
aws,ap-southeast-1,SG,1024,memory-heavy,c5a.xlarge,2,1.672517,0.009812,479.62890625,5.9921875
aws,ap-southeast-1,SG,5120,cpu-heavy,c5.xlarge,4,2.439533,0.031877,479.62890625,5.9921875
aws,ap-southeast-1,SG,1024,io-heavy,c5a.xlarge,2,1.9723,0.011571,479.62890625,5.9921875
aws,ap-southeast-1,SG,5120,memory-heavy,c5.xlarge,4,2.673867,0.034939,479.62890625,5.9921875
aws,ap-southeast-1,SG,5120,cpu-heavy,c5a.xlarge,2,5.20605,0.030542,479.62890625,5.9921875
aws,ap-southeast-1,SG,5120,io-heavy,c5.xlarge,4,3.039683,0.039719,479.62890625,5.9921875
aws,ap-southeast-1,SG,5120,memory-heavy,c5a.xlarge,2,5.0722,0.029757,479.62890625,5.9921875
aws,ap-southeast-1,SG,5120,io-heavy,c5a.xlarge,2,6.3393,0.037191,479.62890625,5.9921875
aws,ap-south-1,IN,2048,memory-heavy,m5.xlarge,4,1.939017,0.024819,605.22265625,23.890625
aws,ap-southeast-1,SG,3072,cpu-heavy,m6i.xlarge,2,3.104533,0.024836,479.62890625,5.9921875
aws,ap-south-1,IN,2048,io-heavy,m5.xlarge,4,2.207067,0.02825,605.22265625,23.890625
aws,ap-southeast-1,SG,3072,memory-heavy,m6i.xlarge,2,2.93915,0.023513,479.62890625,5.9921875
aws,ap-south-1,IN,3072,cpu-heavy,m5.xlarge,4,2.239117,0.028661,605.22265625,23.890625
aws,ap-southeast-1,SG,3072,io-heavy,m6i.xlarge,2,3.7056,0.029645,479.62890625,5.9921875
aws,ap-south-1,IN,3072,memory-heavy,m5.xlarge,4,2.347267,0.030045,605.22265625,23.890625
aws,ap-south-1,IN,3072,io-heavy,m5.xlarge,4,2.973017,0.038055,605.22265625,23.890625
aws,ap-southeast-1,SG,10,cpu-heavy,m5a.xlarge,2,1.1093,0.007987,479.62890625,5.9921875
aws,ap-south-1,IN,10,cpu-heavy,m5a.xlarge,2,1.041533,0.003854,605.22265625,23.890625
aws,ap-southeast-1,SG,10,cpu-heavy,c5.xlarge,2,0.972867,0.006356,479.62890625,5.9921875
aws,ap-south-1,IN,10,cpu-heavy,m5a.xlarge,4,1.274567,0.009432,605.22265625,23.890625
aws,ap-southeast-1,SG,10,cpu-heavy,c6i.xlarge,2,0.672683,0.004395,479.62890625,5.9921875
aws,ap-south-1,IN,10,cpu-heavy,m6i.xlarge,2,0.67135,0.00452,605.22265625,23.890625
aws,ap-southeast-1,SG,10,memory-heavy,m5a.xlarge,2,1.175467,0.008463,479.62890625,5.9921875
aws,ap-south-1,IN,10,cpu-heavy,m6i.xlarge,4,0.804917,0.01084,605.22265625,23.890625
aws,ap-southeast-1,SG,10,memory-heavy,c5.xlarge,2,0.872617,0.005701,479.62890625,5.9921875
aws,ap-south-1,IN,10,cpu-heavy,m5.xlarge,2,0.839933,0.005656,605.22265625,23.890625
aws,ap-south-1,IN,10,cpu-heavy,c5.xlarge,2,0.73865,0.004186,605.22265625,23.890625
aws,ap-southeast-1,SG,10,memory-heavy,c6i.xlarge,2,0.705317,0.004608,479.62890625,5.9921875
aws,ap-south-1,IN,10,cpu-heavy,m5.xlarge,4,1.007233,0.013564,605.22265625,23.890625
aws,ap-south-1,IN,10,cpu-heavy,c5.xlarge,4,0.906733,0.010276,605.22265625,23.890625
aws,ap-southeast-1,SG,10,io-heavy,m5a.xlarge,2,1.27535,0.009183,479.62890625,5.9921875
aws,ap-south-1,IN,10,memory-heavy,m5.xlarge,2,1.041217,0.007011,605.22265625,23.890625
aws,ap-south-1,IN,10,cpu-heavy,c5a.xlarge,2,0.705383,0.00221,605.22265625,23.890625
aws,ap-southeast-1,SG,10,io-heavy,c5.xlarge,2,0.905067,0.005913,479.62890625,5.9921875
aws,ap-south-1,IN,10,memory-heavy,m5.xlarge,4,1.105833,0.014892,605.22265625,23.890625
aws,ap-south-1,IN,10,cpu-heavy,c5a.xlarge,4,0.77225,0.004839,605.22265625,23.890625
aws,ap-southeast-1,SG,10,io-heavy,c6i.xlarge,2,0.83875,0.00548,479.62890625,5.9921875
aws,ap-south-1,IN,10,cpu-heavy,c6i.xlarge,2,0.6385,0.003618,605.22265625,23.890625
aws,ap-south-1,IN,10,io-heavy,m5.xlarge,2,0.87395,0.005885,605.22265625,23.890625
aws,ap-southeast-1,SG,100,cpu-heavy,m5.xlarge,2,0.973067,0.007785,479.62890625,5.9921875
aws,ap-south-1,IN,10,cpu-heavy,c6i.xlarge,4,0.772467,0.008755,605.22265625,23.890625
aws,ap-south-1,IN,10,io-heavy,m5.xlarge,4,1.073383,0.014455,605.22265625,23.890625
aws,ap-southeast-1,SG,100,cpu-heavy,m5a.xlarge,2,1.207433,0.008694,479.62890625,5.9921875
aws,ap-south-1,IN,100,cpu-heavy,m5.xlarge,2,0.907,0.006107,605.22265625,23.890625
aws,ap-south-1,IN,10,memory-heavy,m5a.xlarge,2,1.107733,0.004099,605.22265625,23.890625
aws,ap-southeast-1,SG,100,cpu-heavy,c5.xlarge,2,0.872717,0.005702,479.62890625,5.9921875
aws,ap-south-1,IN,10,memory-heavy,m5a.xlarge,4,1.375833,0.010181,605.22265625,23.890625
aws,ap-south-1,IN,100,cpu-heavy,m5.xlarge,4,1.039883,0.014004,605.22265625,23.890625
aws,ap-southeast-1,SG,100,cpu-heavy,c6i.xlarge,2,1.00555,0.00657,479.62890625,5.9921875
aws,ap-south-1,IN,10,memory-heavy,m6i.xlarge,2,0.671117,0.004519,605.22265625,23.890625
aws,ap-south-1,IN,100,memory-heavy,m5.xlarge,2,0.972417,0.006548,605.22265625,23.890625
aws,ap-southeast-1,SG,100,memory-heavy,m5.xlarge,2,1.0057,0.008046,479.62890625,5.9921875
aws,ap-south-1,IN,10,memory-heavy,m6i.xlarge,4,0.8728,0.011754,605.22265625,23.890625
aws,ap-south-1,IN,100,memory-heavy,m5.xlarge,4,1.106967,0.014907,605.22265625,23.890625
aws,ap-southeast-1,SG,100,memory-heavy,m5a.xlarge,2,1.274833,0.009179,479.62890625,5.9921875
aws,ap-south-1,IN,10,memory-heavy,c5.xlarge,2,0.7727,0.004379,605.22265625,23.890625
aws,ap-south-1,IN,100,io-heavy,m5.xlarge,2,0.9737,0.006556,605.22265625,23.890625
aws,ap-southeast-1,SG,100,memory-heavy,c5.xlarge,2,0.905783,0.005918,479.62890625,5.9921875
aws,ap-south-1,IN,10,memory-heavy,c5.xlarge,4,0.8728,0.009892,605.22265625,23.890625
aws,ap-southeast-1,SG,100,memory-heavy,c6i.xlarge,2,0.771167,0.005038,479.62890625,5.9921875
aws,ap-south-1,IN,100,io-heavy,m5.xlarge,4,1.14005,0.015353,605.22265625,23.890625
aws,ap-south-1,IN,10,memory-heavy,c5a.xlarge,2,0.739583,0.002317,605.22265625,23.890625
aws,ap-southeast-1,SG,100,io-heavy,m5.xlarge,2,1.106333,0.008851,479.62890625,5.9921875
aws,ap-south-1,IN,500,cpu-heavy,m5.xlarge,2,1.439617,0.009693,605.22265625,23.890625
aws,ap-south-1,IN,10,memory-heavy,c5a.xlarge,4,0.838583,0.005255,605.22265625,23.890625
aws,ap-southeast-1,SG,100,io-heavy,m5a.xlarge,2,1.37695,0.009914,479.62890625,5.9921875
aws,ap-south-1,IN,500,cpu-heavy,m5.xlarge,4,1.30855,0.017622,605.22265625,23.890625
aws,ap-south-1,IN,10,memory-heavy,c6i.xlarge,2,0.67185,0.003807,605.22265625,23.890625
aws,ap-southeast-1,SG,100,io-heavy,c5.xlarge,2,1.0049,0.006565,479.62890625,5.9921875
aws,ap-south-1,IN,500,memory-heavy,m5.xlarge,2,1.306517,0.008797,605.22265625,23.890625
aws,ap-south-1,IN,10,memory-heavy,c6i.xlarge,4,0.805983,0.009134,605.22265625,23.890625
aws,ap-southeast-1,SG,100,io-heavy,c6i.xlarge,2,0.904467,0.005909,479.62890625,5.9921875
aws,ap-south-1,IN,500,memory-heavy,m5.xlarge,4,1.306033,0.017588,605.22265625,23.890625
aws,ap-south-1,IN,10,io-heavy,m5a.xlarge,2,1.109633,0.004106,605.22265625,23.890625
aws,ap-southeast-1,SG,500,cpu-heavy,m5.xlarge,2,1.307433,0.010459,479.62890625,5.9921875
aws,ap-south-1,IN,500,io-heavy,m5.xlarge,2,1.406167,0.009468,605.22265625,23.890625
aws,ap-south-1,IN,10,io-heavy,m5a.xlarge,4,1.342683,0.009936,605.22265625,23.890625
aws,ap-southeast-1,SG,500,cpu-heavy,m5a.xlarge,2,1.674817,0.012059,479.62890625,5.9921875
aws,ap-south-1,IN,500,io-heavy,m5.xlarge,4,1.410717,0.018998,605.22265625,23.890625
aws,ap-south-1,IN,10,io-heavy,m6i.xlarge,2,0.705683,0.004752,605.22265625,23.890625
aws,ap-southeast-1,SG,500,cpu-heavy,c5.xlarge,2,1.307083,0.00854,479.62890625,5.9921875
aws,ap-south-1,IN,10,io-heavy,m6i.xlarge,4,0.871317,0.011734,605.22265625,23.890625
aws,ap-south-1,IN,1024,cpu-heavy,m5.xlarge,2,1.807267,0.012169,605.22265625,23.890625
aws,ap-southeast-1,SG,500,cpu-heavy,c6i.xlarge,2,1.038767,0.006787,479.62890625,5.9921875
aws,ap-south-1,IN,10,io-heavy,c5.xlarge,2,0.8051,0.004562,605.22265625,23.890625
aws,ap-south-1,IN,1024,cpu-heavy,m5.xlarge,4,1.4406,0.0194,605.22265625,23.890625
aws,ap-southeast-1,SG,500,memory-heavy,m5.xlarge,2,1.373533,0.010988,479.62890625,5.9921875
aws,ap-south-1,IN,10,io-heavy,c5.xlarge,4,0.873667,0.009902,605.22265625,23.890625
aws,ap-south-1,IN,1024,memory-heavy,m5.xlarge,2,1.807017,0.012167,605.22265625,23.890625
aws,ap-south-1,IN,10,io-heavy,c5a.xlarge,2,0.739817,0.002318,605.22265625,23.890625
aws,ap-southeast-1,SG,500,memory-heavy,m5a.xlarge,2,1.775367,0.012783,479.62890625,5.9921875
aws,ap-south-1,IN,1024,memory-heavy,m5.xlarge,4,1.44085,0.019403,605.22265625,23.890625
aws,ap-south-1,IN,10,io-heavy,c5a.xlarge,4,0.80575,0.005049,605.22265625,23.890625
aws,ap-southeast-1,SG,500,memory-heavy,c5.xlarge,2,1.273017,0.008317,479.62890625,5.9921875
aws,ap-south-1,IN,1024,io-heavy,m5.xlarge,2,2.0403,0.013738,605.22265625,23.890625
aws,ap-south-1,IN,10,io-heavy,c6i.xlarge,2,0.705583,0.003998,605.22265625,23.890625
aws,ap-southeast-1,SG,500,memory-heavy,c6i.xlarge,2,1.074283,0.007019,479.62890625,5.9921875
aws,ap-south-1,IN,10,io-heavy,c6i.xlarge,4,0.805017,0.009124,605.22265625,23.890625
aws,ap-south-1,IN,1024,io-heavy,m5.xlarge,4,1.605917,0.021626,605.22265625,23.890625
aws,ap-southeast-1,SG,500,io-heavy,m5a.xlarge,2,2.0413,0.014697,479.62890625,5.9921875
aws,ap-south-1,IN,100,cpu-heavy,m5a.xlarge,2,1.208167,0.00447,605.22265625,23.890625
aws,ap-south-1,IN,2048,cpu-heavy,m5.xlarge,2,2.60765,0.017558,605.22265625,23.890625
aws,ap-southeast-1,SG,500,io-heavy,c5.xlarge,2,1.507167,0.009847,479.62890625,5.9921875
aws,ap-south-1,IN,100,cpu-heavy,m5a.xlarge,4,1.34155,0.009927,605.22265625,23.890625
aws,ap-south-1,IN,2048,cpu-heavy,m5.xlarge,4,1.905683,0.025663,605.22265625,23.890625
aws,ap-southeast-1,SG,500,io-heavy,c6i.xlarge,2,1.304833,0.008525,479.62890625,5.9921875
aws,ap-south-1,IN,100,cpu-heavy,m6i.xlarge,2,0.706033,0.004754,605.22265625,23.890625
aws,ap-southeast-1,SG,1024,cpu-heavy,m5.xlarge,2,1.973383,0.015787,479.62890625,5.9921875
aws,ap-south-1,IN,2048,memory-heavy,m5.xlarge,2,2.740267,0.018451,605.22265625,23.890625
aws,ap-south-1,IN,100,cpu-heavy,m6i.xlarge,4,0.838883,0.011297,605.22265625,23.890625
aws,ap-southeast-1,SG,1024,cpu-heavy,m5a.xlarge,2,2.408517,0.017341,479.62890625,5.9921875
aws,ap-south-1,IN,2048,memory-heavy,m5.xlarge,4,1.939667,0.026121,605.22265625,23.890625
aws,ap-south-1,IN,100,cpu-heavy,c5.xlarge,2,0.805667,0.004565,605.22265625,23.890625
aws,ap-southeast-1,SG,1024,cpu-heavy,c5.xlarge,2,1.606633,0.010497,479.62890625,5.9921875
aws,ap-south-1,IN,100,cpu-heavy,c5.xlarge,4,0.9061,0.010269,605.22265625,23.890625
aws,ap-south-1,IN,2048,io-heavy,m5.xlarge,2,3.106517,0.020917,605.22265625,23.890625
aws,ap-southeast-1,SG,1024,cpu-heavy,c6i.xlarge,2,1.4722,0.009618,479.62890625,5.9921875
aws,ap-south-1,IN,100,cpu-heavy,c5a.xlarge,2,0.772483,0.00242,605.22265625,23.890625
aws,ap-south-1,IN,2048,io-heavy,m5.xlarge,4,2.1728,0.02926,605.22265625,23.890625
aws,ap-south-1,IN,100,cpu-heavy,c5a.xlarge,4,0.804983,0.005045,605.22265625,23.890625
aws,ap-southeast-1,SG,1024,memory-heavy,m5a.xlarge,2,2.609,0.018785,479.62890625,5.9921875
aws,ap-south-1,IN,3072,cpu-heavy,m5.xlarge,2,3.572967,0.024058,605.22265625,23.890625
aws,ap-south-1,IN,100,cpu-heavy,c6i.xlarge,2,0.705167,0.003996,605.22265625,23.890625
aws,ap-southeast-1,SG,1024,memory-heavy,c5.xlarge,2,1.772983,0.011583,479.62890625,5.9921875
aws,ap-south-1,IN,100,cpu-heavy,c6i.xlarge,4,0.771817,0.008747,605.22265625,23.890625
aws,ap-south-1,IN,3072,cpu-heavy,m5.xlarge,4,2.273267,0.030613,605.22265625,23.890625
aws,ap-southeast-1,SG,1024,memory-heavy,c6i.xlarge,2,1.5054,0.009835,479.62890625,5.9921875
aws,ap-south-1,IN,100,memory-heavy,m5a.xlarge,2,1.241567,0.004594,605.22265625,23.890625
aws,ap-south-1,IN,3072,memory-heavy,m5.xlarge,2,3.773233,0.025406,605.22265625,23.890625
aws,ap-southeast-1,SG,1024,io-heavy,m5a.xlarge,2,2.9091,0.020946,479.62890625,5.9921875
aws,ap-south-1,IN,100,memory-heavy,m5a.xlarge,4,1.410417,0.010437,605.22265625,23.890625
aws,ap-southeast-1,SG,1024,io-heavy,c5.xlarge,2,2.07285,0.013543,479.62890625,5.9921875
aws,ap-south-1,IN,3072,memory-heavy,m5.xlarge,4,2.44215,0.032888,605.22265625,23.890625
aws,ap-south-1,IN,100,memory-heavy,m6i.xlarge,2,0.771417,0.005194,605.22265625,23.890625
aws,ap-southeast-1,SG,1024,io-heavy,c6i.xlarge,2,1.8052,0.011794,479.62890625,5.9921875
aws,ap-south-1,IN,100,memory-heavy,m6i.xlarge,4,0.905283,0.012191,605.22265625,23.890625
aws,ap-south-1,IN,3072,io-heavy,m5.xlarge,2,4.33955,0.02922,605.22265625,23.890625
aws,ap-southeast-1,SG,2048,cpu-heavy,m5.xlarge,2,2.840867,0.022727,479.62890625,5.9921875
aws,ap-south-1,IN,100,memory-heavy,c5.xlarge,2,1.073683,0.006084,605.22265625,23.890625
aws,ap-south-1,IN,3072,io-heavy,m5.xlarge,4,2.706683,0.03645,605.22265625,23.890625
aws,ap-south-1,IN,100,memory-heavy,c5.xlarge,4,0.938883,0.010641,605.22265625,23.890625
aws,ap-southeast-1,SG,2048,cpu-heavy,m5.xlarge,4,1.9405,0.031048,479.62890625,5.9921875
aws,ap-south-1,IN,100,memory-heavy,c5a.xlarge,2,0.80565,0.002524,605.22265625,23.890625
aws,ap-south-1,IN,5120,cpu-heavy,m5.xlarge,2,5.307567,0.035738,605.22265625,23.890625
aws,ap-southeast-1,SG,2048,cpu-heavy,m5a.xlarge,2,3.77795,0.027201,479.62890625,5.9921875
aws,ap-south-1,IN,100,memory-heavy,c5a.xlarge,4,0.872317,0.005467,605.22265625,23.890625
aws,ap-south-1,IN,100,memory-heavy,c6i.xlarge,2,0.738467,0.004185,605.22265625,23.890625
aws,ap-southeast-1,SG,2048,cpu-heavy,m5a.xlarge,4,2.40885,0.034687,479.62890625,5.9921875
aws,ap-south-1,IN,5120,cpu-heavy,m5.xlarge,4,3.10595,0.041827,605.22265625,23.890625
aws,ap-south-1,IN,100,memory-heavy,c6i.xlarge,4,0.938533,0.010637,605.22265625,23.890625
aws,ap-southeast-1,SG,2048,cpu-heavy,c5.xlarge,2,2.640733,0.017253,479.62890625,5.9921875
aws,ap-south-1,IN,5120,memory-heavy,m5.xlarge,2,5.606183,0.037748,605.22265625,23.890625
aws,ap-south-1,IN,100,io-heavy,m5a.xlarge,2,1.275283,0.004719,605.22265625,23.890625
aws,ap-southeast-1,SG,2048,cpu-heavy,c5.xlarge,4,1.506283,0.019682,479.62890625,5.9921875
aws,ap-south-1,IN,5120,memory-heavy,m5.xlarge,4,3.2081,0.043202,605.22265625,23.890625
aws,ap-southeast-1,SG,2048,cpu-heavy,c5a.xlarge,2,2.405267,0.014111,479.62890625,5.9921875
aws,ap-south-1,IN,100,io-heavy,m5a.xlarge,4,1.408383,0.010422,605.22265625,23.890625
aws,ap-southeast-1,SG,2048,cpu-heavy,c5a.xlarge,4,1.472067,0.017272,479.62890625,5.9921875
aws,ap-south-1,IN,100,io-heavy,m6i.xlarge,2,0.805483,0.005424,605.22265625,23.890625
aws,ap-south-1,IN,100,io-heavy,m6i.xlarge,4,0.904817,0.012185,605.22265625,23.890625
aws,ap-south-1,IN,5120,io-heavy,m5.xlarge,2,6.8406,0.04606,605.22265625,23.890625
aws,ap-southeast-1,SG,2048,cpu-heavy,c6i.xlarge,2,2.172233,0.014192,479.62890625,5.9921875
aws,ap-south-1,IN,100,io-heavy,c5.xlarge,2,0.9054,0.005131,605.22265625,23.890625
aws,ap-southeast-1,SG,2048,cpu-heavy,c6i.xlarge,4,1.37135,0.017919,479.62890625,5.9921875
aws,ap-south-1,IN,5120,io-heavy,m5.xlarge,4,4.139283,0.055742,605.22265625,23.890625
aws,ap-south-1,IN,100,io-heavy,c5.xlarge,4,0.905167,0.010259,605.22265625,23.890625
aws,ap-southeast-1,SG,2048,memory-heavy,m5.xlarge,2,2.805683,0.022445,479.62890625,5.9921875
aws,ap-south-1,IN,100,io-heavy,c5a.xlarge,2,0.838367,0.002627,605.22265625,23.890625
aws,ap-southeast-1,SG,2048,memory-heavy,m5.xlarge,4,2.0399,0.032638,479.62890625,5.9921875
aws,ap-south-1,IN,100,io-heavy,c5a.xlarge,4,0.840933,0.00527,605.22265625,23.890625
aws,ap-south-1,IN,100,io-heavy,c6i.xlarge,2,0.771883,0.004374,605.22265625,23.890625
aws,ap-southeast-1,SG,2048,memory-heavy,m5a.xlarge,2,3.775167,0.027181,479.62890625,5.9921875
aws,ap-south-1,IN,100,io-heavy,c6i.xlarge,4,0.805217,0.009126,605.22265625,23.890625
aws,ap-southeast-1,SG,2048,memory-heavy,m5a.xlarge,4,2.6089,0.037568,479.62890625,5.9921875
aws,ap-south-1,IN,500,cpu-heavy,m5a.xlarge,2,1.60815,0.00595,605.22265625,23.890625
aws,ap-southeast-1,SG,2048,memory-heavy,c5.xlarge,2,2.63965,0.017246,479.62890625,5.9921875
aws,ap-south-1,IN,500,cpu-heavy,m5a.xlarge,4,1.54155,0.011407,605.22265625,23.890625
aws,ap-southeast-1,SG,2048,memory-heavy,c5.xlarge,4,1.538383,0.020102,479.62890625,5.9921875
aws,ap-south-1,IN,500,cpu-heavy,m6i.xlarge,2,0.972233,0.006546,605.22265625,23.890625
aws,ap-south-1,IN,500,cpu-heavy,m6i.xlarge,4,0.9723,0.013094,605.22265625,23.890625
aws,ap-southeast-1,SG,2048,memory-heavy,c5a.xlarge,2,2.439567,0.014312,479.62890625,5.9921875
aws,ap-south-1,IN,500,cpu-heavy,c5.xlarge,2,1.139267,0.006456,605.22265625,23.890625
aws,ap-southeast-1,SG,2048,memory-heavy,c5a.xlarge,4,1.471967,0.017271,479.62890625,5.9921875
aws,ap-south-1,IN,500,cpu-heavy,c5.xlarge,4,0.972817,0.011025,605.22265625,23.890625
aws,ap-southeast-1,SG,2048,memory-heavy,c6i.xlarge,2,2.206183,0.014414,479.62890625,5.9921875
aws,ap-south-1,IN,500,cpu-heavy,c5a.xlarge,2,1.105517,0.003464,605.22265625,23.890625
aws,ap-southeast-1,SG,2048,memory-heavy,c6i.xlarge,4,1.371367,0.017919,479.62890625,5.9921875
aws,ap-south-1,IN,500,cpu-heavy,c5a.xlarge,4,0.905617,0.005675,605.22265625,23.890625
aws,ap-southeast-1,SG,2048,io-heavy,m5.xlarge,2,3.60765,0.028861,479.62890625,5.9921875
aws,ap-south-1,IN,500,cpu-heavy,c6i.xlarge,2,1.004633,0.005693,605.22265625,23.890625
aws,ap-south-1,IN,500,cpu-heavy,c6i.xlarge,4,1.0721,0.01215,605.22265625,23.890625
aws,ap-southeast-1,SG,2048,io-heavy,m5.xlarge,4,2.540883,0.040654,479.62890625,5.9921875
aws,ap-south-1,IN,500,memory-heavy,m5a.xlarge,2,1.809217,0.006694,605.22265625,23.890625
aws,ap-southeast-1,SG,2048,io-heavy,m5a.xlarge,2,4.641133,0.033416,479.62890625,5.9921875
aws,ap-south-1,IN,500,memory-heavy,m5a.xlarge,4,1.67685,0.012409,605.22265625,23.890625
aws,ap-southeast-1,SG,2048,io-heavy,m5a.xlarge,4,3.14485,0.045286,479.62890625,5.9921875
aws,ap-south-1,IN,500,memory-heavy,m6i.xlarge,2,1.006083,0.006774,605.22265625,23.890625
aws,ap-south-1,IN,500,memory-heavy,m6i.xlarge,4,1.03915,0.013994,605.22265625,23.890625
aws,ap-southeast-1,SG,2048,io-heavy,c5.xlarge,2,3.43985,0.022474,479.62890625,5.9921875
aws,ap-south-1,IN,500,memory-heavy,c5.xlarge,2,1.372167,0.007776,605.22265625,23.890625
aws,ap-southeast-1,SG,2048,io-heavy,c5.xlarge,4,2.072967,0.027087,479.62890625,5.9921875
aws,ap-south-1,IN,500,memory-heavy,c5.xlarge,4,1.172667,0.01329,605.22265625,23.890625
aws,ap-southeast-1,SG,2048,io-heavy,c5a.xlarge,2,3.305133,0.01939,479.62890625,5.9921875
aws,ap-south-1,IN,500,memory-heavy,c5a.xlarge,2,1.105533,0.003464,605.22265625,23.890625
aws,ap-south-1,IN,500,memory-heavy,c5a.xlarge,4,0.9727,0.006096,605.22265625,23.890625
aws,ap-southeast-1,SG,2048,io-heavy,c5a.xlarge,4,1.7727,0.0208,479.62890625,5.9921875
aws,ap-south-1,IN,500,memory-heavy,c6i.xlarge,2,1.005833,0.0057,605.22265625,23.890625
aws,ap-southeast-1,SG,2048,io-heavy,c6i.xlarge,2,3.00435,0.019628,479.62890625,5.9921875
aws,ap-south-1,IN,500,memory-heavy,c6i.xlarge,4,0.905367,0.010261,605.22265625,23.890625
aws,ap-southeast-1,SG,2048,io-heavy,c6i.xlarge,4,1.9727,0.025777,479.62890625,5.9921875
aws,ap-south-1,IN,500,io-heavy,m5a.xlarge,2,1.909433,0.007065,605.22265625,23.890625
aws,ap-southeast-1,SG,3072,cpu-heavy,m5.xlarge,2,3.84265,0.030741,479.62890625,5.9921875
aws,ap-south-1,IN,500,io-heavy,m5a.xlarge,4,1.809617,0.013391,605.22265625,23.890625
aws,ap-southeast-1,SG,3072,cpu-heavy,m5.xlarge,4,2.3729,0.037966,479.62890625,5.9921875
aws,ap-south-1,IN,500,io-heavy,m6i.xlarge,2,1.138533,0.007666,605.22265625,23.890625
aws,ap-south-1,IN,500,io-heavy,m6i.xlarge,4,1.138817,0.015336,605.22265625,23.890625
aws,ap-southeast-1,SG,3072,cpu-heavy,m5a.xlarge,2,4.944383,0.0356,479.62890625,5.9921875
aws,ap-south-1,IN,500,io-heavy,c5.xlarge,2,1.3066,0.007404,605.22265625,23.890625
aws,ap-southeast-1,SG,3072,cpu-heavy,m5a.xlarge,4,2.975683,0.04285,479.62890625,5.9921875
aws,ap-south-1,IN,500,io-heavy,c5.xlarge,4,1.172367,0.013287,605.22265625,23.890625
aws,ap-southeast-1,SG,3072,cpu-heavy,c5.xlarge,2,3.473467,0.022693,479.62890625,5.9921875
aws,ap-south-1,IN,500,io-heavy,c5a.xlarge,2,1.20605,0.003779,605.22265625,23.890625
aws,ap-south-1,IN,500,io-heavy,c5a.xlarge,4,1.004967,0.006298,605.22265625,23.890625
aws,ap-southeast-1,SG,3072,cpu-heavy,c5.xlarge,4,1.939467,0.025342,479.62890625,5.9921875
aws,ap-south-1,IN,500,io-heavy,c6i.xlarge,2,1.171733,0.00664,605.22265625,23.890625
aws,ap-southeast-1,SG,3072,cpu-heavy,c5a.xlarge,2,3.372333,0.019784,479.62890625,5.9921875
aws,ap-south-1,IN,500,io-heavy,c6i.xlarge,4,1.172083,0.013284,605.22265625,23.890625
aws,ap-southeast-1,SG,3072,cpu-heavy,c5a.xlarge,4,1.8722,0.021967,479.62890625,5.9921875
aws,ap-south-1,IN,1024,cpu-heavy,m5a.xlarge,2,2.37405,0.008784,605.22265625,23.890625
aws,ap-southeast-1,SG,3072,cpu-heavy,c6i.xlarge,2,3.006217,0.019641,479.62890625,5.9921875
aws,ap-southeast-1,SG,3072,cpu-heavy,c6i.xlarge,4,1.77415,0.023182,479.62890625,5.9921875
aws,ap-south-1,IN,1024,cpu-heavy,m5a.xlarge,4,1.843583,0.013643,605.22265625,23.890625
aws,ap-south-1,IN,1024,cpu-heavy,m6i.xlarge,2,1.373667,0.009249,605.22265625,23.890625
aws,ap-southeast-1,SG,3072,memory-heavy,m5.xlarge,2,3.774883,0.030199,479.62890625,5.9921875
aws,ap-south-1,IN,1024,cpu-heavy,m6i.xlarge,4,1.105533,0.014888,605.22265625,23.890625
aws,ap-southeast-1,SG,3072,memory-heavy,m5.xlarge,4,2.538933,0.040623,479.62890625,5.9921875
aws,ap-south-1,IN,1024,cpu-heavy,c5.xlarge,2,1.638283,0.009284,605.22265625,23.890625
aws,ap-south-1,IN,1024,cpu-heavy,c5.xlarge,4,1.24305,0.014088,605.22265625,23.890625
aws,ap-southeast-1,SG,3072,memory-heavy,m5a.xlarge,2,5.2432,0.037751,479.62890625,5.9921875
aws,ap-south-1,IN,1024,cpu-heavy,c5a.xlarge,2,1.471833,0.004612,605.22265625,23.890625
aws,ap-southeast-1,SG,3072,memory-heavy,m5a.xlarge,4,3.076367,0.0443,479.62890625,5.9921875
aws,ap-south-1,IN,1024,cpu-heavy,c5a.xlarge,4,1.17255,0.007348,605.22265625,23.890625
aws,ap-south-1,IN,1024,cpu-heavy,c6i.xlarge,2,1.33875,0.007586,605.22265625,23.890625
aws,ap-southeast-1,SG,3072,memory-heavy,c5.xlarge,2,3.706767,0.024218,479.62890625,5.9921875
aws,ap-south-1,IN,1024,cpu-heavy,c6i.xlarge,2,1.33975,0.007592,605.22265625,23.890625
aws,ap-south-1,IN,1024,cpu-heavy,c6i.xlarge,4,1.071483,0.012143,605.22265625,23.890625
aws,ap-south-1,IN,1024,cpu-heavy,c6i.xlarge,4,1.239283,0.014045,605.22265625,23.890625
aws,ap-southeast-1,SG,3072,memory-heavy,c5.xlarge,4,1.839817,0.02404,479.62890625,5.9921875
aws,ap-south-1,IN,1024,memory-heavy,c6i.xlarge,2,1.404633,0.00796,605.22265625,23.890625
aws,ap-south-1,IN,1024,memory-heavy,m5a.xlarge,2,2.444817,0.009046,605.22265625,23.890625
aws,ap-southeast-1,SG,3072,memory-heavy,c5a.xlarge,2,3.3067,0.019399,479.62890625,5.9921875
aws,ap-south-1,IN,1024,memory-heavy,c6i.xlarge,4,1.271683,0.014412,605.22265625,23.890625
aws,ap-southeast-1,SG,3072,memory-heavy,c5a.xlarge,4,1.773633,0.020811,479.62890625,5.9921875
aws,ap-south-1,IN,1024,memory-heavy,m5a.xlarge,4,1.907767,0.014117,605.22265625,23.890625
aws,ap-south-1,IN,1024,io-heavy,c6i.xlarge,2,1.537767,0.008714,605.22265625,23.890625
aws,ap-south-1,IN,1024,memory-heavy,m6i.xlarge,2,1.605817,0.010813,605.22265625,23.890625
aws,ap-southeast-1,SG,3072,memory-heavy,c6i.xlarge,2,3.006133,0.01964,479.62890625,5.9921875
aws,ap-south-1,IN,1024,io-heavy,c6i.xlarge,4,1.13975,0.012917,605.22265625,23.890625
aws,ap-southeast-1,SG,3072,memory-heavy,c6i.xlarge,4,1.642,0.021455,479.62890625,5.9921875
aws,ap-south-1,IN,1024,memory-heavy,m6i.xlarge,4,1.172483,0.015789,605.22265625,23.890625
aws,ap-south-1,IN,1024,memory-heavy,c5.xlarge,2,1.6403,0.009295,605.22265625,23.890625
aws,ap-south-1,IN,2048,cpu-heavy,c6i.xlarge,2,2.372517,0.013444,605.22265625,23.890625
aws,ap-southeast-1,SG,3072,io-heavy,m5.xlarge,2,5.1073,0.040858,479.62890625,5.9921875
aws,ap-south-1,IN,1024,memory-heavy,c5.xlarge,4,1.272517,0.014422,605.22265625,23.890625
aws,ap-south-1,IN,2048,cpu-heavy,c6i.xlarge,4,1.2396,0.014049,605.22265625,23.890625
aws,ap-southeast-1,SG,3072,io-heavy,m5.xlarge,4,3.040433,0.048647,479.62890625,5.9921875
aws,ap-south-1,IN,1024,memory-heavy,c5a.xlarge,2,1.538767,0.004821,605.22265625,23.890625
aws,ap-south-1,IN,2048,memory-heavy,c6i.xlarge,2,2.206583,0.012504,605.22265625,23.890625
aws,ap-south-1,IN,1024,memory-heavy,c5a.xlarge,4,1.406083,0.008811,605.22265625,23.890625
aws,ap-southeast-1,SG,3072,io-heavy,m5a.xlarge,2,6.141867,0.044221,479.62890625,5.9921875
aws,ap-south-1,IN,1024,io-heavy,m5a.xlarge,2,2.675367,0.009899,605.22265625,23.890625
aws,ap-southeast-1,SG,3072,io-heavy,m5a.xlarge,4,3.6102,0.051987,479.62890625,5.9921875
aws,ap-south-1,IN,2048,memory-heavy,c6i.xlarge,4,1.272233,0.014419,605.22265625,23.890625
aws,ap-south-1,IN,1024,io-heavy,m5a.xlarge,4,2.1084,0.015602,605.22265625,23.890625
aws,ap-southeast-1,SG,3072,io-heavy,c5.xlarge,2,4.405583,0.028783,479.62890625,5.9921875
aws,ap-south-1,IN,2048,io-heavy,c6i.xlarge,2,2.572517,0.014578,605.22265625,23.890625
aws,ap-southeast-1,SG,3072,io-heavy,c5.xlarge,4,2.206367,0.02883,479.62890625,5.9921875
aws,ap-south-1,IN,2048,io-heavy,c6i.xlarge,4,1.538883,0.017441,605.22265625,23.890625
aws,ap-south-1,IN,3072,cpu-heavy,c6i.xlarge,2,3.071567,0.017406,605.22265625,23.890625
aws,ap-southeast-1,SG,3072,io-heavy,c5a.xlarge,2,4.105717,0.024087,479.62890625,5.9921875
aws,ap-south-1,IN,1024,io-heavy,m6i.xlarge,4,1.339133,0.018034,605.22265625,23.890625
aws,ap-south-1,IN,3072,cpu-heavy,c6i.xlarge,4,1.504883,0.017055,605.22265625,23.890625
aws,ap-southeast-1,SG,3072,io-heavy,c5a.xlarge,4,2.0387,0.023921,479.62890625,5.9921875
aws,ap-south-1,IN,1024,io-heavy,c5.xlarge,2,1.872483,0.010611,605.22265625,23.890625
aws,ap-south-1,IN,3072,memory-heavy,c6i.xlarge,2,2.839083,0.016088,605.22265625,23.890625
aws,ap-southeast-1,SG,3072,io-heavy,c6i.xlarge,2,3.704933,0.024206,479.62890625,5.9921875
aws,ap-south-1,IN,1024,io-heavy,c5.xlarge,4,1.30565,0.014797,605.22265625,23.890625
aws,ap-south-1,IN,3072,memory-heavy,c6i.xlarge,4,1.60535,0.018194,605.22265625,23.890625
aws,ap-southeast-1,SG,3072,io-heavy,c6i.xlarge,4,1.906283,0.024909,479.62890625,5.9921875
aws,ap-south-1,IN,1024,io-heavy,c5a.xlarge,2,1.7391,0.005449,605.22265625,23.890625
aws,ap-south-1,IN,3072,io-heavy,c6i.xlarge,2,3.544033,0.020083,605.22265625,23.890625
aws,ap-southeast-1,SG,5120,cpu-heavy,m5a.xlarge,2,7.576717,0.054552,479.62890625,5.9921875
aws,ap-south-1,IN,1024,io-heavy,c5a.xlarge,4,1.241767,0.007782,605.22265625,23.890625
aws,ap-south-1,IN,3072,io-heavy,c6i.xlarge,4,1.805733,0.020465,605.22265625,23.890625
aws,ap-southeast-1,SG,5120,cpu-heavy,c5.xlarge,2,5.7403,0.037503,479.62890625,5.9921875
aws,ap-south-1,IN,2048,cpu-heavy,m5a.xlarge,2,3.713717,0.013741,605.22265625,23.890625
aws,ap-south-1,IN,5120,cpu-heavy,c6i.xlarge,2,4.2387,0.024019,605.22265625,23.890625
aws,ap-southeast-1,SG,5120,cpu-heavy,c6i.xlarge,2,4.50465,0.02943,479.62890625,5.9921875
aws,ap-south-1,IN,2048,cpu-heavy,m5a.xlarge,4,2.308583,0.017084,605.22265625,23.890625
aws,ap-south-1,IN,5120,cpu-heavy,c6i.xlarge,4,2.3719,0.026882,605.22265625,23.890625
aws,ap-southeast-1,SG,5120,memory-heavy,m5a.xlarge,2,7.776,0.055987,479.62890625,5.9921875
aws,ap-south-1,IN,2048,cpu-heavy,m6i.xlarge,2,2.571267,0.017313,605.22265625,23.890625
aws,ap-south-1,IN,5120,memory-heavy,c6i.xlarge,2,4.305667,0.024399,605.22265625,23.890625
aws,ap-southeast-1,SG,5120,memory-heavy,c5.xlarge,2,5.273183,0.034451,479.62890625,5.9921875
aws,ap-south-1,IN,2048,cpu-heavy,m6i.xlarge,4,1.438,0.019365,605.22265625,23.890625
aws,ap-south-1,IN,5120,memory-heavy,c6i.xlarge,4,2.33915,0.02651,605.22265625,23.890625
aws,ap-south-1,IN,2048,cpu-heavy,c5.xlarge,2,2.505583,0.014198,605.22265625,23.890625
aws,ap-southeast-1,SG,5120,memory-heavy,c6i.xlarge,2,4.371883,0.028563,479.62890625,5.9921875
aws,ap-south-1,IN,5120,io-heavy,c6i.xlarge,2,5.4049,0.030628,605.22265625,23.890625
aws,ap-south-1,IN,2048,cpu-heavy,c5.xlarge,4,1.438617,0.016304,605.22265625,23.890625
aws,ap-southeast-1,SG,5120,io-heavy,m5a.xlarge,2,9.8097,0.07063,479.62890625,5.9921875
aws,ap-south-1,IN,5120,io-heavy,c6i.xlarge,4,2.3392,0.026511,605.22265625,23.890625
aws,ap-south-1,IN,2048,cpu-heavy,c5a.xlarge,2,2.505417,0.00785,605.22265625,23.890625
aws,ap-southeast-1,SG,5120,io-heavy,c5.xlarge,2,7.374,0.048177,479.62890625,5.9921875
aws,ap-southeast-1,SG,5120,io-heavy,c5a.xlarge,2,6.405533,0.037579,479.62890625,5.9921875
aws,ap-south-1,IN,2048,cpu-heavy,c5a.xlarge,4,1.572033,0.009851,605.22265625,23.890625
aws,ap-southeast-1,SG,5120,io-heavy,c6i.xlarge,2,5.83905,0.038148,479.62890625,5.9921875
aws,ap-south-1,IN,2048,memory-heavy,m5a.xlarge,2,3.875483,0.014339,605.22265625,23.890625
aws,ap-south-1,IN,2048,memory-heavy,m5a.xlarge,4,2.54255,0.018815,605.22265625,23.890625
aws,ap-south-1,IN,2048,memory-heavy,m6i.xlarge,2,2.1383,0.014398,605.22265625,23.890625
aws,ap-south-1,IN,2048,memory-heavy,m6i.xlarge,4,1.53875,0.020722,605.22265625,23.890625
aws,ap-south-1,IN,2048,memory-heavy,c5.xlarge,2,2.3729,0.013446,605.22265625,23.890625
aws,ap-south-1,IN,2048,memory-heavy,c5.xlarge,4,1.5391,0.017443,605.22265625,23.890625
aws,ap-south-1,IN,2048,memory-heavy,c5a.xlarge,2,2.306583,0.007227,605.22265625,23.890625
aws,ap-south-1,IN,2048,memory-heavy,c5a.xlarge,4,1.405333,0.008807,605.22265625,23.890625
aws,ap-south-1,IN,2048,io-heavy,m5a.xlarge,2,4.376217,0.016192,605.22265625,23.890625
aws,ap-south-1,IN,2048,io-heavy,m5a.xlarge,4,2.842583,0.021035,605.22265625,23.890625
aws,ap-south-1,IN,2048,io-heavy,m6i.xlarge,2,2.671,0.017985,605.22265625,23.890625
aws,ap-south-1,IN,2048,io-heavy,m6i.xlarge,4,1.805367,0.024312,605.22265625,23.890625
aws,ap-south-1,IN,2048,io-heavy,c5.xlarge,2,2.972833,0.016846,605.22265625,23.890625
aws,ap-south-1,IN,2048,io-heavy,c5.xlarge,4,1.673233,0.018963,605.22265625,23.890625
aws,ap-south-1,IN,2048,io-heavy,c5a.xlarge,2,2.80665,0.008794,605.22265625,23.890625
aws,ap-south-1,IN,2048,io-heavy,c5a.xlarge,4,1.538333,0.00964,605.22265625,23.890625
aws,ap-south-1,IN,3072,cpu-heavy,m5a.xlarge,2,4.741583,0.017544,605.22265625,23.890625
aws,ap-south-1,IN,3072,cpu-heavy,m5a.xlarge,4,2.807467,0.020775,605.22265625,23.890625
aws,ap-south-1,IN,3072,cpu-heavy,m6i.xlarge,2,2.973267,0.02002,605.22265625,23.890625
aws,ap-south-1,IN,3072,cpu-heavy,m6i.xlarge,4,1.837967,0.024751,605.22265625,23.890625
aws,ap-south-1,IN,3072,cpu-heavy,c5.xlarge,2,3.0397,0.017225,605.22265625,23.890625
aws,ap-south-1,IN,3072,cpu-heavy,c5.xlarge,4,1.772383,0.020087,605.22265625,23.890625
aws,ap-south-1,IN,3072,cpu-heavy,c5a.xlarge,2,3.0384,0.00952,605.22265625,23.890625
aws,ap-south-1,IN,3072,cpu-heavy,c5a.xlarge,4,1.57235,0.009853,605.22265625,23.890625
aws,ap-south-1,IN,3072,memory-heavy,m5a.xlarge,2,5.04415,0.018663,605.22265625,23.890625
aws,ap-south-1,IN,3072,memory-heavy,m5a.xlarge,4,3.042483,0.022514,605.22265625,23.890625
aws,ap-south-1,IN,3072,memory-heavy,m6i.xlarge,2,2.83995,0.019122,605.22265625,23.890625
aws,ap-south-1,IN,3072,memory-heavy,m6i.xlarge,4,1.8727,0.025219,605.22265625,23.890625
aws,ap-south-1,IN,3072,memory-heavy,c5.xlarge,2,3.172683,0.017979,605.22265625,23.890625
aws,ap-south-1,IN,3072,memory-heavy,c5.xlarge,4,1.839933,0.020853,605.22265625,23.890625
aws,ap-south-1,IN,3072,memory-heavy,c5a.xlarge,2,3.139283,0.009836,605.22265625,23.890625
aws,ap-south-1,IN,3072,memory-heavy,c5a.xlarge,4,1.639383,0.010273,605.22265625,23.890625
aws,ap-south-1,IN,3072,io-heavy,m5a.xlarge,2,5.908833,0.021863,605.22265625,23.890625
aws,ap-south-1,IN,3072,io-heavy,m5a.xlarge,4,3.442417,0.025474,605.22265625,23.890625
aws,ap-south-1,IN,3072,io-heavy,m6i.xlarge,2,3.272717,0.022036,605.22265625,23.890625
aws,ap-south-1,IN,3072,io-heavy,m6i.xlarge,4,2.1391,0.028807,605.22265625,23.890625
aws,ap-south-1,IN,3072,io-heavy,c5.xlarge,2,3.772217,0.021376,605.22265625,23.890625
aws,ap-south-1,IN,3072,io-heavy,c5.xlarge,4,2.139617,0.024249,605.22265625,23.890625
aws,ap-south-1,IN,3072,io-heavy,c5a.xlarge,2,3.8051,0.011923,605.22265625,23.890625
aws,ap-south-1,IN,3072,io-heavy,c5a.xlarge,4,1.9061,0.011945,605.22265625,23.890625
aws,ap-south-1,IN,5120,cpu-heavy,m5a.xlarge,2,7.24195,0.026795,605.22265625,23.890625
aws,ap-south-1,IN,5120,cpu-heavy,m5a.xlarge,4,3.798233,0.028107,605.22265625,23.890625
aws,ap-south-1,IN,5120,cpu-heavy,m6i.xlarge,2,4.1057,0.027645,605.22265625,23.890625
aws,ap-south-1,IN,5120,cpu-heavy,m6i.xlarge,4,2.338183,0.031488,605.22265625,23.890625
aws,ap-south-1,IN,5120,cpu-heavy,c5.xlarge,2,4.605717,0.026099,605.22265625,23.890625
aws,ap-south-1,IN,5120,cpu-heavy,c5.xlarge,4,2.339417,0.026513,605.22265625,23.890625
aws,ap-south-1,IN,5120,cpu-heavy,c5a.xlarge,2,4.572133,0.014326,605.22265625,23.890625
aws,ap-south-1,IN,5120,cpu-heavy,c5a.xlarge,4,2.2061,0.013825,605.22265625,23.890625
aws,ap-south-1,IN,5120,memory-heavy,m5a.xlarge,2,7.241583,0.026794,605.22265625,23.890625
aws,ap-south-1,IN,5120,memory-heavy,m5a.xlarge,4,4.17555,0.030899,605.22265625,23.890625
aws,ap-south-1,IN,5120,memory-heavy,m6i.xlarge,2,4.2726,0.028769,605.22265625,23.890625
aws,ap-south-1,IN,5120,memory-heavy,m6i.xlarge,4,2.604567,0.035075,605.22265625,23.890625
aws,ap-south-1,IN,5120,memory-heavy,c5.xlarge,2,4.772967,0.027047,605.22265625,23.890625
aws,ap-south-1,IN,5120,memory-heavy,c5.xlarge,4,2.540917,0.028797,605.22265625,23.890625
aws,ap-south-1,IN,5120,memory-heavy,c5a.xlarge,2,4.738467,0.014847,605.22265625,23.890625
aws,ap-south-1,IN,5120,memory-heavy,c5a.xlarge,4,2.271983,0.014238,605.22265625,23.890625
aws,ap-south-1,IN,5120,io-heavy,m5a.xlarge,2,9.343017,0.034569,605.22265625,23.890625
aws,ap-south-1,IN,5120,io-heavy,m5a.xlarge,4,4.774433,0.035331,605.22265625,23.890625
aws,ap-south-1,IN,5120,io-heavy,m6i.xlarge,2,5.2413,0.035291,605.22265625,23.890625
aws,ap-south-1,IN,5120,io-heavy,m6i.xlarge,4,3.405933,0.045867,605.22265625,23.890625
aws,ap-south-1,IN,5120,io-heavy,c5.xlarge,2,6.40755,0.036309,605.22265625,23.890625
aws,ap-south-1,IN,5120,io-heavy,c5.xlarge,4,2.9398,0.033318,605.22265625,23.890625
aws,ap-south-1,IN,5120,io-heavy,c5a.xlarge,2,6.1057,0.019131,605.22265625,23.890625
aws,ap-south-1,IN,5120,io-heavy,c5a.xlarge,4,2.739417,0.017167,605.22265625,23.890625
aws,ap-south-1,IN,1024,io-heavy,m6i.xlarge,2,1.57255,0.010589,605.22265625,23.890625
aws,ap-south-1,IN,100,memory-heavy,m5a.xlarge,2,1.210283,0.004478,605.22265625,23.890625
aws,ap-south-1,IN,1024,io-heavy,c6i.xlarge,4,1.137583,0.012893,605.22265625,23.890625
aws,ap-south-1,IN,10,io-heavy,c6i.xlarge,4,0.771883,0.008748,605.22265625,23.890625
aws,ap-south-1,IN,10,cpu-heavy,m5.xlarge,4,0.974117,0.013118,605.22265625,23.890625
aws,ap-south-1,IN,1024,cpu-heavy,m5a.xlarge,4,1.8092,0.013388,605.22265625,23.890625
aws,ap-south-1,IN,10,io-heavy,m5a.xlarge,2,1.14255,0.004227,605.22265625,23.890625
aws,ap-south-1,IN,10,io-heavy,m5a.xlarge,2,1.10835,0.004101,605.22265625,23.890625
aws,ap-south-1,IN,500,memory-heavy,c6i.xlarge,2,1.0713,0.006071,605.22265625,23.890625
aws,ap-south-1,IN,1024,cpu-heavy,m6i.xlarge,2,1.372317,0.00924,605.22265625,23.890625
aws,ap-south-1,IN,3072,io-heavy,m5a.xlarge,2,5.94215,0.021986,605.22265625,23.890625
aws,ap-south-1,IN,500,memory-heavy,c6i.xlarge,4,0.9045,0.010251,605.22265625,23.890625
aws,ap-south-1,IN,100,memory-heavy,c6i.xlarge,4,0.80585,0.009133,605.22265625,23.890625
aws,ap-south-1,IN,10,memory-heavy,m6i.xlarge,4,1.005283,0.013538,605.22265625,23.890625
aws,ap-south-1,IN,100,cpu-heavy,c5.xlarge,4,0.906067,0.010269,605.22265625,23.890625
aws,ap-south-1,IN,500,cpu-heavy,m5a.xlarge,4,1.576017,0.011663,605.22265625,23.890625
aws,ap-south-1,IN,500,io-heavy,c5.xlarge,4,1.106917,0.012545,605.22265625,23.890625
aws,ap-south-1,IN,10,memory-heavy,c5a.xlarge,4,0.838967,0.005258,605.22265625,23.890625
aws,ap-south-1,IN,500,memory-heavy,c6i.xlarge,4,0.874633,0.009913,605.22265625,23.890625
aws,ap-south-1,IN,10,cpu-heavy,c5a.xlarge,2,0.705417,0.00221,605.22265625,23.890625
aws,ap-south-1,IN,10,io-heavy,c5.xlarge,4,0.906817,0.010277,605.22265625,23.890625
aws,ap-south-1,IN,500,memory-heavy,c5a.xlarge,2,1.205267,0.003777,605.22265625,23.890625
aws,ap-south-1,IN,10,io-heavy,m6i.xlarge,2,0.70505,0.004747,605.22265625,23.890625
aws,ap-south-1,IN,2048,cpu-heavy,m5.xlarge,4,1.90725,0.025684,605.22265625,23.890625
aws,ap-south-1,IN,100,cpu-heavy,m5.xlarge,4,1.0068,0.013558,605.22265625,23.890625
aws,ap-south-1,IN,10,cpu-heavy,c5.xlarge,4,0.87325,0.009897,605.22265625,23.890625
aws,ap-south-1,IN,1024,cpu-heavy,m6i.xlarge,4,1.072483,0.014443,605.22265625,23.890625
aws,ap-south-1,IN,100,cpu-heavy,m6i.xlarge,4,0.872067,0.011744,605.22265625,23.890625
aws,ap-south-1,IN,2048,memory-heavy,m5.xlarge,4,2.039783,0.027469,605.22265625,23.890625
aws,ap-south-1,IN,1024,memory-heavy,c5.xlarge,4,1.339633,0.015183,605.22265625,23.890625
aws,ap-south-1,IN,500,memory-heavy,c6i.xlarge,2,1.043667,0.005914,605.22265625,23.890625
aws,ap-south-1,IN,100,cpu-heavy,m6i.xlarge,2,0.772167,0.005199,605.22265625,23.890625
aws,ap-south-1,IN,500,io-heavy,m5.xlarge,4,1.407717,0.018957,605.22265625,23.890625
aws,ap-south-1,IN,500,cpu-heavy,c5a.xlarge,4,1.004683,0.006296,605.22265625,23.890625
aws,ap-south-1,IN,2048,cpu-heavy,m6i.xlarge,2,2.105583,0.014178,605.22265625,23.890625
aws,ap-south-1,IN,100,cpu-heavy,c5.xlarge,2,0.872783,0.004946,605.22265625,23.890625
aws,ap-south-1,IN,1024,io-heavy,m5a.xlarge,2,2.6419,0.009775,605.22265625,23.890625
aws,ap-south-1,IN,10,cpu-heavy,c5.xlarge,4,1.110183,0.012582,605.22265625,23.890625
aws,ap-south-1,IN,100,cpu-heavy,m5.xlarge,4,1.072733,0.014446,605.22265625,23.890625
aws,ap-south-1,IN,2048,memory-heavy,c5.xlarge,4,1.5729,0.017826,605.22265625,23.890625
aws,ap-south-1,IN,10,io-heavy,m6i.xlarge,4,0.872833,0.011754,605.22265625,23.890625
aws,ap-south-1,IN,100,memory-heavy,c6i.xlarge,4,0.805083,0.009124,605.22265625,23.890625
aws,ap-south-1,IN,100,io-heavy,m5.xlarge,2,0.9743,0.00656,605.22265625,23.890625
aws,ap-south-1,IN,500,memory-heavy,m5.xlarge,2,1.343167,0.009044,605.22265625,23.890625
aws,ap-south-1,IN,500,io-heavy,m6i.xlarge,2,1.171583,0.007889,605.22265625,23.890625
aws,ap-south-1,IN,1024,io-heavy,m5.xlarge,2,2.440383,0.016432,605.22265625,23.890625
aws,ap-south-1,IN,10,memory-heavy,m6i.xlarge,4,0.8388,0.011296,605.22265625,23.890625
aws,ap-south-1,IN,10,io-heavy,m5a.xlarge,2,1.142083,0.004226,605.22265625,23.890625
aws,ap-south-1,IN,100,cpu-heavy,c5.xlarge,4,0.83965,0.009516,605.22265625,23.890625
aws,ap-south-1,IN,500,memory-heavy,c5.xlarge,2,1.242633,0.007042,605.22265625,23.890625
aws,ap-south-1,IN,100,memory-heavy,c6i.xlarge,2,0.772117,0.004375,605.22265625,23.890625
aws,ap-south-1,IN,500,io-heavy,c6i.xlarge,4,0.938183,0.010633,605.22265625,23.890625
aws,ap-south-1,IN,100,cpu-heavy,m6i.xlarge,2,0.7388,0.004975,605.22265625,23.890625
aws,ap-southeast-1,SG,10,io-heavy,m5a.xlarge,2,1.207833,0.008696,479.62890625,5.9921875
aws,ap-southeast-1,SG,2048,cpu-heavy,m6i.xlarge,4,1.572367,0.025158,479.62890625,5.9921875
aws,ap-south-1,IN,2048,memory-heavy,c6i.xlarge,2,2.037817,0.011548,605.22265625,23.890625
aws,ap-south-1,IN,500,io-heavy,m5.xlarge,4,1.37305,0.01849,605.22265625,23.890625
aws,ap-south-1,IN,10,io-heavy,c6i.xlarge,2,0.7044,0.003992,605.22265625,23.890625
aws,ap-south-1,IN,5120,memory-heavy,m5.xlarge,4,3.306067,0.044522,605.22265625,23.890625
aws,ap-south-1,IN,100,memory-heavy,c5.xlarge,4,0.97275,0.011025,605.22265625,23.890625
aws,ap-southeast-1,SG,10,memory-heavy,m5a.xlarge,2,1.174567,0.008457,479.62890625,5.9921875
aws,ap-southeast-1,SG,1024,memory-heavy,m5a.xlarge,2,2.544633,0.018321,479.62890625,5.9921875
aws,ap-southeast-1,SG,10,io-heavy,c6i.xlarge,2,0.838467,0.005478,479.62890625,5.9921875
aws,ap-south-1,IN,100,io-heavy,c5a.xlarge,2,0.871483,0.002731,605.22265625,23.890625
aws,ap-south-1,IN,2048,memory-heavy,m5.xlarge,4,1.939483,0.026118,605.22265625,23.890625
aws,ap-southeast-1,SG,500,cpu-heavy,m5a.xlarge,4,1.54125,0.022194,479.62890625,5.9921875
aws,ap-south-1,IN,100,cpu-heavy,m6i.xlarge,4,0.905317,0.012192,605.22265625,23.890625
aws,ap-southeast-1,SG,10,io-heavy,m5a.xlarge,2,1.37455,0.009897,479.62890625,5.9921875
aws,ap-south-1,IN,2048,io-heavy,m6i.xlarge,4,1.8053,0.024311,605.22265625,23.890625
aws,ap-southeast-1,SG,10,cpu-heavy,c5.xlarge,4,0.906933,0.011851,479.62890625,5.9921875
aws,ap-south-1,IN,10,io-heavy,c6i.xlarge,4,0.805117,0.009125,605.22265625,23.890625
aws,ap-south-1,IN,100,memory-heavy,m6i.xlarge,2,0.771733,0.005196,605.22265625,23.890625
aws,ap-southeast-1,SG,100,io-heavy,c5a.xlarge,2,0.972883,0.005708,479.62890625,5.9921875
aws,ap-southeast-1,SG,2048,cpu-heavy,c5.xlarge,4,1.573133,0.020556,479.62890625,5.9921875
aws,ap-south-1,IN,500,memory-heavy,m5.xlarge,4,1.2746,0.017165,605.22265625,23.890625
aws,ap-southeast-1,SG,10,memory-heavy,c5a.xlarge,2,0.80565,0.004726,479.62890625,5.9921875
aws,ap-southeast-1,SG,100,memory-heavy,c6i.xlarge,2,0.8062,0.005267,479.62890625,5.9921875
aws,ap-south-1,IN,10,io-heavy,m5a.xlarge,4,1.309333,0.009689,605.22265625,23.890625
aws,ap-southeast-1,SG,500,io-heavy,c6i.xlarge,2,1.305917,0.008532,479.62890625,5.9921875
aws,ap-south-1,IN,10,io-heavy,m5a.xlarge,2,1.175783,0.00435,605.22265625,23.890625
aws,ap-south-1,IN,100,cpu-heavy,c5a.xlarge,2,0.771617,0.002418,605.22265625,23.890625
aws,ap-southeast-1,SG,10,memory-heavy,m5a.xlarge,4,1.4767,0.021264,479.62890625,5.9921875
aws,ap-southeast-1,SG,100,io-heavy,m6i.xlarge,2,0.972233,0.007778,479.62890625,5.9921875
aws,ap-south-1,IN,500,cpu-heavy,m6i.xlarge,2,1.00695,0.00678,605.22265625,23.890625
aws,ap-south-1,IN,500,io-heavy,m5.xlarge,2,1.473033,0.009918,605.22265625,23.890625
aws,ap-southeast-1,SG,10,io-heavy,m5.xlarge,2,1.139483,0.009116,479.62890625,5.9921875
aws,ap-southeast-1,SG,100,memory-heavy,c6i.xlarge,2,0.805117,0.00526,479.62890625,5.9921875
aws,ap-south-1,IN,100,cpu-heavy,c6i.xlarge,4,0.77235,0.008753,605.22265625,23.890625
aws,ap-south-1,IN,2048,io-heavy,m5.xlarge,4,2.240483,0.030172,605.22265625,23.890625
aws,ap-southeast-1,SG,500,io-heavy,m5a.xlarge,4,1.807483,0.026028,479.62890625,5.9921875
aws,ap-southeast-1,SG,10,io-heavy,m6i.xlarge,4,0.9384,0.015014,479.62890625,5.9921875
aws,ap-southeast-1,SG,10,memory-heavy,m5.xlarge,4,1.106633,0.017706,479.62890625,5.9921875
aws,ap-south-1,IN,500,memory-heavy,m5.xlarge,2,1.50585,0.010139,605.22265625,23.890625
aws,ap-south-1,IN,100,memory-heavy,c5.xlarge,2,0.839467,0.004757,605.22265625,23.890625
aws,ap-south-1,IN,100,io-heavy,m5.xlarge,4,1.106183,0.014897,605.22265625,23.890625
aws,ap-southeast-1,SG,1024,io-heavy,m5.xlarge,4,1.873217,0.029971,479.62890625,5.9921875
aws,ap-southeast-1,SG,500,memory-heavy,m6i.xlarge,2,1.0719,0.008575,479.62890625,5.9921875
aws,ap-south-1,IN,10,cpu-heavy,c5.xlarge,4,0.8729,0.009893,605.22265625,23.890625
aws,ap-south-1,IN,10,io-heavy,m5.xlarge,2,0.873667,0.005883,605.22265625,23.890625
aws,ap-southeast-1,SG,10,cpu-heavy,c6i.xlarge,4,0.839117,0.010964,479.62890625,5.9921875
aws,ap-southeast-1,SG,10,cpu-heavy,m5.xlarge,4,1.03955,0.016633,479.62890625,5.9921875
aws,ap-south-1,IN,500,memory-heavy,c5a.xlarge,4,0.972317,0.006093,605.22265625,23.890625
aws,ap-south-1,IN,10,io-heavy,c5a.xlarge,2,0.7717,0.002418,605.22265625,23.890625
aws,ap-southeast-1,SG,10,io-heavy,m5.xlarge,2,0.9733,0.007786,479.62890625,5.9921875
aws,ap-southeast-1,SG,10,io-heavy,c5a.xlarge,2,0.871683,0.005114,479.62890625,5.9921875
aws,ap-southeast-1,SG,100,cpu-heavy,c5.xlarge,4,0.973083,0.012715,479.62890625,5.9921875
aws,ap-southeast-1,SG,10,cpu-heavy,m6i.xlarge,4,0.839167,0.013427,479.62890625,5.9921875
aws,ap-south-1,IN,1024,io-heavy,c5a.xlarge,2,1.705467,0.005344,605.22265625,23.890625
aws,ap-south-1,IN,100,memory-heavy,m5a.xlarge,4,1.374233,0.010169,605.22265625,23.890625
aws,ap-south-1,IN,10,memory-heavy,m6i.xlarge,2,0.705067,0.004747,605.22265625,23.890625
aws,ap-south-1,IN,1024,cpu-heavy,m6i.xlarge,4,1.105933,0.014893,605.22265625,23.890625
aws,ap-southeast-1,SG,10,io-heavy,c5.xlarge,2,0.90655,0.005923,479.62890625,5.9921875
aws,ap-southeast-1,SG,100,memory-heavy,m5.xlarge,4,1.139417,0.018231,479.62890625,5.9921875
aws,ap-south-1,IN,100,memory-heavy,c5.xlarge,2,0.872783,0.004946,605.22265625,23.890625
aws,ap-south-1,IN,100,cpu-heavy,c5a.xlarge,4,0.805367,0.005047,605.22265625,23.890625
aws,ap-south-1,IN,10,io-heavy,m5.xlarge,2,0.872583,0.005875,605.22265625,23.890625
aws,ap-south-1,IN,10,cpu-heavy,m5.xlarge,2,0.84,0.005656,605.22265625,23.890625
aws,ap-southeast-1,SG,1024,cpu-heavy,c5a.xlarge,2,1.605417,0.009418,479.62890625,5.9921875
aws,ap-southeast-1,SG,10,io-heavy,m5a.xlarge,4,1.410233,0.020307,479.62890625,5.9921875
aws,ap-south-1,IN,10,cpu-heavy,c5.xlarge,2,0.77285,0.004379,605.22265625,23.890625
aws,ap-south-1,IN,1024,cpu-heavy,m5.xlarge,4,1.40635,0.018939,605.22265625,23.890625
aws,ap-southeast-1,SG,500,cpu-heavy,m5.xlarge,2,1.306467,0.010452,479.62890625,5.9921875
aws,ap-southeast-1,SG,500,memory-heavy,c5a.xlarge,2,1.171533,0.006873,479.62890625,5.9921875
aws,ap-south-1,IN,10,memory-heavy,m5a.xlarge,4,1.310317,0.009696,605.22265625,23.890625
aws,ap-south-1,IN,10,cpu-heavy,m6i.xlarge,2,0.638833,0.004301,605.22265625,23.890625
aws,ap-southeast-1,SG,10,cpu-heavy,c6i.xlarge,4,0.804633,0.010514,479.62890625,5.9921875
aws,ap-southeast-1,SG,500,memory-heavy,m6i.xlarge,2,1.10535,0.008843,479.62890625,5.9921875
aws,ap-south-1,IN,500,cpu-heavy,c5a.xlarge,4,0.93875,0.005883,605.22265625,23.890625
aws,ap-south-1,IN,100,memory-heavy,c6i.xlarge,4,0.80575,0.009132,605.22265625,23.890625
aws,ap-southeast-1,SG,10,cpu-heavy,c6i.xlarge,4,0.804717,0.010515,479.62890625,5.9921875
aws,ap-southeast-1,SG,500,io-heavy,c5.xlarge,2,1.47445,0.009633,479.62890625,5.9921875
aws,ap-south-1,IN,10,io-heavy,m5.xlarge,2,0.906333,0.006103,605.22265625,23.890625
aws,ap-south-1,IN,10,io-heavy,c5.xlarge,2,0.8055,0.004564,605.22265625,23.890625
aws,ap-southeast-1,SG,2048,cpu-heavy,m6i.xlarge,2,2.273183,0.018185,479.62890625,5.9921875
aws,ap-southeast-1,SG,10,memory-heavy,c6i.xlarge,4,0.87275,0.011404,479.62890625,5.9921875
aws,ap-south-1,IN,100,cpu-heavy,c6i.xlarge,2,0.70515,0.003996,605.22265625,23.890625
aws,ap-south-1,IN,500,io-heavy,m5.xlarge,2,1.44105,0.009703,605.22265625,23.890625
aws,ap-southeast-1,SG,2048,memory-heavy,m6i.xlarge,2,2.23905,0.017912,479.62890625,5.9921875
aws,ap-southeast-1,SG,3072,io-heavy,c5a.xlarge,4,2.039,0.023924,479.62890625,5.9921875
aws,ap-south-1,IN,3072,memory-heavy,m5a.xlarge,4,2.9755,0.022019,605.22265625,23.890625
aws,ap-south-1,IN,10,io-heavy,c5a.xlarge,2,0.73825,0.002313,605.22265625,23.890625
aws,ap-southeast-1,SG,1024,cpu-heavy,c5a.xlarge,2,1.572317,0.009224,479.62890625,5.9921875
aws,ap-south-1,IN,1024,io-heavy,c6i.xlarge,2,1.5716,0.008906,605.22265625,23.890625
aws,ap-southeast-1,SG,2048,memory-heavy,m5a.xlarge,4,2.60845,0.037562,479.62890625,5.9921875
aws,ap-south-1,IN,100,io-heavy,m6i.xlarge,4,0.9378,0.012629,605.22265625,23.890625
aws,ap-southeast-1,SG,2048,io-heavy,m6i.xlarge,4,1.971317,0.031541,479.62890625,5.9921875
aws,ap-southeast-1,SG,10,memory-heavy,c5.xlarge,4,0.9735,0.01272,479.62890625,5.9921875
aws,ap-south-1,IN,5120,memory-heavy,m5a.xlarge,2,7.441767,0.027535,605.22265625,23.890625
aws,ap-south-1,IN,1024,io-heavy,c5.xlarge,4,1.306433,0.014806,605.22265625,23.890625
aws,ap-southeast-1,SG,100,io-heavy,c5a.xlarge,2,0.97265,0.005706,479.62890625,5.9921875
aws,ap-southeast-1,SG,100,cpu-heavy,c6i.xlarge,2,0.771667,0.005042,479.62890625,5.9921875
aws,ap-south-1,IN,2048,memory-heavy,m6i.xlarge,4,1.5389,0.020724,605.22265625,23.890625
aws,ap-southeast-1,SG,10,memory-heavy,m5.xlarge,4,1.1066,0.017706,479.62890625,5.9921875
aws,ap-southeast-1,SG,10,memory-heavy,m5a.xlarge,2,1.175917,0.008467,479.62890625,5.9921875
aws,ap-south-1,IN,500,memory-heavy,m5a.xlarge,2,1.742083,0.006446,605.22265625,23.890625
aws,ap-southeast-1,SG,500,memory-heavy,m6i.xlarge,4,1.105483,0.017688,479.62890625,5.9921875
aws,ap-south-1,IN,1024,memory-heavy,m6i.xlarge,4,1.172317,0.015787,605.22265625,23.890625
aws,ap-southeast-1,SG,10,cpu-heavy,m5.xlarge,4,1.073133,0.01717,479.62890625,5.9921875
aws,ap-southeast-1,SG,10,cpu-heavy,c5a.xlarge,4,0.83895,0.009844,479.62890625,5.9921875
aws,ap-south-1,IN,2048,cpu-heavy,m5.xlarge,4,2.274383,0.030628,605.22265625,23.890625
aws,ap-south-1,IN,10,io-heavy,m5a.xlarge,2,1.075567,0.00398,605.22265625,23.890625
aws,ap-southeast-1,SG,2048,cpu-heavy,m5a.xlarge,4,2.408433,0.034681,479.62890625,5.9921875
aws,ap-southeast-1,SG,10,memory-heavy,m5.xlarge,4,1.10675,0.017708,479.62890625,5.9921875
aws,ap-south-1,IN,500,memory-heavy,m5.xlarge,4,1.272317,0.017134,605.22265625,23.890625
aws,ap-south-1,IN,500,cpu-heavy,c5.xlarge,2,1.105683,0.006266,605.22265625,23.890625
aws,ap-southeast-1,SG,1024,cpu-heavy,m5.xlarge,2,1.84045,0.014724,479.62890625,5.9921875
aws,ap-south-1,IN,500,cpu-heavy,c6i.xlarge,2,0.938533,0.005318,605.22265625,23.890625
aws,ap-south-1,IN,100,memory-heavy,m5a.xlarge,4,1.408333,0.010422,605.22265625,23.890625
aws,ap-southeast-1,SG,10,io-heavy,c6i.xlarge,4,0.8723,0.011398,479.62890625,5.9921875
aws,ap-southeast-1,SG,500,cpu-heavy,c5a.xlarge,2,1.1063,0.00649,479.62890625,5.9921875
aws,ap-southeast-1,SG,10,io-heavy,m5.xlarge,4,1.13945,0.018231,479.62890625,5.9921875
aws,ap-south-1,IN,3072,memory-heavy,c5.xlarge,4,1.8397,0.02085,605.22265625,23.890625
aws,ap-south-1,IN,10,cpu-heavy,m5a.xlarge,2,1.043167,0.00386,605.22265625,23.890625
aws,ap-southeast-1,SG,100,memory-heavy,m6i.xlarge,4,1.272033,0.020353,479.62890625,5.9921875
aws,ap-south-1,IN,500,io-heavy,c6i.xlarge,2,1.105,0.006262,605.22265625,23.890625
aws,ap-southeast-1,SG,100,memory-heavy,c5.xlarge,4,1.006633,0.013153,479.62890625,5.9921875
aws,ap-south-1,IN,2048,cpu-heavy,c5a.xlarge,2,2.1722,0.006806,605.22265625,23.890625
aws,ap-south-1,IN,10,cpu-heavy,c5a.xlarge,2,0.705717,0.002211,605.22265625,23.890625
aws,ap-southeast-1,SG,100,io-heavy,c5.xlarge,2,1.639567,0.010712,479.62890625,5.9921875
aws,ap-southeast-1,SG,10,memory-heavy,m6i.xlarge,2,0.739183,0.005913,479.62890625,5.9921875
aws,ap-south-1,IN,10,cpu-heavy,m5a.xlarge,2,1.0441,0.003863,605.22265625,23.890625
aws,ap-southeast-1,SG,500,io-heavy,m6i.xlarge,2,1.272133,0.010177,479.62890625,5.9921875
aws,ap-south-1,IN,100,cpu-heavy,c5a.xlarge,2,0.77175,0.002418,605.22265625,23.890625
aws,ap-south-1,IN,10,cpu-heavy,c5.xlarge,4,0.906933,0.010279,605.22265625,23.890625
aws,ap-southeast-1,SG,500,cpu-heavy,c5.xlarge,4,1.0399,0.013588,479.62890625,5.9921875
aws,ap-southeast-1,SG,100,io-heavy,m6i.xlarge,2,1.5041,0.012033,479.62890625,5.9921875
aws,ap-south-1,IN,10,memory-heavy,m5.xlarge,4,1.072833,0.014447,605.22265625,23.890625
aws,ap-southeast-1,SG,10,cpu-heavy,c6i.xlarge,2,0.706217,0.004614,479.62890625,5.9921875
aws,ap-south-1,IN,500,io-heavy,m5.xlarge,4,1.4066,0.018942,605.22265625,23.890625
aws,ap-south-1,IN,100,cpu-heavy,m5.xlarge,2,0.906517,0.006104,605.22265625,23.890625
aws,ap-southeast-1,SG,100,cpu-heavy,c6i.xlarge,4,0.804967,0.010518,479.62890625,5.9921875
aws,ap-southeast-1,SG,10,memory-heavy,m5.xlarge,4,1.17345,0.018775,479.62890625,5.9921875
aws,ap-south-1,IN,10,memory-heavy,m5a.xlarge,4,1.2746,0.009432,605.22265625,23.890625
aws,ap-south-1,IN,10,io-heavy,c5a.xlarge,4,0.83835,0.005254,605.22265625,23.890625
aws,ap-southeast-1,SG,10,memory-heavy,c6i.xlarge,2,0.772417,0.005046,479.62890625,5.9921875
aws,ap-southeast-1,SG,500,io-heavy,m5a.xlarge,4,1.908517,0.027483,479.62890625,5.9921875
aws,ap-south-1,IN,10,io-heavy,m5.xlarge,4,1.108633,0.01493,605.22265625,23.890625
aws,ap-south-1,IN,100,cpu-heavy,c5a.xlarge,2,0.772267,0.00242,605.22265625,23.890625
aws,ap-southeast-1,SG,10,memory-heavy,m5.xlarge,2,0.906733,0.007254,479.62890625,5.9921875
aws,ap-southeast-1,SG,10,memory-heavy,m5.xlarge,2,0.939467,0.007516,479.62890625,5.9921875
aws,ap-south-1,IN,10,memory-heavy,c5a.xlarge,4,0.805617,0.005049,605.22265625,23.890625
aws,ap-southeast-1,SG,10,cpu-heavy,c5.xlarge,2,0.8397,0.005486,479.62890625,5.9921875
aws,ap-south-1,IN,500,cpu-heavy,c5.xlarge,4,1.006217,0.011404,605.22265625,23.890625
aws,ap-south-1,IN,100,cpu-heavy,m6i.xlarge,2,0.737683,0.004967,605.22265625,23.890625
aws,ap-southeast-1,SG,10,io-heavy,c6i.xlarge,2,0.83895,0.005481,479.62890625,5.9921875
aws,ap-south-1,IN,500,cpu-heavy,m5a.xlarge,4,1.541217,0.011405,605.22265625,23.890625
aws,ap-southeast-1,SG,3072,memory-heavy,m6i.xlarge,4,1.938017,0.031008,479.62890625,5.9921875
aws,ap-south-1,IN,100,io-heavy,m5.xlarge,2,1.006933,0.00678,605.22265625,23.890625
aws,ap-southeast-1,SG,3072,cpu-heavy,m6i.xlarge,4,1.906317,0.030501,479.62890625,5.9921875
aws,ap-south-1,IN,10,cpu-heavy,c5a.xlarge,2,0.671933,0.002105,605.22265625,23.890625
aws,ap-southeast-1,SG,500,memory-heavy,m5.xlarge,4,1.373783,0.021981,479.62890625,5.9921875
aws,ap-south-1,IN,10,cpu-heavy,c6i.xlarge,2,0.638583,0.003619,605.22265625,23.890625
aws,ap-southeast-1,SG,100,memory-heavy,m5a.xlarge,4,1.442417,0.020771,479.62890625,5.9921875
aws,ap-south-1,IN,1024,memory-heavy,c5a.xlarge,4,1.172217,0.007346,605.22265625,23.890625
aws,ap-south-1,IN,100,cpu-heavy,m5.xlarge,2,0.939783,0.006328,605.22265625,23.890625
aws,ap-southeast-1,SG,1024,io-heavy,c5a.xlarge,4,1.37175,0.016095,479.62890625,5.9921875
aws,ap-south-1,IN,500,memory-heavy,c5.xlarge,4,1.039783,0.011784,605.22265625,23.890625
aws,ap-southeast-1,SG,500,cpu-heavy,c5a.xlarge,4,1.005667,0.0118,479.62890625,5.9921875
aws,ap-south-1,IN,2048,memory-heavy,m6i.xlarge,2,2.0726,0.013956,605.22265625,23.890625
aws,ap-southeast-1,SG,10,memory-heavy,c6i.xlarge,4,0.8049,0.010517,479.62890625,5.9921875
aws,ap-southeast-1,SG,100,memory-heavy,c6i.xlarge,4,0.906617,0.011846,479.62890625,5.9921875
aws,ap-south-1,IN,500,cpu-heavy,c5.xlarge,2,1.138833,0.006453,605.22265625,23.890625
aws,ap-southeast-1,SG,10,cpu-heavy,m5.xlarge,2,0.872117,0.006977,479.62890625,5.9921875
aws,ap-south-1,IN,100,memory-heavy,m5.xlarge,4,1.108833,0.014932,605.22265625,23.890625
aws,ap-southeast-1,SG,1024,memory-heavy,m5.xlarge,2,1.973,0.015784,479.62890625,5.9921875
aws,ap-south-1,IN,500,cpu-heavy,m5a.xlarge,2,1.642417,0.006077,605.22265625,23.890625
aws,ap-southeast-1,SG,10,memory-heavy,m6i.xlarge,2,0.738683,0.005909,479.62890625,5.9921875
aws,ap-south-1,IN,1024,cpu-heavy,m6i.xlarge,4,1.072283,0.01444,605.22265625,23.890625
aws,ap-southeast-1,SG,1024,io-heavy,m6i.xlarge,2,1.838717,0.01471,479.62890625,5.9921875
aws,ap-south-1,IN,10,memory-heavy,c6i.xlarge,2,0.705783,0.003999,605.22265625,23.890625
aws,ap-southeast-1,SG,10,memory-heavy,m6i.xlarge,4,0.90525,0.014484,479.62890625,5.9921875
aws,ap-southeast-1,SG,1024,cpu-heavy,c5.xlarge,4,1.272083,0.014417,479.62890625,5.9921875
aws,ap-southeast-1,SG,2048,memory-heavy,m6i.xlarge,4,1.605783,0.025693,479.62890625,5.9921875
aws,ap-southeast-1,SG,10,io-heavy,c6i.xlarge,4,0.871267,0.011385,479.62890625,5.9921875
aws,ap-southeast-1,SG,3072,memory-heavy,m5.xlarge,2,3.77265,0.030181,479.62890625,5.9921875
aws,ap-southeast-1,SG,10,memory-heavy,c5.xlarge,4,0.940167,0.012285,479.62890625,5.9921875
aws,ap-southeast-1,SG,100,io-heavy,m5.xlarge,4,1.2404,0.019846,479.62890625,5.9921875
aws,ap-southeast-1,SG,500,cpu-heavy,m5.xlarge,2,1.306167,0.010449,479.62890625,5.9921875
aws,ap-southeast-1,SG,10,cpu-heavy,c5a.xlarge,2,0.771933,0.004529,479.62890625,5.9921875
aws,ap-southeast-1,SG,10,cpu-heavy,m5.xlarge,4,1.106567,0.017705,479.62890625,5.9921875
aws,ap-southeast-1,SG,2048,memory-heavy,m5a.xlarge,4,2.57585,0.037092,479.62890625,5.9921875
aws,ap-southeast-1,SG,500,cpu-heavy,m5.xlarge,2,1.311117,0.010489,479.62890625,5.9921875
aws,ap-southeast-1,SG,500,memory-heavy,c5.xlarge,4,1.106633,0.01446,479.62890625,5.9921875
aws,ap-southeast-1,SG,5120,io-heavy,c6i.xlarge,2,5.972033,0.039017,479.62890625,5.9921875
aws,ap-southeast-1,SG,2048,io-heavy,m6i.xlarge,2,2.90505,0.02324,479.62890625,5.9921875
aws,ap-southeast-1,SG,10,memory-heavy,c5.xlarge,4,0.940717,0.012292,479.62890625,5.9921875
aws,ap-southeast-1,SG,500,io-heavy,m6i.xlarge,2,1.3051,0.010441,479.62890625,5.9921875
aws,ap-southeast-1,SG,1024,io-heavy,m5a.xlarge,4,2.175233,0.031323,479.62890625,5.9921875
aws,ap-southeast-1,SG,3072,io-heavy,m5a.xlarge,4,3.7421,0.053886,479.62890625,5.9921875
aws,ap-southeast-1,SG,10,cpu-heavy,m6i.xlarge,4,1.173717,0.018779,479.62890625,5.9921875
aws,ap-southeast-1,SG,500,io-heavy,m6i.xlarge,4,1.238633,0.019818,479.62890625,5.9921875
aws,ap-southeast-1,SG,3072,io-heavy,m6i.xlarge,4,2.240233,0.035844,479.62890625,5.9921875
aws,ap-southeast-1,SG,500,memory-heavy,c5.xlarge,4,1.173767,0.015337,479.62890625,5.9921875
aws,ap-southeast-1,SG,10,io-heavy,m6i.xlarge,4,0.904917,0.014479,479.62890625,5.9921875
aws,ap-southeast-1,SG,1024,memory-heavy,c5.xlarge,2,1.706283,0.011148,479.62890625,5.9921875
aws,ap-southeast-1,SG,3072,cpu-heavy,c5.xlarge,2,3.874283,0.025312,479.62890625,5.9921875
aws,ap-southeast-1,SG,500,io-heavy,m6i.xlarge,4,1.271517,0.020344,479.62890625,5.9921875
aws,ap-southeast-1,SG,10,io-heavy,m6i.xlarge,2,0.8388,0.00671,479.62890625,5.9921875
aws,ap-southeast-1,SG,10,cpu-heavy,c5a.xlarge,4,0.872567,0.010238,479.62890625,5.9921875
aws,ap-southeast-1,SG,500,cpu-heavy,c5.xlarge,4,1.072883,0.014019,479.62890625,5.9921875
aws,ap-southeast-1,SG,100,io-heavy,c5.xlarge,2,1.0731,0.007011,479.62890625,5.9921875
aws,ap-southeast-1,SG,10,memory-heavy,c5a.xlarge,4,0.87205,0.010232,479.62890625,5.9921875
aws,ap-southeast-1,SG,500,io-heavy,m6i.xlarge,2,1.4722,0.011778,479.62890625,5.9921875
aws,ap-southeast-1,SG,3072,memory-heavy,m5a.xlarge,2,5.2426,0.037747,479.62890625,5.9921875
aws,ap-southeast-1,SG,100,cpu-heavy,c5.xlarge,2,0.905083,0.005913,479.62890625,5.9921875
aws,ap-southeast-1,SG,1024,cpu-heavy,c5.xlarge,2,1.672683,0.010928,479.62890625,5.9921875
aws,ap-southeast-1,SG,100,io-heavy,m6i.xlarge,4,1.039033,0.016625,479.62890625,5.9921875
aws,ap-southeast-1,SG,500,io-heavy,m5a.xlarge,4,1.84475,0.026564,479.62890625,5.9921875
aws,ap-southeast-1,SG,10,io-heavy,m6i.xlarge,2,0.839617,0.006717,479.62890625,5.9921875
aws,ap-southeast-1,SG,500,memory-heavy,c5.xlarge,2,1.210383,0.007908,479.62890625,5.9921875
aws,ap-southeast-1,SG,10,cpu-heavy,c5a.xlarge,2,0.738583,0.004333,479.62890625,5.9921875
aws,ap-southeast-1,SG,10,cpu-heavy,m5a.xlarge,2,1.07515,0.007741,479.62890625,5.9921875
aws,ap-southeast-1,SG,100,io-heavy,c5.xlarge,2,1.106833,0.007231,479.62890625,5.9921875
aws,ap-southeast-1,SG,500,io-heavy,c5a.xlarge,4,1.172167,0.013753,479.62890625,5.9921875
aws,ap-southeast-1,SG,1024,memory-heavy,m5a.xlarge,4,2.04225,0.029408,479.62890625,5.9921875
aws,ap-southeast-1,SG,100,memory-heavy,m5a.xlarge,2,1.2745,0.009176,479.62890625,5.9921875
aws,ap-southeast-1,SG,10,memory-heavy,c5.xlarge,2,0.905617,0.005917,479.62890625,5.9921875
aws,ap-southeast-1,SG,10,cpu-heavy,m5a.xlarge,2,1.207867,0.008697,479.62890625,5.9921875
aws,ap-southeast-1,SG,10,io-heavy,c5.xlarge,2,0.905983,0.005919,479.62890625,5.9921875
aws,ap-southeast-1,SG,100,io-heavy,c5.xlarge,2,1.005217,0.006567,479.62890625,5.9921875
aws,ap-southeast-1,SG,3072,memory-heavy,c5.xlarge,4,1.807067,0.023612,479.62890625,5.9921875
aws,ap-southeast-1,SG,100,cpu-heavy,c5a.xlarge,2,0.871933,0.005115,479.62890625,5.9921875
aws,ap-southeast-1,SG,10,cpu-heavy,m6i.xlarge,4,0.838617,0.013418,479.62890625,5.9921875
aws,ap-southeast-1,SG,10,io-heavy,c6i.xlarge,2,0.805233,0.005261,479.62890625,5.9921875
aws,ap-southeast-1,SG,10,memory-heavy,m6i.xlarge,4,0.905033,0.014481,479.62890625,5.9921875
azure,centralindia,IN,10,cpu,Standard_D2as_v4,2,0.2713,0.0006,605.22265625,23.890625
azure,centralindia,IN,10,cpu,Standard_D2as_v4,2,0.2769,0.0006,605.22265625,23.890625
azure,centralindia,IN,10,io,Standard_D2as_v4,2,0.3392,0.0007,605.22265625,23.890625
azure,centralindia,IN,10,io,Standard_D2as_v4,2,0.3485,0.0007,605.22265625,23.890625
azure,centralindia,IN,10,memory,Standard_D2as_v4,2,0.3661,0.0008,605.22265625,23.890625
azure,centralindia,IN,10,memory,Standard_D2as_v4,2,0.3825,0.0008,605.22265625,23.890625
azure,centralindia,IN,100,cpu,Standard_D2as_v4,2,0.3181,0.0007,605.22265625,23.890625
azure,centralindia,IN,100,cpu,Standard_D2as_v4,2,0.3172,0.0007,605.22265625,23.890625
azure,centralindia,IN,100,io,Standard_D2as_v4,2,0.4558,0.0009,605.22265625,23.890625
azure,centralindia,IN,100,io,Standard_D2as_v4,2,0.4625,0.001,605.22265625,23.890625
azure,centralindia,IN,100,memory,Standard_D2as_v4,2,0.4763,0.001,605.22265625,23.890625
azure,centralindia,IN,100,memory,Standard_D2as_v4,2,0.4682,0.001,605.22265625,23.890625
azure,centralindia,IN,500,cpu,Standard_D2as_v4,2,0.5348,0.0011,605.22265625,23.890625
azure,centralindia,IN,500,cpu,Standard_D2as_v4,2,0.5588,0.0012,605.22265625,23.890625
azure,centralindia,IN,500,io,Standard_D2as_v4,2,0.9392,0.0019,605.22265625,23.890625
azure,centralindia,IN,500,io,Standard_D2as_v4,2,0.9407,0.002,605.22265625,23.890625
azure,centralindia,IN,500,memory,Standard_D2as_v4,2,0.8111,0.0017,605.22265625,23.890625
azure,centralindia,IN,500,memory,Standard_D2as_v4,2,0.8365,0.0017,605.22265625,23.890625
azure,centralindia,IN,1024,cpu,Standard_D2as_v4,2,0.8704,0.0018,605.22265625,23.890625
azure,centralindia,IN,1024,cpu,Standard_D2as_v4,2,0.8355,0.0017,605.22265625,23.890625
azure,centralindia,IN,1024,io,Standard_D2as_v4,2,1.5251,0.0032,605.22265625,23.890625
azure,centralindia,IN,1024,io,Standard_D2as_v4,2,1.589,0.0033,605.22265625,23.890625
azure,centralindia,IN,1024,memory,Standard_D2as_v4,2,1.3013,0.0027,605.22265625,23.890625
azure,centralindia,IN,1024,memory,Standard_D2as_v4,2,1.277,0.0026,605.22265625,23.890625
azure,centralindia,IN,2048,cpu,Standard_D2as_v4,2,1.6974,0.0035,605.22265625,23.890625
azure,centralindia,IN,2048,cpu,Standard_D2as_v4,2,1.436,0.003,605.22265625,23.890625
azure,centralindia,IN,2048,io,Standard_D2as_v4,2,2.7594,0.0057,605.22265625,23.890625
azure,centralindia,IN,2048,io,Standard_D2as_v4,2,2.8137,0.0058,605.22265625,23.890625
azure,centralindia,IN,2048,memory,Standard_D2as_v4,2,2.3082,0.0048,605.22265625,23.890625
azure,centralindia,IN,2048,memory,Standard_D2as_v4,2,2.2532,0.0047,605.22265625,23.890625
azure,centralindia,IN,3072,cpu,Standard_D2as_v4,2,1.8319,0.0038,605.22265625,23.890625
azure,centralindia,IN,3072,cpu,Standard_D2as_v4,2,1.894,0.0039,605.22265625,23.890625
azure,centralindia,IN,3072,io,Standard_D2as_v4,2,4.0281,0.0084,605.22265625,23.890625
azure,centralindia,IN,3072,io,Standard_D2as_v4,2,3.98,0.0083,605.22265625,23.890625
azure,centralindia,IN,3072,memory,Standard_D2as_v4,2,3.272,0.0068,605.22265625,23.890625
azure,centralindia,IN,3072,memory,Standard_D2as_v4,2,3.0465,0.0063,605.22265625,23.890625
azure,centralindia,IN,5120,cpu,Standard_D2as_v4,2,3.2612,0.0068,605.22265625,23.890625
azure,centralindia,IN,5120,cpu,Standard_D2as_v4,2,3.0963,0.0064,605.22265625,23.890625
azure,centralindia,IN,5120,io,Standard_D2as_v4,2,6.8575,0.0142,605.22265625,23.890625
azure,centralindia,IN,5120,io,Standard_D2as_v4,2,6.0998,0.0126,605.22265625,23.890625
azure,centralindia,IN,5120,memory,Standard_D2as_v4,2,5.0835,0.0105,605.22265625,23.890625
azure,centralindia,IN,5120,memory,Standard_D2as_v4,2,4.8219,0.01,605.22265625,23.890625
azure,centralindia,IN,10,cpu,Standard_D2as_v4,4,0.2839,0.0012,605.22265625,23.890625
azure,centralindia,IN,10,cpu,Standard_D2as_v4,4,0.2827,0.0012,605.22265625,23.890625
azure,centralindia,IN,10,io,Standard_D2as_v4,4,0.3389,0.0014,605.22265625,23.890625
azure,centralindia,IN,10,io,Standard_D2as_v4,4,0.3401,0.0014,605.22265625,23.890625
azure,centralindia,IN,10,memory,Standard_D2as_v4,4,0.369,0.0015,605.22265625,23.890625
azure,centralindia,IN,10,memory,Standard_D2as_v4,4,0.3699,0.0015,605.22265625,23.890625
azure,centralindia,IN,100,cpu,Standard_D2as_v4,4,0.3085,0.0013,605.22265625,23.890625
azure,centralindia,IN,100,cpu,Standard_D2as_v4,4,0.3086,0.0013,605.22265625,23.890625
azure,centralindia,IN,100,io,Standard_D2as_v4,4,0.459,0.0019,605.22265625,23.890625
azure,centralindia,IN,100,io,Standard_D2as_v4,4,0.4531,0.0019,605.22265625,23.890625
azure,centralindia,IN,100,memory,Standard_D2as_v4,4,0.4096,0.0017,605.22265625,23.890625
azure,centralindia,IN,100,memory,Standard_D2as_v4,4,0.4017,0.0017,605.22265625,23.890625
azure,centralindia,IN,500,cpu,Standard_D2as_v4,4,0.3933,0.0016,605.22265625,23.890625
azure,centralindia,IN,500,cpu,Standard_D2as_v4,4,0.3834,0.0016,605.22265625,23.890625
azure,centralindia,IN,500,io,Standard_D2as_v4,4,0.9391,0.0039,605.22265625,23.890625
azure,centralindia,IN,500,io,Standard_D2as_v4,4,0.9473,0.0039,605.22265625,23.890625
azure,centralindia,IN,500,memory,Standard_D2as_v4,4,0.5364,0.0022,605.22265625,23.890625
azure,centralindia,IN,500,memory,Standard_D2as_v4,4,0.5288,0.0022,605.22265625,23.890625
azure,centralindia,IN,1024,cpu,Standard_D2as_v4,4,0.5529,0.0023,605.22265625,23.890625
azure,centralindia,IN,1024,cpu,Standard_D2as_v4,4,0.5508,0.0023,605.22265625,23.890625
azure,centralindia,IN,1024,io,Standard_D2as_v4,4,1.5325,0.0064,605.22265625,23.890625
azure,centralindia,IN,1024,io,Standard_D2as_v4,4,1.59,0.0066,605.22265625,23.890625
azure,centralindia,IN,1024,memory,Standard_D2as_v4,4,0.82,0.0034,605.22265625,23.890625
azure,centralindia,IN,1024,memory,Standard_D2as_v4,4,0.7677,0.0032,605.22265625,23.890625
azure,centralindia,IN,2048,cpu,Standard_D2as_v4,4,0.691,0.0029,605.22265625,23.890625
azure,centralindia,IN,2048,cpu,Standard_D2as_v4,4,0.7172,0.003,605.22265625,23.890625
azure,centralindia,IN,2048,io,Standard_D2as_v4,4,2.9252,0.0121,605.22265625,23.890625
azure,centralindia,IN,2048,io,Standard_D2as_v4,4,2.7182,0.0113,605.22265625,23.890625
azure,centralindia,IN,2048,memory,Standard_D2as_v4,4,1.0671,0.0044,605.22265625,23.890625
azure,centralindia,IN,2048,memory,Standard_D2as_v4,4,1.05,0.0044,605.22265625,23.890625
azure,centralindia,IN,3072,cpu,Standard_D2as_v4,4,0.844,0.0035,605.22265625,23.890625
azure,centralindia,IN,3072,cpu,Standard_D2as_v4,4,0.9002,0.0037,605.22265625,23.890625
azure,centralindia,IN,3072,io,Standard_D2as_v4,4,3.8753,0.0161,605.22265625,23.890625
azure,centralindia,IN,3072,io,Standard_D2as_v4,4,3.8224,0.0159,605.22265625,23.890625
azure,centralindia,IN,3072,memory,Standard_D2as_v4,4,1.3007,0.0054,605.22265625,23.890625
azure,centralindia,IN,3072,memory,Standard_D2as_v4,4,1.2928,0.0054,605.22265625,23.890625
azure,centralindia,IN,5120,cpu,Standard_D2as_v4,4,1.2262,0.0051,605.22265625,23.890625
azure,centralindia,IN,5120,cpu,Standard_D2as_v4,4,1.2663,0.0053,605.22265625,23.890625
azure,centralindia,IN,5120,io,Standard_D2as_v4,4,6.3119,0.0262,605.22265625,23.890625
azure,centralindia,IN,5120,io,Standard_D2as_v4,4,6.2357,0.0259,605.22265625,23.890625
azure,centralindia,IN,5120,memory,Standard_D2as_v4,4,1.9953,0.0083,605.22265625,23.890625
azure,centralindia,IN,5120,memory,Standard_D2as_v4,4,1.9945,0.0083,605.22265625,23.890625
azure,centralindia,IN,3072,io,Standard_D2ds_v4,2,5.1352,0.0209,605.22265625,23.890625
azure,centralindia,IN,3072,io,Standard_D2ds_v4,2,5.1362,0.0209,605.22265625,23.890625
azure,centralindia,IN,5120,cpu,Standard_D2ds_v4,2,4.5392,0.0185,605.22265625,23.890625
azure,centralindia,IN,5120,cpu,Standard_D2ds_v4,2,4.3013,0.0175,605.22265625,23.890625
azure,centralindia,IN,5120,memory,Standard_D2ds_v4,2,6.9202,0.0281,605.22265625,23.890625
azure,centralindia,IN,3072,cpu,Standard_D2ds_v4,4,1.1222,0.0091,605.22265625,23.890625
azure,centralindia,IN,3072,cpu,Standard_D2ds_v4,4,1.1616,0.0094,605.22265625,23.890625
azure,centralindia,IN,3072,io,Standard_D2ds_v4,4,5.1825,0.0422,605.22265625,23.890625
azure,centralindia,IN,3072,io,Standard_D2ds_v4,4,5.2419,0.0426,605.22265625,23.890625
azure,centralindia,IN,3072,memory,Standard_D2ds_v4,4,1.6896,0.0137,605.22265625,23.890625
azure,centralindia,IN,3072,memory,Standard_D2ds_v4,4,1.7555,0.0143,605.22265625,23.890625
azure,centralindia,IN,10,cpu,Standard_D2s_v3,2,1.091,0.0038,605.22265625,23.890625
azure,centralindia,IN,10,cpu,Standard_D2s_v3,2,0.3708,0.0013,605.22265625,23.890625
azure,centralindia,IN,10,cpu,Standard_D2s_v3,2,0.3489,0.0012,605.22265625,23.890625
azure,centralindia,IN,10,cpu,Standard_D2s_v3,2,1.1639,0.0041,605.22265625,23.890625
azure,centralindia,IN,10,cpu,Standard_D2s_v3,2,0.3331,0.0012,605.22265625,23.890625
azure,centralindia,IN,10,cpu,Standard_D2s_v3,2,0.3325,0.0012,605.22265625,23.890625
azure,centralindia,IN,10,io,Standard_D2s_v3,2,1.0927,0.0038,605.22265625,23.890625
azure,centralindia,IN,10,io,Standard_D2s_v3,2,0.4558,0.0016,605.22265625,23.890625
azure,centralindia,IN,10,io,Standard_D2s_v3,2,0.4117,0.0014,605.22265625,23.890625
azure,centralindia,IN,10,io,Standard_D2s_v3,2,1.1662,0.0041,605.22265625,23.890625
azure,centralindia,IN,10,io,Standard_D2s_v3,2,0.492,0.0017,605.22265625,23.890625
azure,centralindia,IN,10,memory,Standard_D2s_v3,2,1.0933,0.0038,605.22265625,23.890625
azure,centralindia,IN,10,memory,Standard_D2s_v3,2,0.468,0.0016,605.22265625,23.890625
azure,centralindia,IN,10,memory,Standard_D2s_v3,2,0.4676,0.0016,605.22265625,23.890625
azure,centralindia,IN,10,memory,Standard_D2s_v3,2,1.1654,0.0041,605.22265625,23.890625
azure,centralindia,IN,10,memory,Standard_D2s_v3,2,0.5286,0.0019,605.22265625,23.890625
azure,centralindia,IN,10,memory,Standard_D2s_v3,2,0.4588,0.0016,605.22265625,23.890625
azure,centralindia,IN,100,cpu,Standard_D2s_v3,2,1.0937,0.0038,605.22265625,23.890625
azure,centralindia,IN,100,cpu,Standard_D2s_v3,2,0.4799,0.0017,605.22265625,23.890625
azure,centralindia,IN,100,cpu,Standard_D2s_v3,2,0.4088,0.0014,605.22265625,23.890625
azure,centralindia,IN,100,cpu,Standard_D2s_v3,2,1.1651,0.0041,605.22265625,23.890625
azure,centralindia,IN,100,cpu,Standard_D2s_v3,2,0.4348,0.0015,605.22265625,23.890625
azure,centralindia,IN,100,cpu,Standard_D2s_v3,2,0.4151,0.0015,605.22265625,23.890625
azure,centralindia,IN,100,io,Standard_D2s_v3,2,1.1655,0.0041,605.22265625,23.890625
azure,centralindia,IN,100,io,Standard_D2s_v3,2,0.6585,0.0023,605.22265625,23.890625
azure,centralindia,IN,100,io,Standard_D2s_v3,2,0.5902,0.0021,605.22265625,23.890625
azure,centralindia,IN,100,io,Standard_D2s_v3,2,1.161,0.0041,605.22265625,23.890625
azure,centralindia,IN,100,io,Standard_D2s_v3,2,0.6741,0.0024,605.22265625,23.890625
azure,centralindia,IN,100,io,Standard_D2s_v3,2,0.5955,0.0021,605.22265625,23.890625
azure,centralindia,IN,100,memory,Standard_D2s_v3,2,1.1622,0.0041,605.22265625,23.890625
azure,centralindia,IN,100,memory,Standard_D2s_v3,2,0.6084,0.0021,605.22265625,23.890625
azure,centralindia,IN,100,memory,Standard_D2s_v3,2,0.5852,0.002,605.22265625,23.890625
azure,centralindia,IN,100,memory,Standard_D2s_v3,2,1.166,0.0041,605.22265625,23.890625
azure,centralindia,IN,100,memory,Standard_D2s_v3,2,0.598,0.0021,605.22265625,23.890625
azure,centralindia,IN,100,memory,Standard_D2s_v3,2,0.5837,0.002,605.22265625,23.890625
azure,centralindia,IN,500,cpu,Standard_D2s_v3,2,1.0893,0.0038,605.22265625,23.890625
azure,centralindia,IN,500,cpu,Standard_D2s_v3,2,0.8422,0.0029,605.22265625,23.890625
azure,centralindia,IN,500,cpu,Standard_D2s_v3,2,0.7772,0.0027,605.22265625,23.890625
azure,centralindia,IN,500,cpu,Standard_D2s_v3,2,1.1611,0.0041,605.22265625,23.890625
azure,centralindia,IN,500,cpu,Standard_D2s_v3,2,0.8561,0.003,605.22265625,23.890625
azure,centralindia,IN,500,cpu,Standard_D2s_v3,2,0.8023,0.0028,605.22265625,23.890625
azure,centralindia,IN,500,io,Standard_D2s_v3,2,1.1266,0.0039,605.22265625,23.890625
azure,centralindia,IN,500,io,Standard_D2s_v3,2,1.2983,0.0045,605.22265625,23.890625
azure,centralindia,IN,500,io,Standard_D2s_v3,2,1.3322,0.0047,605.22265625,23.890625
azure,centralindia,IN,500,io,Standard_D2s_v3,2,1.2475,0.0044,605.22265625,23.890625
azure,centralindia,IN,500,io,Standard_D2s_v3,2,1.327,0.0046,605.22265625,23.890625
azure,centralindia,IN,500,io,Standard_D2s_v3,2,1.3552,0.0047,605.22265625,23.890625
azure,centralindia,IN,500,memory,Standard_D2s_v3,2,1.1622,0.0041,605.22265625,23.890625
azure,centralindia,IN,500,memory,Standard_D2s_v3,2,1.1344,0.004,605.22265625,23.890625
azure,centralindia,IN,500,memory,Standard_D2s_v3,2,1.1442,0.004,605.22265625,23.890625
azure,centralindia,IN,500,memory,Standard_D2s_v3,2,1.1083,0.0039,605.22265625,23.890625
azure,centralindia,IN,500,memory,Standard_D2s_v3,2,1.154,0.004,605.22265625,23.890625
azure,centralindia,IN,500,memory,Standard_D2s_v3,2,1.1854,0.0041,605.22265625,23.890625
azure,centralindia,IN,1024,cpu,Standard_D2s_v3,2,1.0952,0.0038,605.22265625,23.890625
azure,centralindia,IN,1024,cpu,Standard_D2s_v3,2,1.2528,0.0044,605.22265625,23.890625
azure,centralindia,IN,1024,cpu,Standard_D2s_v3,2,1.2186,0.0043,605.22265625,23.890625
azure,centralindia,IN,1024,cpu,Standard_D2s_v3,2,1.2087,0.0042,605.22265625,23.890625
azure,centralindia,IN,1024,cpu,Standard_D2s_v3,2,1.2359,0.0043,605.22265625,23.890625
azure,centralindia,IN,1024,cpu,Standard_D2s_v3,2,1.2113,0.0042,605.22265625,23.890625
azure,centralindia,IN,1024,io,Standard_D2s_v3,2,2.2681,0.0079,605.22265625,23.890625
azure,centralindia,IN,1024,io,Standard_D2s_v3,2,2.2908,0.008,605.22265625,23.890625
azure,centralindia,IN,1024,io,Standard_D2s_v3,2,2.365,0.0083,605.22265625,23.890625
azure,centralindia,IN,1024,io,Standard_D2s_v3,2,2.2097,0.0077,605.22265625,23.890625
azure,centralindia,IN,1024,memory,Standard_D2s_v3,2,1.1856,0.0041,605.22265625,23.890625
azure,centralindia,IN,1024,memory,Standard_D2s_v3,2,1.9334,0.0068,605.22265625,23.890625
azure,centralindia,IN,1024,memory,Standard_D2s_v3,2,1.885,0.0066,605.22265625,23.890625
azure,centralindia,IN,1024,memory,Standard_D2s_v3,2,1.2562,0.0044,605.22265625,23.890625
azure,centralindia,IN,1024,memory,Standard_D2s_v3,2,1.8849,0.0066,605.22265625,23.890625
azure,centralindia,IN,1024,memory,Standard_D2s_v3,2,1.8687,0.0065,605.22265625,23.890625
azure,centralindia,IN,2048,cpu,Standard_D2s_v3,2,2.2578,0.0079,605.22265625,23.890625
azure,centralindia,IN,2048,cpu,Standard_D2s_v3,2,2.1356,0.0075,605.22265625,23.890625
azure,centralindia,IN,2048,io,Standard_D2s_v3,2,3.7745,0.0132,605.22265625,23.890625
azure,centralindia,IN,2048,io,Standard_D2s_v3,2,4.4286,0.0155,605.22265625,23.890625
azure,centralindia,IN,2048,memory,Standard_D2s_v3,2,3.2273,0.0113,605.22265625,23.890625
azure,centralindia,IN,2048,memory,Standard_D2s_v3,2,3.3426,0.0117,605.22265625,23.890625
azure,centralindia,IN,3072,cpu,Standard_D2s_v3,2,3.0205,0.0106,605.22265625,23.890625
azure,centralindia,IN,3072,cpu,Standard_D2s_v3,2,2.9671,0.0104,605.22265625,23.890625
azure,centralindia,IN,3072,io,Standard_D2s_v3,2,5.6269,0.0197,605.22265625,23.890625
azure,centralindia,IN,3072,io,Standard_D2s_v3,2,5.8842,0.0206,605.22265625,23.890625
azure,centralindia,IN,3072,memory,Standard_D2s_v3,2,4.7941,0.0168,605.22265625,23.890625
azure,centralindia,IN,3072,memory,Standard_D2s_v3,2,4.8235,0.0169,605.22265625,23.890625
azure,centralindia,IN,5120,cpu,Standard_D2s_v3,2,4.8331,0.0169,605.22265625,23.890625
azure,centralindia,IN,5120,cpu,Standard_D2s_v3,2,1.1689,0.0041,605.22265625,23.890625
azure,centralindia,IN,5120,cpu,Standard_D2s_v3,2,4.8475,0.017,605.22265625,23.890625
azure,centralindia,IN,5120,cpu,Standard_D2s_v3,2,1.1699,0.0041,605.22265625,23.890625
azure,centralindia,IN,5120,io,Standard_D2s_v3,2,9.3642,0.0328,605.22265625,23.890625
azure,centralindia,IN,5120,io,Standard_D2s_v3,2,8.9246,0.0312,605.22265625,23.890625
azure,centralindia,IN,5120,memory,Standard_D2s_v3,2,7.3859,0.0259,605.22265625,23.890625
azure,centralindia,IN,5120,memory,Standard_D2s_v3,2,1.1613,0.0041,605.22265625,23.890625
azure,centralindia,IN,5120,memory,Standard_D2s_v3,2,7.5991,0.0266,605.22265625,23.890625
azure,centralindia,IN,5120,memory,Standard_D2s_v3,2,1.1659,0.0041,605.22265625,23.890625
azure,centralindia,IN,10,cpu,Standard_D2s_v3,4,0.3904,0.0027,605.22265625,23.890625
azure,centralindia,IN,10,cpu,Standard_D2s_v3,4,0.38,0.0027,605.22265625,23.890625
azure,centralindia,IN,10,io,Standard_D2s_v3,4,0.4437,0.0031,605.22265625,23.890625
azure,centralindia,IN,10,io,Standard_D2s_v3,4,0.4289,0.003,605.22265625,23.890625
azure,centralindia,IN,10,memory,Standard_D2s_v3,4,0.4976,0.0035,605.22265625,23.890625
azure,centralindia,IN,10,memory,Standard_D2s_v3,4,0.487,0.0034,605.22265625,23.890625
azure,centralindia,IN,100,cpu,Standard_D2s_v3,4,0.4122,0.0029,605.22265625,23.890625
azure,centralindia,IN,100,cpu,Standard_D2s_v3,4,0.4156,0.0029,605.22265625,23.890625
azure,centralindia,IN,100,io,Standard_D2s_v3,4,0.6086,0.0043,605.22265625,23.890625
azure,centralindia,IN,100,io,Standard_D2s_v3,4,0.6253,0.0044,605.22265625,23.890625
azure,centralindia,IN,100,memory,Standard_D2s_v3,4,0.5549,0.0039,605.22265625,23.890625
azure,centralindia,IN,100,memory,Standard_D2s_v3,4,0.548,0.0038,605.22265625,23.890625
azure,centralindia,IN,500,cpu,Standard_D2s_v3,4,0.5375,0.0038,605.22265625,23.890625
azure,centralindia,IN,500,cpu,Standard_D2s_v3,4,0.5324,0.0037,605.22265625,23.890625
azure,centralindia,IN,500,io,Standard_D2s_v3,4,1.3285,0.0093,605.22265625,23.890625
azure,centralindia,IN,500,io,Standard_D2s_v3,4,1.3432,0.0094,605.22265625,23.890625
azure,centralindia,IN,500,memory,Standard_D2s_v3,4,0.7477,0.0052,605.22265625,23.890625
azure,centralindia,IN,500,memory,Standard_D2s_v3,4,0.7452,0.0052,605.22265625,23.890625
azure,centralindia,IN,1024,cpu,Standard_D2s_v3,4,0.7643,0.0054,605.22265625,23.890625
azure,centralindia,IN,1024,cpu,Standard_D2s_v3,4,0.831,0.0058,605.22265625,23.890625
azure,centralindia,IN,1024,io,Standard_D2s_v3,4,2.2438,0.0157,605.22265625,23.890625
azure,centralindia,IN,1024,io,Standard_D2s_v3,4,2.3376,0.0164,605.22265625,23.890625
azure,centralindia,IN,1024,memory,Standard_D2s_v3,4,1.0819,0.0076,605.22265625,23.890625
azure,centralindia,IN,1024,memory,Standard_D2s_v3,4,1.0744,0.0075,605.22265625,23.890625
azure,centralindia,IN,2048,cpu,Standard_D2s_v3,4,1.0406,0.0073,605.22265625,23.890625
azure,centralindia,IN,2048,cpu,Standard_D2s_v3,4,1.0235,0.0072,605.22265625,23.890625
azure,centralindia,IN,2048,io,Standard_D2s_v3,4,3.903,0.0273,605.22265625,23.890625
azure,centralindia,IN,2048,io,Standard_D2s_v3,4,3.9216,0.0275,605.22265625,23.890625
azure,centralindia,IN,2048,memory,Standard_D2s_v3,4,1.5582,0.0109,605.22265625,23.890625
azure,centralindia,IN,2048,memory,Standard_D2s_v3,4,1.5436,0.0108,605.22265625,23.890625
azure,centralindia,IN,3072,cpu,Standard_D2s_v3,4,1.266,0.0089,605.22265625,23.890625
azure,centralindia,IN,3072,cpu,Standard_D2s_v3,4,1.2947,0.0091,605.22265625,23.890625
azure,centralindia,IN,3072,io,Standard_D2s_v3,4,5.6074,0.0393,605.22265625,23.890625
azure,centralindia,IN,3072,io,Standard_D2s_v3,4,5.9057,0.0413,605.22265625,23.890625
azure,centralindia,IN,3072,memory,Standard_D2s_v3,4,1.9393,0.0136,605.22265625,23.890625
azure,centralindia,IN,3072,memory,Standard_D2s_v3,4,1.8812,0.0132,605.22265625,23.890625
azure,centralindia,IN,5120,cpu,Standard_D2s_v3,4,1.9179,0.0134,605.22265625,23.890625
azure,centralindia,IN,5120,cpu,Standard_D2s_v3,4,1.9217,0.0135,605.22265625,23.890625
azure,centralindia,IN,5120,io,Standard_D2s_v3,4,9.0042,0.063,605.22265625,23.890625
azure,centralindia,IN,5120,io,Standard_D2s_v3,4,8.9882,0.0629,605.22265625,23.890625
azure,centralindia,IN,5120,memory,Standard_D2s_v3,4,3.0188,0.0211,605.22265625,23.890625
azure,centralindia,IN,5120,memory,Standard_D2s_v3,4,3.0896,0.0216,605.22265625,23.890625
azure,centralindia,IN,5120,io,Standard_D4as_v4,2,2.6376,0.0108,605.22265625,23.890625
azure,centralindia,IN,5120,io,Standard_D4as_v4,2,2.7108,0.0111,605.22265625,23.890625
azure,centralindia,IN,3072,cpu,Standard_D4ds_v4,2,1.4126,0.0115,605.22265625,23.890625
azure,centralindia,IN,3072,cpu,Standard_D4ds_v4,2,1.4602,0.0119,605.22265625,23.890625
azure,centralindia,IN,3072,io,Standard_D4ds_v4,2,3.0536,0.0248,605.22265625,23.890625
azure,centralindia,IN,3072,memory,Standard_D4ds_v4,2,2.3773,0.0193,605.22265625,23.890625
azure,centralindia,IN,3072,memory,Standard_D4ds_v4,2,2.3106,0.0188,605.22265625,23.890625
azure,centralindia,IN,3072,cpu,Standard_D4ds_v4,4,0.6953,0.0113,605.22265625,23.890625
azure,centralindia,IN,3072,cpu,Standard_D4ds_v4,4,0.7052,0.0115,605.22265625,23.890625
azure,centralindia,IN,3072,io,Standard_D4ds_v4,4,2.9888,0.0486,605.22265625,23.890625
azure,centralindia,IN,3072,io,Standard_D4ds_v4,4,2.8367,0.0461,605.22265625,23.890625
azure,centralindia,IN,3072,memory,Standard_D4ds_v4,4,1.045,0.017,605.22265625,23.890625
azure,centralindia,IN,3072,memory,Standard_D4ds_v4,4,1.047,0.017,605.22265625,23.890625
azure,centralindia,IN,5120,cpu,Standard_D4ds_v4,4,1.0062,0.0164,605.22265625,23.890625
azure,centralindia,IN,5120,cpu,Standard_D4ds_v4,4,1.0164,0.0165,605.22265625,23.890625
azure,centralindia,IN,5120,io,Standard_D4ds_v4,4,3.7042,0.0603,605.22265625,23.890625
azure,centralindia,IN,5120,io,Standard_D4ds_v4,4,3.752,0.061,605.22265625,23.890625
azure,centralindia,IN,5120,memory,Standard_D4ds_v4,4,1.5971,0.026,605.22265625,23.890625
azure,centralindia,IN,5120,memory,Standard_D4ds_v4,4,1.5155,0.0247,605.22265625,23.890625
azure,centralindia,IN,5120,io,Standard_D4s_v3,2,4.3174,0.0302,605.22265625,23.890625
azure,centralindia,IN,5120,io,Standard_D4s_v3,2,3.9583,0.0277,605.22265625,23.890625
azure,southeastasia,SG,10,cpu,Standard_D2s_v3,2,0.4645,0.0019,479.62890625,5.9921875
azure,southeastasia,SG,10,cpu,Standard_D2s_v3,2,0.5164,0.0022,479.62890625,5.9921875
azure,southeastasia,SG,10,cpu,Standard_D2s_v3,2,0.4913,0.002,479.62890625,5.9921875
azure,southeastasia,SG,10,cpu,Standard_D2s_v3,2,0.4326,0.0018,479.62890625,5.9921875
azure,southeastasia,SG,10,cpu,Standard_D2s_v3,2,0.4829,0.002,479.62890625,5.9921875
azure,southeastasia,SG,10,cpu,Standard_D2s_v3,2,0.5074,0.0021,479.62890625,5.9921875
azure,southeastasia,SG,10,cpu,Standard_D2s_v3,2,0.4444,0.0019,479.62890625,5.9921875
azure,southeastasia,SG,10,cpu,Standard_D2s_v3,2,0.4908,0.002,479.62890625,5.9921875
azure,southeastasia,SG,10,cpu,Standard_D2s_v3,2,0.5323,0.0022,479.62890625,5.9921875
azure,southeastasia,SG,10,cpu,Standard_D2s_v3,2,0.4176,0.0017,479.62890625,5.9921875
azure,southeastasia,SG,10,cpu,Standard_D2s_v3,2,0.4711,0.002,479.62890625,5.9921875
azure,southeastasia,SG,10,cpu,Standard_D2s_v3,2,0.4927,0.0021,479.62890625,5.9921875
azure,southeastasia,SG,10,io,Standard_D2s_v3,2,0.6173,0.0026,479.62890625,5.9921875
azure,southeastasia,SG,10,io,Standard_D2s_v3,2,0.6006,0.0025,479.62890625,5.9921875
azure,southeastasia,SG,10,io,Standard_D2s_v3,2,0.6643,0.0028,479.62890625,5.9921875
azure,southeastasia,SG,10,io,Standard_D2s_v3,2,0.5537,0.0023,479.62890625,5.9921875
azure,southeastasia,SG,10,io,Standard_D2s_v3,2,0.6123,0.0026,479.62890625,5.9921875
azure,southeastasia,SG,10,io,Standard_D2s_v3,2,0.6272,0.0026,479.62890625,5.9921875
azure,southeastasia,SG,10,io,Standard_D2s_v3,2,0.5942,0.0025,479.62890625,5.9921875
azure,southeastasia,SG,10,io,Standard_D2s_v3,2,0.6367,0.0027,479.62890625,5.9921875
azure,southeastasia,SG,10,io,Standard_D2s_v3,2,0.6872,0.0029,479.62890625,5.9921875
azure,southeastasia,SG,10,io,Standard_D2s_v3,2,0.5358,0.0022,479.62890625,5.9921875
azure,southeastasia,SG,10,io,Standard_D2s_v3,2,0.6019,0.0025,479.62890625,5.9921875
azure,southeastasia,SG,10,io,Standard_D2s_v3,2,0.6188,0.0026,479.62890625,5.9921875
azure,southeastasia,SG,10,memory,Standard_D2s_v3,2,0.626,0.0026,479.62890625,5.9921875
azure,southeastasia,SG,10,memory,Standard_D2s_v3,2,0.6827,0.0028,479.62890625,5.9921875
azure,southeastasia,SG,10,memory,Standard_D2s_v3,2,0.7422,0.0031,479.62890625,5.9921875
azure,southeastasia,SG,10,memory,Standard_D2s_v3,2,0.602,0.0025,479.62890625,5.9921875
azure,southeastasia,SG,10,memory,Standard_D2s_v3,2,0.6505,0.0027,479.62890625,5.9921875
azure,southeastasia,SG,10,memory,Standard_D2s_v3,2,0.6904,0.0029,479.62890625,5.9921875
azure,southeastasia,SG,10,memory,Standard_D2s_v3,2,0.6348,0.0026,479.62890625,5.9921875
azure,southeastasia,SG,10,memory,Standard_D2s_v3,2,0.7278,0.003,479.62890625,5.9921875
azure,southeastasia,SG,10,memory,Standard_D2s_v3,2,0.7548,0.0031,479.62890625,5.9921875
azure,southeastasia,SG,10,memory,Standard_D2s_v3,2,0.5927,0.0025,479.62890625,5.9921875
azure,southeastasia,SG,10,memory,Standard_D2s_v3,2,0.7048,0.0029,479.62890625,5.9921875
azure,southeastasia,SG,100,cpu,Standard_D2s_v3,2,0.552,0.0023,479.62890625,5.9921875
azure,southeastasia,SG,100,cpu,Standard_D2s_v3,2,0.5769,0.0024,479.62890625,5.9921875
azure,southeastasia,SG,100,cpu,Standard_D2s_v3,2,0.6422,0.0027,479.62890625,5.9921875
azure,southeastasia,SG,100,cpu,Standard_D2s_v3,2,0.5279,0.0022,479.62890625,5.9921875
azure,southeastasia,SG,100,cpu,Standard_D2s_v3,2,0.5724,0.0024,479.62890625,5.9921875
azure,southeastasia,SG,100,cpu,Standard_D2s_v3,2,0.5926,0.0025,479.62890625,5.9921875
azure,southeastasia,SG,100,cpu,Standard_D2s_v3,2,0.5339,0.0022,479.62890625,5.9921875
azure,southeastasia,SG,100,cpu,Standard_D2s_v3,2,0.5892,0.0025,479.62890625,5.9921875
azure,southeastasia,SG,100,cpu,Standard_D2s_v3,2,0.6176,0.0026,479.62890625,5.9921875
azure,southeastasia,SG,100,cpu,Standard_D2s_v3,2,0.5054,0.0021,479.62890625,5.9921875
azure,southeastasia,SG,100,cpu,Standard_D2s_v3,2,0.5754,0.0024,479.62890625,5.9921875
azure,southeastasia,SG,100,cpu,Standard_D2s_v3,2,0.5947,0.0025,479.62890625,5.9921875
azure,southeastasia,SG,100,io,Standard_D2s_v3,2,0.8285,0.0035,479.62890625,5.9921875
azure,southeastasia,SG,100,io,Standard_D2s_v3,2,0.8642,0.0036,479.62890625,5.9921875
azure,southeastasia,SG,100,io,Standard_D2s_v3,2,0.7403,0.0031,479.62890625,5.9921875
azure,southeastasia,SG,100,io,Standard_D2s_v3,2,0.9147,0.0038,479.62890625,5.9921875
azure,southeastasia,SG,100,io,Standard_D2s_v3,2,0.8118,0.0034,479.62890625,5.9921875
azure,southeastasia,SG,100,io,Standard_D2s_v3,2,0.8343,0.0035,479.62890625,5.9921875
azure,southeastasia,SG,100,io,Standard_D2s_v3,2,0.864,0.0036,479.62890625,5.9921875
azure,southeastasia,SG,100,io,Standard_D2s_v3,2,0.8498,0.0035,479.62890625,5.9921875
azure,southeastasia,SG,100,io,Standard_D2s_v3,2,0.7061,0.0029,479.62890625,5.9921875
azure,southeastasia,SG,100,io,Standard_D2s_v3,2,0.9191,0.0038,479.62890625,5.9921875
azure,southeastasia,SG,100,io,Standard_D2s_v3,2,0.796,0.0033,479.62890625,5.9921875
azure,southeastasia,SG,100,io,Standard_D2s_v3,2,0.8572,0.0036,479.62890625,5.9921875
azure,southeastasia,SG,100,memory,Standard_D2s_v3,2,0.7634,0.0032,479.62890625,5.9921875
azure,southeastasia,SG,100,memory,Standard_D2s_v3,2,0.8609,0.0036,479.62890625,5.9921875
azure,southeastasia,SG,100,memory,Standard_D2s_v3,2,0.9125,0.0038,479.62890625,5.9921875
azure,southeastasia,SG,100,memory,Standard_D2s_v3,2,0.7264,0.003,479.62890625,5.9921875
azure,southeastasia,SG,100,memory,Standard_D2s_v3,2,0.8221,0.0034,479.62890625,5.9921875
azure,southeastasia,SG,100,memory,Standard_D2s_v3,2,0.8794,0.0037,479.62890625,5.9921875
azure,southeastasia,SG,100,memory,Standard_D2s_v3,2,0.7738,0.0032,479.62890625,5.9921875
azure,southeastasia,SG,100,memory,Standard_D2s_v3,2,0.879,0.0037,479.62890625,5.9921875
azure,southeastasia,SG,100,memory,Standard_D2s_v3,2,0.7366,0.0031,479.62890625,5.9921875
azure,southeastasia,SG,100,memory,Standard_D2s_v3,2,0.903,0.0038,479.62890625,5.9921875
azure,southeastasia,SG,100,memory,Standard_D2s_v3,2,0.8471,0.0035,479.62890625,5.9921875
azure,southeastasia,SG,100,memory,Standard_D2s_v3,2,0.8589,0.0036,479.62890625,5.9921875
azure,southeastasia,SG,500,cpu,Standard_D2s_v3,2,0.9326,0.0039,479.62890625,5.9921875
azure,southeastasia,SG,500,cpu,Standard_D2s_v3,2,1.0356,0.0043,479.62890625,5.9921875
azure,southeastasia,SG,500,cpu,Standard_D2s_v3,2,0.9413,0.0039,479.62890625,5.9921875
azure,southeastasia,SG,500,cpu,Standard_D2s_v3,2,1.0781,0.0045,479.62890625,5.9921875
azure,southeastasia,SG,500,cpu,Standard_D2s_v3,2,1.0285,0.0043,479.62890625,5.9921875
azure,southeastasia,SG,500,cpu,Standard_D2s_v3,2,1.0569,0.0044,479.62890625,5.9921875
azure,southeastasia,SG,500,cpu,Standard_D2s_v3,2,0.9296,0.0039,479.62890625,5.9921875
azure,southeastasia,SG,500,cpu,Standard_D2s_v3,2,1.0154,0.0042,479.62890625,5.9921875
azure,southeastasia,SG,500,cpu,Standard_D2s_v3,2,0.885,0.0037,479.62890625,5.9921875
azure,southeastasia,SG,500,cpu,Standard_D2s_v3,2,1.1177,0.0047,479.62890625,5.9921875
azure,southeastasia,SG,500,cpu,Standard_D2s_v3,2,1.0562,0.0044,479.62890625,5.9921875
azure,southeastasia,SG,500,cpu,Standard_D2s_v3,2,1.0588,0.0044,479.62890625,5.9921875
azure,southeastasia,SG,500,io,Standard_D2s_v3,2,1.7997,0.0075,479.62890625,5.9921875
azure,southeastasia,SG,500,io,Standard_D2s_v3,2,1.5548,0.0065,479.62890625,5.9921875
azure,southeastasia,SG,500,io,Standard_D2s_v3,2,1.8323,0.0076,479.62890625,5.9921875
azure,southeastasia,SG,500,io,Standard_D2s_v3,2,1.7692,0.0074,479.62890625,5.9921875
azure,southeastasia,SG,500,io,Standard_D2s_v3,2,1.8248,0.0076,479.62890625,5.9921875
azure,southeastasia,SG,500,io,Standard_D2s_v3,2,1.7901,0.0075,479.62890625,5.9921875
azure,southeastasia,SG,500,io,Standard_D2s_v3,2,1.8225,0.0076,479.62890625,5.9921875
azure,southeastasia,SG,500,io,Standard_D2s_v3,2,1.6125,0.0067,479.62890625,5.9921875
azure,southeastasia,SG,500,io,Standard_D2s_v3,2,1.8041,0.0075,479.62890625,5.9921875
azure,southeastasia,SG,500,io,Standard_D2s_v3,2,1.7827,0.0074,479.62890625,5.9921875
azure,southeastasia,SG,500,memory,Standard_D2s_v3,2,1.4531,0.0061,479.62890625,5.9921875
azure,southeastasia,SG,500,memory,Standard_D2s_v3,2,1.6032,0.0067,479.62890625,5.9921875
azure,southeastasia,SG,500,memory,Standard_D2s_v3,2,1.3842,0.0058,479.62890625,5.9921875
azure,southeastasia,SG,500,memory,Standard_D2s_v3,2,1.5668,0.0065,479.62890625,5.9921875
azure,southeastasia,SG,500,memory,Standard_D2s_v3,2,1.633,0.0068,479.62890625,5.9921875
azure,southeastasia,SG,500,memory,Standard_D2s_v3,2,1.5459,0.0064,479.62890625,5.9921875
azure,southeastasia,SG,500,memory,Standard_D2s_v3,2,1.3872,0.0058,479.62890625,5.9921875
azure,southeastasia,SG,500,memory,Standard_D2s_v3,2,1.3449,0.0056,479.62890625,5.9921875
azure,southeastasia,SG,500,memory,Standard_D2s_v3,2,1.6456,0.0069,479.62890625,5.9921875
azure,southeastasia,SG,500,memory,Standard_D2s_v3,2,1.5871,0.0066,479.62890625,5.9921875
azure,southeastasia,SG,500,memory,Standard_D2s_v3,2,1.6215,0.0068,479.62890625,5.9921875
azure,southeastasia,SG,1024,cpu,Standard_D2s_v3,2,1.4683,0.0061,479.62890625,5.9921875
azure,southeastasia,SG,1024,cpu,Standard_D2s_v3,2,1.5827,0.0066,479.62890625,5.9921875
azure,southeastasia,SG,1024,cpu,Standard_D2s_v3,2,1.4782,0.0062,479.62890625,5.9921875
azure,southeastasia,SG,1024,cpu,Standard_D2s_v3,2,1.6077,0.0067,479.62890625,5.9921875
azure,southeastasia,SG,1024,cpu,Standard_D2s_v3,2,1.6936,0.0071,479.62890625,5.9921875
azure,southeastasia,SG,1024,cpu,Standard_D2s_v3,2,1.417,0.0059,479.62890625,5.9921875
azure,southeastasia,SG,1024,cpu,Standard_D2s_v3,2,1.5628,0.0065,479.62890625,5.9921875
azure,southeastasia,SG,1024,cpu,Standard_D2s_v3,2,1.3862,0.0058,479.62890625,5.9921875
azure,southeastasia,SG,1024,cpu,Standard_D2s_v3,2,1.6156,0.0067,479.62890625,5.9921875
azure,southeastasia,SG,1024,cpu,Standard_D2s_v3,2,1.7065,0.0071,479.62890625,5.9921875
azure,southeastasia,SG,1024,io,Standard_D2s_v3,2,3.0034,0.0125,479.62890625,5.9921875
azure,southeastasia,SG,1024,io,Standard_D2s_v3,2,2.9901,0.0125,479.62890625,5.9921875
azure,southeastasia,SG,1024,io,Standard_D2s_v3,2,2.9851,0.0124,479.62890625,5.9921875
azure,southeastasia,SG,1024,io,Standard_D2s_v3,2,2.9897,0.0125,479.62890625,5.9921875
azure,southeastasia,SG,1024,io,Standard_D2s_v3,2,3.1263,0.013,479.62890625,5.9921875
azure,southeastasia,SG,1024,io,Standard_D2s_v3,2,3.0858,0.0129,479.62890625,5.9921875
azure,southeastasia,SG,1024,io,Standard_D2s_v3,2,2.9461,0.0123,479.62890625,5.9921875
azure,southeastasia,SG,1024,io,Standard_D2s_v3,2,3.1251,0.013,479.62890625,5.9921875
azure,southeastasia,SG,1024,memory,Standard_D2s_v3,2,2.2198,0.0092,479.62890625,5.9921875
azure,southeastasia,SG,1024,memory,Standard_D2s_v3,2,2.5723,0.0107,479.62890625,5.9921875
azure,southeastasia,SG,1024,memory,Standard_D2s_v3,2,2.5398,0.0106,479.62890625,5.9921875
azure,southeastasia,SG,1024,memory,Standard_D2s_v3,2,2.2345,0.0093,479.62890625,5.9921875
azure,southeastasia,SG,1024,memory,Standard_D2s_v3,2,2.5658,0.0107,479.62890625,5.9921875
azure,southeastasia,SG,1024,memory,Standard_D2s_v3,2,2.2557,0.0094,479.62890625,5.9921875
azure,southeastasia,SG,1024,memory,Standard_D2s_v3,2,2.5978,0.0108,479.62890625,5.9921875
azure,southeastasia,SG,1024,memory,Standard_D2s_v3,2,2.541,0.0106,479.62890625,5.9921875
azure,southeastasia,SG,1024,memory,Standard_D2s_v3,2,2.4659,0.0103,479.62890625,5.9921875
azure,southeastasia,SG,2048,cpu,Standard_D2s_v3,2,2.8317,0.0118,479.62890625,5.9921875
azure,southeastasia,SG,2048,cpu,Standard_D2s_v3,2,2.9339,0.0122,479.62890625,5.9921875
azure,southeastasia,SG,2048,cpu,Standard_D2s_v3,2,2.8319,0.0118,479.62890625,5.9921875
azure,southeastasia,SG,2048,cpu,Standard_D2s_v3,2,3.0825,0.0128,479.62890625,5.9921875
azure,southeastasia,SG,2048,cpu,Standard_D2s_v3,2,2.6197,0.0109,479.62890625,5.9921875
azure,southeastasia,SG,2048,cpu,Standard_D2s_v3,2,2.7931,0.0116,479.62890625,5.9921875
azure,southeastasia,SG,2048,cpu,Standard_D2s_v3,2,2.3756,0.0099,479.62890625,5.9921875
azure,southeastasia,SG,2048,cpu,Standard_D2s_v3,2,2.8399,0.0118,479.62890625,5.9921875
azure,southeastasia,SG,2048,io,Standard_D2s_v3,2,5.6305,0.0235,479.62890625,5.9921875
azure,southeastasia,SG,2048,io,Standard_D2s_v3,2,5.1616,0.0215,479.62890625,5.9921875
azure,southeastasia,SG,2048,io,Standard_D2s_v3,2,5.597,0.0233,479.62890625,5.9921875
azure,southeastasia,SG,2048,io,Standard_D2s_v3,2,5.2349,0.0218,479.62890625,5.9921875
azure,southeastasia,SG,2048,io,Standard_D2s_v3,2,5.4457,0.0227,479.62890625,5.9921875
azure,southeastasia,SG,2048,io,Standard_D2s_v3,2,5.0485,0.021,479.62890625,5.9921875
azure,southeastasia,SG,2048,io,Standard_D2s_v3,2,5.5366,0.0231,479.62890625,5.9921875
azure,southeastasia,SG,2048,io,Standard_D2s_v3,2,5.33,0.0222,479.62890625,5.9921875
azure,southeastasia,SG,2048,memory,Standard_D2s_v3,2,4.5779,0.0191,479.62890625,5.9921875
azure,southeastasia,SG,2048,memory,Standard_D2s_v3,2,4.4915,0.0187,479.62890625,5.9921875
azure,southeastasia,SG,2048,memory,Standard_D2s_v3,2,4.0028,0.0167,479.62890625,5.9921875
azure,southeastasia,SG,2048,memory,Standard_D2s_v3,2,4.6226,0.0193,479.62890625,5.9921875
azure,southeastasia,SG,2048,memory,Standard_D2s_v3,2,4.6525,0.0194,479.62890625,5.9921875
azure,southeastasia,SG,2048,memory,Standard_D2s_v3,2,4.1492,0.0173,479.62890625,5.9921875
azure,southeastasia,SG,2048,memory,Standard_D2s_v3,2,3.8651,0.0161,479.62890625,5.9921875
azure,southeastasia,SG,2048,memory,Standard_D2s_v3,2,4.6243,0.0193,479.62890625,5.9921875
azure,southeastasia,SG,3072,cpu,Standard_D2s_v3,2,4.0903,0.017,479.62890625,5.9921875
azure,southeastasia,SG,3072,cpu,Standard_D2s_v3,2,3.214,0.0134,479.62890625,5.9921875
azure,southeastasia,SG,3072,cpu,Standard_D2s_v3,2,4.4268,0.0184,479.62890625,5.9921875
azure,southeastasia,SG,3072,cpu,Standard_D2s_v3,2,3.3882,0.0141,479.62890625,5.9921875
azure,southeastasia,SG,3072,cpu,Standard_D2s_v3,2,4.0757,0.017,479.62890625,5.9921875
azure,southeastasia,SG,3072,cpu,Standard_D2s_v3,2,3.9345,0.0164,479.62890625,5.9921875
azure,southeastasia,SG,3072,io,Standard_D2s_v3,2,7.4373,0.031,479.62890625,5.9921875
azure,southeastasia,SG,3072,io,Standard_D2s_v3,2,7.9502,0.0331,479.62890625,5.9921875
azure,southeastasia,SG,3072,memory,Standard_D2s_v3,2,5.7732,0.0241,479.62890625,5.9921875
azure,southeastasia,SG,3072,memory,Standard_D2s_v3,2,6.0599,0.0252,479.62890625,5.9921875
azure,southeastasia,SG,3072,memory,Standard_D2s_v3,2,6.3669,0.0265,479.62890625,5.9921875
azure,southeastasia,SG,3072,memory,Standard_D2s_v3,2,5.3428,0.0223,479.62890625,5.9921875
azure,southeastasia,SG,3072,memory,Standard_D2s_v3,2,6.2809,0.0262,479.62890625,5.9921875
azure,southeastasia,SG,5120,cpu,Standard_D2s_v3,2,6.5416,0.0273,479.62890625,5.9921875
azure,southeastasia,SG,5120,cpu,Standard_D2s_v3,2,6.2139,0.0259,479.62890625,5.9921875
azure,southeastasia,SG,5120,io,Standard_D2s_v3,2,12.2767,0.0512,479.62890625,5.9921875
azure,southeastasia,SG,5120,io,Standard_D2s_v3,2,12.3604,0.0515,479.62890625,5.9921875
azure,southeastasia,SG,5120,memory,Standard_D2s_v3,2,10.2994,0.0429,479.62890625,5.9921875
azure,southeastasia,SG,5120,memory,Standard_D2s_v3,2,10.2047,0.0425,479.62890625,5.9921875
azure,southeastasia,SG,10,cpu,Standard_D2s_v3,4,0.475,0.004,479.62890625,5.9921875
azure,southeastasia,SG,10,cpu,Standard_D2s_v3,4,0.5,0.0042,479.62890625,5.9921875
azure,southeastasia,SG,10,cpu,Standard_D2s_v3,4,0.5343,0.0045,479.62890625,5.9921875
azure,southeastasia,SG,10,cpu,Standard_D2s_v3,4,0.5225,0.0044,479.62890625,5.9921875
azure,southeastasia,SG,10,cpu,Standard_D2s_v3,4,0.4918,0.0041,479.62890625,5.9921875
azure,southeastasia,SG,10,cpu,Standard_D2s_v3,4,0.5208,0.0043,479.62890625,5.9921875
azure,southeastasia,SG,10,cpu,Standard_D2s_v3,4,0.5209,0.0043,479.62890625,5.9921875
azure,southeastasia,SG,10,cpu,Standard_D2s_v3,4,0.5087,0.0042,479.62890625,5.9921875
azure,southeastasia,SG,10,io,Standard_D2s_v3,4,0.5074,0.0042,479.62890625,5.9921875
azure,southeastasia,SG,10,io,Standard_D2s_v3,4,0.6097,0.0051,479.62890625,5.9921875
azure,southeastasia,SG,10,io,Standard_D2s_v3,4,0.6546,0.0055,479.62890625,5.9921875
azure,southeastasia,SG,10,io,Standard_D2s_v3,4,0.6575,0.0055,479.62890625,5.9921875
azure,southeastasia,SG,10,io,Standard_D2s_v3,4,0.5232,0.0044,479.62890625,5.9921875
azure,southeastasia,SG,10,io,Standard_D2s_v3,4,0.5788,0.0048,479.62890625,5.9921875
azure,southeastasia,SG,10,io,Standard_D2s_v3,4,0.6885,0.0057,479.62890625,5.9921875
azure,southeastasia,SG,10,io,Standard_D2s_v3,4,0.6384,0.0053,479.62890625,5.9921875
azure,southeastasia,SG,10,memory,Standard_D2s_v3,4,0.6259,0.0052,479.62890625,5.9921875
azure,southeastasia,SG,10,memory,Standard_D2s_v3,4,0.6773,0.0056,479.62890625,5.9921875
azure,southeastasia,SG,10,memory,Standard_D2s_v3,4,0.6441,0.0054,479.62890625,5.9921875
azure,southeastasia,SG,10,memory,Standard_D2s_v3,4,0.6806,0.0057,479.62890625,5.9921875
azure,southeastasia,SG,10,memory,Standard_D2s_v3,4,0.6486,0.0054,479.62890625,5.9921875
azure,southeastasia,SG,10,memory,Standard_D2s_v3,4,0.6751,0.0056,479.62890625,5.9921875
azure,southeastasia,SG,10,memory,Standard_D2s_v3,4,0.6947,0.0058,479.62890625,5.9921875
azure,southeastasia,SG,10,memory,Standard_D2s_v3,4,0.6936,0.0058,479.62890625,5.9921875
azure,southeastasia,SG,100,cpu,Standard_D2s_v3,4,0.5272,0.0044,479.62890625,5.9921875
azure,southeastasia,SG,100,cpu,Standard_D2s_v3,4,0.5564,0.0046,479.62890625,5.9921875
azure,southeastasia,SG,100,cpu,Standard_D2s_v3,4,0.584,0.0049,479.62890625,5.9921875
azure,southeastasia,SG,100,cpu,Standard_D2s_v3,4,0.5537,0.0046,479.62890625,5.9921875
azure,southeastasia,SG,100,cpu,Standard_D2s_v3,4,0.5101,0.0043,479.62890625,5.9921875
azure,southeastasia,SG,100,cpu,Standard_D2s_v3,4,0.5479,0.0046,479.62890625,5.9921875
azure,southeastasia,SG,100,cpu,Standard_D2s_v3,4,0.6229,0.0052,479.62890625,5.9921875
azure,southeastasia,SG,100,cpu,Standard_D2s_v3,4,0.572,0.0048,479.62890625,5.9921875
azure,southeastasia,SG,100,io,Standard_D2s_v3,4,0.7437,0.0062,479.62890625,5.9921875
azure,southeastasia,SG,100,io,Standard_D2s_v3,4,0.8282,0.0069,479.62890625,5.9921875
azure,southeastasia,SG,100,io,Standard_D2s_v3,4,0.9414,0.0078,479.62890625,5.9921875
azure,southeastasia,SG,100,io,Standard_D2s_v3,4,0.8785,0.0073,479.62890625,5.9921875
azure,southeastasia,SG,100,io,Standard_D2s_v3,4,0.7152,0.006,479.62890625,5.9921875
azure,southeastasia,SG,100,io,Standard_D2s_v3,4,0.8056,0.0067,479.62890625,5.9921875
azure,southeastasia,SG,100,io,Standard_D2s_v3,4,0.8978,0.0075,479.62890625,5.9921875
azure,southeastasia,SG,100,io,Standard_D2s_v3,4,0.8673,0.0072,479.62890625,5.9921875
azure,southeastasia,SG,100,memory,Standard_D2s_v3,4,0.6873,0.0057,479.62890625,5.9921875
azure,southeastasia,SG,100,memory,Standard_D2s_v3,4,0.7522,0.0063,479.62890625,5.9921875
azure,southeastasia,SG,100,memory,Standard_D2s_v3,4,0.8031,0.0067,479.62890625,5.9921875
azure,southeastasia,SG,100,memory,Standard_D2s_v3,4,0.7601,0.0063,479.62890625,5.9921875
azure,southeastasia,SG,100,memory,Standard_D2s_v3,4,0.6905,0.0058,479.62890625,5.9921875
azure,southeastasia,SG,100,memory,Standard_D2s_v3,4,0.7419,0.0062,479.62890625,5.9921875
azure,southeastasia,SG,100,memory,Standard_D2s_v3,4,0.7724,0.0064,479.62890625,5.9921875
azure,southeastasia,SG,100,memory,Standard_D2s_v3,4,0.7721,0.0064,479.62890625,5.9921875
azure,southeastasia,SG,500,cpu,Standard_D2s_v3,4,0.6535,0.0054,479.62890625,5.9921875
azure,southeastasia,SG,500,cpu,Standard_D2s_v3,4,0.6942,0.0058,479.62890625,5.9921875
azure,southeastasia,SG,500,cpu,Standard_D2s_v3,4,0.7206,0.006,479.62890625,5.9921875
azure,southeastasia,SG,500,cpu,Standard_D2s_v3,4,0.7231,0.006,479.62890625,5.9921875
azure,southeastasia,SG,500,cpu,Standard_D2s_v3,4,0.6724,0.0056,479.62890625,5.9921875
azure,southeastasia,SG,500,cpu,Standard_D2s_v3,4,0.6962,0.0058,479.62890625,5.9921875
azure,southeastasia,SG,500,cpu,Standard_D2s_v3,4,0.725,0.006,479.62890625,5.9921875
azure,southeastasia,SG,500,cpu,Standard_D2s_v3,4,0.7233,0.006,479.62890625,5.9921875
azure,southeastasia,SG,500,io,Standard_D2s_v3,4,1.6079,0.0134,479.62890625,5.9921875
azure,southeastasia,SG,500,io,Standard_D2s_v3,4,1.7414,0.0145,479.62890625,5.9921875
azure,southeastasia,SG,500,io,Standard_D2s_v3,4,1.8837,0.0157,479.62890625,5.9921875
azure,southeastasia,SG,500,io,Standard_D2s_v3,4,1.9029,0.0159,479.62890625,5.9921875
azure,southeastasia,SG,500,io,Standard_D2s_v3,4,1.5811,0.0132,479.62890625,5.9921875
azure,southeastasia,SG,500,io,Standard_D2s_v3,4,1.714,0.0143,479.62890625,5.9921875
azure,southeastasia,SG,500,io,Standard_D2s_v3,4,1.9543,0.0163,479.62890625,5.9921875
azure,southeastasia,SG,500,io,Standard_D2s_v3,4,1.8702,0.0156,479.62890625,5.9921875
azure,southeastasia,SG,500,memory,Standard_D2s_v3,4,0.9279,0.0077,479.62890625,5.9921875
azure,southeastasia,SG,500,memory,Standard_D2s_v3,4,0.9596,0.008,479.62890625,5.9921875
azure,southeastasia,SG,500,memory,Standard_D2s_v3,4,0.9794,0.0082,479.62890625,5.9921875
azure,southeastasia,SG,500,memory,Standard_D2s_v3,4,1.0,0.0083,479.62890625,5.9921875
azure,southeastasia,SG,500,memory,Standard_D2s_v3,4,0.9656,0.008,479.62890625,5.9921875
azure,southeastasia,SG,500,memory,Standard_D2s_v3,4,0.9752,0.0081,479.62890625,5.9921875
azure,southeastasia,SG,500,memory,Standard_D2s_v3,4,1.002,0.0083,479.62890625,5.9921875
azure,southeastasia,SG,500,memory,Standard_D2s_v3,4,0.9813,0.0082,479.62890625,5.9921875
azure,southeastasia,SG,1024,cpu,Standard_D2s_v3,4,1.0188,0.0085,479.62890625,5.9921875
azure,southeastasia,SG,1024,cpu,Standard_D2s_v3,4,1.0108,0.0084,479.62890625,5.9921875
azure,southeastasia,SG,1024,cpu,Standard_D2s_v3,4,0.9704,0.0081,479.62890625,5.9921875
azure,southeastasia,SG,1024,cpu,Standard_D2s_v3,4,1.0702,0.0089,479.62890625,5.9921875
azure,southeastasia,SG,1024,cpu,Standard_D2s_v3,4,0.9812,0.0082,479.62890625,5.9921875
azure,southeastasia,SG,1024,cpu,Standard_D2s_v3,4,1.0508,0.0088,479.62890625,5.9921875
azure,southeastasia,SG,1024,cpu,Standard_D2s_v3,4,0.9713,0.0081,479.62890625,5.9921875
azure,southeastasia,SG,1024,cpu,Standard_D2s_v3,4,1.0371,0.0086,479.62890625,5.9921875
azure,southeastasia,SG,1024,io,Standard_D2s_v3,4,2.8479,0.0237,479.62890625,5.9921875
azure,southeastasia,SG,1024,io,Standard_D2s_v3,4,3.4511,0.0288,479.62890625,5.9921875
azure,southeastasia,SG,1024,io,Standard_D2s_v3,4,2.9874,0.0249,479.62890625,5.9921875
azure,southeastasia,SG,1024,io,Standard_D2s_v3,4,2.7395,0.0228,479.62890625,5.9921875
azure,southeastasia,SG,1024,io,Standard_D2s_v3,4,2.7885,0.0232,479.62890625,5.9921875
azure,southeastasia,SG,1024,io,Standard_D2s_v3,4,3.3437,0.0279,479.62890625,5.9921875
azure,southeastasia,SG,1024,io,Standard_D2s_v3,4,3.0284,0.0252,479.62890625,5.9921875
azure,southeastasia,SG,1024,io,Standard_D2s_v3,4,2.6155,0.0218,479.62890625,5.9921875
azure,southeastasia,SG,1024,memory,Standard_D2s_v3,4,1.5146,0.0126,479.62890625,5.9921875
azure,southeastasia,SG,1024,memory,Standard_D2s_v3,4,1.4426,0.012,479.62890625,5.9921875
azure,southeastasia,SG,1024,memory,Standard_D2s_v3,4,1.5035,0.0125,479.62890625,5.9921875
azure,southeastasia,SG,1024,memory,Standard_D2s_v3,4,1.4917,0.0124,479.62890625,5.9921875
azure,southeastasia,SG,1024,memory,Standard_D2s_v3,4,1.4353,0.012,479.62890625,5.9921875
azure,southeastasia,SG,1024,memory,Standard_D2s_v3,4,1.4586,0.0122,479.62890625,5.9921875
azure,southeastasia,SG,1024,memory,Standard_D2s_v3,4,1.4393,0.012,479.62890625,5.9921875
azure,southeastasia,SG,1024,memory,Standard_D2s_v3,4,1.4718,0.0123,479.62890625,5.9921875
azure,southeastasia,SG,2048,cpu,Standard_D2s_v3,4,1.3067,0.0109,479.62890625,5.9921875
azure,southeastasia,SG,2048,cpu,Standard_D2s_v3,4,1.3573,0.0113,479.62890625,5.9921875
azure,southeastasia,SG,2048,cpu,Standard_D2s_v3,4,1.3834,0.0115,479.62890625,5.9921875
azure,southeastasia,SG,2048,cpu,Standard_D2s_v3,4,1.277,0.0106,479.62890625,5.9921875
azure,southeastasia,SG,2048,cpu,Standard_D2s_v3,4,1.3681,0.0114,479.62890625,5.9921875
azure,southeastasia,SG,2048,cpu,Standard_D2s_v3,4,1.3886,0.0116,479.62890625,5.9921875
azure,southeastasia,SG,2048,cpu,Standard_D2s_v3,4,1.3849,0.0115,479.62890625,5.9921875
azure,southeastasia,SG,2048,cpu,Standard_D2s_v3,4,1.2803,0.0107,479.62890625,5.9921875
azure,southeastasia,SG,2048,io,Standard_D2s_v3,4,5.9799,0.0498,479.62890625,5.9921875
azure,southeastasia,SG,2048,io,Standard_D2s_v3,4,5.2892,0.0441,479.62890625,5.9921875
azure,southeastasia,SG,2048,io,Standard_D2s_v3,4,4.9387,0.0412,479.62890625,5.9921875
azure,southeastasia,SG,2048,io,Standard_D2s_v3,4,4.6917,0.0391,479.62890625,5.9921875
azure,southeastasia,SG,2048,io,Standard_D2s_v3,4,4.9841,0.0415,479.62890625,5.9921875
azure,southeastasia,SG,2048,io,Standard_D2s_v3,4,5.5772,0.0465,479.62890625,5.9921875
azure,southeastasia,SG,2048,memory,Standard_D2s_v3,4,2.0926,0.0174,479.62890625,5.9921875
azure,southeastasia,SG,2048,memory,Standard_D2s_v3,4,2.0068,0.0167,479.62890625,5.9921875
azure,southeastasia,SG,2048,memory,Standard_D2s_v3,4,2.0673,0.0172,479.62890625,5.9921875
azure,southeastasia,SG,2048,memory,Standard_D2s_v3,4,1.9414,0.0162,479.62890625,5.9921875
azure,southeastasia,SG,2048,memory,Standard_D2s_v3,4,2.0217,0.0168,479.62890625,5.9921875
azure,southeastasia,SG,2048,memory,Standard_D2s_v3,4,1.984,0.0165,479.62890625,5.9921875
azure,southeastasia,SG,2048,memory,Standard_D2s_v3,4,1.9816,0.0165,479.62890625,5.9921875
azure,southeastasia,SG,3072,cpu,Standard_D2s_v3,4,1.6943,0.0141,479.62890625,5.9921875
azure,southeastasia,SG,3072,cpu,Standard_D2s_v3,4,1.6609,0.0138,479.62890625,5.9921875
azure,southeastasia,SG,3072,io,Standard_D2s_v3,4,7.3971,0.0616,479.62890625,5.9921875
azure,southeastasia,SG,3072,io,Standard_D2s_v3,4,7.6402,0.0637,479.62890625,5.9921875
azure,southeastasia,SG,3072,io,Standard_D2s_v3,4,7.6472,0.0637,479.62890625,5.9921875
azure,southeastasia,SG,3072,memory,Standard_D2s_v3,4,2.5554,0.0213,479.62890625,5.9921875
azure,southeastasia,SG,3072,memory,Standard_D2s_v3,4,2.5978,0.0216,479.62890625,5.9921875
azure,southeastasia,SG,5120,cpu,Standard_D2s_v3,4,2.5369,0.0211,479.62890625,5.9921875
azure,southeastasia,SG,5120,cpu,Standard_D2s_v3,4,2.4966,0.0208,479.62890625,5.9921875
azure,southeastasia,SG,5120,cpu,Standard_D2s_v3,4,2.4503,0.0204,479.62890625,5.9921875
azure,southeastasia,SG,5120,cpu,Standard_D2s_v3,4,2.4676,0.0206,479.62890625,5.9921875
azure,southeastasia,SG,5120,io,Standard_D2s_v3,4,11.7517,0.0979,479.62890625,5.9921875
azure,southeastasia,SG,5120,io,Standard_D2s_v3,4,12.3481,0.1029,479.62890625,5.9921875
azure,southeastasia,SG,5120,io,Standard_D2s_v3,4,11.4738,0.0956,479.62890625,5.9921875
azure,southeastasia,SG,5120,io,Standard_D2s_v3,4,13.0251,0.1085,479.62890625,5.9921875
azure,southeastasia,SG,5120,memory,Standard_D2s_v3,4,3.8919,0.0324,479.62890625,5.9921875
azure,southeastasia,SG,5120,memory,Standard_D2s_v3,4,4.066,0.0339,479.62890625,5.9921875
azure,southeastasia,SG,5120,memory,Standard_D2s_v3,4,4.0599,0.0338,479.62890625,5.9921875
azure,southeastasia,SG,5120,memory,Standard_D2s_v3,4,4.0426,0.0337,479.62890625,5.9921875
azure,southeastasia,SG,10,cpu,Standard_D4s_v3,2,0.3324,0.0028,479.62890625,5.9921875
azure,southeastasia,SG,10,cpu,Standard_D4s_v3,2,0.3156,0.0026,479.62890625,5.9921875
azure,southeastasia,SG,10,cpu,Standard_D4s_v3,2,0.34,0.0028,479.62890625,5.9921875
azure,southeastasia,SG,10,cpu,Standard_D4s_v3,2,0.3241,0.0027,479.62890625,5.9921875
azure,southeastasia,SG,10,cpu,Standard_D4s_v3,2,0.3292,0.0027,479.62890625,5.9921875
azure,southeastasia,SG,10,cpu,Standard_D4s_v3,2,0.3561,0.003,479.62890625,5.9921875
azure,southeastasia,SG,10,io,Standard_D4s_v3,2,0.3599,0.003,479.62890625,5.9921875
azure,southeastasia,SG,10,io,Standard_D4s_v3,2,0.3533,0.0029,479.62890625,5.9921875
azure,southeastasia,SG,10,io,Standard_D4s_v3,2,0.4545,0.0038,479.62890625,5.9921875
azure,southeastasia,SG,10,io,Standard_D4s_v3,2,0.3737,0.0031,479.62890625,5.9921875
azure,southeastasia,SG,10,io,Standard_D4s_v3,2,0.37,0.0031,479.62890625,5.9921875
azure,southeastasia,SG,10,io,Standard_D4s_v3,2,0.4516,0.0038,479.62890625,5.9921875
azure,southeastasia,SG,10,memory,Standard_D4s_v3,2,0.4289,0.0036,479.62890625,5.9921875
azure,southeastasia,SG,10,memory,Standard_D4s_v3,2,0.4377,0.0036,479.62890625,5.9921875
azure,southeastasia,SG,10,memory,Standard_D4s_v3,2,0.437,0.0036,479.62890625,5.9921875
azure,southeastasia,SG,10,memory,Standard_D4s_v3,2,0.4411,0.0037,479.62890625,5.9921875
azure,southeastasia,SG,10,memory,Standard_D4s_v3,2,0.4434,0.0037,479.62890625,5.9921875
azure,southeastasia,SG,10,memory,Standard_D4s_v3,2,0.4496,0.0037,479.62890625,5.9921875
azure,southeastasia,SG,100,cpu,Standard_D4s_v3,2,0.3789,0.0032,479.62890625,5.9921875
azure,southeastasia,SG,100,cpu,Standard_D4s_v3,2,0.3904,0.0033,479.62890625,5.9921875
azure,southeastasia,SG,100,cpu,Standard_D4s_v3,2,0.3924,0.0033,479.62890625,5.9921875
azure,southeastasia,SG,100,cpu,Standard_D4s_v3,2,0.384,0.0032,479.62890625,5.9921875
azure,southeastasia,SG,100,cpu,Standard_D4s_v3,2,0.3732,0.0031,479.62890625,5.9921875
azure,southeastasia,SG,100,cpu,Standard_D4s_v3,2,0.3977,0.0033,479.62890625,5.9921875
azure,southeastasia,SG,100,io,Standard_D4s_v3,2,0.4881,0.0041,479.62890625,5.9921875
azure,southeastasia,SG,100,io,Standard_D4s_v3,2,0.5032,0.0042,479.62890625,5.9921875
azure,southeastasia,SG,100,io,Standard_D4s_v3,2,0.6127,0.0051,479.62890625,5.9921875
azure,southeastasia,SG,100,io,Standard_D4s_v3,2,0.4773,0.004,479.62890625,5.9921875
azure,southeastasia,SG,100,io,Standard_D4s_v3,2,0.4864,0.0041,479.62890625,5.9921875
azure,southeastasia,SG,100,io,Standard_D4s_v3,2,0.6014,0.005,479.62890625,5.9921875
azure,southeastasia,SG,100,memory,Standard_D4s_v3,2,0.5219,0.0043,479.62890625,5.9921875
azure,southeastasia,SG,100,memory,Standard_D4s_v3,2,0.5276,0.0044,479.62890625,5.9921875
azure,southeastasia,SG,100,memory,Standard_D4s_v3,2,0.5231,0.0044,479.62890625,5.9921875
azure,southeastasia,SG,100,memory,Standard_D4s_v3,2,0.529,0.0044,479.62890625,5.9921875
azure,southeastasia,SG,100,memory,Standard_D4s_v3,2,0.5234,0.0044,479.62890625,5.9921875
azure,southeastasia,SG,100,memory,Standard_D4s_v3,2,0.5366,0.0045,479.62890625,5.9921875
azure,southeastasia,SG,500,cpu,Standard_D4s_v3,2,0.6448,0.0054,479.62890625,5.9921875
azure,southeastasia,SG,500,cpu,Standard_D4s_v3,2,0.5985,0.005,479.62890625,5.9921875
azure,southeastasia,SG,500,cpu,Standard_D4s_v3,2,0.598,0.005,479.62890625,5.9921875
azure,southeastasia,SG,500,cpu,Standard_D4s_v3,2,0.6075,0.0051,479.62890625,5.9921875
azure,southeastasia,SG,500,cpu,Standard_D4s_v3,2,0.6128,0.0051,479.62890625,5.9921875
azure,southeastasia,SG,500,cpu,Standard_D4s_v3,2,0.61,0.0051,479.62890625,5.9921875
azure,southeastasia,SG,500,io,Standard_D4s_v3,2,0.9583,0.008,479.62890625,5.9921875
azure,southeastasia,SG,500,io,Standard_D4s_v3,2,0.9053,0.0075,479.62890625,5.9921875
azure,southeastasia,SG,500,io,Standard_D4s_v3,2,1.177,0.0098,479.62890625,5.9921875
azure,southeastasia,SG,500,io,Standard_D4s_v3,2,0.9189,0.0077,479.62890625,5.9921875
azure,southeastasia,SG,500,io,Standard_D4s_v3,2,0.9564,0.008,479.62890625,5.9921875
azure,southeastasia,SG,500,io,Standard_D4s_v3,2,0.9529,0.0079,479.62890625,5.9921875
azure,southeastasia,SG,500,io,Standard_D4s_v3,2,1.1293,0.0094,479.62890625,5.9921875
azure,southeastasia,SG,500,io,Standard_D4s_v3,2,0.9696,0.0081,479.62890625,5.9921875
azure,southeastasia,SG,500,memory,Standard_D4s_v3,2,0.8977,0.0075,479.62890625,5.9921875
azure,southeastasia,SG,500,memory,Standard_D4s_v3,2,0.8537,0.0071,479.62890625,5.9921875
azure,southeastasia,SG,500,memory,Standard_D4s_v3,2,0.8845,0.0074,479.62890625,5.9921875
azure,southeastasia,SG,500,memory,Standard_D4s_v3,2,0.874,0.0073,479.62890625,5.9921875
azure,southeastasia,SG,500,memory,Standard_D4s_v3,2,0.8703,0.0073,479.62890625,5.9921875
azure,southeastasia,SG,500,memory,Standard_D4s_v3,2,0.875,0.0073,479.62890625,5.9921875
azure,southeastasia,SG,500,memory,Standard_D4s_v3,2,0.7811,0.0065,479.62890625,5.9921875
azure,southeastasia,SG,1024,cpu,Standard_D4s_v3,2,0.9404,0.0078,479.62890625,5.9921875
azure,southeastasia,SG,1024,cpu,Standard_D4s_v3,2,0.9401,0.0078,479.62890625,5.9921875
azure,southeastasia,SG,1024,cpu,Standard_D4s_v3,2,0.9044,0.0075,479.62890625,5.9921875
azure,southeastasia,SG,1024,cpu,Standard_D4s_v3,2,0.8419,0.007,479.62890625,5.9921875
azure,southeastasia,SG,1024,cpu,Standard_D4s_v3,2,0.8841,0.0074,479.62890625,5.9921875
azure,southeastasia,SG,1024,cpu,Standard_D4s_v3,2,0.9131,0.0076,479.62890625,5.9921875
azure,southeastasia,SG,1024,cpu,Standard_D4s_v3,2,0.9072,0.0076,479.62890625,5.9921875
azure,southeastasia,SG,1024,cpu,Standard_D4s_v3,2,0.7711,0.0064,479.62890625,5.9921875
azure,southeastasia,SG,1024,io,Standard_D4s_v3,2,1.5345,0.0128,479.62890625,5.9921875
azure,southeastasia,SG,1024,io,Standard_D4s_v3,2,1.571,0.0131,479.62890625,5.9921875
azure,southeastasia,SG,1024,io,Standard_D4s_v3,2,1.8897,0.0157,479.62890625,5.9921875
azure,southeastasia,SG,1024,io,Standard_D4s_v3,2,1.5375,0.0128,479.62890625,5.9921875
azure,southeastasia,SG,1024,io,Standard_D4s_v3,2,1.5062,0.0126,479.62890625,5.9921875
azure,southeastasia,SG,1024,io,Standard_D4s_v3,2,1.5551,0.013,479.62890625,5.9921875
azure,southeastasia,SG,1024,io,Standard_D4s_v3,2,1.905,0.0159,479.62890625,5.9921875
azure,southeastasia,SG,1024,io,Standard_D4s_v3,2,1.7432,0.0145,479.62890625,5.9921875
azure,southeastasia,SG,1024,memory,Standard_D4s_v3,2,1.387,0.0116,479.62890625,5.9921875
azure,southeastasia,SG,1024,memory,Standard_D4s_v3,2,1.3475,0.0112,479.62890625,5.9921875
azure,southeastasia,SG,1024,memory,Standard_D4s_v3,2,1.2836,0.0107,479.62890625,5.9921875
azure,southeastasia,SG,1024,memory,Standard_D4s_v3,2,1.1622,0.0097,479.62890625,5.9921875
azure,southeastasia,SG,1024,memory,Standard_D4s_v3,2,1.4128,0.0118,479.62890625,5.9921875
azure,southeastasia,SG,1024,memory,Standard_D4s_v3,2,1.4324,0.0119,479.62890625,5.9921875
azure,southeastasia,SG,1024,memory,Standard_D4s_v3,2,1.3151,0.011,479.62890625,5.9921875
azure,southeastasia,SG,1024,memory,Standard_D4s_v3,2,1.2238,0.0102,479.62890625,5.9921875
azure,southeastasia,SG,2048,cpu,Standard_D4s_v3,2,1.4103,0.0118,479.62890625,5.9921875
azure,southeastasia,SG,2048,cpu,Standard_D4s_v3,2,1.3801,0.0115,479.62890625,5.9921875
azure,southeastasia,SG,2048,cpu,Standard_D4s_v3,2,1.4262,0.0119,479.62890625,5.9921875
azure,southeastasia,SG,2048,cpu,Standard_D4s_v3,2,1.2842,0.0107,479.62890625,5.9921875
azure,southeastasia,SG,2048,cpu,Standard_D4s_v3,2,1.3977,0.0116,479.62890625,5.9921875
azure,southeastasia,SG,2048,cpu,Standard_D4s_v3,2,1.4909,0.0124,479.62890625,5.9921875
azure,southeastasia,SG,2048,cpu,Standard_D4s_v3,2,1.4319,0.0119,479.62890625,5.9921875
azure,southeastasia,SG,2048,cpu,Standard_D4s_v3,2,1.2924,0.0108,479.62890625,5.9921875
azure,southeastasia,SG,2048,io,Standard_D4s_v3,2,2.7078,0.0226,479.62890625,5.9921875
azure,southeastasia,SG,2048,io,Standard_D4s_v3,2,2.588,0.0216,479.62890625,5.9921875
azure,southeastasia,SG,2048,io,Standard_D4s_v3,2,3.2568,0.0271,479.62890625,5.9921875
azure,southeastasia,SG,2048,io,Standard_D4s_v3,2,2.7477,0.0229,479.62890625,5.9921875
azure,southeastasia,SG,2048,io,Standard_D4s_v3,2,2.6413,0.022,479.62890625,5.9921875
azure,southeastasia,SG,2048,io,Standard_D4s_v3,2,2.9045,0.0242,479.62890625,5.9921875
azure,southeastasia,SG,2048,io,Standard_D4s_v3,2,3.3318,0.0278,479.62890625,5.9921875
azure,southeastasia,SG,2048,io,Standard_D4s_v3,2,2.7536,0.0229,479.62890625,5.9921875
azure,southeastasia,SG,2048,memory,Standard_D4s_v3,2,2.4245,0.0202,479.62890625,5.9921875
azure,southeastasia,SG,2048,memory,Standard_D4s_v3,2,2.384,0.0199,479.62890625,5.9921875
azure,southeastasia,SG,2048,memory,Standard_D4s_v3,2,2.1068,0.0176,479.62890625,5.9921875
azure,southeastasia,SG,2048,memory,Standard_D4s_v3,2,2.0508,0.0171,479.62890625,5.9921875
azure,southeastasia,SG,2048,memory,Standard_D4s_v3,2,2.3168,0.0193,479.62890625,5.9921875
azure,southeastasia,SG,2048,memory,Standard_D4s_v3,2,2.3339,0.0194,479.62890625,5.9921875
azure,southeastasia,SG,2048,memory,Standard_D4s_v3,2,2.1081,0.0176,479.62890625,5.9921875
azure,southeastasia,SG,2048,memory,Standard_D4s_v3,2,2.1075,0.0176,479.62890625,5.9921875
azure,southeastasia,SG,3072,cpu,Standard_D4s_v3,2,2.0815,0.0173,479.62890625,5.9921875
azure,southeastasia,SG,3072,cpu,Standard_D4s_v3,2,1.9543,0.0163,479.62890625,5.9921875
azure,southeastasia,SG,3072,cpu,Standard_D4s_v3,2,2.0756,0.0173,479.62890625,5.9921875
azure,southeastasia,SG,3072,cpu,Standard_D4s_v3,2,1.9568,0.0163,479.62890625,5.9921875
azure,southeastasia,SG,3072,io,Standard_D4s_v3,2,3.6906,0.0308,479.62890625,5.9921875
azure,southeastasia,SG,3072,io,Standard_D4s_v3,2,4.7109,0.0393,479.62890625,5.9921875
azure,southeastasia,SG,3072,io,Standard_D4s_v3,2,3.7414,0.0312,479.62890625,5.9921875
azure,southeastasia,SG,3072,io,Standard_D4s_v3,2,4.6907,0.0391,479.62890625,5.9921875
azure,southeastasia,SG,3072,memory,Standard_D4s_v3,2,3.4081,0.0284,479.62890625,5.9921875
azure,southeastasia,SG,3072,memory,Standard_D4s_v3,2,3.0928,0.0258,479.62890625,5.9921875
azure,southeastasia,SG,3072,memory,Standard_D4s_v3,2,3.1998,0.0267,479.62890625,5.9921875
azure,southeastasia,SG,3072,memory,Standard_D4s_v3,2,3.1175,0.026,479.62890625,5.9921875
azure,southeastasia,SG,5120,cpu,Standard_D4s_v3,2,3.2793,0.0273,479.62890625,5.9921875
azure,southeastasia,SG,5120,cpu,Standard_D4s_v3,2,3.0942,0.0258,479.62890625,5.9921875
azure,southeastasia,SG,5120,cpu,Standard_D4s_v3,2,3.2778,0.0273,479.62890625,5.9921875
azure,southeastasia,SG,5120,cpu,Standard_D4s_v3,2,2.9843,0.0249,479.62890625,5.9921875
azure,southeastasia,SG,5120,io,Standard_D4s_v3,2,4.5121,0.0376,479.62890625,5.9921875
azure,southeastasia,SG,5120,io,Standard_D4s_v3,2,4.8782,0.0407,479.62890625,5.9921875
azure,southeastasia,SG,5120,memory,Standard_D4s_v3,2,5.4254,0.0452,479.62890625,5.9921875
azure,southeastasia,SG,5120,memory,Standard_D4s_v3,2,5.3084,0.0442,479.62890625,5.9921875
azure,southeastasia,SG,10,cpu,Standard_D4s_v3,4,0.3432,0.0057,479.62890625,5.9921875
azure,southeastasia,SG,10,cpu,Standard_D4s_v3,4,0.3535,0.0059,479.62890625,5.9921875
azure,southeastasia,SG,10,cpu,Standard_D4s_v3,4,0.3592,0.006,479.62890625,5.9921875
azure,southeastasia,SG,10,cpu,Standard_D4s_v3,4,0.319,0.0053,479.62890625,5.9921875
azure,southeastasia,SG,10,cpu,Standard_D4s_v3,4,0.3506,0.0058,479.62890625,5.9921875
azure,southeastasia,SG,10,cpu,Standard_D4s_v3,4,0.3499,0.0058,479.62890625,5.9921875
azure,southeastasia,SG,10,io,Standard_D4s_v3,4,0.3646,0.0061,479.62890625,5.9921875
azure,southeastasia,SG,10,io,Standard_D4s_v3,4,0.4483,0.0075,479.62890625,5.9921875
azure,southeastasia,SG,10,io,Standard_D4s_v3,4,0.4465,0.0074,479.62890625,5.9921875
azure,southeastasia,SG,10,io,Standard_D4s_v3,4,0.4368,0.0073,479.62890625,5.9921875
azure,southeastasia,SG,10,io,Standard_D4s_v3,4,0.4363,0.0073,479.62890625,5.9921875
azure,southeastasia,SG,10,memory,Standard_D4s_v3,4,0.4043,0.0067,479.62890625,5.9921875
azure,southeastasia,SG,10,memory,Standard_D4s_v3,4,0.4443,0.0074,479.62890625,5.9921875
azure,southeastasia,SG,10,memory,Standard_D4s_v3,4,0.4413,0.0074,479.62890625,5.9921875
azure,southeastasia,SG,10,memory,Standard_D4s_v3,4,0.4106,0.0068,479.62890625,5.9921875
azure,southeastasia,SG,10,memory,Standard_D4s_v3,4,0.4459,0.0074,479.62890625,5.9921875
azure,southeastasia,SG,10,memory,Standard_D4s_v3,4,0.4324,0.0072,479.62890625,5.9921875
azure,southeastasia,SG,100,cpu,Standard_D4s_v3,4,0.3676,0.0061,479.62890625,5.9921875
azure,southeastasia,SG,100,cpu,Standard_D4s_v3,4,0.3923,0.0065,479.62890625,5.9921875
azure,southeastasia,SG,100,cpu,Standard_D4s_v3,4,0.3905,0.0065,479.62890625,5.9921875
azure,southeastasia,SG,100,cpu,Standard_D4s_v3,4,0.3954,0.0066,479.62890625,5.9921875
azure,southeastasia,SG,100,cpu,Standard_D4s_v3,4,0.388,0.0065,479.62890625,5.9921875
azure,southeastasia,SG,100,cpu,Standard_D4s_v3,4,0.4023,0.0067,479.62890625,5.9921875
azure,southeastasia,SG,100,io,Standard_D4s_v3,4,0.5743,0.0096,479.62890625,5.9921875
azure,southeastasia,SG,100,io,Standard_D4s_v3,4,0.4926,0.0082,479.62890625,5.9921875
azure,southeastasia,SG,100,io,Standard_D4s_v3,4,0.5613,0.0094,479.62890625,5.9921875
azure,southeastasia,SG,100,io,Standard_D4s_v3,4,0.5714,0.0095,479.62890625,5.9921875
azure,southeastasia,SG,100,io,Standard_D4s_v3,4,0.4745,0.0079,479.62890625,5.9921875
azure,southeastasia,SG,100,io,Standard_D4s_v3,4,0.5548,0.0092,479.62890625,5.9921875
azure,southeastasia,SG,100,memory,Standard_D4s_v3,4,0.4952,0.0083,479.62890625,5.9921875
azure,southeastasia,SG,100,memory,Standard_D4s_v3,4,0.4705,0.0078,479.62890625,5.9921875
azure,southeastasia,SG,100,memory,Standard_D4s_v3,4,0.5129,0.0085,479.62890625,5.9921875
azure,southeastasia,SG,100,memory,Standard_D4s_v3,4,0.5037,0.0084,479.62890625,5.9921875
azure,southeastasia,SG,100,memory,Standard_D4s_v3,4,0.486,0.0081,479.62890625,5.9921875
azure,southeastasia,SG,100,memory,Standard_D4s_v3,4,0.5071,0.0085,479.62890625,5.9921875
azure,southeastasia,SG,500,cpu,Standard_D4s_v3,4,0.462,0.0077,479.62890625,5.9921875
azure,southeastasia,SG,500,cpu,Standard_D4s_v3,4,0.4447,0.0074,479.62890625,5.9921875
azure,southeastasia,SG,500,cpu,Standard_D4s_v3,4,0.5005,0.0083,479.62890625,5.9921875
azure,southeastasia,SG,500,cpu,Standard_D4s_v3,4,0.461,0.0077,479.62890625,5.9921875
azure,southeastasia,SG,500,cpu,Standard_D4s_v3,4,0.4449,0.0074,479.62890625,5.9921875
azure,southeastasia,SG,500,cpu,Standard_D4s_v3,4,0.4733,0.0079,479.62890625,5.9921875
azure,southeastasia,SG,500,io,Standard_D4s_v3,4,1.1461,0.0191,479.62890625,5.9921875
azure,southeastasia,SG,500,io,Standard_D4s_v3,4,0.9164,0.0153,479.62890625,5.9921875
azure,southeastasia,SG,500,io,Standard_D4s_v3,4,1.0366,0.0173,479.62890625,5.9921875
azure,southeastasia,SG,500,io,Standard_D4s_v3,4,1.1116,0.0185,479.62890625,5.9921875
azure,southeastasia,SG,500,io,Standard_D4s_v3,4,0.9138,0.0152,479.62890625,5.9921875
azure,southeastasia,SG,500,io,Standard_D4s_v3,4,1.0628,0.0177,479.62890625,5.9921875
azure,southeastasia,SG,500,memory,Standard_D4s_v3,4,0.6213,0.0104,479.62890625,5.9921875
azure,southeastasia,SG,500,memory,Standard_D4s_v3,4,0.6124,0.0102,479.62890625,5.9921875
azure,southeastasia,SG,500,memory,Standard_D4s_v3,4,0.6429,0.0107,479.62890625,5.9921875
azure,southeastasia,SG,500,memory,Standard_D4s_v3,4,0.6059,0.0101,479.62890625,5.9921875
azure,southeastasia,SG,500,memory,Standard_D4s_v3,4,0.637,0.0106,479.62890625,5.9921875
azure,southeastasia,SG,500,memory,Standard_D4s_v3,4,0.6356,0.0106,479.62890625,5.9921875
azure,southeastasia,SG,1024,cpu,Standard_D4s_v3,4,0.5542,0.0092,479.62890625,5.9921875
azure,southeastasia,SG,1024,cpu,Standard_D4s_v3,4,0.5435,0.0091,479.62890625,5.9921875
azure,southeastasia,SG,1024,cpu,Standard_D4s_v3,4,0.5811,0.0097,479.62890625,5.9921875
azure,southeastasia,SG,1024,cpu,Standard_D4s_v3,4,0.5528,0.0092,479.62890625,5.9921875
azure,southeastasia,SG,1024,cpu,Standard_D4s_v3,4,0.5618,0.0094,479.62890625,5.9921875
azure,southeastasia,SG,1024,cpu,Standard_D4s_v3,4,0.5692,0.0095,479.62890625,5.9921875
azure,southeastasia,SG,1024,io,Standard_D4s_v3,4,1.8619,0.031,479.62890625,5.9921875
azure,southeastasia,SG,1024,io,Standard_D4s_v3,4,1.5258,0.0254,479.62890625,5.9921875
azure,southeastasia,SG,1024,io,Standard_D4s_v3,4,1.8916,0.0315,479.62890625,5.9921875
azure,southeastasia,SG,1024,io,Standard_D4s_v3,4,1.7935,0.0299,479.62890625,5.9921875
azure,southeastasia,SG,1024,io,Standard_D4s_v3,4,1.557,0.0259,479.62890625,5.9921875
azure,southeastasia,SG,1024,io,Standard_D4s_v3,4,1.7789,0.0296,479.62890625,5.9921875
azure,southeastasia,SG,1024,memory,Standard_D4s_v3,4,0.7751,0.0129,479.62890625,5.9921875
azure,southeastasia,SG,1024,memory,Standard_D4s_v3,4,0.7691,0.0128,479.62890625,5.9921875
azure,southeastasia,SG,1024,memory,Standard_D4s_v3,4,0.8073,0.0135,479.62890625,5.9921875
azure,southeastasia,SG,1024,memory,Standard_D4s_v3,4,0.8373,0.014,479.62890625,5.9921875
azure,southeastasia,SG,1024,memory,Standard_D4s_v3,4,0.7716,0.0129,479.62890625,5.9921875
azure,southeastasia,SG,1024,memory,Standard_D4s_v3,4,0.7923,0.0132,479.62890625,5.9921875
azure,southeastasia,SG,2048,cpu,Standard_D4s_v3,4,0.8381,0.014,479.62890625,5.9921875
azure,southeastasia,SG,2048,cpu,Standard_D4s_v3,4,0.8042,0.0134,479.62890625,5.9921875
azure,southeastasia,SG,2048,cpu,Standard_D4s_v3,4,0.8934,0.0149,479.62890625,5.9921875
azure,southeastasia,SG,2048,cpu,Standard_D4s_v3,4,0.8263,0.0138,479.62890625,5.9921875
azure,southeastasia,SG,2048,cpu,Standard_D4s_v3,4,0.7683,0.0128,479.62890625,5.9921875
azure,southeastasia,SG,2048,cpu,Standard_D4s_v3,4,0.8371,0.014,479.62890625,5.9921875
azure,southeastasia,SG,2048,io,Standard_D4s_v3,4,2.6175,0.0436,479.62890625,5.9921875
azure,southeastasia,SG,2048,io,Standard_D4s_v3,4,3.2349,0.0539,479.62890625,5.9921875
azure,southeastasia,SG,2048,io,Standard_D4s_v3,4,3.1183,0.052,479.62890625,5.9921875
azure,southeastasia,SG,2048,io,Standard_D4s_v3,4,2.7204,0.0453,479.62890625,5.9921875
azure,southeastasia,SG,2048,io,Standard_D4s_v3,4,2.9679,0.0495,479.62890625,5.9921875
azure,southeastasia,SG,2048,memory,Standard_D4s_v3,4,1.1783,0.0196,479.62890625,5.9921875
azure,southeastasia,SG,2048,memory,Standard_D4s_v3,4,1.2116,0.0202,479.62890625,5.9921875
azure,southeastasia,SG,2048,memory,Standard_D4s_v3,4,1.2254,0.0204,479.62890625,5.9921875
azure,southeastasia,SG,2048,memory,Standard_D4s_v3,4,1.1968,0.0199,479.62890625,5.9921875
azure,southeastasia,SG,2048,memory,Standard_D4s_v3,4,1.2185,0.0203,479.62890625,5.9921875
azure,southeastasia,SG,2048,memory,Standard_D4s_v3,4,1.2707,0.0212,479.62890625,5.9921875
azure,southeastasia,SG,3072,cpu,Standard_D4s_v3,4,0.9336,0.0156,479.62890625,5.9921875
azure,southeastasia,SG,3072,cpu,Standard_D4s_v3,4,0.9259,0.0154,479.62890625,5.9921875
azure,southeastasia,SG,3072,cpu,Standard_D4s_v3,4,0.936,0.0156,479.62890625,5.9921875
azure,southeastasia,SG,3072,cpu,Standard_D4s_v3,4,0.977,0.0163,479.62890625,5.9921875
azure,southeastasia,SG,3072,io,Standard_D4s_v3,4,3.7871,0.0631,479.62890625,5.9921875
azure,southeastasia,SG,3072,io,Standard_D4s_v3,4,4.412,0.0735,479.62890625,5.9921875
azure,southeastasia,SG,3072,io,Standard_D4s_v3,4,3.8513,0.0642,479.62890625,5.9921875
azure,southeastasia,SG,3072,io,Standard_D4s_v3,4,4.2115,0.0702,479.62890625,5.9921875
azure,southeastasia,SG,3072,memory,Standard_D4s_v3,4,1.4805,0.0247,479.62890625,5.9921875
azure,southeastasia,SG,3072,memory,Standard_D4s_v3,4,1.4515,0.0242,479.62890625,5.9921875
azure,southeastasia,SG,3072,memory,Standard_D4s_v3,4,1.4531,0.0242,479.62890625,5.9921875
azure,southeastasia,SG,3072,memory,Standard_D4s_v3,4,1.4613,0.0244,479.62890625,5.9921875
azure,southeastasia,SG,5120,cpu,Standard_D4s_v3,4,1.3438,0.0224,479.62890625,5.9921875
azure,southeastasia,SG,5120,cpu,Standard_D4s_v3,4,1.4193,0.0237,479.62890625,5.9921875
azure,southeastasia,SG,5120,cpu,Standard_D4s_v3,4,1.2597,0.021,479.62890625,5.9921875
azure,southeastasia,SG,5120,cpu,Standard_D4s_v3,4,1.4298,0.0238,479.62890625,5.9921875
azure,southeastasia,SG,5120,io,Standard_D4s_v3,4,4.4467,0.0741,479.62890625,5.9921875
azure,southeastasia,SG,5120,io,Standard_D4s_v3,4,5.3726,0.0895,479.62890625,5.9921875
azure,southeastasia,SG,5120,io,Standard_D4s_v3,4,4.4819,0.0747,479.62890625,5.9921875
azure,southeastasia,SG,5120,io,Standard_D4s_v3,4,5.9776,0.0996,479.62890625,5.9921875
azure,southeastasia,SG,5120,memory,Standard_D4s_v3,4,2.007,0.0335,479.62890625,5.9921875
azure,southeastasia,SG,5120,memory,Standard_D4s_v3,4,2.1119,0.0352,479.62890625,5.9921875
azure,southeastasia,SG,5120,memory,Standard_D4s_v3,4,2.1359,0.0356,479.62890625,5.9921875
azure,southeastasia,SG,5120,memory,Standard_D4s_v3,4,2.1961,0.0366,479.62890625,5.9921875
