timestamp_utc,region,dataset_size_mb,workload_type,instance_type,nodes,stage,cluster_id,step_id,state,reason,manual_command
2026-07-15T11:42:33.399132+00:00,ap-southeast-1,10.0,cpu-heavy,m5.xlarge,4,step,j-2CFYDWCZ88YIF,s-09072912WTANWMQLVFZN,CANCELLED,"{'State': 'CANCELLED', 'StateChangeReason': {'Message': 'Cluster terminated'}, 'Timeline': {'CreationDateTime': datetime.datetime(2026, 7, 15, 17, 12, 2, 487000, tzinfo=tzlocal())}}",python scripts/run_emr_regional_resumable_batch.py --region ap-southeast-1 --dataset-sizes-mb 10 --workloads cpu-heavy --instance-types m5.xlarge --nodes-list 4 --step-timeout-minutes 45 --submit
2026-07-15T11:43:04.571649+00:00,ap-southeast-1,10.0,memory-heavy,m5.xlarge,4,step,j-3B53ZIZHUQT3W,s-09091003D6XKTMLNMUEL,CANCELLED,"{'State': 'CANCELLED', 'StateChangeReason': {'Message': 'Cluster terminated'}, 'Timeline': {'CreationDateTime': datetime.datetime(2026, 7, 15, 17, 12, 33, 788000, tzinfo=tzlocal())}}",python scripts/run_emr_regional_resumable_batch.py --region ap-southeast-1 --dataset-sizes-mb 10 --workloads memory-heavy --instance-types m5.xlarge --nodes-list 4 --step-timeout-minutes 45 --submit
2026-07-15T11:43:35.931492+00:00,ap-southeast-1,10.0,io-heavy,m5.xlarge,4,step,j-3AFCZRR2MB78T,s-09045311MZDTMIC8RSGI,CANCELLED,"{'State': 'CANCELLED', 'StateChangeReason': {'Message': 'Cluster terminated'}, 'Timeline': {'CreationDateTime': datetime.datetime(2026, 7, 15, 17, 13, 4, 977000, tzinfo=tzlocal())}}",python scripts/run_emr_regional_resumable_batch.py --region ap-southeast-1 --dataset-sizes-mb 10 --workloads io-heavy --instance-types m5.xlarge --nodes-list 4 --step-timeout-minutes 45 --submit
2026-07-15T12:17:43.150352+00:00,ap-southeast-1,10.0,cpu-heavy,m5.xlarge,4,step,j-3VZ98TF4P7RZD,s-03785881124U8C2QJ4JF,CANCELLED,"{'State': 'CANCELLED', 'StateChangeReason': {'Message': 'Cluster terminated'}, 'Timeline': {'CreationDateTime': datetime.datetime(2026, 7, 15, 17, 47, 12, 270000, tzinfo=tzlocal())}}",python scripts/run_emr_regional_resumable_batch.py --region ap-southeast-1 --dataset-sizes-mb 10 --workloads cpu-heavy --instance-types m5.xlarge --nodes-list 4 --step-timeout-minutes 45 --submit
2026-07-15T12:18:14.314469+00:00,ap-southeast-1,10.0,memory-heavy,m5.xlarge,4,step,j-XI9VP9364QNB,s-09014041RZP3XRU1G4LH,CANCELLED,"{'State': 'CANCELLED', 'StateChangeReason': {'Message': 'Cluster terminated'}, 'Timeline': {'CreationDateTime': datetime.datetime(2026, 7, 15, 17, 47, 43, 532000, tzinfo=tzlocal())}}",python scripts/run_emr_regional_resumable_batch.py --region ap-southeast-1 --dataset-sizes-mb 10 --workloads memory-heavy --instance-types m5.xlarge --nodes-list 4 --step-timeout-minutes 45 --submit
2026-07-15T12:18:45.499348+00:00,ap-southeast-1,10.0,io-heavy,m5.xlarge,4,step,j-PSH66VGH0O4C,s-09075431WTTEESLEA5ZC,CANCELLED,"{'State': 'CANCELLED', 'StateChangeReason': {'Message': 'Cluster terminated'}, 'Timeline': {'CreationDateTime': datetime.datetime(2026, 7, 15, 17, 48, 14, 739000, tzinfo=tzlocal())}}",python scripts/run_emr_regional_resumable_batch.py --region ap-southeast-1 --dataset-sizes-mb 10 --workloads io-heavy --instance-types m5.xlarge --nodes-list 4 --step-timeout-minutes 45 --submit
2026-07-15T12:19:16.774191+00:00,ap-southeast-1,100.0,cpu-heavy,m5.xlarge,4,step,j-EC39JND3XFTQ,s-0903171DG8S1INS01BG,CANCELLED,"{'State': 'CANCELLED', 'StateChangeReason': {'Message': 'Cluster terminated'}, 'Timeline': {'CreationDateTime': datetime.datetime(2026, 7, 15, 17, 48, 45, 901000, tzinfo=tzlocal())}}",python scripts/run_emr_regional_resumable_batch.py --region ap-southeast-1 --dataset-sizes-mb 100 --workloads cpu-heavy --instance-types m5.xlarge --nodes-list 4 --step-timeout-minutes 45 --submit
2026-07-18T05:15:21.199318+00:00,ap-southeast-1,10.0,memory-heavy,c5.xlarge,4,step,j-2T52COFBZ1NO5,s-09255023UCKHRO9S4BU0,CANCELLED,"{'State': 'CANCELLED', 'StateChangeReason': {'Message': 'Cluster terminated'}, 'Timeline': {'CreationDateTime': datetime.datetime(2026, 7, 18, 10, 41, 48, 139000, tzinfo=tzlocal())}}",python scripts/run_emr_regional_resumable_batch.py --region ap-southeast-1 --dataset-sizes-mb 10 --workloads memory-heavy --instance-types c5.xlarge --nodes-list 4 --step-timeout-minutes 45 --submit
2026-07-18T05:18:55.246867+00:00,ap-southeast-1,10.0,io-heavy,c5.xlarge,4,step,j-1LZE26MH85RUP,s-017986818XVTCREMIVQY,CANCELLED,"{'State': 'CANCELLED', 'StateChangeReason': {'Message': 'Cluster terminated'}, 'Timeline': {'CreationDateTime': datetime.datetime(2026, 7, 18, 10, 45, 21, 943000, tzinfo=tzlocal())}}",python scripts/run_emr_regional_resumable_batch.py --region ap-southeast-1 --dataset-sizes-mb 10 --workloads io-heavy --instance-types c5.xlarge --nodes-list 4 --step-timeout-minutes 45 --submit
2026-07-18T05:22:29.064634+00:00,ap-southeast-1,100.0,cpu-heavy,c5.xlarge,4,step,j-11Y0C3S9KLUT7,s-09022534CO3JNTOFC57,CANCELLED,"{'State': 'CANCELLED', 'StateChangeReason': {'Message': 'Cluster terminated'}, 'Timeline': {'CreationDateTime': datetime.datetime(2026, 7, 18, 10, 48, 55, 801000, tzinfo=tzlocal())}}",python scripts/run_emr_regional_resumable_batch.py --region ap-southeast-1 --dataset-sizes-mb 100 --workloads cpu-heavy --instance-types c5.xlarge --nodes-list 4 --step-timeout-minutes 45 --submit
2026-07-18T05:26:02.841526+00:00,ap-southeast-1,100.0,memory-heavy,c5.xlarge,4,step,j-2I650HPPKYWHT,s-035020030SSTZAZZQFRI,CANCELLED,"{'State': 'CANCELLED', 'StateChangeReason': {'Message': 'Cluster terminated'}, 'Timeline': {'CreationDateTime': datetime.datetime(2026, 7, 18, 10, 52, 29, 577000, tzinfo=tzlocal())}}",python scripts/run_emr_regional_resumable_batch.py --region ap-southeast-1 --dataset-sizes-mb 100 --workloads memory-heavy --instance-types c5.xlarge --nodes-list 4 --step-timeout-minutes 45 --submit
2026-07-18T05:42:58.773402+00:00,ap-southeast-1,100.0,cpu-heavy,m5.xlarge,2,step,j-5KNCA6MZFFA8,s-0379621H4DD3DWPWUS1,CANCELLED,"{'State': 'CANCELLED', 'StateChangeReason': {'Message': 'Cluster terminated'}, 'Timeline': {'CreationDateTime': datetime.datetime(2026, 7, 18, 10, 57, 28, 448000, tzinfo=tzlocal())}}",python scripts/run_emr_regional_resumable_batch.py --region ap-southeast-1 --dataset-sizes-mb 100 --workloads cpu-heavy --instance-types m5.xlarge --nodes-list 2 --step-timeout-minutes 45 --submit
2026-07-18T05:54:49.481157+00:00,ap-southeast-1,100.0,memory-heavy,m5.xlarge,2,step,j-1ODS03E8S4E8I,s-090591025N3539JXNVAX,CANCELLED,"{'State': 'CANCELLED', 'StateChangeReason': {'Message': 'Cluster terminated'}, 'Timeline': {'CreationDateTime': datetime.datetime(2026, 7, 18, 11, 12, 59, 274000, tzinfo=tzlocal())}}",python scripts/run_emr_regional_resumable_batch.py --region ap-southeast-1 --dataset-sizes-mb 100 --workloads memory-heavy --instance-types m5.xlarge --nodes-list 2 --step-timeout-minutes 45 --submit
2026-07-18T06:13:22.774671+00:00,ap-southeast-1,100.0,io-heavy,m5.xlarge,2,step,j-3OWPU1Q2STK0F,s-01392433Q24P13Q23YZI,CANCELLED,"{'State': 'CANCELLED', 'StateChangeReason': {'Message': 'Cluster terminated'}, 'Timeline': {'CreationDateTime': datetime.datetime(2026, 7, 18, 11, 24, 49, 992000, tzinfo=tzlocal())}}",python scripts/run_emr_regional_resumable_batch.py --region ap-southeast-1 --dataset-sizes-mb 100 --workloads io-heavy --instance-types m5.xlarge --nodes-list 2 --step-timeout-minutes 45 --submit
2026-07-18T06:29:25.262059+00:00,ap-southeast-1,500.0,cpu-heavy,m5.xlarge,2,step,j-2WJEMCFAGVAYX,s-0933685H9GE48BTAQQ5,CANCELLED,"{'State': 'CANCELLED', 'StateChangeReason': {'Message': 'Cluster terminated'}, 'Timeline': {'CreationDateTime': datetime.datetime(2026, 7, 18, 11, 43, 23, 152000, tzinfo=tzlocal())}}",python scripts/run_emr_regional_resumable_batch.py --region ap-southeast-1 --dataset-sizes-mb 500 --workloads cpu-heavy --instance-types m5.xlarge --nodes-list 2 --step-timeout-minutes 45 --submit
2026-07-18T06:32:59.442387+00:00,ap-southeast-1,500.0,memory-heavy,m5.xlarge,2,step,j-2S70DJJ94AWS7,s-03797202YOLFP66JB9GW,CANCELLED,"{'State': 'CANCELLED', 'StateChangeReason': {'Message': 'Cluster terminated'}, 'Timeline': {'CreationDateTime': datetime.datetime(2026, 7, 18, 11, 59, 25, 673000, tzinfo=tzlocal())}}",python scripts/run_emr_regional_resumable_batch.py --region ap-southeast-1 --dataset-sizes-mb 500 --workloads memory-heavy --instance-types m5.xlarge --nodes-list 2 --step-timeout-minutes 45 --submit
2026-07-18T06:52:34.759164+00:00,ap-southeast-1,1024.0,cpu-heavy,m5.xlarge,2,step,j-1EQATIAMG41CQ,s-01757203AM8O5JQ9IGSP,CANCELLED,"{'State': 'CANCELLED', 'StateChangeReason': {'Message': 'Cluster terminated'}, 'Timeline': {'CreationDateTime': datetime.datetime(2026, 7, 18, 12, 19, 1, 26000, tzinfo=tzlocal())}}",python scripts/run_emr_regional_resumable_batch.py --region ap-southeast-1 --dataset-sizes-mb 1024 --workloads cpu-heavy --instance-types m5.xlarge --nodes-list 2 --step-timeout-minutes 45 --submit
2026-07-18T06:58:29.088837+00:00,ap-southeast-1,1024.0,io-heavy,c5.xlarge,4,step,j-3UBJRPULGP4G3,s-0380740LSZ6VGVACF0I,CANCELLED,"{'State': 'CANCELLED', 'StateChangeReason': {'Message': 'Cluster terminated'}, 'Timeline': {'CreationDateTime': datetime.datetime(2026, 7, 18, 12, 24, 54, 672000, tzinfo=tzlocal())}}",python scripts/run_emr_regional_resumable_batch.py --region ap-southeast-1 --dataset-sizes-mb 1024 --workloads io-heavy --instance-types c5.xlarge --nodes-list 4 --step-timeout-minutes 45 --submit
2026-07-18T07:02:08.977240+00:00,ap-southeast-1,5120.0,cpu-heavy,c5.xlarge,4,step,j-3K8HOXUCLET0B,s-01914782HRHB7Q2ZFGWP,CANCELLED,"{'State': 'CANCELLED', 'StateChangeReason': {'Message': 'Cluster terminated'}, 'Timeline': {'CreationDateTime': datetime.datetime(2026, 7, 18, 12, 28, 29, 508000, tzinfo=tzlocal())}}",python scripts/run_emr_regional_resumable_batch.py --region ap-southeast-1 --dataset-sizes-mb 5120 --workloads cpu-heavy --instance-types c5.xlarge --nodes-list 4 --step-timeout-minutes 45 --submit
2026-07-18T07:05:33.907731+00:00,ap-southeast-1,5120.0,memory-heavy,c5.xlarge,4,step,j-122NRL72RF6H2,s-09085472IKAR8UO9B7TO,CANCELLED,"{'State': 'CANCELLED', 'StateChangeReason': {'Message': 'Cluster terminated'}, 'Timeline': {'CreationDateTime': datetime.datetime(2026, 7, 18, 12, 32, 9, 344000, tzinfo=tzlocal())}}",python scripts/run_emr_regional_resumable_batch.py --region ap-southeast-1 --dataset-sizes-mb 5120 --workloads memory-heavy --instance-types c5.xlarge --nodes-list 4 --step-timeout-minutes 45 --submit
2026-07-18T07:09:20.233497+00:00,ap-southeast-1,5120.0,io-heavy,c5.xlarge,4,step,j-WUJP4QZE9971,s-06710462ZZD3VKZC6UO1,CANCELLED,"{'State': 'CANCELLED', 'StateChangeReason': {'Message': 'Cluster terminated'}, 'Timeline': {'CreationDateTime': datetime.datetime(2026, 7, 18, 12, 35, 34, 434000, tzinfo=tzlocal())}}",python scripts/run_emr_regional_resumable_batch.py --region ap-southeast-1 --dataset-sizes-mb 5120 --workloads io-heavy --instance-types c5.xlarge --nodes-list 4 --step-timeout-minutes 45 --submit
2026-07-22T07:05:05.390551+00:00,ap-southeast-1,10.0,cpu-heavy,c5a.xlarge,2,step,j-QJ8ROX9BO2PG,s-01254761MG5CLO13CON5,CANCELLED,"{'State': 'CANCELLED', 'StateChangeReason': {'Message': 'Cluster terminated'}, 'Timeline': {'CreationDateTime': datetime.datetime(2026, 7, 22, 12, 20, 53, 910000, tzinfo=tzlocal()), 'StartDateTime': datetime.datetime(2026, 7, 22, 12, 24, 10, 651000, tzinfo=tzlocal())}}",python scripts/run_emr_regional_resumable_batch.py --region ap-southeast-1 --dataset-sizes-mb 10 --workloads cpu-heavy --instance-types c5a.xlarge --nodes-list 2 --pricing-model on-demand --price-path cloud_prices/aws_prices.csv --step-timeout-minutes 45 --submit
2026-07-22T12:10:38.198895+00:00,ap-south-1,2048.0,cpu-heavy,m5.xlarge,2,step,j-2W8RGL52QQJ8J,s-03510841YJM52IR85FF,CANCELLED,"{'State': 'CANCELLED', 'StateChangeReason': {'Message': 'Cluster terminated'}, 'Timeline': {'CreationDateTime': datetime.datetime(2026, 7, 22, 17, 39, 36, 973000, tzinfo=tzlocal())}}",python scripts/run_emr_regional_resumable_batch.py --region ap-south-1 --dataset-sizes-mb 2048 --workloads cpu-heavy --instance-types m5.xlarge --nodes-list 2 --pricing-model on-demand --price-path cloud_prices/aws_prices.csv --step-timeout-minutes 90 --submit
2026-07-22T12:11:39.681753+00:00,ap-south-1,2048.0,cpu-heavy,m5.xlarge,4,step,j-30Z644JSS44VP,s-03498262RB3BR1N7WS8C,CANCELLED,"{'State': 'CANCELLED', 'StateChangeReason': {'Message': 'Cluster terminated'}, 'Timeline': {'CreationDateTime': datetime.datetime(2026, 7, 22, 17, 40, 38, 608000, tzinfo=tzlocal())}}",python scripts/run_emr_regional_resumable_batch.py --region ap-south-1 --dataset-sizes-mb 2048 --workloads cpu-heavy --instance-types m5.xlarge --nodes-list 4 --pricing-model on-demand --price-path cloud_prices/aws_prices.csv --step-timeout-minutes 90 --submit
2026-07-22T12:12:41.172810+00:00,ap-south-1,2048.0,cpu-heavy,m5a.xlarge,2,step,j-3LJV1O0M99HLX,s-06169481YGG9DERWS3XE,CANCELLED,"{'State': 'CANCELLED', 'StateChangeReason': {'Message': 'Cluster terminated'}, 'Timeline': {'CreationDateTime': datetime.datetime(2026, 7, 22, 17, 41, 40, 134000, tzinfo=tzlocal())}}",python scripts/run_emr_regional_resumable_batch.py --region ap-south-1 --dataset-sizes-mb 2048 --workloads cpu-heavy --instance-types m5a.xlarge --nodes-list 2 --pricing-model on-demand --price-path cloud_prices/aws_prices.csv --step-timeout-minutes 90 --submit
2026-07-22T12:13:42.580391+00:00,ap-south-1,2048.0,cpu-heavy,m5a.xlarge,4,step,j-228HLU6SD9MVE,s-0348769233CUON0IFZEF,CANCELLED,"{'State': 'CANCELLED', 'StateChangeReason': {'Message': 'Cluster terminated'}, 'Timeline': {'CreationDateTime': datetime.datetime(2026, 7, 22, 17, 42, 41, 607000, tzinfo=tzlocal())}}",python scripts/run_emr_regional_resumable_batch.py --region ap-south-1 --dataset-sizes-mb 2048 --workloads cpu-heavy --instance-types m5a.xlarge --nodes-list 4 --pricing-model on-demand --price-path cloud_prices/aws_prices.csv --step-timeout-minutes 90 --submit
2026-07-22T12:14:43.934438+00:00,ap-south-1,2048.0,cpu-heavy,m6i.xlarge,2,step,j-8V6HA2KRML5F,s-034890727HQ083DGUQ20,CANCELLED,"{'State': 'CANCELLED', 'StateChangeReason': {'Message': 'Cluster terminated'}, 'Timeline': {'CreationDateTime': datetime.datetime(2026, 7, 22, 17, 43, 42, 935000, tzinfo=tzlocal())}}",python scripts/run_emr_regional_resumable_batch.py --region ap-south-1 --dataset-sizes-mb 2048 --workloads cpu-heavy --instance-types m6i.xlarge --nodes-list 2 --pricing-model on-demand --price-path cloud_prices/aws_prices.csv --step-timeout-minutes 90 --submit
2026-07-22T12:15:45.253534+00:00,ap-south-1,2048.0,cpu-heavy,m6i.xlarge,4,step,j-35VO733NNEMV3,s-0385473147KH9ON7PX9,CANCELLED,"{'State': 'CANCELLED', 'StateChangeReason': {'Message': 'Cluster terminated'}, 'Timeline': {'CreationDateTime': datetime.datetime(2026, 7, 22, 17, 44, 44, 272000, tzinfo=tzlocal())}}",python scripts/run_emr_regional_resumable_batch.py --region ap-south-1 --dataset-sizes-mb 2048 --workloads cpu-heavy --instance-types m6i.xlarge --nodes-list 4 --pricing-model on-demand --price-path cloud_prices/aws_prices.csv --step-timeout-minutes 90 --submit
2026-07-22T12:16:46.562377+00:00,ap-south-1,2048.0,cpu-heavy,c5.xlarge,2,step,j-CK26HRM8XF1D,s-06301432VEVF41XEITK2,CANCELLED,"{'State': 'CANCELLED', 'StateChangeReason': {'Message': 'Cluster terminated'}, 'Timeline': {'CreationDateTime': datetime.datetime(2026, 7, 22, 17, 45, 45, 604000, tzinfo=tzlocal())}}",python scripts/run_emr_regional_resumable_batch.py --region ap-south-1 --dataset-sizes-mb 2048 --workloads cpu-heavy --instance-types c5.xlarge --nodes-list 2 --pricing-model on-demand --price-path cloud_prices/aws_prices.csv --step-timeout-minutes 90 --submit
2026-07-22T12:17:48.073366+00:00,ap-south-1,2048.0,cpu-heavy,c5.xlarge,4,step,j-3VTWHS9TL5KV4,s-03506083K8WHXR465J5X,CANCELLED,"{'State': 'CANCELLED', 'StateChangeReason': {'Message': 'Cluster terminated'}, 'Timeline': {'CreationDateTime': datetime.datetime(2026, 7, 22, 17, 46, 47, 13000, tzinfo=tzlocal())}}",python scripts/run_emr_regional_resumable_batch.py --region ap-south-1 --dataset-sizes-mb 2048 --workloads cpu-heavy --instance-types c5.xlarge --nodes-list 4 --pricing-model on-demand --price-path cloud_prices/aws_prices.csv --step-timeout-minutes 90 --submit
2026-07-22T12:18:49.393221+00:00,ap-south-1,2048.0,cpu-heavy,c5a.xlarge,2,step,j-2PUDQKTY70CAY,s-09098219KGP7VW3V6XX,CANCELLED,"{'State': 'CANCELLED', 'StateChangeReason': {'Message': 'Cluster terminated'}, 'Timeline': {'CreationDateTime': datetime.datetime(2026, 7, 22, 17, 47, 48, 411000, tzinfo=tzlocal())}}",python scripts/run_emr_regional_resumable_batch.py --region ap-south-1 --dataset-sizes-mb 2048 --workloads cpu-heavy --instance-types c5a.xlarge --nodes-list 2 --pricing-model on-demand --price-path cloud_prices/aws_prices.csv --step-timeout-minutes 90 --submit
2026-07-22T12:19:50.907723+00:00,ap-south-1,2048.0,cpu-heavy,c5a.xlarge,4,step,j-3BOSYTFKARZU2,s-09500453HIU15YAG2WJD,CANCELLED,"{'State': 'CANCELLED', 'StateChangeReason': {'Message': 'Cluster terminated'}, 'Timeline': {'CreationDateTime': datetime.datetime(2026, 7, 22, 17, 48, 49, 725000, tzinfo=tzlocal())}}",python scripts/run_emr_regional_resumable_batch.py --region ap-south-1 --dataset-sizes-mb 2048 --workloads cpu-heavy --instance-types c5a.xlarge --nodes-list 4 --pricing-model on-demand --price-path cloud_prices/aws_prices.csv --step-timeout-minutes 90 --submit
2026-07-22T12:20:52.394761+00:00,ap-south-1,2048.0,cpu-heavy,c6i.xlarge,2,step,j-2MF8C1F4R02DH,s-08820793MTGC04BCSQID,CANCELLED,"{'State': 'CANCELLED', 'StateChangeReason': {'Message': 'Cluster terminated'}, 'Timeline': {'CreationDateTime': datetime.datetime(2026, 7, 22, 17, 49, 51, 253000, tzinfo=tzlocal())}}",python scripts/run_emr_regional_resumable_batch.py --region ap-south-1 --dataset-sizes-mb 2048 --workloads cpu-heavy --instance-types c6i.xlarge --nodes-list 2 --pricing-model on-demand --price-path cloud_prices/aws_prices.csv --step-timeout-minutes 90 --submit
2026-07-22T12:21:53.813800+00:00,ap-south-1,2048.0,cpu-heavy,c6i.xlarge,4,step,j-3JOPDKIU20NZI,s-0916813696ZGNIAEC1W,CANCELLED,"{'State': 'CANCELLED', 'StateChangeReason': {'Message': 'Cluster terminated'}, 'Timeline': {'CreationDateTime': datetime.datetime(2026, 7, 22, 17, 50, 52, 821000, tzinfo=tzlocal())}}",python scripts/run_emr_regional_resumable_batch.py --region ap-south-1 --dataset-sizes-mb 2048 --workloads cpu-heavy --instance-types c6i.xlarge --nodes-list 4 --pricing-model on-demand --price-path cloud_prices/aws_prices.csv --step-timeout-minutes 90 --submit
2026-07-22T12:22:55.095577+00:00,ap-south-1,2048.0,memory-heavy,m5.xlarge,2,step,j-DHC62EFA0P3U,s-10445282AY549O7XVA8W,CANCELLED,"{'State': 'CANCELLED', 'StateChangeReason': {'Message': 'Cluster terminated'}, 'Timeline': {'CreationDateTime': datetime.datetime(2026, 7, 22, 17, 51, 54, 145000, tzinfo=tzlocal())}}",python scripts/run_emr_regional_resumable_batch.py --region ap-south-1 --dataset-sizes-mb 2048 --workloads memory-heavy --instance-types m5.xlarge --nodes-list 2 --pricing-model on-demand --price-path cloud_prices/aws_prices.csv --step-timeout-minutes 90 --submit
2026-07-22T12:23:56.719000+00:00,ap-south-1,2048.0,memory-heavy,m5.xlarge,4,step,j-3MUIU61DBDBGS,s-0895367ORAWPIR3Z4G2,CANCELLED,"{'State': 'CANCELLED', 'StateChangeReason': {'Message': 'Cluster terminated'}, 'Timeline': {'CreationDateTime': datetime.datetime(2026, 7, 22, 17, 52, 55, 444000, tzinfo=tzlocal())}}",python scripts/run_emr_regional_resumable_batch.py --region ap-south-1 --dataset-sizes-mb 2048 --workloads memory-heavy --instance-types m5.xlarge --nodes-list 4 --pricing-model on-demand --price-path cloud_prices/aws_prices.csv --step-timeout-minutes 90 --submit
2026-07-22T12:24:27.794737+00:00,ap-south-1,2048.0,memory-heavy,m5a.xlarge,2,step,j-RY1AOBPW4E9R,s-05993512QI3UW1JDBWV0,CANCELLED,"{'State': 'CANCELLED', 'StateChangeReason': {'Message': 'Cluster terminated'}, 'Timeline': {'CreationDateTime': datetime.datetime(2026, 7, 22, 17, 53, 57, 49000, tzinfo=tzlocal())}}",python scripts/run_emr_regional_resumable_batch.py --region ap-south-1 --dataset-sizes-mb 2048 --workloads memory-heavy --instance-types m5a.xlarge --nodes-list 2 --pricing-model on-demand --price-path cloud_prices/aws_prices.csv --step-timeout-minutes 90 --submit
2026-07-22T12:25:29.137517+00:00,ap-south-1,2048.0,memory-heavy,m5a.xlarge,4,step,j-3H59L6K2UZGZG,s-06899382RCDPJ7MH2OZJ,CANCELLED,"{'State': 'CANCELLED', 'StateChangeReason': {'Message': 'Cluster terminated'}, 'Timeline': {'CreationDateTime': datetime.datetime(2026, 7, 22, 17, 54, 28, 148000, tzinfo=tzlocal())}}",python scripts/run_emr_regional_resumable_batch.py --region ap-south-1 --dataset-sizes-mb 2048 --workloads memory-heavy --instance-types m5a.xlarge --nodes-list 4 --pricing-model on-demand --price-path cloud_prices/aws_prices.csv --step-timeout-minutes 90 --submit
2026-07-22T12:26:00.947117+00:00,ap-south-1,2048.0,memory-heavy,m6i.xlarge,2,step,j-LE3EAZK41MU9,s-0705378DKGXRFMA69YK,CANCELLED,"{'State': 'CANCELLED', 'StateChangeReason': {'Message': 'Cluster terminated'}, 'Timeline': {'CreationDateTime': datetime.datetime(2026, 7, 22, 17, 55, 29, 472000, tzinfo=tzlocal())}}",python scripts/run_emr_regional_resumable_batch.py --region ap-south-1 --dataset-sizes-mb 2048 --workloads memory-heavy --instance-types m6i.xlarge --nodes-list 2 --pricing-model on-demand --price-path cloud_prices/aws_prices.csv --step-timeout-minutes 90 --submit
2026-07-22T12:26:31.975879+00:00,ap-south-1,2048.0,memory-heavy,m6i.xlarge,4,step,j-30D385QE5MJ4L,s-0710132XEZH8Q9ECC3R,CANCELLED,"{'State': 'CANCELLED', 'StateChangeReason': {'Message': 'Cluster terminated'}, 'Timeline': {'CreationDateTime': datetime.datetime(2026, 7, 22, 17, 56, 1, 278000, tzinfo=tzlocal())}}",python scripts/run_emr_regional_resumable_batch.py --region ap-south-1 --dataset-sizes-mb 2048 --workloads memory-heavy --instance-types m6i.xlarge --nodes-list 4 --pricing-model on-demand --price-path cloud_prices/aws_prices.csv --step-timeout-minutes 90 --submit
2026-07-22T12:27:03.010914+00:00,ap-south-1,2048.0,memory-heavy,c5.xlarge,2,step,j-16NQ4X6DNWAZG,s-03482631OGCDAOXH56FK,CANCELLED,"{'State': 'CANCELLED', 'StateChangeReason': {'Message': 'Cluster terminated'}, 'Timeline': {'CreationDateTime': datetime.datetime(2026, 7, 22, 17, 56, 32, 323000, tzinfo=tzlocal())}}",python scripts/run_emr_regional_resumable_batch.py --region ap-south-1 --dataset-sizes-mb 2048 --workloads memory-heavy --instance-types c5.xlarge --nodes-list 2 --pricing-model on-demand --price-path cloud_prices/aws_prices.csv --step-timeout-minutes 90 --submit
2026-07-22T12:27:34.002660+00:00,ap-south-1,2048.0,memory-heavy,c5.xlarge,4,step,j-PEARUON26COQ,s-0351527294IYCBW68LJC,CANCELLED,"{'State': 'CANCELLED', 'StateChangeReason': {'Message': 'Cluster terminated'}, 'Timeline': {'CreationDateTime': datetime.datetime(2026, 7, 22, 17, 57, 3, 343000, tzinfo=tzlocal())}}",python scripts/run_emr_regional_resumable_batch.py --region ap-south-1 --dataset-sizes-mb 2048 --workloads memory-heavy --instance-types c5.xlarge --nodes-list 4 --pricing-model on-demand --price-path cloud_prices/aws_prices.csv --step-timeout-minutes 90 --submit
2026-07-22T12:28:05.071767+00:00,ap-south-1,2048.0,memory-heavy,c5a.xlarge,2,step,j-3807O4KU4LED2,s-047450739OWORWDTKZSS,CANCELLED,"{'State': 'CANCELLED', 'StateChangeReason': {'Message': 'Cluster terminated'}, 'Timeline': {'CreationDateTime': datetime.datetime(2026, 7, 22, 17, 57, 34, 358000, tzinfo=tzlocal())}}",python scripts/run_emr_regional_resumable_batch.py --region ap-south-1 --dataset-sizes-mb 2048 --workloads memory-heavy --instance-types c5a.xlarge --nodes-list 2 --pricing-model on-demand --price-path cloud_prices/aws_prices.csv --step-timeout-minutes 90 --submit
2026-07-22T12:28:36.042329+00:00,ap-south-1,2048.0,memory-heavy,c5a.xlarge,4,step,j-2X5MNLDQVYEPY,s-06301222KGP29D9GHEH2,CANCELLED,"{'State': 'CANCELLED', 'StateChangeReason': {'Message': 'Cluster terminated'}, 'Timeline': {'CreationDateTime': datetime.datetime(2026, 7, 22, 17, 58, 5, 391000, tzinfo=tzlocal())}}",python scripts/run_emr_regional_resumable_batch.py --region ap-south-1 --dataset-sizes-mb 2048 --workloads memory-heavy --instance-types c5a.xlarge --nodes-list 4 --pricing-model on-demand --price-path cloud_prices/aws_prices.csv --step-timeout-minutes 90 --submit
2026-07-22T12:29:07.052422+00:00,ap-south-1,2048.0,memory-heavy,c6i.xlarge,2,step,j-2EEJP1DBSDB9K,s-09699091YAHUD5G48QFF,CANCELLED,"{'State': 'CANCELLED', 'StateChangeReason': {'Message': 'Cluster terminated'}, 'Timeline': {'CreationDateTime': datetime.datetime(2026, 7, 22, 17, 58, 36, 385000, tzinfo=tzlocal())}}",python scripts/run_emr_regional_resumable_batch.py --region ap-south-1 --dataset-sizes-mb 2048 --workloads memory-heavy --instance-types c6i.xlarge --nodes-list 2 --pricing-model on-demand --price-path cloud_prices/aws_prices.csv --step-timeout-minutes 90 --submit
2026-07-22T12:29:38.206153+00:00,ap-south-1,2048.0,memory-heavy,c6i.xlarge,4,step,j-3BCEQ1102SMN3,s-03497173TQ6UMYZX7Q6O,CANCELLED,"{'State': 'CANCELLED', 'StateChangeReason': {'Message': 'Cluster terminated'}, 'Timeline': {'CreationDateTime': datetime.datetime(2026, 7, 22, 17, 59, 7, 447000, tzinfo=tzlocal())}}",python scripts/run_emr_regional_resumable_batch.py --region ap-south-1 --dataset-sizes-mb 2048 --workloads memory-heavy --instance-types c6i.xlarge --nodes-list 4 --pricing-model on-demand --price-path cloud_prices/aws_prices.csv --step-timeout-minutes 90 --submit
2026-07-22T12:30:09.178414+00:00,ap-south-1,2048.0,io-heavy,m5.xlarge,2,step,j-2VVCMMYESN610,s-03485771J93TI77P1Z3A,CANCELLED,"{'State': 'CANCELLED', 'StateChangeReason': {'Message': 'Cluster terminated'}, 'Timeline': {'CreationDateTime': datetime.datetime(2026, 7, 22, 17, 59, 38, 534000, tzinfo=tzlocal())}}",python scripts/run_emr_regional_resumable_batch.py --region ap-south-1 --dataset-sizes-mb 2048 --workloads io-heavy --instance-types m5.xlarge --nodes-list 2 --pricing-model on-demand --price-path cloud_prices/aws_prices.csv --step-timeout-minutes 90 --submit
2026-07-22T12:31:10.518884+00:00,ap-south-1,2048.0,io-heavy,m5.xlarge,4,step,j-27NRH2AZT1UZ0,s-0278356EX7AR5PMT2OB,CANCELLED,"{'State': 'CANCELLED', 'StateChangeReason': {'Message': 'Cluster terminated'}, 'Timeline': {'CreationDateTime': datetime.datetime(2026, 7, 22, 18, 0, 9, 499000, tzinfo=tzlocal())}}",python scripts/run_emr_regional_resumable_batch.py --region ap-south-1 --dataset-sizes-mb 2048 --workloads io-heavy --instance-types m5.xlarge --nodes-list 4 --pricing-model on-demand --price-path cloud_prices/aws_prices.csv --step-timeout-minutes 90 --submit
2026-07-22T12:32:11.842435+00:00,ap-south-1,2048.0,io-heavy,m5a.xlarge,2,step,j-Z4HBACRIB6N6,s-0969912CJ8ZX794VW6W,CANCELLED,"{'State': 'CANCELLED', 'StateChangeReason': {'Message': 'Cluster terminated'}, 'Timeline': {'CreationDateTime': datetime.datetime(2026, 7, 22, 18, 1, 10, 853000, tzinfo=tzlocal())}}",python scripts/run_emr_regional_resumable_batch.py --region ap-south-1 --dataset-sizes-mb 2048 --workloads io-heavy --instance-types m5a.xlarge --nodes-list 2 --pricing-model on-demand --price-path cloud_prices/aws_prices.csv --step-timeout-minutes 90 --submit
2026-07-22T12:33:27.856427+00:00,ap-south-1,2048.0,io-heavy,m5a.xlarge,4,step,j-1EQVCVBM39KIV,s-0943465219JSDOM1WSQI,CANCELLED,"{'State': 'CANCELLED', 'StateChangeReason': {'Message': 'Cluster terminated'}, 'Timeline': {'CreationDateTime': datetime.datetime(2026, 7, 22, 18, 2, 12, 182000, tzinfo=tzlocal())}}",python scripts/run_emr_regional_resumable_batch.py --region ap-south-1 --dataset-sizes-mb 2048 --workloads io-heavy --instance-types m5a.xlarge --nodes-list 4 --pricing-model on-demand --price-path cloud_prices/aws_prices.csv --step-timeout-minutes 90 --submit
2026-07-22T12:34:29.406611+00:00,ap-south-1,2048.0,io-heavy,m6i.xlarge,2,step,j-30FYBAO5JPTV9,s-0569748YRJF3BYS5VYG,CANCELLED,"{'State': 'CANCELLED', 'StateChangeReason': {'Message': 'Cluster terminated'}, 'Timeline': {'CreationDateTime': datetime.datetime(2026, 7, 22, 18, 3, 28, 248000, tzinfo=tzlocal())}}",python scripts/run_emr_regional_resumable_batch.py --region ap-south-1 --dataset-sizes-mb 2048 --workloads io-heavy --instance-types m6i.xlarge --nodes-list 2 --pricing-model on-demand --price-path cloud_prices/aws_prices.csv --step-timeout-minutes 90 --submit
2026-07-22T12:35:31.071859+00:00,ap-south-1,2048.0,io-heavy,m6i.xlarge,4,step,j-3HJJKAD5MBVNR,s-05130812DGAMTQW7MKYP,CANCELLED,"{'State': 'CANCELLED', 'StateChangeReason': {'Message': 'Cluster terminated'}, 'Timeline': {'CreationDateTime': datetime.datetime(2026, 7, 22, 18, 4, 29, 813000, tzinfo=tzlocal())}}",python scripts/run_emr_regional_resumable_batch.py --region ap-south-1 --dataset-sizes-mb 2048 --workloads io-heavy --instance-types m6i.xlarge --nodes-list 4 --pricing-model on-demand --price-path cloud_prices/aws_prices.csv --step-timeout-minutes 90 --submit
2026-07-22T12:36:32.730080+00:00,ap-south-1,2048.0,io-heavy,c5.xlarge,2,step,j-2W7YMN1RZNZL1,s-035202818JLK72GL46Z7,CANCELLED,"{'State': 'CANCELLED', 'StateChangeReason': {'Message': 'Cluster terminated'}, 'Timeline': {'CreationDateTime': datetime.datetime(2026, 7, 22, 18, 5, 31, 471000, tzinfo=tzlocal())}}",python scripts/run_emr_regional_resumable_batch.py --region ap-south-1 --dataset-sizes-mb 2048 --workloads io-heavy --instance-types c5.xlarge --nodes-list 2 --pricing-model on-demand --price-path cloud_prices/aws_prices.csv --step-timeout-minutes 90 --submit
2026-07-22T12:37:34.217739+00:00,ap-south-1,2048.0,io-heavy,c5.xlarge,4,step,j-B3AQEXP0S0A2,s-088656583VLX4SD642W,CANCELLED,"{'State': 'CANCELLED', 'StateChangeReason': {'Message': 'Cluster terminated'}, 'Timeline': {'CreationDateTime': datetime.datetime(2026, 7, 22, 18, 6, 33, 129000, tzinfo=tzlocal())}}",python scripts/run_emr_regional_resumable_batch.py --region ap-south-1 --dataset-sizes-mb 2048 --workloads io-heavy --instance-types c5.xlarge --nodes-list 4 --pricing-model on-demand --price-path cloud_prices/aws_prices.csv --step-timeout-minutes 90 --submit
2026-07-22T12:38:35.567271+00:00,ap-south-1,2048.0,io-heavy,c5a.xlarge,2,step,j-3DBLL31NMLYHU,s-08954112AORCZCO8BLIT,CANCELLED,"{'State': 'CANCELLED', 'StateChangeReason': {'Message': 'Cluster terminated'}, 'Timeline': {'CreationDateTime': datetime.datetime(2026, 7, 22, 18, 7, 34, 571000, tzinfo=tzlocal())}}",python scripts/run_emr_regional_resumable_batch.py --region ap-south-1 --dataset-sizes-mb 2048 --workloads io-heavy --instance-types c5a.xlarge --nodes-list 2 --pricing-model on-demand --price-path cloud_prices/aws_prices.csv --step-timeout-minutes 90 --submit
2026-07-22T12:42:10.138525+00:00,ap-south-1,2048.0,io-heavy,c5a.xlarge,4,step,j-2LJ5E31ZJFGSL,s-05521771RH41T93DE4CI,CANCELLED,"{'State': 'CANCELLED', 'StateChangeReason': {'Message': 'Cluster terminated'}, 'Timeline': {'CreationDateTime': datetime.datetime(2026, 7, 22, 18, 8, 35, 992000, tzinfo=tzlocal())}}",python scripts/run_emr_regional_resumable_batch.py --region ap-south-1 --dataset-sizes-mb 2048 --workloads io-heavy --instance-types c5a.xlarge --nodes-list 4 --pricing-model on-demand --price-path cloud_prices/aws_prices.csv --step-timeout-minutes 90 --submit
2026-07-22T12:49:48.416355+00:00,ap-south-1,2048.0,cpu-heavy,m5.xlarge,2,step,j-T9JXVB11ISCG,s-03698601XKGTUM6EMCIM,FAILED,"{'State': 'FAILED', 'StateChangeReason': {}, 'Timeline': {'CreationDateTime': datetime.datetime(2026, 7, 22, 18, 15, 25, 643000, tzinfo=tzlocal()), 'StartDateTime': datetime.datetime(2026, 7, 22, 18, 18, 22, 125000, tzinfo=tzlocal()), 'EndDateTime': datetime.datetime(2026, 7, 22, 18, 18, 54, 525000, tzinfo=tzlocal())}}",python scripts/run_emr_regional_resumable_batch.py --region ap-south-1 --dataset-sizes-mb 2048 --workloads cpu-heavy --instance-types m5.xlarge --nodes-list 2 --ec2-key-name  --pricing-model on-demand --price-path cloud_prices/aws_prices.csv --step-timeout-minutes 90 --submit
2026-07-22T12:54:52.912064+00:00,ap-south-1,2048.0,cpu-heavy,m5.xlarge,4,step,j-BR9IS3JGCQFZ,s-09985482FMTPT05PCEUU,FAILED,"{'State': 'FAILED', 'StateChangeReason': {}, 'Timeline': {'CreationDateTime': datetime.datetime(2026, 7, 22, 18, 19, 48, 994000, tzinfo=tzlocal()), 'StartDateTime': datetime.datetime(2026, 7, 22, 18, 23, 8, 966000, tzinfo=tzlocal()), 'EndDateTime': datetime.datetime(2026, 7, 22, 18, 23, 47, 655000, tzinfo=tzlocal())}}",python scripts/run_emr_regional_resumable_batch.py --region ap-south-1 --dataset-sizes-mb 2048 --workloads cpu-heavy --instance-types m5.xlarge --nodes-list 4 --ec2-key-name  --pricing-model on-demand --price-path cloud_prices/aws_prices.csv --step-timeout-minutes 90 --submit
2026-07-22T13:00:27.507771+00:00,ap-south-1,2048.0,cpu-heavy,m5a.xlarge,2,step,j-PLNSBSLQWB7G,s-06038503RHDXA0RD7FOU,FAILED,"{'State': 'FAILED', 'StateChangeReason': {}, 'Timeline': {'CreationDateTime': datetime.datetime(2026, 7, 22, 18, 24, 53, 410000, tzinfo=tzlocal()), 'StartDateTime': datetime.datetime(2026, 7, 22, 18, 28, 43, 629000, tzinfo=tzlocal()), 'EndDateTime': datetime.datetime(2026, 7, 22, 18, 29, 24, 265000, tzinfo=tzlocal())}}",python scripts/run_emr_regional_resumable_batch.py --region ap-south-1 --dataset-sizes-mb 2048 --workloads cpu-heavy --instance-types m5a.xlarge --nodes-list 2 --ec2-key-name  --pricing-model on-demand --price-path cloud_prices/aws_prices.csv --step-timeout-minutes 90 --submit
2026-07-22T13:06:32.356149+00:00,ap-south-1,2048.0,cpu-heavy,m5a.xlarge,4,step,j-1K7J07BSLO6H5,s-09232751PDP4F27IAEFF,FAILED,"{'State': 'FAILED', 'StateChangeReason': {}, 'Timeline': {'CreationDateTime': datetime.datetime(2026, 7, 22, 18, 30, 27, 932000, tzinfo=tzlocal()), 'StartDateTime': datetime.datetime(2026, 7, 22, 18, 34, 38, 189000, tzinfo=tzlocal()), 'EndDateTime': datetime.datetime(2026, 7, 22, 18, 35, 24, 717000, tzinfo=tzlocal())}}",python scripts/run_emr_regional_resumable_batch.py --region ap-south-1 --dataset-sizes-mb 2048 --workloads cpu-heavy --instance-types m5a.xlarge --nodes-list 4 --ec2-key-name  --pricing-model on-demand --price-path cloud_prices/aws_prices.csv --step-timeout-minutes 90 --submit
2026-07-22T13:11:36.495005+00:00,ap-south-1,2048.0,cpu-heavy,m6i.xlarge,2,step,j-CAUFEFBB1PGX,s-05519893TCE9VR6VBG2F,FAILED,"{'State': 'FAILED', 'StateChangeReason': {}, 'Timeline': {'CreationDateTime': datetime.datetime(2026, 7, 22, 18, 36, 32, 754000, tzinfo=tzlocal()), 'StartDateTime': datetime.datetime(2026, 7, 22, 18, 39, 32, 451000, tzinfo=tzlocal()), 'EndDateTime': datetime.datetime(2026, 7, 22, 18, 39, 58, 929000, tzinfo=tzlocal())}}",python scripts/run_emr_regional_resumable_batch.py --region ap-south-1 --dataset-sizes-mb 2048 --workloads cpu-heavy --instance-types m6i.xlarge --nodes-list 2 --ec2-key-name  --pricing-model on-demand --price-path cloud_prices/aws_prices.csv --step-timeout-minutes 90 --submit
2026-07-22T13:16:40.609392+00:00,ap-south-1,2048.0,cpu-heavy,m6i.xlarge,4,step,j-GKTSWJF5TBOD,s-088729216JHHEM5X5NKF,FAILED,"{'State': 'FAILED', 'StateChangeReason': {}, 'Timeline': {'CreationDateTime': datetime.datetime(2026, 7, 22, 18, 41, 36, 892000, tzinfo=tzlocal()), 'StartDateTime': datetime.datetime(2026, 7, 22, 18, 44, 26, 570000, tzinfo=tzlocal()), 'EndDateTime': datetime.datetime(2026, 7, 22, 18, 44, 57, 171000, tzinfo=tzlocal())}}",python scripts/run_emr_regional_resumable_batch.py --region ap-south-1 --dataset-sizes-mb 2048 --workloads cpu-heavy --instance-types m6i.xlarge --nodes-list 4 --ec2-key-name  --pricing-model on-demand --price-path cloud_prices/aws_prices.csv --step-timeout-minutes 90 --submit
2026-07-22T13:22:15.053129+00:00,ap-south-1,2048.0,cpu-heavy,c5.xlarge,2,step,j-1CCI7R59K0AN0,s-08872642WFLS8EV2NTR8,FAILED,"{'State': 'FAILED', 'StateChangeReason': {}, 'Timeline': {'CreationDateTime': datetime.datetime(2026, 7, 22, 18, 46, 41, 14000, tzinfo=tzlocal()), 'StartDateTime': datetime.datetime(2026, 7, 22, 18, 50, 0, 67000, tzinfo=tzlocal()), 'EndDateTime': datetime.datetime(2026, 7, 22, 18, 50, 28, 574000, tzinfo=tzlocal())}}",python scripts/run_emr_regional_resumable_batch.py --region ap-south-1 --dataset-sizes-mb 2048 --workloads cpu-heavy --instance-types c5.xlarge --nodes-list 2 --ec2-key-name  --pricing-model on-demand --price-path cloud_prices/aws_prices.csv --step-timeout-minutes 90 --submit
2026-07-22T13:27:49.434673+00:00,ap-south-1,2048.0,cpu-heavy,c5.xlarge,4,step,j-QQ1RA902N7KT,s-03635893NX77SIO64EYX,FAILED,"{'State': 'FAILED', 'StateChangeReason': {}, 'Timeline': {'CreationDateTime': datetime.datetime(2026, 7, 22, 18, 52, 15, 482000, tzinfo=tzlocal()), 'StartDateTime': datetime.datetime(2026, 7, 22, 18, 55, 24, 947000, tzinfo=tzlocal()), 'EndDateTime': datetime.datetime(2026, 7, 22, 18, 55, 59, 342000, tzinfo=tzlocal())}}",python scripts/run_emr_regional_resumable_batch.py --region ap-south-1 --dataset-sizes-mb 2048 --workloads cpu-heavy --instance-types c5.xlarge --nodes-list 4 --ec2-key-name  --pricing-model on-demand --price-path cloud_prices/aws_prices.csv --step-timeout-minutes 90 --submit
2026-07-22T13:33:23.855009+00:00,ap-south-1,2048.0,cpu-heavy,c5a.xlarge,2,step,j-3P5V1PGQ0ZKK9,s-092661931J43ELA30RD6,FAILED,"{'State': 'FAILED', 'StateChangeReason': {}, 'Timeline': {'CreationDateTime': datetime.datetime(2026, 7, 22, 18, 57, 49, 835000, tzinfo=tzlocal()), 'StartDateTime': datetime.datetime(2026, 7, 22, 19, 0, 49, 16000, tzinfo=tzlocal()), 'EndDateTime': datetime.datetime(2026, 7, 22, 19, 1, 17, 423000, tzinfo=tzlocal())}}",python scripts/run_emr_regional_resumable_batch.py --region ap-south-1 --dataset-sizes-mb 2048 --workloads cpu-heavy --instance-types c5a.xlarge --nodes-list 2 --ec2-key-name  --pricing-model on-demand --price-path cloud_prices/aws_prices.csv --step-timeout-minutes 90 --submit
2026-07-22T13:38:58.191970+00:00,ap-south-1,2048.0,cpu-heavy,c5a.xlarge,4,step,j-3V0TXT5PT36P7,s-06037282D7W0PY1PDKEB,FAILED,"{'State': 'FAILED', 'StateChangeReason': {}, 'Timeline': {'CreationDateTime': datetime.datetime(2026, 7, 22, 19, 3, 24, 237000, tzinfo=tzlocal()), 'StartDateTime': datetime.datetime(2026, 7, 22, 19, 7, 4, 826000, tzinfo=tzlocal()), 'EndDateTime': datetime.datetime(2026, 7, 22, 19, 7, 35, 187000, tzinfo=tzlocal())}}",python scripts/run_emr_regional_resumable_batch.py --region ap-south-1 --dataset-sizes-mb 2048 --workloads cpu-heavy --instance-types c5a.xlarge --nodes-list 4 --ec2-key-name  --pricing-model on-demand --price-path cloud_prices/aws_prices.csv --step-timeout-minutes 90 --submit
2026-07-22T13:44:02.285149+00:00,ap-south-1,2048.0,cpu-heavy,c6i.xlarge,2,step,j-6RBAM5CJ67ZO,s-09112083INKKHAIL6G7W,FAILED,"{'State': 'FAILED', 'StateChangeReason': {}, 'Timeline': {'CreationDateTime': datetime.datetime(2026, 7, 22, 19, 8, 58, 580000, tzinfo=tzlocal()), 'StartDateTime': datetime.datetime(2026, 7, 22, 19, 11, 55, 484000, tzinfo=tzlocal()), 'EndDateTime': datetime.datetime(2026, 7, 22, 19, 12, 21, 802000, tzinfo=tzlocal())}}",python scripts/run_emr_regional_resumable_batch.py --region ap-south-1 --dataset-sizes-mb 2048 --workloads cpu-heavy --instance-types c6i.xlarge --nodes-list 2 --ec2-key-name  --pricing-model on-demand --price-path cloud_prices/aws_prices.csv --step-timeout-minutes 90 --submit
2026-07-22T13:49:06.557383+00:00,ap-south-1,2048.0,cpu-heavy,c6i.xlarge,4,step,j-14XPWD4GTOI0S,s-037266014Q2CADPHMHGJ,FAILED,"{'State': 'FAILED', 'StateChangeReason': {}, 'Timeline': {'CreationDateTime': datetime.datetime(2026, 7, 22, 19, 14, 2, 734000, tzinfo=tzlocal()), 'StartDateTime': datetime.datetime(2026, 7, 22, 19, 16, 50, 989000, tzinfo=tzlocal()), 'EndDateTime': datetime.datetime(2026, 7, 22, 19, 17, 19, 798000, tzinfo=tzlocal())}}",python scripts/run_emr_regional_resumable_batch.py --region ap-south-1 --dataset-sizes-mb 2048 --workloads cpu-heavy --instance-types c6i.xlarge --nodes-list 4 --ec2-key-name  --pricing-model on-demand --price-path cloud_prices/aws_prices.csv --step-timeout-minutes 90 --submit
2026-07-22T13:54:10.723411+00:00,ap-south-1,2048.0,memory-heavy,m5.xlarge,2,step,j-35XG5SMIISWQE,s-02075411S3I0AZX7LZX2,FAILED,"{'State': 'FAILED', 'StateChangeReason': {}, 'Timeline': {'CreationDateTime': datetime.datetime(2026, 7, 22, 19, 19, 6, 935000, tzinfo=tzlocal()), 'StartDateTime': datetime.datetime(2026, 7, 22, 19, 22, 27, 587000, tzinfo=tzlocal()), 'EndDateTime': datetime.datetime(2026, 7, 22, 19, 22, 59, 936000, tzinfo=tzlocal())}}",python scripts/run_emr_regional_resumable_batch.py --region ap-south-1 --dataset-sizes-mb 2048 --workloads memory-heavy --instance-types m5.xlarge --nodes-list 2 --ec2-key-name  --pricing-model on-demand --price-path cloud_prices/aws_prices.csv --step-timeout-minutes 90 --submit
2026-07-22T13:59:16.048031+00:00,ap-south-1,2048.0,memory-heavy,m5.xlarge,4,step,j-2DMNXJ8CZQTEV,s-0540068E5UZI0QV2L89,FAILED,"{'State': 'FAILED', 'StateChangeReason': {}, 'Timeline': {'CreationDateTime': datetime.datetime(2026, 7, 22, 19, 24, 11, 104000, tzinfo=tzlocal()), 'StartDateTime': datetime.datetime(2026, 7, 22, 19, 27, 30, 95000, tzinfo=tzlocal()), 'EndDateTime': datetime.datetime(2026, 7, 22, 19, 28, 6, 432000, tzinfo=tzlocal())}}",python scripts/run_emr_regional_resumable_batch.py --region ap-south-1 --dataset-sizes-mb 2048 --workloads memory-heavy --instance-types m5.xlarge --nodes-list 4 --ec2-key-name  --pricing-model on-demand --price-path cloud_prices/aws_prices.csv --step-timeout-minutes 90 --submit
2026-07-22T14:06:33.185067+00:00,ap-south-1,2048.0,memory-heavy,m5a.xlarge,2,step,j-3F6GPBL8R0V3W,s-035046835UH23LHZOLX0,FAILED,"{'State': 'FAILED', 'StateChangeReason': {}, 'Timeline': {'CreationDateTime': datetime.datetime(2026, 7, 22, 19, 29, 16, 535000, tzinfo=tzlocal()), 'StartDateTime': datetime.datetime(2026, 7, 22, 19, 33, 4, 840000, tzinfo=tzlocal()), 'EndDateTime': datetime.datetime(2026, 7, 22, 19, 33, 45, 374000, tzinfo=tzlocal())}}",python scripts/run_emr_regional_resumable_batch.py --region ap-south-1 --dataset-sizes-mb 2048 --workloads memory-heavy --instance-types m5a.xlarge --nodes-list 2 --ec2-key-name  --pricing-model on-demand --price-path cloud_prices/aws_prices.csv --step-timeout-minutes 90 --submit
2026-07-22T14:22:35.939923+00:00,ap-south-1,2048.0,memory-heavy,m5a.xlarge,4,step,j-XAVIYGNUWMVH,s-05401022PKJZUSI0Y0KX,FAILED,"{'State': 'FAILED', 'StateChangeReason': {}, 'Timeline': {'CreationDateTime': datetime.datetime(2026, 7, 22, 19, 36, 33, 612000, tzinfo=tzlocal()), 'StartDateTime': datetime.datetime(2026, 7, 22, 19, 40, 32, 142000, tzinfo=tzlocal()), 'EndDateTime': datetime.datetime(2026, 7, 22, 19, 41, 18, 631000, tzinfo=tzlocal())}}",python scripts/run_emr_regional_resumable_batch.py --region ap-south-1 --dataset-sizes-mb 2048 --workloads memory-heavy --instance-types m5a.xlarge --nodes-list 4 --ec2-key-name  --pricing-model on-demand --price-path cloud_prices/aws_prices.csv --step-timeout-minutes 90 --submit
2026-07-22T14:38:38.050606+00:00,ap-south-1,2048.0,memory-heavy,m6i.xlarge,2,step,j-2VVQ6FXGE3D95,s-01943503I0BM95CH4DWK,FAILED,"{'State': 'FAILED', 'StateChangeReason': {}, 'Timeline': {'CreationDateTime': datetime.datetime(2026, 7, 22, 19, 52, 36, 323000, tzinfo=tzlocal()), 'StartDateTime': datetime.datetime(2026, 7, 22, 19, 55, 24, 765000, tzinfo=tzlocal()), 'EndDateTime': datetime.datetime(2026, 7, 22, 19, 55, 49, 71000, tzinfo=tzlocal())}}",python scripts/run_emr_regional_resumable_batch.py --region ap-south-1 --dataset-sizes-mb 2048 --workloads memory-heavy --instance-types m6i.xlarge --nodes-list 2 --ec2-key-name  --pricing-model on-demand --price-path cloud_prices/aws_prices.csv --step-timeout-minutes 90 --submit
2026-07-22T14:43:57.140037+00:00,ap-south-1,2048.0,memory-heavy,m6i.xlarge,4,step,j-3UKXX0M7CSTV7,s-0348382I6SI4GP2XI6,FAILED,"{'State': 'FAILED', 'StateChangeReason': {}, 'Timeline': {'CreationDateTime': datetime.datetime(2026, 7, 22, 20, 8, 38, 430000, tzinfo=tzlocal()), 'StartDateTime': datetime.datetime(2026, 7, 22, 20, 11, 26, 680000, tzinfo=tzlocal()), 'EndDateTime': datetime.datetime(2026, 7, 22, 20, 11, 57, 70000, tzinfo=tzlocal())}}",python scripts/run_emr_regional_resumable_batch.py --region ap-south-1 --dataset-sizes-mb 2048 --workloads memory-heavy --instance-types m6i.xlarge --nodes-list 4 --ec2-key-name  --pricing-model on-demand --price-path cloud_prices/aws_prices.csv --step-timeout-minutes 90 --submit
2026-07-22T15:00:30.056930+00:00,ap-south-1,2048.0,memory-heavy,c5.xlarge,2,step,j-30LZVXZX95BLJ,s-07811922GLY2VLKVHUVD,FAILED,"{'State': 'FAILED', 'StateChangeReason': {}, 'Timeline': {'CreationDateTime': datetime.datetime(2026, 7, 22, 20, 13, 57, 643000, tzinfo=tzlocal()), 'StartDateTime': datetime.datetime(2026, 7, 22, 20, 17, 17, 143000, tzinfo=tzlocal()), 'EndDateTime': datetime.datetime(2026, 7, 22, 20, 17, 47, 521000, tzinfo=tzlocal())}}",python scripts/run_emr_regional_resumable_batch.py --region ap-south-1 --dataset-sizes-mb 2048 --workloads memory-heavy --instance-types c5.xlarge --nodes-list 2 --ec2-key-name  --pricing-model on-demand --price-path cloud_prices/aws_prices.csv --step-timeout-minutes 90 --submit
2026-07-22T15:17:02.570452+00:00,ap-south-1,2048.0,memory-heavy,c5.xlarge,4,step,j-OWYMNLLNO9Z0,s-09361332HPAEE2DSBEWE,FAILED,"{'State': 'FAILED', 'StateChangeReason': {}, 'Timeline': {'CreationDateTime': datetime.datetime(2026, 7, 22, 20, 30, 30, 715000, tzinfo=tzlocal()), 'StartDateTime': datetime.datetime(2026, 7, 22, 20, 33, 42, 765000, tzinfo=tzlocal()), 'EndDateTime': datetime.datetime(2026, 7, 22, 20, 34, 17, 200000, tzinfo=tzlocal())}}",python scripts/run_emr_regional_resumable_batch.py --region ap-south-1 --dataset-sizes-mb 2048 --workloads memory-heavy --instance-types c5.xlarge --nodes-list 4 --ec2-key-name  --pricing-model on-demand --price-path cloud_prices/aws_prices.csv --step-timeout-minutes 90 --submit
2026-07-22T15:33:05.659011+00:00,ap-south-1,2048.0,memory-heavy,c5a.xlarge,2,step,j-QI33AUSHB0G2,s-035091624J8XTYXQIQR9,FAILED,"{'State': 'FAILED', 'StateChangeReason': {}, 'Timeline': {'CreationDateTime': datetime.datetime(2026, 7, 22, 20, 47, 3, 188000, tzinfo=tzlocal()), 'StartDateTime': datetime.datetime(2026, 7, 22, 20, 49, 48, 336000, tzinfo=tzlocal()), 'EndDateTime': datetime.datetime(2026, 7, 22, 20, 50, 16, 651000, tzinfo=tzlocal())}}",python scripts/run_emr_regional_resumable_batch.py --region ap-south-1 --dataset-sizes-mb 2048 --workloads memory-heavy --instance-types c5a.xlarge --nodes-list 2 --ec2-key-name  --pricing-model on-demand --price-path cloud_prices/aws_prices.csv --step-timeout-minutes 90 --submit
2026-07-22T15:48:37.461853+00:00,ap-south-1,2048.0,memory-heavy,c5a.xlarge,4,step,j-2270W4CR1AU5F,s-07051502NU1MNY6LHE4U,FAILED,"{'State': 'FAILED', 'StateChangeReason': {}, 'Timeline': {'CreationDateTime': datetime.datetime(2026, 7, 22, 21, 3, 6, 518000, tzinfo=tzlocal()), 'StartDateTime': datetime.datetime(2026, 7, 22, 21, 6, 23, 947000, tzinfo=tzlocal()), 'EndDateTime': datetime.datetime(2026, 7, 22, 21, 7, 4, 500000, tzinfo=tzlocal())}}",python scripts/run_emr_regional_resumable_batch.py --region ap-south-1 --dataset-sizes-mb 2048 --workloads memory-heavy --instance-types c5a.xlarge --nodes-list 4 --ec2-key-name  --pricing-model on-demand --price-path cloud_prices/aws_prices.csv --step-timeout-minutes 90 --submit
2026-07-22T16:04:39.401058+00:00,ap-south-1,2048.0,memory-heavy,c6i.xlarge,2,step,j-RKM6OY5FRQYJ,s-05109612R6AX43PWF3KR,FAILED,"{'State': 'FAILED', 'StateChangeReason': {}, 'Timeline': {'CreationDateTime': datetime.datetime(2026, 7, 22, 21, 18, 38, 14000, tzinfo=tzlocal()), 'StartDateTime': datetime.datetime(2026, 7, 22, 21, 21, 23, 219000, tzinfo=tzlocal()), 'EndDateTime': datetime.datetime(2026, 7, 22, 21, 21, 49, 517000, tzinfo=tzlocal())}}",python scripts/run_emr_regional_resumable_batch.py --region ap-south-1 --dataset-sizes-mb 2048 --workloads memory-heavy --instance-types c6i.xlarge --nodes-list 2 --ec2-key-name  --pricing-model on-demand --price-path cloud_prices/aws_prices.csv --step-timeout-minutes 90 --submit
2026-07-22T16:23:35.143174+00:00,ap-south-1,2048.0,memory-heavy,c6i.xlarge,4,step,j-1FOWKIUCQTJOR,s-0551574R9MIY2V2JORE,FAILED,"{'State': 'FAILED', 'StateChangeReason': {}, 'Timeline': {'CreationDateTime': datetime.datetime(2026, 7, 22, 21, 34, 40, 291000, tzinfo=tzlocal()), 'StartDateTime': datetime.datetime(2026, 7, 22, 21, 38, 1, 411000, tzinfo=tzlocal()), 'EndDateTime': datetime.datetime(2026, 7, 22, 21, 38, 29, 742000, tzinfo=tzlocal())}}",python scripts/run_emr_regional_resumable_batch.py --region ap-south-1 --dataset-sizes-mb 2048 --workloads memory-heavy --instance-types c6i.xlarge --nodes-list 4 --ec2-key-name  --pricing-model on-demand --price-path cloud_prices/aws_prices.csv --step-timeout-minutes 90 --submit
2026-07-22T16:39:07.088229+00:00,ap-south-1,2048.0,io-heavy,m5.xlarge,2,step,j-1KVZB94L6E5WX,s-05515923QRBYB9ZBHZXQ,FAILED,"{'State': 'FAILED', 'StateChangeReason': {}, 'Timeline': {'CreationDateTime': datetime.datetime(2026, 7, 22, 21, 53, 35, 628000, tzinfo=tzlocal()), 'StartDateTime': datetime.datetime(2026, 7, 22, 21, 56, 54, 849000, tzinfo=tzlocal()), 'EndDateTime': datetime.datetime(2026, 7, 22, 21, 57, 27, 271000, tzinfo=tzlocal())}}",python scripts/run_emr_regional_resumable_batch.py --region ap-south-1 --dataset-sizes-mb 2048 --workloads io-heavy --instance-types m5.xlarge --nodes-list 2 --ec2-key-name  --pricing-model on-demand --price-path cloud_prices/aws_prices.csv --step-timeout-minutes 90 --submit
2026-07-22T16:54:39.201308+00:00,ap-south-1,2048.0,io-heavy,m5.xlarge,4,monitor,j-3022MR6IEYDV0,,,"ClientError: An error occurred (InvalidSignatureException) when calling the ListSteps operation: Signature expired: 20260722T163937Z is now earlier than 20260722T164938Z (20260722T165438Z - 5 min.)
Traceback (most recent call last):
  File ""<project-root>/scripts/run_emr_regional_resumable_batch.py"", line 349, in run_one
    step = wait_for_step(emr, cluster_id, args.poll_seconds, args.step_timeout_minutes)
           ^^^^^^^^^^^^^^^^^^^^^^^^^^^^^^^^^^^^^^^^^^^^^^^^^^^^^^^^^^^^^^^^^^^^^^^^^^^^
  File ""<project-root>/scripts/run_emr_regional_resumable_batch.py"", line 226, in wait_for_step
    response = emr.list_steps(ClusterId=cluster_id)
               ^^^^^^^^^^^^^^^^^^^^^^^^^^^^^^^^^^^^
  File ""<project-root>/.venv/lib/python3.11/site-packages/botocore/client.py"", line 606, in _api_call
    return self._make_api_call(operation_name, kwargs)
           ^^^^^^^^^^^^^^^^^^^^^^^^^^^^^^^^^^^^^^^^^^^
  File ""<project-root>/.venv/lib/python3.11/site-packages/botocore/context.py"", line 123, in wrapper
    return func(*args, **kwargs)
           ^^^^^^^^^^^^^^^^^^^^^
botocore.exceptions.ClientError: An error occurred (InvalidSignatureException) when calling the ListSteps operation: Signature",python scripts/run_emr_regional_resumable_batch.py --region ap-south-1 --dataset-sizes-mb 2048 --workloads io-heavy --instance-types m5.xlarge --nodes-list 4 --ec2-key-name  --pricing-model on-demand --price-path cloud_prices/aws_prices.csv --step-timeout-minutes 90 --submit
2026-07-22T17:08:43.107803+00:00,ap-south-1,2048.0,io-heavy,m5a.xlarge,2,step,j-2Z4ZMERL68X2A,s-03725861NBOBUGLKECXX,FAILED,"{'State': 'FAILED', 'StateChangeReason': {}, 'Timeline': {'CreationDateTime': datetime.datetime(2026, 7, 22, 22, 24, 39, 694000, tzinfo=tzlocal()), 'StartDateTime': datetime.datetime(2026, 7, 22, 22, 28, 30, 590000, tzinfo=tzlocal()), 'EndDateTime': datetime.datetime(2026, 7, 22, 22, 29, 11, 55000, tzinfo=tzlocal())}}",python scripts/run_emr_regional_resumable_batch.py --region ap-south-1 --dataset-sizes-mb 2048 --workloads io-heavy --instance-types m5a.xlarge --nodes-list 2 --ec2-key-name  --pricing-model on-demand --price-path cloud_prices/aws_prices.csv --step-timeout-minutes 90 --submit
2026-07-22T17:24:14.500274+00:00,ap-south-1,2048.0,io-heavy,m5a.xlarge,4,step,j-UCYUJJQD1D7A,s-0735427B1WY4XQW2VOM,FAILED,"{'State': 'FAILED', 'StateChangeReason': {}, 'Timeline': {'CreationDateTime': datetime.datetime(2026, 7, 22, 22, 38, 43, 526000, tzinfo=tzlocal()), 'StartDateTime': datetime.datetime(2026, 7, 22, 22, 43, 0, 43000, tzinfo=tzlocal()), 'EndDateTime': datetime.datetime(2026, 7, 22, 22, 43, 46, 716000, tzinfo=tzlocal())}}",python scripts/run_emr_regional_resumable_batch.py --region ap-south-1 --dataset-sizes-mb 2048 --workloads io-heavy --instance-types m5a.xlarge --nodes-list 4 --ec2-key-name  --pricing-model on-demand --price-path cloud_prices/aws_prices.csv --step-timeout-minutes 90 --submit
2026-07-22T17:40:15.873742+00:00,ap-south-1,2048.0,io-heavy,m6i.xlarge,2,step,j-2LFS2B05I2XF3,s-0366942HLMBMGTCHOP6,FAILED,"{'State': 'FAILED', 'StateChangeReason': {}, 'Timeline': {'CreationDateTime': datetime.datetime(2026, 7, 22, 22, 54, 14, 902000, tzinfo=tzlocal()), 'StartDateTime': datetime.datetime(2026, 7, 22, 22, 56, 59, 832000, tzinfo=tzlocal()), 'EndDateTime': datetime.datetime(2026, 7, 22, 22, 57, 26, 139000, tzinfo=tzlocal())}}",python scripts/run_emr_regional_resumable_batch.py --region ap-south-1 --dataset-sizes-mb 2048 --workloads io-heavy --instance-types m6i.xlarge --nodes-list 2 --ec2-key-name  --pricing-model on-demand --price-path cloud_prices/aws_prices.csv --step-timeout-minutes 90 --submit
2026-07-22T17:56:48.012926+00:00,ap-south-1,2048.0,io-heavy,m6i.xlarge,4,step,j-2LMMXG668XM0C,s-01239093OC4ENL9NE0AP,FAILED,"{'State': 'FAILED', 'StateChangeReason': {}, 'Timeline': {'CreationDateTime': datetime.datetime(2026, 7, 22, 23, 10, 16, 298000, tzinfo=tzlocal()), 'StartDateTime': datetime.datetime(2026, 7, 22, 23, 13, 6, 877000, tzinfo=tzlocal()), 'EndDateTime': datetime.datetime(2026, 7, 22, 23, 13, 37, 259000, tzinfo=tzlocal())}}",python scripts/run_emr_regional_resumable_batch.py --region ap-south-1 --dataset-sizes-mb 2048 --workloads io-heavy --instance-types m6i.xlarge --nodes-list 4 --ec2-key-name  --pricing-model on-demand --price-path cloud_prices/aws_prices.csv --step-timeout-minutes 90 --submit
2026-07-22T18:09:32.334049+00:00,ap-south-1,2048.0,io-heavy,c5.xlarge,2,step,j-ORNH004C9KL8,s-0348449JQOHHWL3VYEC,FAILED,"{'State': 'FAILED', 'StateChangeReason': {}, 'Timeline': {'CreationDateTime': datetime.datetime(2026, 7, 22, 23, 26, 48, 396000, tzinfo=tzlocal()), 'StartDateTime': datetime.datetime(2026, 7, 22, 23, 29, 33, 296000, tzinfo=tzlocal()), 'EndDateTime': datetime.datetime(2026, 7, 22, 23, 30, 9, 810000, tzinfo=tzlocal())}}",python scripts/run_emr_regional_resumable_batch.py --region ap-south-1 --dataset-sizes-mb 2048 --workloads io-heavy --instance-types c5.xlarge --nodes-list 2 --ec2-key-name  --pricing-model on-demand --price-path cloud_prices/aws_prices.csv --step-timeout-minutes 90 --submit
2026-07-22T18:17:43.885187+00:00,ap-south-1,2048.0,io-heavy,c5.xlarge,4,step,j-28CHB9T5K07YH,s-0886997321FK9Q0TJ8D8,FAILED,"{'State': 'FAILED', 'StateChangeReason': {}, 'Timeline': {'CreationDateTime': datetime.datetime(2026, 7, 22, 23, 39, 32, 706000, tzinfo=tzlocal()), 'StartDateTime': datetime.datetime(2026, 7, 22, 23, 42, 55, 635000, tzinfo=tzlocal()), 'EndDateTime': datetime.datetime(2026, 7, 22, 23, 43, 30, 67000, tzinfo=tzlocal())}}",python scripts/run_emr_regional_resumable_batch.py --region ap-south-1 --dataset-sizes-mb 2048 --workloads io-heavy --instance-types c5.xlarge --nodes-list 4 --ec2-key-name  --pricing-model on-demand --price-path cloud_prices/aws_prices.csv --step-timeout-minutes 90 --submit
2026-07-22T19:12:53.887198+00:00,ap-southeast-1,2048.0,cpu-heavy,m6i.xlarge,2,step,j-1OW0RCMFRWQHE,s-04230551A26HKQTGU95R,FAILED,"{'State': 'FAILED', 'StateChangeReason': {}, 'Timeline': {'CreationDateTime': datetime.datetime(2026, 7, 23, 0, 37, 48, 882000, tzinfo=tzlocal()), 'StartDateTime': datetime.datetime(2026, 7, 23, 0, 41, 4, 822000, tzinfo=tzlocal()), 'EndDateTime': datetime.datetime(2026, 7, 23, 0, 41, 33, 122000, tzinfo=tzlocal())}} | cluster_reason={'Code': 'STEP_FAILURE', 'Message': 'Shut down as step failed'} | error_details=[]",python scripts/run_emr_regional_resumable_batch.py --region ap-southeast-1 --dataset-sizes-mb 2048 --workloads cpu-heavy --instance-types m6i.xlarge --nodes-list 2 --ec2-key-name  --pricing-model on-demand --price-path cloud_prices/aws_prices.csv --step-timeout-minutes 45 --submit
2026-07-22T19:17:57.942227+00:00,ap-southeast-1,2048.0,memory-heavy,m6i.xlarge,2,step,j-1GDQ7920O69KA,s-016275726UU1XGEUXJRW,FAILED,"{'State': 'FAILED', 'StateChangeReason': {}, 'Timeline': {'CreationDateTime': datetime.datetime(2026, 7, 23, 0, 42, 54, 288000, tzinfo=tzlocal()), 'StartDateTime': datetime.datetime(2026, 7, 23, 0, 46, 13, 585000, tzinfo=tzlocal()), 'EndDateTime': datetime.datetime(2026, 7, 23, 0, 46, 41, 875000, tzinfo=tzlocal())}} | cluster_reason={'Code': 'STEP_FAILURE', 'Message': 'Shut down as step failed'} | error_details=[]",python scripts/run_emr_regional_resumable_batch.py --region ap-southeast-1 --dataset-sizes-mb 2048 --workloads memory-heavy --instance-types m6i.xlarge --nodes-list 2 --ec2-key-name  --pricing-model on-demand --price-path cloud_prices/aws_prices.csv --step-timeout-minutes 45 --submit
2026-07-22T19:23:02.350989+00:00,ap-southeast-1,2048.0,io-heavy,m6i.xlarge,2,step,j-XD15EWPETYWS,s-03819131TWXTALFQDU8C,FAILED,"{'State': 'FAILED', 'StateChangeReason': {}, 'Timeline': {'CreationDateTime': datetime.datetime(2026, 7, 23, 0, 47, 58, 313000, tzinfo=tzlocal()), 'StartDateTime': datetime.datetime(2026, 7, 23, 0, 50, 42, 509000, tzinfo=tzlocal()), 'EndDateTime': datetime.datetime(2026, 7, 23, 0, 51, 10, 817000, tzinfo=tzlocal())}} | cluster_reason={'Code': 'STEP_FAILURE', 'Message': 'Shut down as step failed'} | error_details=[]",python scripts/run_emr_regional_resumable_batch.py --region ap-southeast-1 --dataset-sizes-mb 2048 --workloads io-heavy --instance-types m6i.xlarge --nodes-list 2 --ec2-key-name  --pricing-model on-demand --price-path cloud_prices/aws_prices.csv --step-timeout-minutes 45 --submit
2026-07-23T07:42:35.531480+00:00,ap-south-1,1024.0,io-heavy,m6i.xlarge,2,monitor,j-ETTLW6NFEPDS,,,"ClientError: An error occurred (InvalidSignatureException) when calling the ListSteps operation: Signature expired: 20260723T072734Z is now earlier than 20260723T073735Z (20260723T074235Z - 5 min.)
Traceback (most recent call last):
  File ""<project-root>/scripts/run_emr_regional_resumable_batch.py"", line 352, in run_one
    step = wait_for_step(emr, cluster_id, args.poll_seconds, args.step_timeout_minutes)
           ^^^^^^^^^^^^^^^^^^^^^^^^^^^^^^^^^^^^^^^^^^^^^^^^^^^^^^^^^^^^^^^^^^^^^^^^^^^^
  File ""<project-root>/scripts/run_emr_regional_resumable_batch.py"", line 229, in wait_for_step
    response = emr.list_steps(ClusterId=cluster_id)
               ^^^^^^^^^^^^^^^^^^^^^^^^^^^^^^^^^^^^
  File ""<project-root>/.venv/lib/python3.11/site-packages/botocore/client.py"", line 606, in _api_call
    return self._make_api_call(operation_name, kwargs)
           ^^^^^^^^^^^^^^^^^^^^^^^^^^^^^^^^^^^^^^^^^^^
  File ""<project-root>/.venv/lib/python3.11/site-packages/botocore/context.py"", line 123, in wrapper
    return func(*args, **kwargs)
           ^^^^^^^^^^^^^^^^^^^^^
botocore.exceptions.ClientError: An error occurred (InvalidSignatureException) when calling the ListSteps operation: Signature",python scripts/run_emr_regional_resumable_batch.py --region ap-south-1 --dataset-sizes-mb 1024 --workloads io-heavy --instance-types m6i.xlarge --nodes-list 2 --ec2-key-name  --pricing-model on-demand --price-path cloud_prices/aws_prices.csv --step-timeout-minutes 90 --submit
2026-07-24T06:04:23.477020+00:00,ap-southeast-1,2048.0,memory-heavy,m6i.xlarge,2,step,j-370W2OAJPQ2BD,s-0669192280L49VHM5VMK,CANCELLED,"{'State': 'CANCELLED', 'StateChangeReason': {'Message': 'Cluster terminated'}, 'Timeline': {'CreationDateTime': datetime.datetime(2026, 7, 24, 11, 33, 52, 664000, tzinfo=tzlocal())}} | cluster_reason={'Code': 'VALIDATION_ERROR', 'Message': 'The subnet configuration was invalid: The subnet subnet-REPLACE_ME_AP_SOUTH_1 does not exist.'} | error_details=[]",python scripts/run_emr_regional_resumable_batch.py --region ap-southeast-1 --dataset-sizes-mb 2048 --workloads memory-heavy --instance-types m6i.xlarge --nodes-list 2 --ec2-key-name cost-aware-emr-key --pricing-model on-demand --price-path cloud_prices/aws_prices.csv --step-timeout-minutes 45 --submit
2026-07-24T06:04:23.680746+00:00,ap-southeast-1,2048.0,cpu-heavy,m6i.xlarge,2,step,j-7XYDOUIYWWLZ,s-04040001MR445QT1RGOR,CANCELLED,"{'State': 'CANCELLED', 'StateChangeReason': {'Message': 'Cluster terminated'}, 'Timeline': {'CreationDateTime': datetime.datetime(2026, 7, 24, 11, 33, 52, 723000, tzinfo=tzlocal())}} | cluster_reason={'Code': 'VALIDATION_ERROR', 'Message': 'The subnet configuration was invalid: The subnet subnet-REPLACE_ME_AP_SOUTH_1 does not exist.'} | error_details=[]",python scripts/run_emr_regional_resumable_batch.py --region ap-southeast-1 --dataset-sizes-mb 2048 --workloads cpu-heavy --instance-types m6i.xlarge --nodes-list 2 --ec2-key-name cost-aware-emr-key --pricing-model on-demand --price-path cloud_prices/aws_prices.csv --step-timeout-minutes 45 --submit
2026-07-24T06:04:55.844280+00:00,ap-southeast-1,2048.0,io-heavy,m6i.xlarge,2,step,j-3NJQN5AT8OWC5,s-0123365A2PDYPNN9BXV,CANCELLED,"{'State': 'CANCELLED', 'StateChangeReason': {'Message': 'Cluster terminated'}, 'Timeline': {'CreationDateTime': datetime.datetime(2026, 7, 24, 11, 34, 24, 987000, tzinfo=tzlocal())}} | cluster_reason={'Code': 'VALIDATION_ERROR', 'Message': 'The subnet configuration was invalid: The subnet subnet-REPLACE_ME_AP_SOUTH_1 does not exist.'} | error_details=[]",python scripts/run_emr_regional_resumable_batch.py --region ap-southeast-1 --dataset-sizes-mb 2048 --workloads io-heavy --instance-types m6i.xlarge --nodes-list 2 --ec2-key-name cost-aware-emr-key --pricing-model on-demand --price-path cloud_prices/aws_prices.csv --step-timeout-minutes 45 --submit
2026-07-24T07:03:14.086181+00:00,ap-southeast-1,2048.0,io-heavy,m6i.xlarge,4,step,j-313D6SZAUJX4L,s-03817451M9HQQAD43Q9E,CANCELLED,"{'State': 'CANCELLED', 'StateChangeReason': {'Message': 'Cluster terminated'}, 'Timeline': {'CreationDateTime': datetime.datetime(2026, 7, 24, 12, 32, 43, 161000, tzinfo=tzlocal())}} | cluster_reason={'Code': 'VALIDATION_ERROR', 'Message': 'The subnet configuration was invalid: The subnet subnet-REPLACE_ME_AP_SOUTH_1 does not exist.'} | error_details=[]",python scripts/run_emr_regional_resumable_batch.py --region ap-southeast-1 --dataset-sizes-mb 2048 --workloads io-heavy --instance-types m6i.xlarge --nodes-list 4 --ec2-key-name cost-aware-emr-key --pricing-model on-demand --price-path cloud_prices/aws_prices.csv --step-timeout-minutes 45 --submit
2026-07-24T07:03:23.678474+00:00,ap-southeast-1,3072.0,io-heavy,m6i.xlarge,4,step,j-261L0HSPOHR9N,s-0161073IJ3JHKHVTNI3,CANCELLED,"{'State': 'CANCELLED', 'StateChangeReason': {'Message': 'Cluster terminated'}, 'Timeline': {'CreationDateTime': datetime.datetime(2026, 7, 24, 12, 32, 52, 734000, tzinfo=tzlocal())}} | cluster_reason={'Code': 'VALIDATION_ERROR', 'Message': 'The subnet configuration was invalid: The subnet subnet-REPLACE_ME_AP_SOUTH_1 does not exist.'} | error_details=[]",python scripts/run_emr_regional_resumable_batch.py --region ap-southeast-1 --dataset-sizes-mb 3072 --workloads io-heavy --instance-types m6i.xlarge --nodes-list 4 --ec2-key-name cost-aware-emr-key --pricing-model on-demand --price-path cloud_prices/aws_prices.csv --step-timeout-minutes 45 --submit
2026-07-24T07:04:18.247372+00:00,ap-southeast-1,2048.0,memory-heavy,m6i.xlarge,2,step,j-3CD1AUBC4EEPX,s-09428843P7BGLVPIM0UJ,CANCELLED,"{'State': 'CANCELLED', 'StateChangeReason': {'Message': 'Cluster terminated'}, 'Timeline': {'CreationDateTime': datetime.datetime(2026, 7, 24, 12, 33, 47, 269000, tzinfo=tzlocal())}} | cluster_reason={'Code': 'VALIDATION_ERROR', 'Message': 'The subnet configuration was invalid: The subnet subnet-REPLACE_ME_AP_SOUTH_1 does not exist.'} | error_details=[]",python scripts/run_emr_regional_resumable_batch.py --region ap-southeast-1 --dataset-sizes-mb 2048 --workloads memory-heavy --instance-types m6i.xlarge --nodes-list 2 --ec2-key-name cost-aware-emr-key --pricing-model on-demand --price-path cloud_prices/aws_prices.csv --step-timeout-minutes 45 --submit
2026-07-24T07:20:24.161263+00:00,ap-southeast-1,2048.0,cpu-heavy,m6i.xlarge,4,step,j-54QFW4QV0UJX,s-0927682S1F2F1J2NJ1I,CANCELLED,"{'State': 'CANCELLED', 'StateChangeReason': {'Message': 'Cluster terminated'}, 'Timeline': {'CreationDateTime': datetime.datetime(2026, 7, 24, 12, 49, 53, 212000, tzinfo=tzlocal())}} | cluster_reason={'Code': 'VALIDATION_ERROR', 'Message': 'The subnet configuration was invalid: The subnet subnet-REPLACE_ME_AP_SOUTH_1 does not exist.'} | error_details=[]",python scripts/run_emr_regional_resumable_batch.py --region ap-southeast-1 --dataset-sizes-mb 2048 --workloads cpu-heavy --instance-types m6i.xlarge --nodes-list 4 --ec2-key-name cost-aware-emr-key --pricing-model on-demand --price-path cloud_prices/aws_prices.csv --step-timeout-minutes 45 --submit
2026-07-24T07:20:41.816451+00:00,ap-southeast-1,2048.0,cpu-heavy,m6i.xlarge,2,step,j-3338G3MG1P1TS,s-092677128DGO3IFZKD2O,CANCELLED,"{'State': 'CANCELLED', 'StateChangeReason': {'Message': 'Cluster terminated'}, 'Timeline': {'CreationDateTime': datetime.datetime(2026, 7, 24, 12, 50, 10, 953000, tzinfo=tzlocal())}} | cluster_reason={'Code': 'VALIDATION_ERROR', 'Message': 'The subnet configuration was invalid: The subnet subnet-REPLACE_ME_AP_SOUTH_1 does not exist.'} | error_details=[]",python scripts/run_emr_regional_resumable_batch.py --region ap-southeast-1 --dataset-sizes-mb 2048 --workloads cpu-heavy --instance-types m6i.xlarge --nodes-list 2 --ec2-key-name cost-aware-emr-key --pricing-model on-demand --price-path cloud_prices/aws_prices.csv --step-timeout-minutes 45 --submit
2026-07-24T07:21:14.557031+00:00,ap-southeast-1,2048.0,memory-heavy,m6i.xlarge,2,step,j-2FA2ZUGNVY2ZN,s-067717418ROSZU0R4S4D,CANCELLED,"{'State': 'CANCELLED', 'StateChangeReason': {'Message': 'Cluster terminated'}, 'Timeline': {'CreationDateTime': datetime.datetime(2026, 7, 24, 12, 50, 43, 679000, tzinfo=tzlocal())}} | cluster_reason={'Code': 'VALIDATION_ERROR', 'Message': 'The subnet configuration was invalid: The subnet subnet-REPLACE_ME_AP_SOUTH_1 does not exist.'} | error_details=[]",python scripts/run_emr_regional_resumable_batch.py --region ap-southeast-1 --dataset-sizes-mb 2048 --workloads memory-heavy --instance-types m6i.xlarge --nodes-list 2 --ec2-key-name cost-aware-emr-key --pricing-model on-demand --price-path cloud_prices/aws_prices.csv --step-timeout-minutes 45 --submit
2026-07-24T07:36:33.965952+00:00,ap-southeast-1,3072.0,cpu-heavy,m6i.xlarge,4,step,j-1V5PQ1U5OA22Y,s-0929607IXJWYMCNUUXM,CANCELLED,"{'State': 'CANCELLED', 'StateChangeReason': {'Message': 'Cluster terminated'}, 'Timeline': {'CreationDateTime': datetime.datetime(2026, 7, 24, 12, 51, 2, 111000, tzinfo=tzlocal())}} | cluster_reason={'Code': 'VALIDATION_ERROR', 'Message': 'The subnet configuration was invalid: The subnet subnet-REPLACE_ME_AP_SOUTH_1 does not exist.'} | error_details=[]",python scripts/run_emr_regional_resumable_batch.py --region ap-southeast-1 --dataset-sizes-mb 3072 --workloads cpu-heavy --instance-types m6i.xlarge --nodes-list 4 --ec2-key-name cost-aware-emr-key --pricing-model on-demand --price-path cloud_prices/aws_prices.csv --step-timeout-minutes 45 --submit
2026-07-24T07:36:47.757971+00:00,ap-southeast-1,2048.0,io-heavy,m6i.xlarge,4,step,j-1Z8H108ULEF4O,s-0702927M62UWMB85PD9,CANCELLED,"{'State': 'CANCELLED', 'StateChangeReason': {'Message': 'Cluster terminated'}, 'Timeline': {'CreationDateTime': datetime.datetime(2026, 7, 24, 12, 51, 16, 458000, tzinfo=tzlocal())}} | cluster_reason={'Code': 'VALIDATION_ERROR', 'Message': 'The subnet configuration was invalid: The subnet subnet-REPLACE_ME_AP_SOUTH_1 does not exist.'} | error_details=[]",python scripts/run_emr_regional_resumable_batch.py --region ap-southeast-1 --dataset-sizes-mb 2048 --workloads io-heavy --instance-types m6i.xlarge --nodes-list 4 --ec2-key-name cost-aware-emr-key --pricing-model on-demand --price-path cloud_prices/aws_prices.csv --step-timeout-minutes 45 --submit
2026-07-24T07:37:10.954537+00:00,ap-southeast-1,2048.0,memory-heavy,m6i.xlarge,4,step,j-4ML1O2Q9T02L,s-09271243QPBAOYF4NT0H,CANCELLED,"{'State': 'CANCELLED', 'StateChangeReason': {'Message': 'Cluster terminated'}, 'Timeline': {'CreationDateTime': datetime.datetime(2026, 7, 24, 13, 6, 39, 822000, tzinfo=tzlocal())}} | cluster_reason={'Code': 'VALIDATION_ERROR', 'Message': 'The subnet configuration was invalid: The subnet subnet-REPLACE_ME_AP_SOUTH_1 does not exist.'} | error_details=[]",python scripts/run_emr_regional_resumable_batch.py --region ap-southeast-1 --dataset-sizes-mb 2048 --workloads memory-heavy --instance-types m6i.xlarge --nodes-list 4 --ec2-key-name cost-aware-emr-key --pricing-model on-demand --price-path cloud_prices/aws_prices.csv --step-timeout-minutes 45 --submit
2026-07-24T07:37:27.578913+00:00,ap-southeast-1,500.0,cpu-heavy,c5.xlarge,4,step,j-ZHM8MWT3FTI0,s-08337903KBRMMXDN4N0P,CANCELLED,"{'State': 'CANCELLED', 'StateChangeReason': {'Message': 'Cluster terminated'}, 'Timeline': {'CreationDateTime': datetime.datetime(2026, 7, 24, 13, 6, 55, 527000, tzinfo=tzlocal())}} | cluster_reason={'Code': 'VALIDATION_ERROR', 'Message': 'The subnet configuration was invalid: The subnet subnet-REPLACE_ME_AP_SOUTH_1 does not exist.'} | error_details=[]",python scripts/run_emr_regional_resumable_batch.py --region ap-southeast-1 --dataset-sizes-mb 500 --workloads cpu-heavy --instance-types c5.xlarge --nodes-list 4 --ec2-key-name cost-aware-emr-key --pricing-model on-demand --price-path cloud_prices/aws_prices.csv --step-timeout-minutes 45 --submit
2026-07-24T07:37:35.413202+00:00,ap-southeast-1,10.0,io-heavy,m5a.xlarge,2,step,j-1Q8A5T0TJR7KB,s-06774603VEXGNE6KFKUI,CANCELLED,"{'State': 'CANCELLED', 'StateChangeReason': {'Message': 'Cluster terminated'}, 'Timeline': {'CreationDateTime': datetime.datetime(2026, 7, 24, 13, 7, 3, 461000, tzinfo=tzlocal())}} | cluster_reason={'Code': 'VALIDATION_ERROR', 'Message': 'The subnet configuration was invalid: The subnet subnet-REPLACE_ME_AP_SOUTH_1 does not exist.'} | error_details=[]",python scripts/run_emr_regional_resumable_batch.py --region ap-southeast-1 --dataset-sizes-mb 10 --workloads io-heavy --instance-types m5a.xlarge --nodes-list 2 --ec2-key-name cost-aware-emr-key --pricing-model on-demand --price-path cloud_prices/aws_prices.csv --step-timeout-minutes 45 --submit
2026-07-24T07:37:35.413131+00:00,ap-southeast-1,2048.0,cpu-heavy,m6i.xlarge,4,step,j-I9D5DT4ZFKY4,s-0676539M9NKSAMP6LTS,CANCELLED,"{'State': 'CANCELLED', 'StateChangeReason': {'Message': 'Cluster terminated'}, 'Timeline': {'CreationDateTime': datetime.datetime(2026, 7, 24, 13, 7, 3, 444000, tzinfo=tzlocal())}} | cluster_reason={'Code': 'VALIDATION_ERROR', 'Message': 'The subnet configuration was invalid: The subnet subnet-REPLACE_ME_AP_SOUTH_1 does not exist.'} | error_details=[]",python scripts/run_emr_regional_resumable_batch.py --region ap-southeast-1 --dataset-sizes-mb 2048 --workloads cpu-heavy --instance-types m6i.xlarge --nodes-list 4 --ec2-key-name cost-aware-emr-key --pricing-model on-demand --price-path cloud_prices/aws_prices.csv --step-timeout-minutes 45 --submit
2026-07-24T07:37:44.690789+00:00,ap-southeast-1,1024.0,io-heavy,m6i.xlarge,2,step,j-CDI5UOZHA6NM,s-09306922P7MORD3M3PHX,CANCELLED,"{'State': 'CANCELLED', 'StateChangeReason': {'Message': 'Cluster terminated'}, 'Timeline': {'CreationDateTime': datetime.datetime(2026, 7, 24, 13, 7, 12, 231000, tzinfo=tzlocal())}} | cluster_reason={'Code': 'VALIDATION_ERROR', 'Message': 'The subnet configuration was invalid: The subnet subnet-REPLACE_ME_AP_SOUTH_1 does not exist.'} | error_details=[]",python scripts/run_emr_regional_resumable_batch.py --region ap-southeast-1 --dataset-sizes-mb 1024 --workloads io-heavy --instance-types m6i.xlarge --nodes-list 2 --ec2-key-name cost-aware-emr-key --pricing-model on-demand --price-path cloud_prices/aws_prices.csv --step-timeout-minutes 45 --submit
2026-07-24T07:38:01.108635+00:00,ap-southeast-1,10.0,cpu-heavy,c6i.xlarge,2,step,j-1GIDTCWKAHJC8,s-09223993HSEIHJAZGCY5,CANCELLED,"{'State': 'CANCELLED', 'StateChangeReason': {'Message': 'Cluster terminated'}, 'Timeline': {'CreationDateTime': datetime.datetime(2026, 7, 24, 13, 7, 28, 904000, tzinfo=tzlocal())}} | cluster_reason={'Code': 'VALIDATION_ERROR', 'Message': 'The subnet configuration was invalid: The subnet subnet-REPLACE_ME_AP_SOUTH_1 does not exist.'} | error_details=[]",python scripts/run_emr_regional_resumable_batch.py --region ap-southeast-1 --dataset-sizes-mb 10 --workloads cpu-heavy --instance-types c6i.xlarge --nodes-list 2 --ec2-key-name cost-aware-emr-key --pricing-model on-demand --price-path cloud_prices/aws_prices.csv --step-timeout-minutes 45 --submit
2026-07-24T07:38:07.925657+00:00,ap-southeast-1,10.0,memory-heavy,m5a.xlarge,2,step,j-1DPF4ZSAC093N,s-03811271VUVE6S2AILGL,CANCELLED,"{'State': 'CANCELLED', 'StateChangeReason': {'Message': 'Cluster terminated'}, 'Timeline': {'CreationDateTime': datetime.datetime(2026, 7, 24, 13, 7, 36, 948000, tzinfo=tzlocal())}} | cluster_reason={'Code': 'VALIDATION_ERROR', 'Message': 'The subnet configuration was invalid: The subnet subnet-REPLACE_ME_AP_SOUTH_1 does not exist.'} | error_details=[]",python scripts/run_emr_regional_resumable_batch.py --region ap-southeast-1 --dataset-sizes-mb 10 --workloads memory-heavy --instance-types m5a.xlarge --nodes-list 2 --ec2-key-name cost-aware-emr-key --pricing-model on-demand --price-path cloud_prices/aws_prices.csv --step-timeout-minutes 45 --submit
2026-07-24T07:38:07.965073+00:00,ap-southeast-1,1024.0,memory-heavy,m5a.xlarge,2,step,j-2ZJ1A6TDRH64J,s-04049822NUDM2LJ4RW6N,CANCELLED,"{'State': 'CANCELLED', 'StateChangeReason': {'Message': 'Cluster terminated'}, 'Timeline': {'CreationDateTime': datetime.datetime(2026, 7, 24, 13, 7, 37, 111000, tzinfo=tzlocal())}} | cluster_reason={'Code': 'VALIDATION_ERROR', 'Message': 'The subnet configuration was invalid: The subnet subnet-REPLACE_ME_AP_SOUTH_1 does not exist.'} | error_details=[]",python scripts/run_emr_regional_resumable_batch.py --region ap-southeast-1 --dataset-sizes-mb 1024 --workloads memory-heavy --instance-types m5a.xlarge --nodes-list 2 --ec2-key-name cost-aware-emr-key --pricing-model on-demand --price-path cloud_prices/aws_prices.csv --step-timeout-minutes 45 --submit
2026-07-24T07:38:16.776772+00:00,ap-southeast-1,2048.0,memory-heavy,m6i.xlarge,4,step,j-3NQ8S0D1NEYTA,s-09218873EKH5JKD7TLRT,CANCELLED,"{'State': 'CANCELLED', 'StateChangeReason': {'Message': 'Cluster terminated'}, 'Timeline': {'CreationDateTime': datetime.datetime(2026, 7, 24, 13, 7, 45, 812000, tzinfo=tzlocal())}} | cluster_reason={'Code': 'VALIDATION_ERROR', 'Message': 'The subnet configuration was invalid: The subnet subnet-REPLACE_ME_AP_SOUTH_1 does not exist.'} | error_details=[]",python scripts/run_emr_regional_resumable_batch.py --region ap-southeast-1 --dataset-sizes-mb 2048 --workloads memory-heavy --instance-types m6i.xlarge --nodes-list 4 --ec2-key-name cost-aware-emr-key --pricing-model on-demand --price-path cloud_prices/aws_prices.csv --step-timeout-minutes 45 --submit
2026-07-24T07:42:42.461826+00:00,ap-southeast-1,100.0,cpu-heavy,c6i.xlarge,4,step,j-11LNOEUKE9187,s-09429303LZU8H5EKUZQJ,CANCELLED,"{'State': 'CANCELLED', 'StateChangeReason': {'Message': 'Cluster terminated'}, 'Timeline': {'CreationDateTime': datetime.datetime(2026, 7, 24, 13, 8, 3, 387000, tzinfo=tzlocal())}} | cluster_reason={'Code': 'VALIDATION_ERROR', 'Message': 'The subnet configuration was invalid: The subnet subnet-REPLACE_ME_AP_SOUTH_1 does not exist.'} | error_details=[]",python scripts/run_emr_regional_resumable_batch.py --region ap-southeast-1 --dataset-sizes-mb 100 --workloads cpu-heavy --instance-types c6i.xlarge --nodes-list 4 --ec2-key-name cost-aware-emr-key --pricing-model on-demand --price-path cloud_prices/aws_prices.csv --step-timeout-minutes 45 --submit
2026-07-24T07:42:48.092978+00:00,ap-southeast-1,10.0,io-heavy,c6i.xlarge,2,step,j-K74MC7S1XTQ1,s-0382272M0AWMVWOSJMW,CANCELLED,"{'State': 'CANCELLED', 'StateChangeReason': {'Message': 'Cluster terminated'}, 'Timeline': {'CreationDateTime': datetime.datetime(2026, 7, 24, 13, 8, 9, 690000, tzinfo=tzlocal())}} | cluster_reason={'Code': 'VALIDATION_ERROR', 'Message': 'The subnet configuration was invalid: The subnet subnet-REPLACE_ME_AP_SOUTH_1 does not exist.'} | error_details=[]",python scripts/run_emr_regional_resumable_batch.py --region ap-southeast-1 --dataset-sizes-mb 10 --workloads io-heavy --instance-types c6i.xlarge --nodes-list 2 --ec2-key-name cost-aware-emr-key --pricing-model on-demand --price-path cloud_prices/aws_prices.csv --step-timeout-minutes 45 --submit
2026-07-24T07:42:48.252268+00:00,ap-southeast-1,500.0,cpu-heavy,m5a.xlarge,4,step,j-2NJGUXJYERUF6,s-09296483TR9BAD5YP53Q,CANCELLED,"{'State': 'CANCELLED', 'StateChangeReason': {'Message': 'Cluster terminated'}, 'Timeline': {'CreationDateTime': datetime.datetime(2026, 7, 24, 13, 8, 9, 765000, tzinfo=tzlocal())}} | cluster_reason={'Code': 'VALIDATION_ERROR', 'Message': 'The subnet configuration was invalid: The subnet subnet-REPLACE_ME_AP_SOUTH_1 does not exist.'} | error_details=[]",python scripts/run_emr_regional_resumable_batch.py --region ap-southeast-1 --dataset-sizes-mb 500 --workloads cpu-heavy --instance-types m5a.xlarge --nodes-list 4 --ec2-key-name cost-aware-emr-key --pricing-model on-demand --price-path cloud_prices/aws_prices.csv --step-timeout-minutes 45 --submit
2026-07-24T07:42:56.342562+00:00,ap-southeast-1,10.0,io-heavy,c6i.xlarge,4,step,j-2CWEH9LID4AAS,s-09332091JMI24WP8GI4B,CANCELLED,"{'State': 'CANCELLED', 'StateChangeReason': {'Message': 'Cluster terminated'}, 'Timeline': {'CreationDateTime': datetime.datetime(2026, 7, 24, 13, 8, 17, 952000, tzinfo=tzlocal())}} | cluster_reason={'Code': 'VALIDATION_ERROR', 'Message': 'The subnet configuration was invalid: The subnet subnet-REPLACE_ME_AP_SOUTH_1 does not exist.'} | error_details=[]",python scripts/run_emr_regional_resumable_batch.py --region ap-southeast-1 --dataset-sizes-mb 10 --workloads io-heavy --instance-types c6i.xlarge --nodes-list 4 --ec2-key-name cost-aware-emr-key --pricing-model on-demand --price-path cloud_prices/aws_prices.csv --step-timeout-minutes 45 --submit
2026-07-24T07:43:15.278720+00:00,ap-southeast-1,500.0,io-heavy,m5a.xlarge,4,step,j-39H7CK1VSVN5A,s-09331651FQ40TAC52DLZ,CANCELLED,"{'State': 'CANCELLED', 'StateChangeReason': {'Message': 'Cluster terminated'}, 'Timeline': {'CreationDateTime': datetime.datetime(2026, 7, 24, 13, 12, 44, 51000, tzinfo=tzlocal())}} | cluster_reason={'Code': 'VALIDATION_ERROR', 'Message': 'The subnet configuration was invalid: The subnet subnet-REPLACE_ME_AP_SOUTH_1 does not exist.'} | error_details=[]",python scripts/run_emr_regional_resumable_batch.py --region ap-southeast-1 --dataset-sizes-mb 500 --workloads io-heavy --instance-types m5a.xlarge --nodes-list 4 --ec2-key-name cost-aware-emr-key --pricing-model on-demand --price-path cloud_prices/aws_prices.csv --step-timeout-minutes 45 --submit
2026-07-24T07:43:20.638593+00:00,ap-southeast-1,10.0,cpu-heavy,c5.xlarge,4,step,j-2ZKMBQWKGVMRD,s-00057023U3GNBD55ZFAF,CANCELLED,"{'State': 'CANCELLED', 'StateChangeReason': {'Message': 'Cluster terminated'}, 'Timeline': {'CreationDateTime': datetime.datetime(2026, 7, 24, 13, 12, 49, 907000, tzinfo=tzlocal())}} | cluster_reason={'Code': 'VALIDATION_ERROR', 'Message': 'The subnet configuration was invalid: The subnet subnet-REPLACE_ME_AP_SOUTH_1 does not exist.'} | error_details=[]",python scripts/run_emr_regional_resumable_batch.py --region ap-southeast-1 --dataset-sizes-mb 10 --workloads cpu-heavy --instance-types c5.xlarge --nodes-list 4 --ec2-key-name cost-aware-emr-key --pricing-model on-demand --price-path cloud_prices/aws_prices.csv --step-timeout-minutes 45 --submit
2026-07-24T07:43:20.680787+00:00,ap-southeast-1,10.0,io-heavy,m5a.xlarge,2,step,j-3MZSY0XXNSIWV,s-016691226Z6QD5ABHQAU,CANCELLED,"{'State': 'CANCELLED', 'StateChangeReason': {'Message': 'Cluster terminated'}, 'Timeline': {'CreationDateTime': datetime.datetime(2026, 7, 24, 13, 12, 49, 870000, tzinfo=tzlocal())}} | cluster_reason={'Code': 'VALIDATION_ERROR', 'Message': 'The subnet configuration was invalid: The subnet subnet-REPLACE_ME_AP_SOUTH_1 does not exist.'} | error_details=[]",python scripts/run_emr_regional_resumable_batch.py --region ap-southeast-1 --dataset-sizes-mb 10 --workloads io-heavy --instance-types m5a.xlarge --nodes-list 2 --ec2-key-name cost-aware-emr-key --pricing-model on-demand --price-path cloud_prices/aws_prices.csv --step-timeout-minutes 45 --submit
2026-07-24T07:45:33.655522+00:00,ap-southeast-1,100.0,io-heavy,m5.xlarge,4,step,j-1G5VHJ8LJLMEY,s-068321535J31BSMVL92V,CANCELLED,"{'State': 'CANCELLED', 'StateChangeReason': {'Message': 'Cluster terminated'}, 'Timeline': {'CreationDateTime': datetime.datetime(2026, 7, 24, 13, 12, 57, 504000, tzinfo=tzlocal())}} | cluster_reason={'Code': 'VALIDATION_ERROR', 'Message': 'The subnet configuration was invalid: The subnet subnet-REPLACE_ME_AP_SOUTH_1 does not exist.'} | error_details=[]",python scripts/run_emr_regional_resumable_batch.py --region ap-southeast-1 --dataset-sizes-mb 100 --workloads io-heavy --instance-types m5.xlarge --nodes-list 4 --ec2-key-name cost-aware-emr-key --pricing-model on-demand --price-path cloud_prices/aws_prices.csv --step-timeout-minutes 45 --submit
2026-07-24T07:45:52.589948+00:00,ap-southeast-1,10.0,memory-heavy,m5.xlarge,2,step,j-1Y5EWDXJ2K1XC,s-040543028J23TGHVE48J,CANCELLED,"{'State': 'CANCELLED', 'StateChangeReason': {'Message': 'Cluster terminated'}, 'Timeline': {'CreationDateTime': datetime.datetime(2026, 7, 24, 13, 13, 16, 409000, tzinfo=tzlocal())}} | cluster_reason={'Code': 'VALIDATION_ERROR', 'Message': 'The subnet configuration was invalid: The subnet subnet-REPLACE_ME_AP_SOUTH_1 does not exist.'} | error_details=[]",python scripts/run_emr_regional_resumable_batch.py --region ap-southeast-1 --dataset-sizes-mb 10 --workloads memory-heavy --instance-types m5.xlarge --nodes-list 2 --ec2-key-name cost-aware-emr-key --pricing-model on-demand --price-path cloud_prices/aws_prices.csv --step-timeout-minutes 45 --submit
2026-07-24T07:45:58.350640+00:00,ap-southeast-1,100.0,io-heavy,c5a.xlarge,2,step,j-24HYU94DNVJFW,s-092950230G3IVJ4IANB1,CANCELLED,"{'State': 'CANCELLED', 'StateChangeReason': {'Message': 'Cluster terminated'}, 'Timeline': {'CreationDateTime': datetime.datetime(2026, 7, 24, 13, 13, 21, 749000, tzinfo=tzlocal())}} | cluster_reason={'Code': 'VALIDATION_ERROR', 'Message': 'The subnet configuration was invalid: The subnet subnet-REPLACE_ME_AP_SOUTH_1 does not exist.'} | error_details=[]",python scripts/run_emr_regional_resumable_batch.py --region ap-southeast-1 --dataset-sizes-mb 100 --workloads io-heavy --instance-types c5a.xlarge --nodes-list 2 --ec2-key-name cost-aware-emr-key --pricing-model on-demand --price-path cloud_prices/aws_prices.csv --step-timeout-minutes 45 --submit
2026-07-24T07:45:58.698448+00:00,ap-southeast-1,2048.0,cpu-heavy,c5.xlarge,4,step,j-2WBTXLY1PRH9T,s-03819811MJHEN2Y04UFW,CANCELLED,"{'State': 'CANCELLED', 'StateChangeReason': {'Message': 'Cluster terminated'}, 'Timeline': {'CreationDateTime': datetime.datetime(2026, 7, 24, 13, 13, 21, 768000, tzinfo=tzlocal())}} | cluster_reason={'Code': 'VALIDATION_ERROR', 'Message': 'The subnet configuration was invalid: The subnet subnet-REPLACE_ME_AP_SOUTH_1 does not exist.'} | error_details=[]",python scripts/run_emr_regional_resumable_batch.py --region ap-southeast-1 --dataset-sizes-mb 2048 --workloads cpu-heavy --instance-types c5.xlarge --nodes-list 4 --ec2-key-name cost-aware-emr-key --pricing-model on-demand --price-path cloud_prices/aws_prices.csv --step-timeout-minutes 45 --submit
2026-07-24T07:46:06.536316+00:00,ap-southeast-1,500.0,cpu-heavy,m5.xlarge,2,step,j-OCZ90M63BFZE,s-040469132N5HLW1UMB19,CANCELLED,"{'State': 'CANCELLED', 'StateChangeReason': {'Message': 'Cluster terminated'}, 'Timeline': {'CreationDateTime': datetime.datetime(2026, 7, 24, 13, 15, 35, 240000, tzinfo=tzlocal())}} | cluster_reason={'Code': 'VALIDATION_ERROR', 'Message': 'The subnet configuration was invalid: The subnet subnet-REPLACE_ME_AP_SOUTH_1 does not exist.'} | error_details=[]",python scripts/run_emr_regional_resumable_batch.py --region ap-southeast-1 --dataset-sizes-mb 500 --workloads cpu-heavy --instance-types m5.xlarge --nodes-list 2 --ec2-key-name cost-aware-emr-key --pricing-model on-demand --price-path cloud_prices/aws_prices.csv --step-timeout-minutes 45 --submit
2026-07-24T07:52:36.894476+00:00,ap-southeast-1,3072.0,memory-heavy,m6i.xlarge,4,step,j-2O6DD4L57AV0S,s-09267281K3JJMREAQUIL,CANCELLED,"{'State': 'CANCELLED', 'StateChangeReason': {'Message': 'Cluster terminated'}, 'Timeline': {'CreationDateTime': datetime.datetime(2026, 7, 24, 13, 15, 54, 209000, tzinfo=tzlocal())}} | cluster_reason={'Code': 'VALIDATION_ERROR', 'Message': 'The subnet configuration was invalid: The subnet subnet-REPLACE_ME_AP_SOUTH_1 does not exist.'} | error_details=[]",python scripts/run_emr_regional_resumable_batch.py --region ap-southeast-1 --dataset-sizes-mb 3072 --workloads memory-heavy --instance-types m6i.xlarge --nodes-list 4 --ec2-key-name cost-aware-emr-key --pricing-model on-demand --price-path cloud_prices/aws_prices.csv --step-timeout-minutes 45 --submit
2026-07-24T07:52:41.498240+00:00,ap-southeast-1,100.0,memory-heavy,c6i.xlarge,2,step,j-2S3XTJNQED3EO,s-01575602JYBSR6LWTS54,CANCELLED,"{'State': 'CANCELLED', 'StateChangeReason': {'Message': 'Cluster terminated'}, 'Timeline': {'CreationDateTime': datetime.datetime(2026, 7, 24, 13, 15, 59, 415000, tzinfo=tzlocal())}} | cluster_reason={'Code': 'VALIDATION_ERROR', 'Message': 'The subnet configuration was invalid: The subnet subnet-REPLACE_ME_AP_SOUTH_1 does not exist.'} | error_details=[]",python scripts/run_emr_regional_resumable_batch.py --region ap-southeast-1 --dataset-sizes-mb 100 --workloads memory-heavy --instance-types c6i.xlarge --nodes-list 2 --ec2-key-name cost-aware-emr-key --pricing-model on-demand --price-path cloud_prices/aws_prices.csv --step-timeout-minutes 45 --submit
2026-07-24T07:52:41.924586+00:00,ap-southeast-1,10.0,memory-heavy,c5a.xlarge,2,step,j-1MDB3XF0QKXT4,s-070345612K429JDUO8X4,CANCELLED,"{'State': 'CANCELLED', 'StateChangeReason': {'Message': 'Cluster terminated'}, 'Timeline': {'CreationDateTime': datetime.datetime(2026, 7, 24, 13, 15, 59, 727000, tzinfo=tzlocal())}} | cluster_reason={'Code': 'VALIDATION_ERROR', 'Message': 'The subnet configuration was invalid: The subnet subnet-REPLACE_ME_AP_SOUTH_1 does not exist.'} | error_details=[]",python scripts/run_emr_regional_resumable_batch.py --region ap-southeast-1 --dataset-sizes-mb 10 --workloads memory-heavy --instance-types c5a.xlarge --nodes-list 2 --ec2-key-name cost-aware-emr-key --pricing-model on-demand --price-path cloud_prices/aws_prices.csv --step-timeout-minutes 45 --submit
2026-07-24T07:52:49.813584+00:00,ap-southeast-1,10.0,cpu-heavy,m5.xlarge,4,step,j-3SH8BH0HMXR32,s-03271072PJYFHFSFRI7E,CANCELLED,"{'State': 'CANCELLED', 'StateChangeReason': {'Message': 'Cluster terminated'}, 'Timeline': {'CreationDateTime': datetime.datetime(2026, 7, 24, 13, 16, 7, 726000, tzinfo=tzlocal())}} | cluster_reason={'Code': 'VALIDATION_ERROR', 'Message': 'The subnet configuration was invalid: The subnet subnet-REPLACE_ME_AP_SOUTH_1 does not exist.'} | error_details=[]",python scripts/run_emr_regional_resumable_batch.py --region ap-southeast-1 --dataset-sizes-mb 10 --workloads cpu-heavy --instance-types m5.xlarge --nodes-list 4 --ec2-key-name cost-aware-emr-key --pricing-model on-demand --price-path cloud_prices/aws_prices.csv --step-timeout-minutes 45 --submit
2026-07-24T07:53:09.268490+00:00,ap-southeast-1,500.0,memory-heavy,m5.xlarge,4,step,j-11FKRIBIE6J5K,s-01434762F12Z0TUJ5ZT0,CANCELLED,"{'State': 'CANCELLED', 'StateChangeReason': {'Message': 'Cluster terminated'}, 'Timeline': {'CreationDateTime': datetime.datetime(2026, 7, 24, 13, 22, 38, 263000, tzinfo=tzlocal())}} | cluster_reason={'Code': 'VALIDATION_ERROR', 'Message': 'The subnet configuration was invalid: The subnet subnet-REPLACE_ME_AP_SOUTH_1 does not exist.'} | error_details=[]",python scripts/run_emr_regional_resumable_batch.py --region ap-southeast-1 --dataset-sizes-mb 500 --workloads memory-heavy --instance-types m5.xlarge --nodes-list 4 --ec2-key-name cost-aware-emr-key --pricing-model on-demand --price-path cloud_prices/aws_prices.csv --step-timeout-minutes 45 --submit
2026-07-24T07:53:13.446567+00:00,ap-southeast-1,500.0,io-heavy,c6i.xlarge,2,step,j-SLUEPKDQDMD7,s-04048032CK9L0ZTD9YKT,CANCELLED,"{'State': 'CANCELLED', 'StateChangeReason': {'Message': 'Cluster terminated'}, 'Timeline': {'CreationDateTime': datetime.datetime(2026, 7, 24, 13, 22, 42, 740000, tzinfo=tzlocal())}} | cluster_reason={'Code': 'VALIDATION_ERROR', 'Message': 'The subnet configuration was invalid: The subnet subnet-REPLACE_ME_AP_SOUTH_1 does not exist.'} | error_details=[]",python scripts/run_emr_regional_resumable_batch.py --region ap-southeast-1 --dataset-sizes-mb 500 --workloads io-heavy --instance-types c6i.xlarge --nodes-list 2 --ec2-key-name cost-aware-emr-key --pricing-model on-demand --price-path cloud_prices/aws_prices.csv --step-timeout-minutes 45 --submit
2026-07-24T07:53:13.988374+00:00,ap-southeast-1,10.0,memory-heavy,m5a.xlarge,4,step,j-325NERXMXIU91,s-014466139DH8UM2GPVS7,CANCELLED,"{'State': 'CANCELLED', 'StateChangeReason': {'Message': 'Cluster terminated'}, 'Timeline': {'CreationDateTime': datetime.datetime(2026, 7, 24, 13, 22, 43, 64000, tzinfo=tzlocal())}} | cluster_reason={'Code': 'VALIDATION_ERROR', 'Message': 'The subnet configuration was invalid: The subnet subnet-REPLACE_ME_AP_SOUTH_1 does not exist.'} | error_details=[]",python scripts/run_emr_regional_resumable_batch.py --region ap-southeast-1 --dataset-sizes-mb 10 --workloads memory-heavy --instance-types m5a.xlarge --nodes-list 4 --ec2-key-name cost-aware-emr-key --pricing-model on-demand --price-path cloud_prices/aws_prices.csv --step-timeout-minutes 45 --submit
2026-07-24T07:53:21.901707+00:00,ap-southeast-1,2048.0,cpu-heavy,m6i.xlarge,2,step,j-AJJ30JDZMZCV,s-040381538VZIAHJJBW4M,CANCELLED,"{'State': 'CANCELLED', 'StateChangeReason': {'Message': 'Cluster terminated'}, 'Timeline': {'CreationDateTime': datetime.datetime(2026, 7, 24, 13, 22, 51, 105000, tzinfo=tzlocal())}} | cluster_reason={'Code': 'VALIDATION_ERROR', 'Message': 'The subnet configuration was invalid: The subnet subnet-REPLACE_ME_AP_SOUTH_1 does not exist.'} | error_details=[]",python scripts/run_emr_regional_resumable_batch.py --region ap-southeast-1 --dataset-sizes-mb 2048 --workloads cpu-heavy --instance-types m6i.xlarge --nodes-list 2 --ec2-key-name cost-aware-emr-key --pricing-model on-demand --price-path cloud_prices/aws_prices.csv --step-timeout-minutes 45 --submit
2026-07-24T08:08:42.051035+00:00,ap-southeast-1,1024.0,io-heavy,c5a.xlarge,4,step,j-27QBFKFERO6TP,s-0176202206OQF0LQN06H,CANCELLED,"{'State': 'CANCELLED', 'StateChangeReason': {'Message': 'Cluster terminated'}, 'Timeline': {'CreationDateTime': datetime.datetime(2026, 7, 24, 13, 23, 10, 476000, tzinfo=tzlocal())}} | cluster_reason={'Code': 'VALIDATION_ERROR', 'Message': 'The subnet configuration was invalid: The subnet subnet-REPLACE_ME_AP_SOUTH_1 does not exist.'} | error_details=[]",python scripts/run_emr_regional_resumable_batch.py --region ap-southeast-1 --dataset-sizes-mb 1024 --workloads io-heavy --instance-types c5a.xlarge --nodes-list 4 --ec2-key-name cost-aware-emr-key --pricing-model on-demand --price-path cloud_prices/aws_prices.csv --step-timeout-minutes 45 --submit
2026-07-24T08:08:45.963688+00:00,ap-southeast-1,100.0,io-heavy,m6i.xlarge,2,step,j-3Q1ZWZMW9YP2,s-06790171P9CO5WA9OZQY,CANCELLED,"{'State': 'CANCELLED', 'StateChangeReason': {'Message': 'Cluster terminated'}, 'Timeline': {'CreationDateTime': datetime.datetime(2026, 7, 24, 13, 23, 14, 555000, tzinfo=tzlocal())}} | cluster_reason={'Code': 'VALIDATION_ERROR', 'Message': 'The subnet configuration was invalid: The subnet subnet-REPLACE_ME_AP_SOUTH_1 does not exist.'} | error_details=[]",python scripts/run_emr_regional_resumable_batch.py --region ap-southeast-1 --dataset-sizes-mb 100 --workloads io-heavy --instance-types m6i.xlarge --nodes-list 2 --ec2-key-name cost-aware-emr-key --pricing-model on-demand --price-path cloud_prices/aws_prices.csv --step-timeout-minutes 45 --submit
2026-07-24T08:08:46.418401+00:00,ap-southeast-1,10.0,io-heavy,m5.xlarge,2,step,j-33LM1SIQXR7QC,s-09218591TI68FYYMX4MJ,CANCELLED,"{'State': 'CANCELLED', 'StateChangeReason': {'Message': 'Cluster terminated'}, 'Timeline': {'CreationDateTime': datetime.datetime(2026, 7, 24, 13, 23, 15, 31000, tzinfo=tzlocal())}} | cluster_reason={'Code': 'VALIDATION_ERROR', 'Message': 'The subnet configuration was invalid: The subnet subnet-REPLACE_ME_AP_SOUTH_1 does not exist.'} | error_details=[]",python scripts/run_emr_regional_resumable_batch.py --region ap-southeast-1 --dataset-sizes-mb 10 --workloads io-heavy --instance-types m5.xlarge --nodes-list 2 --ec2-key-name cost-aware-emr-key --pricing-model on-demand --price-path cloud_prices/aws_prices.csv --step-timeout-minutes 45 --submit
2026-07-24T08:08:54.623869+00:00,ap-southeast-1,500.0,cpu-heavy,m5.xlarge,2,step,j-3J0AEGZ7HNMFR,s-01446602DPOPAHPL7OCC,CANCELLED,"{'State': 'CANCELLED', 'StateChangeReason': {'Message': 'Cluster terminated'}, 'Timeline': {'CreationDateTime': datetime.datetime(2026, 7, 24, 13, 23, 23, 64000, tzinfo=tzlocal())}} | cluster_reason={'Code': 'VALIDATION_ERROR', 'Message': 'The subnet configuration was invalid: The subnet subnet-REPLACE_ME_AP_SOUTH_1 does not exist.'} | error_details=[]",python scripts/run_emr_regional_resumable_batch.py --region ap-southeast-1 --dataset-sizes-mb 500 --workloads cpu-heavy --instance-types m5.xlarge --nodes-list 2 --ec2-key-name cost-aware-emr-key --pricing-model on-demand --price-path cloud_prices/aws_prices.csv --step-timeout-minutes 45 --submit
2026-07-24T08:09:14.161922+00:00,ap-southeast-1,10.0,memory-heavy,c6i.xlarge,4,step,j-2DJQ8MZ6P0XDN,s-01238291EWAUK8RBQW0M,CANCELLED,"{'State': 'CANCELLED', 'StateChangeReason': {'Message': 'Cluster terminated'}, 'Timeline': {'CreationDateTime': datetime.datetime(2026, 7, 24, 13, 38, 43, 237000, tzinfo=tzlocal())}} | cluster_reason={'Code': 'VALIDATION_ERROR', 'Message': 'The subnet configuration was invalid: The subnet subnet-REPLACE_ME_AP_SOUTH_1 does not exist.'} | error_details=[]",python scripts/run_emr_regional_resumable_batch.py --region ap-southeast-1 --dataset-sizes-mb 10 --workloads memory-heavy --instance-types c6i.xlarge --nodes-list 4 --ec2-key-name cost-aware-emr-key --pricing-model on-demand --price-path cloud_prices/aws_prices.csv --step-timeout-minutes 45 --submit
2026-07-24T08:09:17.951671+00:00,ap-southeast-1,100.0,memory-heavy,c6i.xlarge,2,step,j-141RRPZ95E219,s-017750011AREK9B64NQI,CANCELLED,"{'State': 'CANCELLED', 'StateChangeReason': {'Message': 'Cluster terminated'}, 'Timeline': {'CreationDateTime': datetime.datetime(2026, 7, 24, 13, 38, 47, 50000, tzinfo=tzlocal())}} | cluster_reason={'Code': 'VALIDATION_ERROR', 'Message': 'The subnet configuration was invalid: The subnet subnet-REPLACE_ME_AP_SOUTH_1 does not exist.'} | error_details=[]",python scripts/run_emr_regional_resumable_batch.py --region ap-southeast-1 --dataset-sizes-mb 100 --workloads memory-heavy --instance-types c6i.xlarge --nodes-list 2 --ec2-key-name cost-aware-emr-key --pricing-model on-demand --price-path cloud_prices/aws_prices.csv --step-timeout-minutes 45 --submit
2026-07-24T08:09:18.369042+00:00,ap-southeast-1,500.0,io-heavy,m5a.xlarge,4,step,j-3SYBIKNX5QWEV,s-01252833087501R5KH7E,CANCELLED,"{'State': 'CANCELLED', 'StateChangeReason': {'Message': 'Cluster terminated'}, 'Timeline': {'CreationDateTime': datetime.datetime(2026, 7, 24, 13, 38, 47, 462000, tzinfo=tzlocal())}} | cluster_reason={'Code': 'VALIDATION_ERROR', 'Message': 'The subnet configuration was invalid: The subnet subnet-REPLACE_ME_AP_SOUTH_1 does not exist.'} | error_details=[]",python scripts/run_emr_regional_resumable_batch.py --region ap-southeast-1 --dataset-sizes-mb 500 --workloads io-heavy --instance-types m5a.xlarge --nodes-list 4 --ec2-key-name cost-aware-emr-key --pricing-model on-demand --price-path cloud_prices/aws_prices.csv --step-timeout-minutes 45 --submit
2026-07-24T08:24:27.855386+00:00,ap-southeast-1,5120.0,io-heavy,c6i.xlarge,2,step,j-2VDS7ZORVSRPG,s-09296371LBYEMM0RPQ78,CANCELLED,"{'State': 'CANCELLED', 'StateChangeReason': {'Message': 'Cluster terminated'}, 'Timeline': {'CreationDateTime': datetime.datetime(2026, 7, 24, 13, 38, 55, 989000, tzinfo=tzlocal())}} | cluster_reason={'Code': 'VALIDATION_ERROR', 'Message': 'The subnet configuration was invalid: The subnet subnet-REPLACE_ME_AP_SOUTH_1 does not exist.'} | error_details=[]",python scripts/run_emr_regional_resumable_batch.py --region ap-southeast-1 --dataset-sizes-mb 5120 --workloads io-heavy --instance-types c6i.xlarge --nodes-list 2 --ec2-key-name cost-aware-emr-key --pricing-model on-demand --price-path cloud_prices/aws_prices.csv --step-timeout-minutes 45 --submit
2026-07-24T08:24:47.599505+00:00,ap-southeast-1,10.0,cpu-heavy,m5.xlarge,2,step,j-2V4Y1X4V9OPBL,s-06999831TW5XE5JYFN2R,CANCELLED,"{'State': 'CANCELLED', 'StateChangeReason': {'Message': 'Cluster terminated'}, 'Timeline': {'CreationDateTime': datetime.datetime(2026, 7, 24, 13, 39, 15, 466000, tzinfo=tzlocal())}} | cluster_reason={'Code': 'VALIDATION_ERROR', 'Message': 'The subnet configuration was invalid: The subnet subnet-REPLACE_ME_AP_SOUTH_1 does not exist.'} | error_details=[]",python scripts/run_emr_regional_resumable_batch.py --region ap-southeast-1 --dataset-sizes-mb 10 --workloads cpu-heavy --instance-types m5.xlarge --nodes-list 2 --ec2-key-name cost-aware-emr-key --pricing-model on-demand --price-path cloud_prices/aws_prices.csv --step-timeout-minutes 45 --submit
2026-07-24T08:24:50.695485+00:00,ap-southeast-1,10.0,io-heavy,m6i.xlarge,4,step,j-370TKCKSPPPJL,s-09268082PNPZQ2CL5TJE,CANCELLED,"{'State': 'CANCELLED', 'StateChangeReason': {'Message': 'Cluster terminated'}, 'Timeline': {'CreationDateTime': datetime.datetime(2026, 7, 24, 13, 39, 19, 70000, tzinfo=tzlocal())}} | cluster_reason={'Code': 'VALIDATION_ERROR', 'Message': 'The subnet configuration was invalid: The subnet subnet-REPLACE_ME_AP_SOUTH_1 does not exist.'} | error_details=[]",python scripts/run_emr_regional_resumable_batch.py --region ap-southeast-1 --dataset-sizes-mb 10 --workloads io-heavy --instance-types m6i.xlarge --nodes-list 4 --ec2-key-name cost-aware-emr-key --pricing-model on-demand --price-path cloud_prices/aws_prices.csv --step-timeout-minutes 45 --submit
2026-07-24T08:24:50.851384+00:00,ap-southeast-1,10.0,memory-heavy,m5.xlarge,4,step,j-EJKI3NCY2TRV,s-017262629VYLVLRZGBMM,CANCELLED,"{'State': 'CANCELLED', 'StateChangeReason': {'Message': 'Cluster terminated'}, 'Timeline': {'CreationDateTime': datetime.datetime(2026, 7, 24, 13, 39, 19, 516000, tzinfo=tzlocal())}} | cluster_reason={'Code': 'VALIDATION_ERROR', 'Message': 'The subnet configuration was invalid: The subnet subnet-REPLACE_ME_AP_SOUTH_1 does not exist.'} | error_details=[]",python scripts/run_emr_regional_resumable_batch.py --region ap-southeast-1 --dataset-sizes-mb 10 --workloads memory-heavy --instance-types m5.xlarge --nodes-list 4 --ec2-key-name cost-aware-emr-key --pricing-model on-demand --price-path cloud_prices/aws_prices.csv --step-timeout-minutes 45 --submit
2026-07-24T08:25:00.211706+00:00,ap-southeast-1,10.0,memory-heavy,c5.xlarge,4,step,j-1D2PUJ5ZDC64Q,s-0404382TJ3HOS7NNQQ3,CANCELLED,"{'State': 'CANCELLED', 'StateChangeReason': {'Message': 'Cluster terminated'}, 'Timeline': {'CreationDateTime': datetime.datetime(2026, 7, 24, 13, 54, 29, 449000, tzinfo=tzlocal())}} | cluster_reason={'Code': 'VALIDATION_ERROR', 'Message': 'The subnet configuration was invalid: The subnet subnet-REPLACE_ME_AP_SOUTH_1 does not exist.'} | error_details=[]",python scripts/run_emr_regional_resumable_batch.py --region ap-southeast-1 --dataset-sizes-mb 10 --workloads memory-heavy --instance-types c5.xlarge --nodes-list 4 --ec2-key-name cost-aware-emr-key --pricing-model on-demand --price-path cloud_prices/aws_prices.csv --step-timeout-minutes 45 --submit
2026-07-24T08:26:18.562086+00:00,ap-southeast-1,10.0,memory-heavy,m6i.xlarge,2,step,j-1DFT9FEWPDX3R,s-06815201WDOBMXWZ5J6I,CANCELLED,"{'State': 'CANCELLED', 'StateChangeReason': {'Message': 'Cluster terminated'}, 'Timeline': {'CreationDateTime': datetime.datetime(2026, 7, 24, 13, 54, 48, 739000, tzinfo=tzlocal())}} | cluster_reason={'Code': 'VALIDATION_ERROR', 'Message': 'The subnet configuration was invalid: The subnet subnet-REPLACE_ME_AP_SOUTH_1 does not exist.'} | error_details=[]",python scripts/run_emr_regional_resumable_batch.py --region ap-southeast-1 --dataset-sizes-mb 10 --workloads memory-heavy --instance-types m6i.xlarge --nodes-list 2 --ec2-key-name cost-aware-emr-key --pricing-model on-demand --price-path cloud_prices/aws_prices.csv --step-timeout-minutes 45 --submit
2026-07-24T08:26:21.994359+00:00,ap-southeast-1,1024.0,io-heavy,m5.xlarge,4,step,j-LYR3661DV91G,s-019026222IP6CW3PJC7H,CANCELLED,"{'State': 'CANCELLED', 'StateChangeReason': {'Message': 'Cluster terminated'}, 'Timeline': {'CreationDateTime': datetime.datetime(2026, 7, 24, 13, 54, 52, 149000, tzinfo=tzlocal())}} | cluster_reason={'Code': 'VALIDATION_ERROR', 'Message': 'The subnet configuration was invalid: The subnet subnet-REPLACE_ME_AP_SOUTH_1 does not exist.'} | error_details=[]",python scripts/run_emr_regional_resumable_batch.py --region ap-southeast-1 --dataset-sizes-mb 1024 --workloads io-heavy --instance-types m5.xlarge --nodes-list 4 --ec2-key-name cost-aware-emr-key --pricing-model on-demand --price-path cloud_prices/aws_prices.csv --step-timeout-minutes 45 --submit
2026-07-24T08:26:22.006422+00:00,ap-southeast-1,500.0,memory-heavy,m6i.xlarge,2,step,j-1R80ZYHQUAJWS,s-0167402JWY04M3T7Q8K,CANCELLED,"{'State': 'CANCELLED', 'StateChangeReason': {'Message': 'Cluster terminated'}, 'Timeline': {'CreationDateTime': datetime.datetime(2026, 7, 24, 13, 54, 52, 92000, tzinfo=tzlocal())}} | cluster_reason={'Code': 'VALIDATION_ERROR', 'Message': 'The subnet configuration was invalid: The subnet subnet-REPLACE_ME_AP_SOUTH_1 does not exist.'} | error_details=[]",python scripts/run_emr_regional_resumable_batch.py --region ap-southeast-1 --dataset-sizes-mb 500 --workloads memory-heavy --instance-types m6i.xlarge --nodes-list 2 --ec2-key-name cost-aware-emr-key --pricing-model on-demand --price-path cloud_prices/aws_prices.csv --step-timeout-minutes 45 --submit
2026-07-24T08:41:55.205561+00:00,ap-southeast-1,10.0,cpu-heavy,m5.xlarge,4,step,j-2WTAM5UXK0ML6,s-09331961IIWAZNJRI8DP,CANCELLED,"{'State': 'CANCELLED', 'StateChangeReason': {'Message': 'Cluster terminated'}, 'Timeline': {'CreationDateTime': datetime.datetime(2026, 7, 24, 13, 56, 23, 317000, tzinfo=tzlocal())}} | cluster_reason={'Code': 'VALIDATION_ERROR', 'Message': 'The subnet configuration was invalid: The subnet subnet-REPLACE_ME_AP_SOUTH_1 does not exist.'} | error_details=[]",python scripts/run_emr_regional_resumable_batch.py --region ap-southeast-1 --dataset-sizes-mb 10 --workloads cpu-heavy --instance-types m5.xlarge --nodes-list 4 --ec2-key-name cost-aware-emr-key --pricing-model on-demand --price-path cloud_prices/aws_prices.csv --step-timeout-minutes 45 --submit
2026-07-24T08:41:55.210684+00:00,ap-southeast-1,10.0,cpu-heavy,c6i.xlarge,4,step,j-YPTLNM4JKKNI,s-09267938HIDY4W9N4Y4,CANCELLED,"{'State': 'CANCELLED', 'StateChangeReason': {'Message': 'Cluster terminated'}, 'Timeline': {'CreationDateTime': datetime.datetime(2026, 7, 24, 13, 56, 23, 262000, tzinfo=tzlocal())}} | cluster_reason={'Code': 'VALIDATION_ERROR', 'Message': 'The subnet configuration was invalid: The subnet subnet-REPLACE_ME_AP_SOUTH_1 does not exist.'} | error_details=[]",python scripts/run_emr_regional_resumable_batch.py --region ap-southeast-1 --dataset-sizes-mb 10 --workloads cpu-heavy --instance-types c6i.xlarge --nodes-list 4 --ec2-key-name cost-aware-emr-key --pricing-model on-demand --price-path cloud_prices/aws_prices.csv --step-timeout-minutes 45 --submit
2026-07-24T08:42:27.635646+00:00,ap-southeast-1,10.0,io-heavy,m5.xlarge,2,step,j-NUHU1RJJDOIT,s-0026422JG36LD9W1T9A,CANCELLED,"{'State': 'CANCELLED', 'StateChangeReason': {'Message': 'Cluster terminated'}, 'Timeline': {'CreationDateTime': datetime.datetime(2026, 7, 24, 14, 11, 56, 884000, tzinfo=tzlocal())}} | cluster_reason={'Code': 'VALIDATION_ERROR', 'Message': 'The subnet configuration was invalid: The subnet subnet-REPLACE_ME_AP_SOUTH_1 does not exist.'} | error_details=[]",python scripts/run_emr_regional_resumable_batch.py --region ap-southeast-1 --dataset-sizes-mb 10 --workloads io-heavy --instance-types m5.xlarge --nodes-list 2 --ec2-key-name cost-aware-emr-key --pricing-model on-demand --price-path cloud_prices/aws_prices.csv --step-timeout-minutes 45 --submit
2026-07-24T08:42:27.766254+00:00,ap-southeast-1,10.0,io-heavy,c5a.xlarge,2,step,j-1SA61E6UEU4AS,s-01727152VTVFN2NCX4YF,CANCELLED,"{'State': 'CANCELLED', 'StateChangeReason': {'Message': 'Cluster terminated'}, 'Timeline': {'CreationDateTime': datetime.datetime(2026, 7, 24, 14, 11, 56, 879000, tzinfo=tzlocal())}} | cluster_reason={'Code': 'VALIDATION_ERROR', 'Message': 'The subnet configuration was invalid: The subnet subnet-REPLACE_ME_AP_SOUTH_1 does not exist.'} | error_details=[]",python scripts/run_emr_regional_resumable_batch.py --region ap-southeast-1 --dataset-sizes-mb 10 --workloads io-heavy --instance-types c5a.xlarge --nodes-list 2 --ec2-key-name cost-aware-emr-key --pricing-model on-demand --price-path cloud_prices/aws_prices.csv --step-timeout-minutes 45 --submit
2026-07-24T08:58:01.173580+00:00,ap-southeast-1,100.0,cpu-heavy,c5.xlarge,4,step,j-HRLMCCWYC4P1,s-06936635B014BX05T6Q,CANCELLED,"{'State': 'CANCELLED', 'StateChangeReason': {'Message': 'Cluster terminated'}, 'Timeline': {'CreationDateTime': datetime.datetime(2026, 7, 24, 14, 12, 29, 262000, tzinfo=tzlocal())}} | cluster_reason={'Code': 'VALIDATION_ERROR', 'Message': 'The subnet configuration was invalid: The subnet subnet-REPLACE_ME_AP_SOUTH_1 does not exist.'} | error_details=[]",python scripts/run_emr_regional_resumable_batch.py --region ap-southeast-1 --dataset-sizes-mb 100 --workloads cpu-heavy --instance-types c5.xlarge --nodes-list 4 --ec2-key-name cost-aware-emr-key --pricing-model on-demand --price-path cloud_prices/aws_prices.csv --step-timeout-minutes 45 --submit
2026-07-24T08:58:01.174321+00:00,ap-southeast-1,10.0,cpu-heavy,m6i.xlarge,4,step,j-3UBKJD2T2L3RE,s-09266931579EMNVSQ8SP,CANCELLED,"{'State': 'CANCELLED', 'StateChangeReason': {'Message': 'Cluster terminated'}, 'Timeline': {'CreationDateTime': datetime.datetime(2026, 7, 24, 14, 12, 29, 277000, tzinfo=tzlocal())}} | cluster_reason={'Code': 'VALIDATION_ERROR', 'Message': 'The subnet configuration was invalid: The subnet subnet-REPLACE_ME_AP_SOUTH_1 does not exist.'} | error_details=[]",python scripts/run_emr_regional_resumable_batch.py --region ap-southeast-1 --dataset-sizes-mb 10 --workloads cpu-heavy --instance-types m6i.xlarge --nodes-list 4 --ec2-key-name cost-aware-emr-key --pricing-model on-demand --price-path cloud_prices/aws_prices.csv --step-timeout-minutes 45 --submit
2026-07-24T09:13:34.348512+00:00,ap-southeast-1,100.0,memory-heavy,m5.xlarge,4,step,j-3TV13FMQX70AE,s-03976472UNNPE6W9Q456,CANCELLED,"{'State': 'CANCELLED', 'StateChangeReason': {'Message': 'Cluster terminated'}, 'Timeline': {'CreationDateTime': datetime.datetime(2026, 7, 24, 14, 28, 2, 980000, tzinfo=tzlocal())}} | cluster_reason={'Code': 'VALIDATION_ERROR', 'Message': 'The subnet configuration was invalid: The subnet subnet-REPLACE_ME_AP_SOUTH_1 does not exist.'} | error_details=[]",python scripts/run_emr_regional_resumable_batch.py --region ap-southeast-1 --dataset-sizes-mb 100 --workloads memory-heavy --instance-types m5.xlarge --nodes-list 4 --ec2-key-name cost-aware-emr-key --pricing-model on-demand --price-path cloud_prices/aws_prices.csv --step-timeout-minutes 45 --submit
2026-07-24T09:13:34.423576+00:00,ap-southeast-1,10.0,io-heavy,c5.xlarge,2,step,j-1V8WB63ERCJ5L,s-04050392E1JUWASA53EH,CANCELLED,"{'State': 'CANCELLED', 'StateChangeReason': {'Message': 'Cluster terminated'}, 'Timeline': {'CreationDateTime': datetime.datetime(2026, 7, 24, 14, 28, 2, 862000, tzinfo=tzlocal())}} | cluster_reason={'Code': 'VALIDATION_ERROR', 'Message': 'The subnet configuration was invalid: The subnet subnet-REPLACE_ME_AP_SOUTH_1 does not exist.'} | error_details=[]",python scripts/run_emr_regional_resumable_batch.py --region ap-southeast-1 --dataset-sizes-mb 10 --workloads io-heavy --instance-types c5.xlarge --nodes-list 2 --ec2-key-name cost-aware-emr-key --pricing-model on-demand --price-path cloud_prices/aws_prices.csv --step-timeout-minutes 45 --submit
2026-07-24T09:14:06.986482+00:00,ap-southeast-1,10.0,io-heavy,m5a.xlarge,4,step,j-3HQ7L9EHT4QNR,s-01609152SM52BII17ED4,CANCELLED,"{'State': 'CANCELLED', 'StateChangeReason': {'Message': 'Cluster terminated'}, 'Timeline': {'CreationDateTime': datetime.datetime(2026, 7, 24, 14, 43, 36, 111000, tzinfo=tzlocal())}} | cluster_reason={'Code': 'VALIDATION_ERROR', 'Message': 'The subnet configuration was invalid: The subnet subnet-REPLACE_ME_AP_SOUTH_1 does not exist.'} | error_details=[]",python scripts/run_emr_regional_resumable_batch.py --region ap-southeast-1 --dataset-sizes-mb 10 --workloads io-heavy --instance-types m5a.xlarge --nodes-list 4 --ec2-key-name cost-aware-emr-key --pricing-model on-demand --price-path cloud_prices/aws_prices.csv --step-timeout-minutes 45 --submit
2026-07-24T09:14:07.008609+00:00,ap-southeast-1,1024.0,cpu-heavy,c5a.xlarge,2,step,j-3FZZ64F25RGKA,s-0925795IEDSXGG696SG,CANCELLED,"{'State': 'CANCELLED', 'StateChangeReason': {'Message': 'Cluster terminated'}, 'Timeline': {'CreationDateTime': datetime.datetime(2026, 7, 24, 14, 43, 36, 107000, tzinfo=tzlocal())}} | cluster_reason={'Code': 'VALIDATION_ERROR', 'Message': 'The subnet configuration was invalid: The subnet subnet-REPLACE_ME_AP_SOUTH_1 does not exist.'} | error_details=[]",python scripts/run_emr_regional_resumable_batch.py --region ap-southeast-1 --dataset-sizes-mb 1024 --workloads cpu-heavy --instance-types c5a.xlarge --nodes-list 2 --ec2-key-name cost-aware-emr-key --pricing-model on-demand --price-path cloud_prices/aws_prices.csv --step-timeout-minutes 45 --submit
2026-07-24T09:29:39.113146+00:00,ap-southeast-1,500.0,memory-heavy,c5a.xlarge,2,step,j-39TVSKZQAYJQF,s-06972853DE666FTI3R2Y,CANCELLED,"{'State': 'CANCELLED', 'StateChangeReason': {'Message': 'Cluster terminated'}, 'Timeline': {'CreationDateTime': datetime.datetime(2026, 7, 24, 14, 44, 8, 263000, tzinfo=tzlocal())}} | cluster_reason={'Code': 'VALIDATION_ERROR', 'Message': 'The subnet configuration was invalid: The subnet subnet-REPLACE_ME_AP_SOUTH_1 does not exist.'} | error_details=[]",python scripts/run_emr_regional_resumable_batch.py --region ap-southeast-1 --dataset-sizes-mb 500 --workloads memory-heavy --instance-types c5a.xlarge --nodes-list 2 --ec2-key-name cost-aware-emr-key --pricing-model on-demand --price-path cloud_prices/aws_prices.csv --step-timeout-minutes 45 --submit
2026-07-24T09:29:39.172205+00:00,ap-southeast-1,500.0,cpu-heavy,m5.xlarge,2,step,j-W04EAJMQ1H9K,s-0925794SVCX4A1OZDCA,CANCELLED,"{'State': 'CANCELLED', 'StateChangeReason': {'Message': 'Cluster terminated'}, 'Timeline': {'CreationDateTime': datetime.datetime(2026, 7, 24, 14, 44, 8, 316000, tzinfo=tzlocal())}} | cluster_reason={'Code': 'VALIDATION_ERROR', 'Message': 'The subnet configuration was invalid: The subnet subnet-REPLACE_ME_AP_SOUTH_1 does not exist.'} | error_details=[]",python scripts/run_emr_regional_resumable_batch.py --region ap-southeast-1 --dataset-sizes-mb 500 --workloads cpu-heavy --instance-types m5.xlarge --nodes-list 2 --ec2-key-name cost-aware-emr-key --pricing-model on-demand --price-path cloud_prices/aws_prices.csv --step-timeout-minutes 45 --submit
2026-07-24T09:34:00.127963+00:00,ap-southeast-1,10.0,cpu-heavy,c6i.xlarge,4,step,j-33OEEHBOVCJ0I,s-06830713SW24XJB36RHP,CANCELLED,"{'State': 'CANCELLED', 'StateChangeReason': {'Message': 'Cluster terminated'}, 'Timeline': {'CreationDateTime': datetime.datetime(2026, 7, 24, 14, 59, 40, 438000, tzinfo=tzlocal())}} | cluster_reason={'Code': 'VALIDATION_ERROR', 'Message': 'The subnet configuration was invalid: The subnet subnet-REPLACE_ME_AP_SOUTH_1 does not exist.'} | error_details=[]",python scripts/run_emr_regional_resumable_batch.py --region ap-southeast-1 --dataset-sizes-mb 10 --workloads cpu-heavy --instance-types c6i.xlarge --nodes-list 4 --ec2-key-name cost-aware-emr-key --pricing-model on-demand --price-path cloud_prices/aws_prices.csv --step-timeout-minutes 45 --submit
2026-07-24T09:34:00.208966+00:00,ap-southeast-1,500.0,memory-heavy,m6i.xlarge,2,step,j-1RCKIMRBPBIRR,s-038128113IKA86458B0Y,CANCELLED,"{'State': 'CANCELLED', 'StateChangeReason': {'Message': 'Cluster terminated'}, 'Timeline': {'CreationDateTime': datetime.datetime(2026, 7, 24, 14, 59, 40, 382000, tzinfo=tzlocal())}} | cluster_reason={'Code': 'VALIDATION_ERROR', 'Message': 'The subnet configuration was invalid: The subnet subnet-REPLACE_ME_AP_SOUTH_1 does not exist.'} | error_details=[]",python scripts/run_emr_regional_resumable_batch.py --region ap-southeast-1 --dataset-sizes-mb 500 --workloads memory-heavy --instance-types m6i.xlarge --nodes-list 2 --ec2-key-name cost-aware-emr-key --pricing-model on-demand --price-path cloud_prices/aws_prices.csv --step-timeout-minutes 45 --submit
2026-07-24T09:34:54.445996+00:00,ap-southeast-1,10.0,cpu-heavy,c6i.xlarge,4,step,j-8E17TQELUPXL,s-00283542YXW372XG4TS2,CANCELLED,"{'State': 'CANCELLED', 'StateChangeReason': {'Message': 'Cluster terminated'}, 'Timeline': {'CreationDateTime': datetime.datetime(2026, 7, 24, 15, 4, 1, 765000, tzinfo=tzlocal())}} | cluster_reason={'Code': 'VALIDATION_ERROR', 'Message': 'The subnet configuration was invalid: The subnet subnet-REPLACE_ME_AP_SOUTH_1 does not exist.'} | error_details=[]",python scripts/run_emr_regional_resumable_batch.py --region ap-southeast-1 --dataset-sizes-mb 10 --workloads cpu-heavy --instance-types c6i.xlarge --nodes-list 4 --ec2-key-name cost-aware-emr-key --pricing-model on-demand --price-path cloud_prices/aws_prices.csv --step-timeout-minutes 45 --submit
2026-07-24T09:34:54.688882+00:00,ap-southeast-1,500.0,io-heavy,c5.xlarge,2,step,j-25HJ02O5F336O,s-0381081AX8ESWJWRQKH,CANCELLED,"{'State': 'CANCELLED', 'StateChangeReason': {'Message': 'Cluster terminated'}, 'Timeline': {'CreationDateTime': datetime.datetime(2026, 7, 24, 15, 4, 1, 782000, tzinfo=tzlocal())}} | cluster_reason={'Code': 'VALIDATION_ERROR', 'Message': 'The subnet configuration was invalid: The subnet subnet-REPLACE_ME_AP_SOUTH_1 does not exist.'} | error_details=[]",python scripts/run_emr_regional_resumable_batch.py --region ap-southeast-1 --dataset-sizes-mb 500 --workloads io-heavy --instance-types c5.xlarge --nodes-list 2 --ec2-key-name cost-aware-emr-key --pricing-model on-demand --price-path cloud_prices/aws_prices.csv --step-timeout-minutes 45 --submit
2026-07-24T09:35:27.019963+00:00,ap-southeast-1,2048.0,cpu-heavy,m6i.xlarge,2,step,j-3QZ9UAGF07VUL,s-01447071YNLJB0QUR946,CANCELLED,"{'State': 'CANCELLED', 'StateChangeReason': {'Message': 'Cluster terminated'}, 'Timeline': {'CreationDateTime': datetime.datetime(2026, 7, 24, 15, 4, 55, 987000, tzinfo=tzlocal())}} | cluster_reason={'Code': 'VALIDATION_ERROR', 'Message': 'The subnet configuration was invalid: The subnet subnet-REPLACE_ME_AP_SOUTH_1 does not exist.'} | error_details=[]",python scripts/run_emr_regional_resumable_batch.py --region ap-southeast-1 --dataset-sizes-mb 2048 --workloads cpu-heavy --instance-types m6i.xlarge --nodes-list 2 --ec2-key-name cost-aware-emr-key --pricing-model on-demand --price-path cloud_prices/aws_prices.csv --step-timeout-minutes 45 --submit
2026-07-24T09:35:27.021656+00:00,ap-southeast-1,10.0,memory-heavy,c6i.xlarge,4,step,j-1WHDCJ2DRUKFM,s-0571804PSFEXACN7KB0,CANCELLED,"{'State': 'CANCELLED', 'StateChangeReason': {'Message': 'Cluster terminated'}, 'Timeline': {'CreationDateTime': datetime.datetime(2026, 7, 24, 15, 4, 56, 22000, tzinfo=tzlocal())}} | cluster_reason={'Code': 'VALIDATION_ERROR', 'Message': 'The subnet configuration was invalid: The subnet subnet-REPLACE_ME_AP_SOUTH_1 does not exist.'} | error_details=[]",python scripts/run_emr_regional_resumable_batch.py --region ap-southeast-1 --dataset-sizes-mb 10 --workloads memory-heavy --instance-types c6i.xlarge --nodes-list 4 --ec2-key-name cost-aware-emr-key --pricing-model on-demand --price-path cloud_prices/aws_prices.csv --step-timeout-minutes 45 --submit
2026-07-24T09:36:07.013391+00:00,ap-southeast-1,3072.0,io-heavy,c5a.xlarge,4,step,j-2AZJF04ZICYUA,s-01235161A636LK1UTJAS,CANCELLED,"{'State': 'CANCELLED', 'StateChangeReason': {'Message': 'Cluster terminated'}, 'Timeline': {'CreationDateTime': datetime.datetime(2026, 7, 24, 15, 5, 28, 435000, tzinfo=tzlocal())}} | cluster_reason={'Code': 'VALIDATION_ERROR', 'Message': 'The subnet configuration was invalid: The subnet subnet-REPLACE_ME_AP_SOUTH_1 does not exist.'} | error_details=[]",python scripts/run_emr_regional_resumable_batch.py --region ap-southeast-1 --dataset-sizes-mb 3072 --workloads io-heavy --instance-types c5a.xlarge --nodes-list 4 --ec2-key-name cost-aware-emr-key --pricing-model on-demand --price-path cloud_prices/aws_prices.csv --step-timeout-minutes 45 --submit
2026-07-24T09:36:07.043837+00:00,ap-southeast-1,2048.0,memory-heavy,m6i.xlarge,2,step,j-3F9551R7GEWHY,s-0702762104KM5T5W2NMA,CANCELLED,"{'State': 'CANCELLED', 'StateChangeReason': {'Message': 'Cluster terminated'}, 'Timeline': {'CreationDateTime': datetime.datetime(2026, 7, 24, 15, 5, 28, 450000, tzinfo=tzlocal())}} | cluster_reason={'Code': 'VALIDATION_ERROR', 'Message': 'The subnet configuration was invalid: The subnet subnet-REPLACE_ME_AP_SOUTH_1 does not exist.'} | error_details=[]",python scripts/run_emr_regional_resumable_batch.py --region ap-southeast-1 --dataset-sizes-mb 2048 --workloads memory-heavy --instance-types m6i.xlarge --nodes-list 2 --ec2-key-name cost-aware-emr-key --pricing-model on-demand --price-path cloud_prices/aws_prices.csv --step-timeout-minutes 45 --submit
2026-07-24T09:51:39.490486+00:00,ap-southeast-1,2048.0,memory-heavy,m5a.xlarge,4,step,j-3LSLD85BX45X4,s-04038281HMDGC19MH5KU,CANCELLED,"{'State': 'CANCELLED', 'StateChangeReason': {'Message': 'Cluster terminated'}, 'Timeline': {'CreationDateTime': datetime.datetime(2026, 7, 24, 15, 6, 8, 304000, tzinfo=tzlocal())}} | cluster_reason={'Code': 'VALIDATION_ERROR', 'Message': 'The subnet configuration was invalid: The subnet subnet-REPLACE_ME_AP_SOUTH_1 does not exist.'} | error_details=[]",python scripts/run_emr_regional_resumable_batch.py --region ap-southeast-1 --dataset-sizes-mb 2048 --workloads memory-heavy --instance-types m5a.xlarge --nodes-list 4 --ec2-key-name cost-aware-emr-key --pricing-model on-demand --price-path cloud_prices/aws_prices.csv --step-timeout-minutes 45 --submit
2026-07-24T09:51:39.490586+00:00,ap-southeast-1,1024.0,cpu-heavy,c5a.xlarge,2,step,j-WUSV4VI2V0PK,s-09190802TMAD4RNAW35J,CANCELLED,"{'State': 'CANCELLED', 'StateChangeReason': {'Message': 'Cluster terminated'}, 'Timeline': {'CreationDateTime': datetime.datetime(2026, 7, 24, 15, 6, 8, 302000, tzinfo=tzlocal())}} | cluster_reason={'Code': 'VALIDATION_ERROR', 'Message': 'The subnet configuration was invalid: The subnet subnet-REPLACE_ME_AP_SOUTH_1 does not exist.'} | error_details=[]",python scripts/run_emr_regional_resumable_batch.py --region ap-southeast-1 --dataset-sizes-mb 1024 --workloads cpu-heavy --instance-types c5a.xlarge --nodes-list 2 --ec2-key-name cost-aware-emr-key --pricing-model on-demand --price-path cloud_prices/aws_prices.csv --step-timeout-minutes 45 --submit
2026-07-24T09:54:07.058010+00:00,ap-southeast-1,10.0,memory-heavy,c5.xlarge,4,step,j-1RHQ2JLL2FRHA,s-09274931NDIQAA9UFEPZ,CANCELLED,"{'State': 'CANCELLED', 'StateChangeReason': {'Message': 'Cluster terminated'}, 'Timeline': {'CreationDateTime': datetime.datetime(2026, 7, 24, 15, 21, 41, 186000, tzinfo=tzlocal())}} | cluster_reason={'Code': 'VALIDATION_ERROR', 'Message': 'The subnet configuration was invalid: The subnet subnet-REPLACE_ME_AP_SOUTH_1 does not exist.'} | error_details=[]",python scripts/run_emr_regional_resumable_batch.py --region ap-southeast-1 --dataset-sizes-mb 10 --workloads memory-heavy --instance-types c5.xlarge --nodes-list 4 --ec2-key-name cost-aware-emr-key --pricing-model on-demand --price-path cloud_prices/aws_prices.csv --step-timeout-minutes 45 --submit
2026-07-24T09:54:07.055491+00:00,ap-southeast-1,2048.0,io-heavy,m6i.xlarge,4,step,j-352EEZIFLPU1Z,s-09275452ZVU2ZV4FZ33P,CANCELLED,"{'State': 'CANCELLED', 'StateChangeReason': {'Message': 'Cluster terminated'}, 'Timeline': {'CreationDateTime': datetime.datetime(2026, 7, 24, 15, 21, 41, 160000, tzinfo=tzlocal())}} | cluster_reason={'Code': 'VALIDATION_ERROR', 'Message': 'The subnet configuration was invalid: The subnet subnet-REPLACE_ME_AP_SOUTH_1 does not exist.'} | error_details=[]",python scripts/run_emr_regional_resumable_batch.py --region ap-southeast-1 --dataset-sizes-mb 2048 --workloads io-heavy --instance-types m6i.xlarge --nodes-list 4 --ec2-key-name cost-aware-emr-key --pricing-model on-demand --price-path cloud_prices/aws_prices.csv --step-timeout-minutes 45 --submit
2026-07-24T10:09:40.444964+00:00,ap-southeast-1,100.0,io-heavy,c5a.xlarge,2,step,j-3R4NMXS47F2WO,s-01732703K3K9A4BI1V4S,CANCELLED,"{'State': 'CANCELLED', 'StateChangeReason': {'Message': 'Cluster terminated'}, 'Timeline': {'CreationDateTime': datetime.datetime(2026, 7, 24, 15, 24, 8, 796000, tzinfo=tzlocal())}} | cluster_reason={'Code': 'VALIDATION_ERROR', 'Message': 'The subnet configuration was invalid: The subnet subnet-REPLACE_ME_AP_SOUTH_1 does not exist.'} | error_details=[]",python scripts/run_emr_regional_resumable_batch.py --region ap-southeast-1 --dataset-sizes-mb 100 --workloads io-heavy --instance-types c5a.xlarge --nodes-list 2 --ec2-key-name cost-aware-emr-key --pricing-model on-demand --price-path cloud_prices/aws_prices.csv --step-timeout-minutes 45 --submit
2026-07-24T10:09:40.447960+00:00,ap-southeast-1,100.0,cpu-heavy,c6i.xlarge,2,step,j-14BN7D54FPETM,s-041008631UEI37AEXLGL,CANCELLED,"{'State': 'CANCELLED', 'StateChangeReason': {'Message': 'Cluster terminated'}, 'Timeline': {'CreationDateTime': datetime.datetime(2026, 7, 24, 15, 24, 8, 815000, tzinfo=tzlocal())}} | cluster_reason={'Code': 'VALIDATION_ERROR', 'Message': 'The subnet configuration was invalid: The subnet subnet-REPLACE_ME_AP_SOUTH_1 does not exist.'} | error_details=[]",python scripts/run_emr_regional_resumable_batch.py --region ap-southeast-1 --dataset-sizes-mb 100 --workloads cpu-heavy --instance-types c6i.xlarge --nodes-list 2 --ec2-key-name cost-aware-emr-key --pricing-model on-demand --price-path cloud_prices/aws_prices.csv --step-timeout-minutes 45 --submit
2026-07-24T10:13:14.454727+00:00,ap-southeast-1,10.0,memory-heavy,m5.xlarge,4,step,j-1U6NFZ00YAVC7,s-01447633860UM66KDV6Z,CANCELLED,"{'State': 'CANCELLED', 'StateChangeReason': {'Message': 'Cluster terminated'}, 'Timeline': {'CreationDateTime': datetime.datetime(2026, 7, 24, 15, 39, 41, 727000, tzinfo=tzlocal())}} | cluster_reason={'Code': 'VALIDATION_ERROR', 'Message': 'The subnet configuration was invalid: The subnet subnet-REPLACE_ME_AP_SOUTH_1 does not exist.'} | error_details=[]",python scripts/run_emr_regional_resumable_batch.py --region ap-southeast-1 --dataset-sizes-mb 10 --workloads memory-heavy --instance-types m5.xlarge --nodes-list 4 --ec2-key-name cost-aware-emr-key --pricing-model on-demand --price-path cloud_prices/aws_prices.csv --step-timeout-minutes 45 --submit
2026-07-24T10:13:14.720003+00:00,ap-southeast-1,10.0,memory-heavy,m5a.xlarge,2,step,j-VW3LJLGVOAZD,s-06658189S7EDOMBBI0R,CANCELLED,"{'State': 'CANCELLED', 'StateChangeReason': {'Message': 'Cluster terminated'}, 'Timeline': {'CreationDateTime': datetime.datetime(2026, 7, 24, 15, 39, 41, 847000, tzinfo=tzlocal())}} | cluster_reason={'Code': 'VALIDATION_ERROR', 'Message': 'The subnet configuration was invalid: The subnet subnet-REPLACE_ME_AP_SOUTH_1 does not exist.'} | error_details=[]",python scripts/run_emr_regional_resumable_batch.py --region ap-southeast-1 --dataset-sizes-mb 10 --workloads memory-heavy --instance-types m5a.xlarge --nodes-list 2 --ec2-key-name cost-aware-emr-key --pricing-model on-demand --price-path cloud_prices/aws_prices.csv --step-timeout-minutes 45 --submit
2026-07-24T10:14:10.242047+00:00,ap-southeast-1,10.0,cpu-heavy,m5.xlarge,4,step,j-2ATL7V566UV61,s-06683221QQBG0DS4O1ZH,CANCELLED,"{'State': 'CANCELLED', 'StateChangeReason': {'Message': 'Cluster terminated'}, 'Timeline': {'CreationDateTime': datetime.datetime(2026, 7, 24, 15, 43, 15, 797000, tzinfo=tzlocal())}} | cluster_reason={'Code': 'VALIDATION_ERROR', 'Message': 'The subnet configuration was invalid: The subnet subnet-REPLACE_ME_AP_SOUTH_1 does not exist.'} | error_details=[]",python scripts/run_emr_regional_resumable_batch.py --region ap-southeast-1 --dataset-sizes-mb 10 --workloads cpu-heavy --instance-types m5.xlarge --nodes-list 4 --ec2-key-name cost-aware-emr-key --pricing-model on-demand --price-path cloud_prices/aws_prices.csv --step-timeout-minutes 45 --submit
2026-07-24T10:14:10.318347+00:00,ap-southeast-1,500.0,memory-heavy,m6i.xlarge,4,step,j-YFMDYA7CPU8E,s-06581832WZAB2N9VZVEZ,CANCELLED,"{'State': 'CANCELLED', 'StateChangeReason': {'Message': 'Cluster terminated'}, 'Timeline': {'CreationDateTime': datetime.datetime(2026, 7, 24, 15, 43, 15, 814000, tzinfo=tzlocal())}} | cluster_reason={'Code': 'VALIDATION_ERROR', 'Message': 'The subnet configuration was invalid: The subnet subnet-REPLACE_ME_AP_SOUTH_1 does not exist.'} | error_details=[]",python scripts/run_emr_regional_resumable_batch.py --region ap-southeast-1 --dataset-sizes-mb 500 --workloads memory-heavy --instance-types m6i.xlarge --nodes-list 4 --ec2-key-name cost-aware-emr-key --pricing-model on-demand --price-path cloud_prices/aws_prices.csv --step-timeout-minutes 45 --submit
2026-07-24T10:29:43.130532+00:00,ap-southeast-1,10.0,cpu-heavy,c5a.xlarge,4,step,j-F7ZRD6OR8SM1,s-0405089255PHGOIUUKDR,CANCELLED,"{'State': 'CANCELLED', 'StateChangeReason': {'Message': 'Cluster terminated'}, 'Timeline': {'CreationDateTime': datetime.datetime(2026, 7, 24, 15, 44, 11, 826000, tzinfo=tzlocal())}} | cluster_reason={'Code': 'VALIDATION_ERROR', 'Message': 'The subnet configuration was invalid: The subnet subnet-REPLACE_ME_AP_SOUTH_1 does not exist.'} | error_details=[]",python scripts/run_emr_regional_resumable_batch.py --region ap-southeast-1 --dataset-sizes-mb 10 --workloads cpu-heavy --instance-types c5a.xlarge --nodes-list 4 --ec2-key-name cost-aware-emr-key --pricing-model on-demand --price-path cloud_prices/aws_prices.csv --step-timeout-minutes 45 --submit
2026-07-24T10:29:43.185761+00:00,ap-southeast-1,2048.0,cpu-heavy,m5a.xlarge,4,step,j-284LU5NIXXIGX,s-01670237SXL27FODGSR,CANCELLED,"{'State': 'CANCELLED', 'StateChangeReason': {'Message': 'Cluster terminated'}, 'Timeline': {'CreationDateTime': datetime.datetime(2026, 7, 24, 15, 44, 11, 783000, tzinfo=tzlocal())}} | cluster_reason={'Code': 'VALIDATION_ERROR', 'Message': 'The subnet configuration was invalid: The subnet subnet-REPLACE_ME_AP_SOUTH_1 does not exist.'} | error_details=[]",python scripts/run_emr_regional_resumable_batch.py --region ap-southeast-1 --dataset-sizes-mb 2048 --workloads cpu-heavy --instance-types m5a.xlarge --nodes-list 4 --ec2-key-name cost-aware-emr-key --pricing-model on-demand --price-path cloud_prices/aws_prices.csv --step-timeout-minutes 45 --submit
2026-07-24T10:30:15.322595+00:00,ap-southeast-1,10.0,memory-heavy,m5.xlarge,4,step,j-128WH8PS5AKGG,s-01239221SRITVYB7MFGL,CANCELLED,"{'State': 'CANCELLED', 'StateChangeReason': {'Message': 'Cluster terminated'}, 'Timeline': {'CreationDateTime': datetime.datetime(2026, 7, 24, 15, 59, 44, 638000, tzinfo=tzlocal())}} | cluster_reason={'Code': 'VALIDATION_ERROR', 'Message': 'The subnet configuration was invalid: The subnet subnet-REPLACE_ME_AP_SOUTH_1 does not exist.'} | error_details=[]",python scripts/run_emr_regional_resumable_batch.py --region ap-southeast-1 --dataset-sizes-mb 10 --workloads memory-heavy --instance-types m5.xlarge --nodes-list 4 --ec2-key-name cost-aware-emr-key --pricing-model on-demand --price-path cloud_prices/aws_prices.csv --step-timeout-minutes 45 --submit
2026-07-24T10:30:15.372029+00:00,ap-southeast-1,1024.0,cpu-heavy,m5.xlarge,2,step,j-3L7BAJUVA69AG,s-0405029HX4LCL1LSXLP,CANCELLED,"{'State': 'CANCELLED', 'StateChangeReason': {'Message': 'Cluster terminated'}, 'Timeline': {'CreationDateTime': datetime.datetime(2026, 7, 24, 15, 59, 44, 597000, tzinfo=tzlocal())}} | cluster_reason={'Code': 'VALIDATION_ERROR', 'Message': 'The subnet configuration was invalid: The subnet subnet-REPLACE_ME_AP_SOUTH_1 does not exist.'} | error_details=[]",python scripts/run_emr_regional_resumable_batch.py --region ap-southeast-1 --dataset-sizes-mb 1024 --workloads cpu-heavy --instance-types m5.xlarge --nodes-list 2 --ec2-key-name cost-aware-emr-key --pricing-model on-demand --price-path cloud_prices/aws_prices.csv --step-timeout-minutes 45 --submit
2026-07-24T10:45:47.636816+00:00,ap-southeast-1,10.0,io-heavy,c6i.xlarge,4,step,j-3ND5ND94MRFKV,s-0933061X2L66G6E1KQI,CANCELLED,"{'State': 'CANCELLED', 'StateChangeReason': {'Message': 'Cluster terminated'}, 'Timeline': {'CreationDateTime': datetime.datetime(2026, 7, 24, 16, 0, 16, 622000, tzinfo=tzlocal())}} | cluster_reason={'Code': 'VALIDATION_ERROR', 'Message': 'The subnet configuration was invalid: The subnet subnet-REPLACE_ME_AP_SOUTH_1 does not exist.'} | error_details=[]",python scripts/run_emr_regional_resumable_batch.py --region ap-southeast-1 --dataset-sizes-mb 10 --workloads io-heavy --instance-types c6i.xlarge --nodes-list 4 --ec2-key-name cost-aware-emr-key --pricing-model on-demand --price-path cloud_prices/aws_prices.csv --step-timeout-minutes 45 --submit
2026-07-24T10:45:48.246935+00:00,ap-southeast-1,10.0,io-heavy,m5.xlarge,4,step,j-1O31BUO0CTRY9,s-06760442HU7Z0OE7ED6N,CANCELLED,"{'State': 'CANCELLED', 'StateChangeReason': {'Message': 'Cluster terminated'}, 'Timeline': {'CreationDateTime': datetime.datetime(2026, 7, 24, 16, 0, 16, 642000, tzinfo=tzlocal())}} | cluster_reason={'Code': 'VALIDATION_ERROR', 'Message': 'The subnet configuration was invalid: The subnet subnet-REPLACE_ME_AP_SOUTH_1 does not exist.'} | error_details=[]",python scripts/run_emr_regional_resumable_batch.py --region ap-southeast-1 --dataset-sizes-mb 10 --workloads io-heavy --instance-types m5.xlarge --nodes-list 4 --ec2-key-name cost-aware-emr-key --pricing-model on-demand --price-path cloud_prices/aws_prices.csv --step-timeout-minutes 45 --submit
2026-07-24T10:51:15.162687+00:00,ap-southeast-1,100.0,memory-heavy,c5.xlarge,4,step,j-DY5W6E5YEYAQ,s-09440252Y20K7N4OXK79,CANCELLED,"{'State': 'CANCELLED', 'StateChangeReason': {'Message': 'Cluster terminated'}, 'Timeline': {'CreationDateTime': datetime.datetime(2026, 7, 24, 16, 15, 49, 388000, tzinfo=tzlocal())}} | cluster_reason={'Code': 'VALIDATION_ERROR', 'Message': 'The subnet configuration was invalid: The subnet subnet-REPLACE_ME_AP_SOUTH_1 does not exist.'} | error_details=[]",python scripts/run_emr_regional_resumable_batch.py --region ap-southeast-1 --dataset-sizes-mb 100 --workloads memory-heavy --instance-types c5.xlarge --nodes-list 4 --ec2-key-name cost-aware-emr-key --pricing-model on-demand --price-path cloud_prices/aws_prices.csv --step-timeout-minutes 45 --submit
2026-07-24T10:51:15.173783+00:00,ap-southeast-1,500.0,cpu-heavy,c5a.xlarge,2,step,j-16Q4I8SJKVNOP,s-01724043LJ6DO3KQXYKC,CANCELLED,"{'State': 'CANCELLED', 'StateChangeReason': {'Message': 'Cluster terminated'}, 'Timeline': {'CreationDateTime': datetime.datetime(2026, 7, 24, 16, 15, 49, 265000, tzinfo=tzlocal())}} | cluster_reason={'Code': 'VALIDATION_ERROR', 'Message': 'The subnet configuration was invalid: The subnet subnet-REPLACE_ME_AP_SOUTH_1 does not exist.'} | error_details=[]",python scripts/run_emr_regional_resumable_batch.py --region ap-southeast-1 --dataset-sizes-mb 500 --workloads cpu-heavy --instance-types c5a.xlarge --nodes-list 2 --ec2-key-name cost-aware-emr-key --pricing-model on-demand --price-path cloud_prices/aws_prices.csv --step-timeout-minutes 45 --submit
2026-07-24T10:55:03.602626+00:00,ap-southeast-1,100.0,memory-heavy,m6i.xlarge,4,step,j-3GV8ZWBEC8M5G,s-070319127CFGXPR0XZ18,CANCELLED,"{'State': 'CANCELLED', 'StateChangeReason': {'Message': 'Cluster terminated'}, 'Timeline': {'CreationDateTime': datetime.datetime(2026, 7, 24, 16, 21, 16, 808000, tzinfo=tzlocal())}} | cluster_reason={'Code': 'VALIDATION_ERROR', 'Message': 'The subnet configuration was invalid: The subnet subnet-REPLACE_ME_AP_SOUTH_1 does not exist.'} | error_details=[]",python scripts/run_emr_regional_resumable_batch.py --region ap-southeast-1 --dataset-sizes-mb 100 --workloads memory-heavy --instance-types m6i.xlarge --nodes-list 4 --ec2-key-name cost-aware-emr-key --pricing-model on-demand --price-path cloud_prices/aws_prices.csv --step-timeout-minutes 45 --submit
2026-07-24T10:55:03.715974+00:00,ap-southeast-1,10.0,memory-heavy,m6i.xlarge,2,step,j-38CE7WX1RGSQ1,s-032073116QV919RRSBCO,CANCELLED,"{'State': 'CANCELLED', 'StateChangeReason': {'Message': 'Cluster terminated'}, 'Timeline': {'CreationDateTime': datetime.datetime(2026, 7, 24, 16, 21, 16, 883000, tzinfo=tzlocal())}} | cluster_reason={'Code': 'VALIDATION_ERROR', 'Message': 'The subnet configuration was invalid: The subnet subnet-REPLACE_ME_AP_SOUTH_1 does not exist.'} | error_details=[]",python scripts/run_emr_regional_resumable_batch.py --region ap-southeast-1 --dataset-sizes-mb 10 --workloads memory-heavy --instance-types m6i.xlarge --nodes-list 2 --ec2-key-name cost-aware-emr-key --pricing-model on-demand --price-path cloud_prices/aws_prices.csv --step-timeout-minutes 45 --submit
2026-07-24T11:10:36.388077+00:00,ap-southeast-1,500.0,cpu-heavy,c5.xlarge,4,step,j-26FF4ICMGHGJ8,s-04051741EFFQPOFK9COS,CANCELLED,"{'State': 'CANCELLED', 'StateChangeReason': {'Message': 'Cluster terminated'}, 'Timeline': {'CreationDateTime': datetime.datetime(2026, 7, 24, 16, 25, 5, 77000, tzinfo=tzlocal())}} | cluster_reason={'Code': 'VALIDATION_ERROR', 'Message': 'The subnet configuration was invalid: The subnet subnet-REPLACE_ME_AP_SOUTH_1 does not exist.'} | error_details=[]",python scripts/run_emr_regional_resumable_batch.py --region ap-southeast-1 --dataset-sizes-mb 500 --workloads cpu-heavy --instance-types c5.xlarge --nodes-list 4 --ec2-key-name cost-aware-emr-key --pricing-model on-demand --price-path cloud_prices/aws_prices.csv --step-timeout-minutes 45 --submit
2026-07-24T11:10:36.513511+00:00,ap-southeast-1,100.0,io-heavy,c5.xlarge,2,step,j-1QGMUMRW04VC,s-04044321ZKAPBCWX9DB3,CANCELLED,"{'State': 'CANCELLED', 'StateChangeReason': {'Message': 'Cluster terminated'}, 'Timeline': {'CreationDateTime': datetime.datetime(2026, 7, 24, 16, 25, 5, 65000, tzinfo=tzlocal())}} | cluster_reason={'Code': 'VALIDATION_ERROR', 'Message': 'The subnet configuration was invalid: The subnet subnet-REPLACE_ME_AP_SOUTH_1 does not exist.'} | error_details=[]",python scripts/run_emr_regional_resumable_batch.py --region ap-southeast-1 --dataset-sizes-mb 100 --workloads io-heavy --instance-types c5.xlarge --nodes-list 2 --ec2-key-name cost-aware-emr-key --pricing-model on-demand --price-path cloud_prices/aws_prices.csv --step-timeout-minutes 45 --submit
2026-07-24T11:11:09.225643+00:00,ap-southeast-1,500.0,io-heavy,m6i.xlarge,2,step,j-1RLJ3K0EEJMDK,s-06553271KU4QWOQLK0US,CANCELLED,"{'State': 'CANCELLED', 'StateChangeReason': {'Message': 'Cluster terminated'}, 'Timeline': {'CreationDateTime': datetime.datetime(2026, 7, 24, 16, 40, 38, 460000, tzinfo=tzlocal())}} | cluster_reason={'Code': 'VALIDATION_ERROR', 'Message': 'The subnet configuration was invalid: The subnet subnet-REPLACE_ME_AP_SOUTH_1 does not exist.'} | error_details=[]",python scripts/run_emr_regional_resumable_batch.py --region ap-southeast-1 --dataset-sizes-mb 500 --workloads io-heavy --instance-types m6i.xlarge --nodes-list 2 --ec2-key-name cost-aware-emr-key --pricing-model on-demand --price-path cloud_prices/aws_prices.csv --step-timeout-minutes 45 --submit
2026-07-24T11:11:09.278066+00:00,ap-southeast-1,10.0,cpu-heavy,c6i.xlarge,2,step,j-1HAEVCZQZ1QNW,s-016566318NQK3AYG22C,CANCELLED,"{'State': 'CANCELLED', 'StateChangeReason': {'Message': 'Cluster terminated'}, 'Timeline': {'CreationDateTime': datetime.datetime(2026, 7, 24, 16, 40, 38, 450000, tzinfo=tzlocal())}} | cluster_reason={'Code': 'VALIDATION_ERROR', 'Message': 'The subnet configuration was invalid: The subnet subnet-REPLACE_ME_AP_SOUTH_1 does not exist.'} | error_details=[]",python scripts/run_emr_regional_resumable_batch.py --region ap-southeast-1 --dataset-sizes-mb 10 --workloads cpu-heavy --instance-types c6i.xlarge --nodes-list 2 --ec2-key-name cost-aware-emr-key --pricing-model on-demand --price-path cloud_prices/aws_prices.csv --step-timeout-minutes 45 --submit
2026-07-24T11:26:43.902809+00:00,ap-southeast-1,100.0,cpu-heavy,c6i.xlarge,4,step,j-1SDB26HKHUZDZ,s-01931233G49TED7J2V6,CANCELLED,"{'State': 'CANCELLED', 'StateChangeReason': {'Message': 'Cluster terminated'}, 'Timeline': {'CreationDateTime': datetime.datetime(2026, 7, 24, 16, 56, 12, 656000, tzinfo=tzlocal())}} | cluster_reason={'Code': 'VALIDATION_ERROR', 'Message': 'The subnet configuration was invalid: The subnet subnet-REPLACE_ME_AP_SOUTH_1 does not exist.'} | error_details=[]",python scripts/run_emr_regional_resumable_batch.py --region ap-southeast-1 --dataset-sizes-mb 100 --workloads cpu-heavy --instance-types c6i.xlarge --nodes-list 4 --ec2-key-name cost-aware-emr-key --pricing-model on-demand --price-path cloud_prices/aws_prices.csv --step-timeout-minutes 45 --submit
2026-07-24T11:26:44.006672+00:00,ap-southeast-1,100.0,io-heavy,m6i.xlarge,2,step,j-9GJAX6Z46EL5,s-007097637XT894KHU4OC,CANCELLED,"{'State': 'CANCELLED', 'StateChangeReason': {'Message': 'Cluster terminated'}, 'Timeline': {'CreationDateTime': datetime.datetime(2026, 7, 24, 16, 56, 12, 649000, tzinfo=tzlocal())}} | cluster_reason={'Code': 'VALIDATION_ERROR', 'Message': 'The subnet configuration was invalid: The subnet subnet-REPLACE_ME_AP_SOUTH_1 does not exist.'} | error_details=[]",python scripts/run_emr_regional_resumable_batch.py --region ap-southeast-1 --dataset-sizes-mb 100 --workloads io-heavy --instance-types m6i.xlarge --nodes-list 2 --ec2-key-name cost-aware-emr-key --pricing-model on-demand --price-path cloud_prices/aws_prices.csv --step-timeout-minutes 45 --submit
2026-07-24T11:30:27.477727+00:00,ap-southeast-1,10.0,memory-heavy,m5.xlarge,4,step,j-15ZLAB1SOYJMP,s-04036292GTUCA40JXQF0,CANCELLED,"{'State': 'CANCELLED', 'StateChangeReason': {'Message': 'Cluster terminated'}, 'Timeline': {'CreationDateTime': datetime.datetime(2026, 7, 24, 16, 56, 45, 63000, tzinfo=tzlocal())}} | cluster_reason={'Code': 'VALIDATION_ERROR', 'Message': 'The subnet configuration was invalid: The subnet subnet-REPLACE_ME_AP_SOUTH_1 does not exist.'} | error_details=[]",python scripts/run_emr_regional_resumable_batch.py --region ap-southeast-1 --dataset-sizes-mb 10 --workloads memory-heavy --instance-types m5.xlarge --nodes-list 4 --ec2-key-name cost-aware-emr-key --pricing-model on-demand --price-path cloud_prices/aws_prices.csv --step-timeout-minutes 45 --submit
2026-07-24T11:30:27.574753+00:00,ap-southeast-1,500.0,io-heavy,m5a.xlarge,4,step,j-1ISEBA48KOC0C,s-039744322I3FLP1BWT60,CANCELLED,"{'State': 'CANCELLED', 'StateChangeReason': {'Message': 'Cluster terminated'}, 'Timeline': {'CreationDateTime': datetime.datetime(2026, 7, 24, 16, 56, 45, 84000, tzinfo=tzlocal())}} | cluster_reason={'Code': 'VALIDATION_ERROR', 'Message': 'The subnet configuration was invalid: The subnet subnet-REPLACE_ME_AP_SOUTH_1 does not exist.'} | error_details=[]",python scripts/run_emr_regional_resumable_batch.py --region ap-southeast-1 --dataset-sizes-mb 500 --workloads io-heavy --instance-types m5a.xlarge --nodes-list 4 --ec2-key-name cost-aware-emr-key --pricing-model on-demand --price-path cloud_prices/aws_prices.csv --step-timeout-minutes 45 --submit
2026-07-24T11:31:00.516234+00:00,ap-southeast-1,10.0,memory-heavy,m5.xlarge,2,step,j-1I9SESMZBP4BA,s-01289493CT66LB4WSBNG,CANCELLED,"{'State': 'CANCELLED', 'StateChangeReason': {'Message': 'Cluster terminated'}, 'Timeline': {'CreationDateTime': datetime.datetime(2026, 7, 24, 17, 0, 29, 65000, tzinfo=tzlocal())}} | cluster_reason={'Code': 'VALIDATION_ERROR', 'Message': 'The subnet configuration was invalid: The subnet subnet-REPLACE_ME_AP_SOUTH_1 does not exist.'} | error_details=[]",python scripts/run_emr_regional_resumable_batch.py --region ap-southeast-1 --dataset-sizes-mb 10 --workloads memory-heavy --instance-types m5.xlarge --nodes-list 2 --ec2-key-name cost-aware-emr-key --pricing-model on-demand --price-path cloud_prices/aws_prices.csv --step-timeout-minutes 45 --submit
2026-07-24T11:31:00.516243+00:00,ap-southeast-1,10.0,memory-heavy,c6i.xlarge,2,step,j-2L9GMLV7FNE11,s-06977652EGDAQ52558CG,CANCELLED,"{'State': 'CANCELLED', 'StateChangeReason': {'Message': 'Cluster terminated'}, 'Timeline': {'CreationDateTime': datetime.datetime(2026, 7, 24, 17, 0, 29, 55000, tzinfo=tzlocal())}} | cluster_reason={'Code': 'VALIDATION_ERROR', 'Message': 'The subnet configuration was invalid: The subnet subnet-REPLACE_ME_AP_SOUTH_1 does not exist.'} | error_details=[]",python scripts/run_emr_regional_resumable_batch.py --region ap-southeast-1 --dataset-sizes-mb 10 --workloads memory-heavy --instance-types c6i.xlarge --nodes-list 2 --ec2-key-name cost-aware-emr-key --pricing-model on-demand --price-path cloud_prices/aws_prices.csv --step-timeout-minutes 45 --submit
2026-07-24T11:31:33.246640+00:00,ap-southeast-1,10.0,memory-heavy,m5.xlarge,2,step,j-29NXAZ3WURSZH,s-09266942KA6U4KH142ZT,CANCELLED,"{'State': 'CANCELLED', 'StateChangeReason': {'Message': 'Cluster terminated'}, 'Timeline': {'CreationDateTime': datetime.datetime(2026, 7, 24, 17, 1, 2, 415000, tzinfo=tzlocal())}} | cluster_reason={'Code': 'VALIDATION_ERROR', 'Message': 'The subnet configuration was invalid: The subnet subnet-REPLACE_ME_AP_SOUTH_1 does not exist.'} | error_details=[]",python scripts/run_emr_regional_resumable_batch.py --region ap-southeast-1 --dataset-sizes-mb 10 --workloads memory-heavy --instance-types m5.xlarge --nodes-list 2 --ec2-key-name cost-aware-emr-key --pricing-model on-demand --price-path cloud_prices/aws_prices.csv --step-timeout-minutes 45 --submit
2026-07-24T11:31:33.252466+00:00,ap-southeast-1,3072.0,memory-heavy,m6i.xlarge,4,step,j-1WDTQ8IXRSR1U,s-03810493CZDQAON5TO87,CANCELLED,"{'State': 'CANCELLED', 'StateChangeReason': {'Message': 'Cluster terminated'}, 'Timeline': {'CreationDateTime': datetime.datetime(2026, 7, 24, 17, 1, 2, 347000, tzinfo=tzlocal())}} | cluster_reason={'Code': 'VALIDATION_ERROR', 'Message': 'The subnet configuration was invalid: The subnet subnet-REPLACE_ME_AP_SOUTH_1 does not exist.'} | error_details=[]",python scripts/run_emr_regional_resumable_batch.py --region ap-southeast-1 --dataset-sizes-mb 3072 --workloads memory-heavy --instance-types m6i.xlarge --nodes-list 4 --ec2-key-name cost-aware-emr-key --pricing-model on-demand --price-path cloud_prices/aws_prices.csv --step-timeout-minutes 45 --submit
2026-07-24T11:32:05.436502+00:00,ap-southeast-1,10.0,cpu-heavy,c5.xlarge,2,step,j-3IY37G2VF3GZB,s-07031621A6EGDXPKAGDF,CANCELLED,"{'State': 'CANCELLED', 'StateChangeReason': {'Message': 'Cluster terminated'}, 'Timeline': {'CreationDateTime': datetime.datetime(2026, 7, 24, 17, 1, 34, 533000, tzinfo=tzlocal())}} | cluster_reason={'Code': 'VALIDATION_ERROR', 'Message': 'The subnet configuration was invalid: The subnet subnet-REPLACE_ME_AP_SOUTH_1 does not exist.'} | error_details=[]",python scripts/run_emr_regional_resumable_batch.py --region ap-southeast-1 --dataset-sizes-mb 10 --workloads cpu-heavy --instance-types c5.xlarge --nodes-list 2 --ec2-key-name cost-aware-emr-key --pricing-model on-demand --price-path cloud_prices/aws_prices.csv --step-timeout-minutes 45 --submit
2026-07-24T11:32:05.493082+00:00,ap-southeast-1,500.0,memory-heavy,m5.xlarge,4,step,j-1RQGDGZMLW3M7,s-092750814ZJ437B1PQ0E,CANCELLED,"{'State': 'CANCELLED', 'StateChangeReason': {'Message': 'Cluster terminated'}, 'Timeline': {'CreationDateTime': datetime.datetime(2026, 7, 24, 17, 1, 34, 540000, tzinfo=tzlocal())}} | cluster_reason={'Code': 'VALIDATION_ERROR', 'Message': 'The subnet configuration was invalid: The subnet subnet-REPLACE_ME_AP_SOUTH_1 does not exist.'} | error_details=[]",python scripts/run_emr_regional_resumable_batch.py --region ap-southeast-1 --dataset-sizes-mb 500 --workloads memory-heavy --instance-types m5.xlarge --nodes-list 4 --ec2-key-name cost-aware-emr-key --pricing-model on-demand --price-path cloud_prices/aws_prices.csv --step-timeout-minutes 45 --submit
2026-07-24T11:32:37.606167+00:00,ap-southeast-1,10.0,io-heavy,c6i.xlarge,2,step,j-38FR1D6A86IO7,s-03814603J9M7H1VXA0VZ,CANCELLED,"{'State': 'CANCELLED', 'StateChangeReason': {'Message': 'Cluster terminated'}, 'Timeline': {'CreationDateTime': datetime.datetime(2026, 7, 24, 17, 2, 6, 729000, tzinfo=tzlocal())}} | cluster_reason={'Code': 'VALIDATION_ERROR', 'Message': 'The subnet configuration was invalid: The subnet subnet-REPLACE_ME_AP_SOUTH_1 does not exist.'} | error_details=[]",python scripts/run_emr_regional_resumable_batch.py --region ap-southeast-1 --dataset-sizes-mb 10 --workloads io-heavy --instance-types c6i.xlarge --nodes-list 2 --ec2-key-name cost-aware-emr-key --pricing-model on-demand --price-path cloud_prices/aws_prices.csv --step-timeout-minutes 45 --submit
2026-07-24T11:32:37.635647+00:00,ap-southeast-1,1024.0,io-heavy,c5a.xlarge,4,step,j-22SCRDYDHCX82,s-09270561QVI0MNV06VA1,CANCELLED,"{'State': 'CANCELLED', 'StateChangeReason': {'Message': 'Cluster terminated'}, 'Timeline': {'CreationDateTime': datetime.datetime(2026, 7, 24, 17, 2, 6, 686000, tzinfo=tzlocal())}} | cluster_reason={'Code': 'VALIDATION_ERROR', 'Message': 'The subnet configuration was invalid: The subnet subnet-REPLACE_ME_AP_SOUTH_1 does not exist.'} | error_details=[]",python scripts/run_emr_regional_resumable_batch.py --region ap-southeast-1 --dataset-sizes-mb 1024 --workloads io-heavy --instance-types c5a.xlarge --nodes-list 4 --ec2-key-name cost-aware-emr-key --pricing-model on-demand --price-path cloud_prices/aws_prices.csv --step-timeout-minutes 45 --submit
2026-07-24T11:33:09.823522+00:00,ap-southeast-1,3072.0,cpu-heavy,m6i.xlarge,4,step,j-8WZ8B5RDADJV,s-0371381JXZZOUL0Z7RE,CANCELLED,"{'State': 'CANCELLED', 'StateChangeReason': {'Message': 'Cluster terminated'}, 'Timeline': {'CreationDateTime': datetime.datetime(2026, 7, 24, 17, 2, 38, 976000, tzinfo=tzlocal())}} | cluster_reason={'Code': 'VALIDATION_ERROR', 'Message': 'The subnet configuration was invalid: The subnet subnet-REPLACE_ME_AP_SOUTH_1 does not exist.'} | error_details=[]",python scripts/run_emr_regional_resumable_batch.py --region ap-southeast-1 --dataset-sizes-mb 3072 --workloads cpu-heavy --instance-types m6i.xlarge --nodes-list 4 --ec2-key-name cost-aware-emr-key --pricing-model on-demand --price-path cloud_prices/aws_prices.csv --step-timeout-minutes 45 --submit
2026-07-24T11:33:09.898168+00:00,ap-southeast-1,10.0,memory-heavy,c6i.xlarge,4,step,j-2ZYVLK8023WFI,s-0123895QQTZ8ECC95SU,CANCELLED,"{'State': 'CANCELLED', 'StateChangeReason': {'Message': 'Cluster terminated'}, 'Timeline': {'CreationDateTime': datetime.datetime(2026, 7, 24, 17, 2, 38, 973000, tzinfo=tzlocal())}} | cluster_reason={'Code': 'VALIDATION_ERROR', 'Message': 'The subnet configuration was invalid: The subnet subnet-REPLACE_ME_AP_SOUTH_1 does not exist.'} | error_details=[]",python scripts/run_emr_regional_resumable_batch.py --region ap-southeast-1 --dataset-sizes-mb 10 --workloads memory-heavy --instance-types c6i.xlarge --nodes-list 4 --ec2-key-name cost-aware-emr-key --pricing-model on-demand --price-path cloud_prices/aws_prices.csv --step-timeout-minutes 45 --submit
2026-07-24T11:33:41.907125+00:00,ap-southeast-1,100.0,memory-heavy,m5a.xlarge,4,step,j-3018HTYK8QOMI,s-01238943MRNQEJ64JTWU,CANCELLED,"{'State': 'CANCELLED', 'StateChangeReason': {'Message': 'Cluster terminated'}, 'Timeline': {'CreationDateTime': datetime.datetime(2026, 7, 24, 17, 3, 11, 90000, tzinfo=tzlocal())}} | cluster_reason={'Code': 'VALIDATION_ERROR', 'Message': 'The subnet configuration was invalid: The subnet subnet-REPLACE_ME_AP_SOUTH_1 does not exist.'} | error_details=[]",python scripts/run_emr_regional_resumable_batch.py --region ap-southeast-1 --dataset-sizes-mb 100 --workloads memory-heavy --instance-types m5a.xlarge --nodes-list 4 --ec2-key-name cost-aware-emr-key --pricing-model on-demand --price-path cloud_prices/aws_prices.csv --step-timeout-minutes 45 --submit
2026-07-24T11:33:41.912057+00:00,ap-southeast-1,10.0,cpu-heavy,m5.xlarge,2,step,j-TNYTCXGQW110,s-0681599HIQ0A8RLARYS,CANCELLED,"{'State': 'CANCELLED', 'StateChangeReason': {'Message': 'Cluster terminated'}, 'Timeline': {'CreationDateTime': datetime.datetime(2026, 7, 24, 17, 3, 11, 89000, tzinfo=tzlocal())}} | cluster_reason={'Code': 'VALIDATION_ERROR', 'Message': 'The subnet configuration was invalid: The subnet subnet-REPLACE_ME_AP_SOUTH_1 does not exist.'} | error_details=[]",python scripts/run_emr_regional_resumable_batch.py --region ap-southeast-1 --dataset-sizes-mb 10 --workloads cpu-heavy --instance-types m5.xlarge --nodes-list 2 --ec2-key-name cost-aware-emr-key --pricing-model on-demand --price-path cloud_prices/aws_prices.csv --step-timeout-minutes 45 --submit
2026-07-24T11:34:14.122400+00:00,ap-southeast-1,10.0,memory-heavy,m6i.xlarge,2,step,j-1UERBVOT4TIYF,s-04047062AOF4G391K4N2,CANCELLED,"{'State': 'CANCELLED', 'StateChangeReason': {'Message': 'Cluster terminated'}, 'Timeline': {'CreationDateTime': datetime.datetime(2026, 7, 24, 17, 3, 43, 305000, tzinfo=tzlocal())}} | cluster_reason={'Code': 'VALIDATION_ERROR', 'Message': 'The subnet configuration was invalid: The subnet subnet-REPLACE_ME_AP_SOUTH_1 does not exist.'} | error_details=[]",python scripts/run_emr_regional_resumable_batch.py --region ap-southeast-1 --dataset-sizes-mb 10 --workloads memory-heavy --instance-types m6i.xlarge --nodes-list 2 --ec2-key-name cost-aware-emr-key --pricing-model on-demand --price-path cloud_prices/aws_prices.csv --step-timeout-minutes 45 --submit
2026-07-24T11:34:14.127454+00:00,ap-southeast-1,500.0,cpu-heavy,c5a.xlarge,4,step,j-1EMV0V303TIKX,s-0397440ENJE66QH9T2C,CANCELLED,"{'State': 'CANCELLED', 'StateChangeReason': {'Message': 'Cluster terminated'}, 'Timeline': {'CreationDateTime': datetime.datetime(2026, 7, 24, 17, 3, 43, 269000, tzinfo=tzlocal())}} | cluster_reason={'Code': 'VALIDATION_ERROR', 'Message': 'The subnet configuration was invalid: The subnet subnet-REPLACE_ME_AP_SOUTH_1 does not exist.'} | error_details=[]",python scripts/run_emr_regional_resumable_batch.py --region ap-southeast-1 --dataset-sizes-mb 500 --workloads cpu-heavy --instance-types c5a.xlarge --nodes-list 4 --ec2-key-name cost-aware-emr-key --pricing-model on-demand --price-path cloud_prices/aws_prices.csv --step-timeout-minutes 45 --submit
2026-07-24T11:34:46.378751+00:00,ap-southeast-1,100.0,memory-heavy,c6i.xlarge,4,step,j-1CMUQZCL8K68U,s-06998452A6HM4NLIHI1A,CANCELLED,"{'State': 'CANCELLED', 'StateChangeReason': {'Message': 'Cluster terminated'}, 'Timeline': {'CreationDateTime': datetime.datetime(2026, 7, 24, 17, 4, 15, 558000, tzinfo=tzlocal())}} | cluster_reason={'Code': 'VALIDATION_ERROR', 'Message': 'The subnet configuration was invalid: The subnet subnet-REPLACE_ME_AP_SOUTH_1 does not exist.'} | error_details=[]",python scripts/run_emr_regional_resumable_batch.py --region ap-southeast-1 --dataset-sizes-mb 100 --workloads memory-heavy --instance-types c6i.xlarge --nodes-list 4 --ec2-key-name cost-aware-emr-key --pricing-model on-demand --price-path cloud_prices/aws_prices.csv --step-timeout-minutes 45 --submit
2026-07-24T11:34:46.393450+00:00,ap-southeast-1,10.0,memory-heavy,m6i.xlarge,4,step,j-2D05GXH2M8LUU,s-01780282AKTFT9BBEOR4,CANCELLED,"{'State': 'CANCELLED', 'StateChangeReason': {'Message': 'Cluster terminated'}, 'Timeline': {'CreationDateTime': datetime.datetime(2026, 7, 24, 17, 4, 15, 635000, tzinfo=tzlocal())}} | cluster_reason={'Code': 'VALIDATION_ERROR', 'Message': 'The subnet configuration was invalid: The subnet subnet-REPLACE_ME_AP_SOUTH_1 does not exist.'} | error_details=[]",python scripts/run_emr_regional_resumable_batch.py --region ap-southeast-1 --dataset-sizes-mb 10 --workloads memory-heavy --instance-types m6i.xlarge --nodes-list 4 --ec2-key-name cost-aware-emr-key --pricing-model on-demand --price-path cloud_prices/aws_prices.csv --step-timeout-minutes 45 --submit
2026-07-24T11:35:18.638745+00:00,ap-southeast-1,3072.0,memory-heavy,m5.xlarge,2,step,j-1HD2UCB7IES4T,s-03812873GU50QZLO0EL3,CANCELLED,"{'State': 'CANCELLED', 'StateChangeReason': {'Message': 'Cluster terminated'}, 'Timeline': {'CreationDateTime': datetime.datetime(2026, 7, 24, 17, 4, 47, 754000, tzinfo=tzlocal())}} | cluster_reason={'Code': 'VALIDATION_ERROR', 'Message': 'The subnet configuration was invalid: The subnet subnet-REPLACE_ME_AP_SOUTH_1 does not exist.'} | error_details=[]",python scripts/run_emr_regional_resumable_batch.py --region ap-southeast-1 --dataset-sizes-mb 3072 --workloads memory-heavy --instance-types m5.xlarge --nodes-list 2 --ec2-key-name cost-aware-emr-key --pricing-model on-demand --price-path cloud_prices/aws_prices.csv --step-timeout-minutes 45 --submit
2026-07-24T11:35:18.701542+00:00,ap-southeast-1,1024.0,memory-heavy,m5.xlarge,2,step,j-3HIU6YS4XSUKC,s-012894824RCC9JR4IO4M,CANCELLED,"{'State': 'CANCELLED', 'StateChangeReason': {'Message': 'Cluster terminated'}, 'Timeline': {'CreationDateTime': datetime.datetime(2026, 7, 24, 17, 4, 47, 817000, tzinfo=tzlocal())}} | cluster_reason={'Code': 'VALIDATION_ERROR', 'Message': 'The subnet configuration was invalid: The subnet subnet-REPLACE_ME_AP_SOUTH_1 does not exist.'} | error_details=[]",python scripts/run_emr_regional_resumable_batch.py --region ap-southeast-1 --dataset-sizes-mb 1024 --workloads memory-heavy --instance-types m5.xlarge --nodes-list 2 --ec2-key-name cost-aware-emr-key --pricing-model on-demand --price-path cloud_prices/aws_prices.csv --step-timeout-minutes 45 --submit
2026-07-24T11:35:51.089043+00:00,ap-southeast-1,10.0,memory-heavy,c5.xlarge,4,step,j-E9SNJK84J231,s-0681598319UQUTSI3A4W,CANCELLED,"{'State': 'CANCELLED', 'StateChangeReason': {'Message': 'Cluster terminated'}, 'Timeline': {'CreationDateTime': datetime.datetime(2026, 7, 24, 17, 5, 20, 136000, tzinfo=tzlocal())}} | cluster_reason={'Code': 'VALIDATION_ERROR', 'Message': 'The subnet configuration was invalid: The subnet subnet-REPLACE_ME_AP_SOUTH_1 does not exist.'} | error_details=[]",python scripts/run_emr_regional_resumable_batch.py --region ap-southeast-1 --dataset-sizes-mb 10 --workloads memory-heavy --instance-types c5.xlarge --nodes-list 4 --ec2-key-name cost-aware-emr-key --pricing-model on-demand --price-path cloud_prices/aws_prices.csv --step-timeout-minutes 45 --submit
2026-07-24T11:35:51.191052+00:00,ap-southeast-1,1024.0,io-heavy,m6i.xlarge,2,step,j-S9RP3E3WW6U5,s-01288533M5IAADTI5MSA,CANCELLED,"{'State': 'CANCELLED', 'StateChangeReason': {'Message': 'Cluster terminated'}, 'Timeline': {'CreationDateTime': datetime.datetime(2026, 7, 24, 17, 5, 20, 264000, tzinfo=tzlocal())}} | cluster_reason={'Code': 'VALIDATION_ERROR', 'Message': 'The subnet configuration was invalid: The subnet subnet-REPLACE_ME_AP_SOUTH_1 does not exist.'} | error_details=[]",python scripts/run_emr_regional_resumable_batch.py --region ap-southeast-1 --dataset-sizes-mb 1024 --workloads io-heavy --instance-types m6i.xlarge --nodes-list 2 --ec2-key-name cost-aware-emr-key --pricing-model on-demand --price-path cloud_prices/aws_prices.csv --step-timeout-minutes 45 --submit
2026-07-24T11:36:23.215229+00:00,ap-southeast-1,100.0,io-heavy,m5.xlarge,2,step,j-2GIJ8SBC5FBTT,s-03813962VRAK2SBVT3TF,CANCELLED,"{'State': 'CANCELLED', 'StateChangeReason': {'Message': 'Cluster terminated'}, 'Timeline': {'CreationDateTime': datetime.datetime(2026, 7, 24, 17, 5, 52, 304000, tzinfo=tzlocal())}} | cluster_reason={'Code': 'VALIDATION_ERROR', 'Message': 'The subnet configuration was invalid: The subnet subnet-REPLACE_ME_AP_SOUTH_1 does not exist.'} | error_details=[]",python scripts/run_emr_regional_resumable_batch.py --region ap-southeast-1 --dataset-sizes-mb 100 --workloads io-heavy --instance-types m5.xlarge --nodes-list 2 --ec2-key-name cost-aware-emr-key --pricing-model on-demand --price-path cloud_prices/aws_prices.csv --step-timeout-minutes 45 --submit
2026-07-24T11:36:23.270379+00:00,ap-southeast-1,2048.0,memory-heavy,m6i.xlarge,4,step,j-1QZNIV19TS83B,s-0380973SLYRKMDD8KBM,CANCELLED,"{'State': 'CANCELLED', 'StateChangeReason': {'Message': 'Cluster terminated'}, 'Timeline': {'CreationDateTime': datetime.datetime(2026, 7, 24, 17, 5, 52, 321000, tzinfo=tzlocal())}} | cluster_reason={'Code': 'VALIDATION_ERROR', 'Message': 'The subnet configuration was invalid: The subnet subnet-REPLACE_ME_AP_SOUTH_1 does not exist.'} | error_details=[]",python scripts/run_emr_regional_resumable_batch.py --region ap-southeast-1 --dataset-sizes-mb 2048 --workloads memory-heavy --instance-types m6i.xlarge --nodes-list 4 --ec2-key-name cost-aware-emr-key --pricing-model on-demand --price-path cloud_prices/aws_prices.csv --step-timeout-minutes 45 --submit
2026-07-24T11:36:55.497109+00:00,ap-southeast-1,10.0,cpu-heavy,c5a.xlarge,2,step,j-2OEJ2MQCJC7KE,s-09440511DRKUMDCPUG7J,CANCELLED,"{'State': 'CANCELLED', 'StateChangeReason': {'Message': 'Cluster terminated'}, 'Timeline': {'CreationDateTime': datetime.datetime(2026, 7, 24, 17, 6, 24, 587000, tzinfo=tzlocal())}} | cluster_reason={'Code': 'VALIDATION_ERROR', 'Message': 'The subnet configuration was invalid: The subnet subnet-REPLACE_ME_AP_SOUTH_1 does not exist.'} | error_details=[]",python scripts/run_emr_regional_resumable_batch.py --region ap-southeast-1 --dataset-sizes-mb 10 --workloads cpu-heavy --instance-types c5a.xlarge --nodes-list 2 --ec2-key-name cost-aware-emr-key --pricing-model on-demand --price-path cloud_prices/aws_prices.csv --step-timeout-minutes 45 --submit
2026-07-24T11:36:55.594506+00:00,ap-southeast-1,10.0,io-heavy,c6i.xlarge,4,step,j-1V8Y52YF82Y6V,s-06511732KV4RCMNJCS0J,CANCELLED,"{'State': 'CANCELLED', 'StateChangeReason': {'Message': 'Cluster terminated'}, 'Timeline': {'CreationDateTime': datetime.datetime(2026, 7, 24, 17, 6, 24, 657000, tzinfo=tzlocal())}} | cluster_reason={'Code': 'VALIDATION_ERROR', 'Message': 'The subnet configuration was invalid: The subnet subnet-REPLACE_ME_AP_SOUTH_1 does not exist.'} | error_details=[]",python scripts/run_emr_regional_resumable_batch.py --region ap-southeast-1 --dataset-sizes-mb 10 --workloads io-heavy --instance-types c6i.xlarge --nodes-list 4 --ec2-key-name cost-aware-emr-key --pricing-model on-demand --price-path cloud_prices/aws_prices.csv --step-timeout-minutes 45 --submit
2026-07-24T11:37:27.470462+00:00,ap-southeast-1,100.0,io-heavy,m5.xlarge,4,step,j-1LNHYK7SQ24X6,s-0677962304PBG9U3O4AU,CANCELLED,"{'State': 'CANCELLED', 'StateChangeReason': {'Message': 'Cluster terminated'}, 'Timeline': {'CreationDateTime': datetime.datetime(2026, 7, 24, 17, 6, 56, 710000, tzinfo=tzlocal())}} | cluster_reason={'Code': 'VALIDATION_ERROR', 'Message': 'The subnet configuration was invalid: The subnet subnet-REPLACE_ME_AP_SOUTH_1 does not exist.'} | error_details=[]",python scripts/run_emr_regional_resumable_batch.py --region ap-southeast-1 --dataset-sizes-mb 100 --workloads io-heavy --instance-types m5.xlarge --nodes-list 4 --ec2-key-name cost-aware-emr-key --pricing-model on-demand --price-path cloud_prices/aws_prices.csv --step-timeout-minutes 45 --submit
2026-07-24T11:37:27.576213+00:00,ap-southeast-1,2048.0,memory-heavy,m5a.xlarge,4,step,j-3CI1DJTGM83US,s-06764812RYTBTZ5NEI4C,CANCELLED,"{'State': 'CANCELLED', 'StateChangeReason': {'Message': 'Cluster terminated'}, 'Timeline': {'CreationDateTime': datetime.datetime(2026, 7, 24, 17, 6, 56, 705000, tzinfo=tzlocal())}} | cluster_reason={'Code': 'VALIDATION_ERROR', 'Message': 'The subnet configuration was invalid: The subnet subnet-REPLACE_ME_AP_SOUTH_1 does not exist.'} | error_details=[]",python scripts/run_emr_regional_resumable_batch.py --region ap-southeast-1 --dataset-sizes-mb 2048 --workloads memory-heavy --instance-types m5a.xlarge --nodes-list 4 --ec2-key-name cost-aware-emr-key --pricing-model on-demand --price-path cloud_prices/aws_prices.csv --step-timeout-minutes 45 --submit
2026-07-24T11:37:59.596297+00:00,ap-southeast-1,500.0,memory-heavy,c5.xlarge,4,step,j-3L4PI6MTNQVO5,s-065826923VNT2HO7KK26,CANCELLED,"{'State': 'CANCELLED', 'StateChangeReason': {'Message': 'Cluster terminated'}, 'Timeline': {'CreationDateTime': datetime.datetime(2026, 7, 24, 17, 7, 28, 775000, tzinfo=tzlocal())}} | cluster_reason={'Code': 'VALIDATION_ERROR', 'Message': 'The subnet configuration was invalid: The subnet subnet-REPLACE_ME_AP_SOUTH_1 does not exist.'} | error_details=[]",python scripts/run_emr_regional_resumable_batch.py --region ap-southeast-1 --dataset-sizes-mb 500 --workloads memory-heavy --instance-types c5.xlarge --nodes-list 4 --ec2-key-name cost-aware-emr-key --pricing-model on-demand --price-path cloud_prices/aws_prices.csv --step-timeout-minutes 45 --submit
2026-07-24T11:37:59.603538+00:00,ap-southeast-1,500.0,cpu-heavy,m5.xlarge,2,step,j-2A81MS2WPVTAB,s-04034591AA2QV5SR0QAA,CANCELLED,"{'State': 'CANCELLED', 'StateChangeReason': {'Message': 'Cluster terminated'}, 'Timeline': {'CreationDateTime': datetime.datetime(2026, 7, 24, 17, 7, 28, 782000, tzinfo=tzlocal())}} | cluster_reason={'Code': 'VALIDATION_ERROR', 'Message': 'The subnet configuration was invalid: The subnet subnet-REPLACE_ME_AP_SOUTH_1 does not exist.'} | error_details=[]",python scripts/run_emr_regional_resumable_batch.py --region ap-southeast-1 --dataset-sizes-mb 500 --workloads cpu-heavy --instance-types m5.xlarge --nodes-list 2 --ec2-key-name cost-aware-emr-key --pricing-model on-demand --price-path cloud_prices/aws_prices.csv --step-timeout-minutes 45 --submit
2026-07-24T11:38:32.188640+00:00,ap-southeast-1,10.0,cpu-heavy,m5.xlarge,4,step,j-3U6J80CL6KF22,s-03825981L0GBVCIXAIRJ,CANCELLED,"{'State': 'CANCELLED', 'StateChangeReason': {'Message': 'Cluster terminated'}, 'Timeline': {'CreationDateTime': datetime.datetime(2026, 7, 24, 17, 8, 0, 959000, tzinfo=tzlocal())}} | cluster_reason={'Code': 'VALIDATION_ERROR', 'Message': 'The subnet configuration was invalid: The subnet subnet-REPLACE_ME_AP_SOUTH_1 does not exist.'} | error_details=[]",python scripts/run_emr_regional_resumable_batch.py --region ap-southeast-1 --dataset-sizes-mb 10 --workloads cpu-heavy --instance-types m5.xlarge --nodes-list 4 --ec2-key-name cost-aware-emr-key --pricing-model on-demand --price-path cloud_prices/aws_prices.csv --step-timeout-minutes 45 --submit
2026-07-24T11:38:32.302399+00:00,ap-southeast-1,2048.0,io-heavy,m6i.xlarge,2,step,j-1FT04W6CUKAU0,s-0123918NC1TW63TPEKI,CANCELLED,"{'State': 'CANCELLED', 'StateChangeReason': {'Message': 'Cluster terminated'}, 'Timeline': {'CreationDateTime': datetime.datetime(2026, 7, 24, 17, 8, 0, 999000, tzinfo=tzlocal())}} | cluster_reason={'Code': 'VALIDATION_ERROR', 'Message': 'The subnet configuration was invalid: The subnet subnet-REPLACE_ME_AP_SOUTH_1 does not exist.'} | error_details=[]",python scripts/run_emr_regional_resumable_batch.py --region ap-southeast-1 --dataset-sizes-mb 2048 --workloads io-heavy --instance-types m6i.xlarge --nodes-list 2 --ec2-key-name cost-aware-emr-key --pricing-model on-demand --price-path cloud_prices/aws_prices.csv --step-timeout-minutes 45 --submit
2026-07-24T11:39:04.369742+00:00,ap-southeast-1,2048.0,cpu-heavy,m6i.xlarge,2,step,j-1WCWIEX0GI84R,s-0522088I8R236GQWMXG,CANCELLED,"{'State': 'CANCELLED', 'StateChangeReason': {'Message': 'Cluster terminated'}, 'Timeline': {'CreationDateTime': datetime.datetime(2026, 7, 24, 17, 8, 33, 615000, tzinfo=tzlocal())}} | cluster_reason={'Code': 'VALIDATION_ERROR', 'Message': 'The subnet configuration was invalid: The subnet subnet-REPLACE_ME_AP_SOUTH_1 does not exist.'} | error_details=[]",python scripts/run_emr_regional_resumable_batch.py --region ap-southeast-1 --dataset-sizes-mb 2048 --workloads cpu-heavy --instance-types m6i.xlarge --nodes-list 2 --ec2-key-name cost-aware-emr-key --pricing-model on-demand --price-path cloud_prices/aws_prices.csv --step-timeout-minutes 45 --submit
2026-07-24T11:39:04.436355+00:00,ap-southeast-1,500.0,io-heavy,m6i.xlarge,2,step,j-C0R2PXBR4IYL,s-0381177N5LLS4IZD2KH,CANCELLED,"{'State': 'CANCELLED', 'StateChangeReason': {'Message': 'Cluster terminated'}, 'Timeline': {'CreationDateTime': datetime.datetime(2026, 7, 24, 17, 8, 33, 485000, tzinfo=tzlocal())}} | cluster_reason={'Code': 'VALIDATION_ERROR', 'Message': 'The subnet configuration was invalid: The subnet subnet-REPLACE_ME_AP_SOUTH_1 does not exist.'} | error_details=[]",python scripts/run_emr_regional_resumable_batch.py --region ap-southeast-1 --dataset-sizes-mb 500 --workloads io-heavy --instance-types m6i.xlarge --nodes-list 2 --ec2-key-name cost-aware-emr-key --pricing-model on-demand --price-path cloud_prices/aws_prices.csv --step-timeout-minutes 45 --submit
2026-07-24T11:39:37.049073+00:00,ap-southeast-1,500.0,cpu-heavy,m5.xlarge,2,step,j-2PVJ45X5MVQZ5,s-0679234UKQS8CTCVTPC,CANCELLED,"{'State': 'CANCELLED', 'StateChangeReason': {'Message': 'Cluster terminated'}, 'Timeline': {'CreationDateTime': datetime.datetime(2026, 7, 24, 17, 9, 5, 908000, tzinfo=tzlocal())}} | cluster_reason={'Code': 'VALIDATION_ERROR', 'Message': 'The subnet configuration was invalid: The subnet subnet-REPLACE_ME_AP_SOUTH_1 does not exist.'} | error_details=[]",python scripts/run_emr_regional_resumable_batch.py --region ap-southeast-1 --dataset-sizes-mb 500 --workloads cpu-heavy --instance-types m5.xlarge --nodes-list 2 --ec2-key-name cost-aware-emr-key --pricing-model on-demand --price-path cloud_prices/aws_prices.csv --step-timeout-minutes 45 --submit
2026-07-24T11:39:37.102050+00:00,ap-southeast-1,3072.0,io-heavy,m5a.xlarge,4,step,j-1PGL0S22B9F9L,s-03817091CFAA8HPEAI04,CANCELLED,"{'State': 'CANCELLED', 'StateChangeReason': {'Message': 'Cluster terminated'}, 'Timeline': {'CreationDateTime': datetime.datetime(2026, 7, 24, 17, 9, 5, 848000, tzinfo=tzlocal())}} | cluster_reason={'Code': 'VALIDATION_ERROR', 'Message': 'The subnet configuration was invalid: The subnet subnet-REPLACE_ME_AP_SOUTH_1 does not exist.'} | error_details=[]",python scripts/run_emr_regional_resumable_batch.py --region ap-southeast-1 --dataset-sizes-mb 3072 --workloads io-heavy --instance-types m5a.xlarge --nodes-list 4 --ec2-key-name cost-aware-emr-key --pricing-model on-demand --price-path cloud_prices/aws_prices.csv --step-timeout-minutes 45 --submit
2026-07-24T11:40:09.163138+00:00,ap-southeast-1,5120.0,io-heavy,c6i.xlarge,2,step,j-3KCRX3G0KCGGU,s-06978103ILF3DA1E23FY,CANCELLED,"{'State': 'CANCELLED', 'StateChangeReason': {'Message': 'Cluster terminated'}, 'Timeline': {'CreationDateTime': datetime.datetime(2026, 7, 24, 17, 9, 38, 322000, tzinfo=tzlocal())}} | cluster_reason={'Code': 'VALIDATION_ERROR', 'Message': 'The subnet configuration was invalid: The subnet subnet-REPLACE_ME_AP_SOUTH_1 does not exist.'} | error_details=[]",python scripts/run_emr_regional_resumable_batch.py --region ap-southeast-1 --dataset-sizes-mb 5120 --workloads io-heavy --instance-types c6i.xlarge --nodes-list 2 --ec2-key-name cost-aware-emr-key --pricing-model on-demand --price-path cloud_prices/aws_prices.csv --step-timeout-minutes 45 --submit
2026-07-24T11:40:09.243007+00:00,ap-southeast-1,500.0,io-heavy,m6i.xlarge,4,step,j-2FZDS61PAGHBE,s-0927080WWXGJP71JB7C,CANCELLED,"{'State': 'CANCELLED', 'StateChangeReason': {'Message': 'Cluster terminated'}, 'Timeline': {'CreationDateTime': datetime.datetime(2026, 7, 24, 17, 9, 38, 387000, tzinfo=tzlocal())}} | cluster_reason={'Code': 'VALIDATION_ERROR', 'Message': 'The subnet configuration was invalid: The subnet subnet-REPLACE_ME_AP_SOUTH_1 does not exist.'} | error_details=[]",python scripts/run_emr_regional_resumable_batch.py --region ap-southeast-1 --dataset-sizes-mb 500 --workloads io-heavy --instance-types m6i.xlarge --nodes-list 4 --ec2-key-name cost-aware-emr-key --pricing-model on-demand --price-path cloud_prices/aws_prices.csv --step-timeout-minutes 45 --submit
2026-07-24T11:40:41.225506+00:00,ap-southeast-1,10.0,memory-heavy,c5.xlarge,4,step,j-1DV82IBDMRWDI,s-03811462RH6N4RQCT4YX,CANCELLED,"{'State': 'CANCELLED', 'StateChangeReason': {'Message': 'Cluster terminated'}, 'Timeline': {'CreationDateTime': datetime.datetime(2026, 7, 24, 17, 10, 10, 473000, tzinfo=tzlocal())}} | cluster_reason={'Code': 'VALIDATION_ERROR', 'Message': 'The subnet configuration was invalid: The subnet subnet-REPLACE_ME_AP_SOUTH_1 does not exist.'} | error_details=[]",python scripts/run_emr_regional_resumable_batch.py --region ap-southeast-1 --dataset-sizes-mb 10 --workloads memory-heavy --instance-types c5.xlarge --nodes-list 4 --ec2-key-name cost-aware-emr-key --pricing-model on-demand --price-path cloud_prices/aws_prices.csv --step-timeout-minutes 45 --submit
2026-07-24T11:40:41.305524+00:00,ap-southeast-1,500.0,memory-heavy,c5.xlarge,4,step,j-25OUU2236720J,s-09286212FARY9164X65A,CANCELLED,"{'State': 'CANCELLED', 'StateChangeReason': {'Message': 'Cluster terminated'}, 'Timeline': {'CreationDateTime': datetime.datetime(2026, 7, 24, 17, 10, 10, 448000, tzinfo=tzlocal())}} | cluster_reason={'Code': 'VALIDATION_ERROR', 'Message': 'The subnet configuration was invalid: The subnet subnet-REPLACE_ME_AP_SOUTH_1 does not exist.'} | error_details=[]",python scripts/run_emr_regional_resumable_batch.py --region ap-southeast-1 --dataset-sizes-mb 500 --workloads memory-heavy --instance-types c5.xlarge --nodes-list 4 --ec2-key-name cost-aware-emr-key --pricing-model on-demand --price-path cloud_prices/aws_prices.csv --step-timeout-minutes 45 --submit
2026-07-24T11:41:13.429349+00:00,ap-southeast-1,3072.0,cpu-heavy,c5.xlarge,2,step,j-L24GLJS3YJ7K,s-01362283YMKH6EB8WAS,CANCELLED,"{'State': 'CANCELLED', 'StateChangeReason': {'Message': 'Cluster terminated'}, 'Timeline': {'CreationDateTime': datetime.datetime(2026, 7, 24, 17, 10, 42, 598000, tzinfo=tzlocal())}} | cluster_reason={'Code': 'VALIDATION_ERROR', 'Message': 'The subnet configuration was invalid: The subnet subnet-REPLACE_ME_AP_SOUTH_1 does not exist.'} | error_details=[]",python scripts/run_emr_regional_resumable_batch.py --region ap-southeast-1 --dataset-sizes-mb 3072 --workloads cpu-heavy --instance-types c5.xlarge --nodes-list 2 --ec2-key-name cost-aware-emr-key --pricing-model on-demand --price-path cloud_prices/aws_prices.csv --step-timeout-minutes 45 --submit
2026-07-24T11:41:13.540035+00:00,ap-southeast-1,1024.0,io-heavy,m5a.xlarge,4,step,j-FDENYRBI97HH,s-0659769D9JUNUK94D3,CANCELLED,"{'State': 'CANCELLED', 'StateChangeReason': {'Message': 'Cluster terminated'}, 'Timeline': {'CreationDateTime': datetime.datetime(2026, 7, 24, 17, 10, 42, 532000, tzinfo=tzlocal())}} | cluster_reason={'Code': 'VALIDATION_ERROR', 'Message': 'The subnet configuration was invalid: The subnet subnet-REPLACE_ME_AP_SOUTH_1 does not exist.'} | error_details=[]",python scripts/run_emr_regional_resumable_batch.py --region ap-southeast-1 --dataset-sizes-mb 1024 --workloads io-heavy --instance-types m5a.xlarge --nodes-list 4 --ec2-key-name cost-aware-emr-key --pricing-model on-demand --price-path cloud_prices/aws_prices.csv --step-timeout-minutes 45 --submit
2026-07-24T11:41:45.945126+00:00,ap-southeast-1,10.0,cpu-heavy,m6i.xlarge,4,step,j-2TFRLG0J8Q4LH,s-012302317DAEB0SFNUVS,CANCELLED,"{'State': 'CANCELLED', 'StateChangeReason': {'Message': 'Cluster terminated'}, 'Timeline': {'CreationDateTime': datetime.datetime(2026, 7, 24, 17, 11, 15, 75000, tzinfo=tzlocal())}} | cluster_reason={'Code': 'VALIDATION_ERROR', 'Message': 'The subnet configuration was invalid: The subnet subnet-REPLACE_ME_AP_SOUTH_1 does not exist.'} | error_details=[]",python scripts/run_emr_regional_resumable_batch.py --region ap-southeast-1 --dataset-sizes-mb 10 --workloads cpu-heavy --instance-types m6i.xlarge --nodes-list 4 --ec2-key-name cost-aware-emr-key --pricing-model on-demand --price-path cloud_prices/aws_prices.csv --step-timeout-minutes 45 --submit
2026-07-24T11:41:45.949915+00:00,ap-southeast-1,500.0,io-heavy,m6i.xlarge,4,step,j-4AXW3FEO3IIF,s-0402356IHWZC3N2YK5I,CANCELLED,"{'State': 'CANCELLED', 'StateChangeReason': {'Message': 'Cluster terminated'}, 'Timeline': {'CreationDateTime': datetime.datetime(2026, 7, 24, 17, 11, 15, 166000, tzinfo=tzlocal())}} | cluster_reason={'Code': 'VALIDATION_ERROR', 'Message': 'The subnet configuration was invalid: The subnet subnet-REPLACE_ME_AP_SOUTH_1 does not exist.'} | error_details=[]",python scripts/run_emr_regional_resumable_batch.py --region ap-southeast-1 --dataset-sizes-mb 500 --workloads io-heavy --instance-types m6i.xlarge --nodes-list 4 --ec2-key-name cost-aware-emr-key --pricing-model on-demand --price-path cloud_prices/aws_prices.csv --step-timeout-minutes 45 --submit
2026-07-24T11:42:18.000330+00:00,ap-southeast-1,10.0,cpu-heavy,c5a.xlarge,4,step,j-2OKZEVW1YW9L6,s-038103122PDW616GT9GE,CANCELLED,"{'State': 'CANCELLED', 'StateChangeReason': {'Message': 'Cluster terminated'}, 'Timeline': {'CreationDateTime': datetime.datetime(2026, 7, 24, 17, 11, 47, 197000, tzinfo=tzlocal())}} | cluster_reason={'Code': 'VALIDATION_ERROR', 'Message': 'The subnet configuration was invalid: The subnet subnet-REPLACE_ME_AP_SOUTH_1 does not exist.'} | error_details=[]",python scripts/run_emr_regional_resumable_batch.py --region ap-southeast-1 --dataset-sizes-mb 10 --workloads cpu-heavy --instance-types c5a.xlarge --nodes-list 4 --ec2-key-name cost-aware-emr-key --pricing-model on-demand --price-path cloud_prices/aws_prices.csv --step-timeout-minutes 45 --submit
2026-07-24T11:42:18.069302+00:00,ap-southeast-1,3072.0,io-heavy,m6i.xlarge,4,step,j-7K49QWRY3KLK,s-03810303IME5QF98O9MH,CANCELLED,"{'State': 'CANCELLED', 'StateChangeReason': {'Message': 'Cluster terminated'}, 'Timeline': {'CreationDateTime': datetime.datetime(2026, 7, 24, 17, 11, 47, 243000, tzinfo=tzlocal())}} | cluster_reason={'Code': 'VALIDATION_ERROR', 'Message': 'The subnet configuration was invalid: The subnet subnet-REPLACE_ME_AP_SOUTH_1 does not exist.'} | error_details=[]",python scripts/run_emr_regional_resumable_batch.py --region ap-southeast-1 --dataset-sizes-mb 3072 --workloads io-heavy --instance-types m6i.xlarge --nodes-list 4 --ec2-key-name cost-aware-emr-key --pricing-model on-demand --price-path cloud_prices/aws_prices.csv --step-timeout-minutes 45 --submit
2026-07-24T11:42:49.942320+00:00,ap-southeast-1,10.0,memory-heavy,c5a.xlarge,4,step,j-8UU4AKM2BB0X,s-06953512JHYH1LT3F4HK,CANCELLED,"{'State': 'CANCELLED', 'StateChangeReason': {'Message': 'Cluster terminated'}, 'Timeline': {'CreationDateTime': datetime.datetime(2026, 7, 24, 17, 12, 19, 196000, tzinfo=tzlocal())}} | cluster_reason={'Code': 'VALIDATION_ERROR', 'Message': 'The subnet configuration was invalid: The subnet subnet-REPLACE_ME_AP_SOUTH_1 does not exist.'} | error_details=[]",python scripts/run_emr_regional_resumable_batch.py --region ap-southeast-1 --dataset-sizes-mb 10 --workloads memory-heavy --instance-types c5a.xlarge --nodes-list 4 --ec2-key-name cost-aware-emr-key --pricing-model on-demand --price-path cloud_prices/aws_prices.csv --step-timeout-minutes 45 --submit
2026-07-24T11:42:50.004405+00:00,ap-southeast-1,10.0,io-heavy,m6i.xlarge,4,step,j-20QYTL9KYKNNP,s-01356892BBF8A77OETAY,CANCELLED,"{'State': 'CANCELLED', 'StateChangeReason': {'Message': 'Cluster terminated'}, 'Timeline': {'CreationDateTime': datetime.datetime(2026, 7, 24, 17, 12, 19, 167000, tzinfo=tzlocal())}} | cluster_reason={'Code': 'VALIDATION_ERROR', 'Message': 'The subnet configuration was invalid: The subnet subnet-REPLACE_ME_AP_SOUTH_1 does not exist.'} | error_details=[]",python scripts/run_emr_regional_resumable_batch.py --region ap-southeast-1 --dataset-sizes-mb 10 --workloads io-heavy --instance-types m6i.xlarge --nodes-list 4 --ec2-key-name cost-aware-emr-key --pricing-model on-demand --price-path cloud_prices/aws_prices.csv --step-timeout-minutes 45 --submit
2026-07-24T11:43:21.909809+00:00,ap-southeast-1,500.0,io-heavy,m6i.xlarge,2,step,j-ZU6PIXAKG7DW,s-06708773NAOK50G7F7XB,CANCELLED,"{'State': 'CANCELLED', 'StateChangeReason': {'Message': 'Cluster terminated'}, 'Timeline': {'CreationDateTime': datetime.datetime(2026, 7, 24, 17, 12, 51, 108000, tzinfo=tzlocal())}} | cluster_reason={'Code': 'VALIDATION_ERROR', 'Message': 'The subnet configuration was invalid: The subnet subnet-REPLACE_ME_AP_SOUTH_1 does not exist.'} | error_details=[]",python scripts/run_emr_regional_resumable_batch.py --region ap-southeast-1 --dataset-sizes-mb 500 --workloads io-heavy --instance-types m6i.xlarge --nodes-list 2 --ec2-key-name cost-aware-emr-key --pricing-model on-demand --price-path cloud_prices/aws_prices.csv --step-timeout-minutes 45 --submit
2026-07-24T11:43:21.915334+00:00,ap-southeast-1,1024.0,memory-heavy,c5.xlarge,2,step,j-3L5GZL95L0Q8S,s-03809728ARCOPBJMF96,CANCELLED,"{'State': 'CANCELLED', 'StateChangeReason': {'Message': 'Cluster terminated'}, 'Timeline': {'CreationDateTime': datetime.datetime(2026, 7, 24, 17, 12, 51, 164000, tzinfo=tzlocal())}} | cluster_reason={'Code': 'VALIDATION_ERROR', 'Message': 'The subnet configuration was invalid: The subnet subnet-REPLACE_ME_AP_SOUTH_1 does not exist.'} | error_details=[]",python scripts/run_emr_regional_resumable_batch.py --region ap-southeast-1 --dataset-sizes-mb 1024 --workloads memory-heavy --instance-types c5.xlarge --nodes-list 2 --ec2-key-name cost-aware-emr-key --pricing-model on-demand --price-path cloud_prices/aws_prices.csv --step-timeout-minutes 45 --submit
2026-07-24T11:43:54.046235+00:00,ap-southeast-1,100.0,cpu-heavy,c5.xlarge,2,step,j-KN5R0DY5ZPVS,s-016770329RGGE9XN1S1S,CANCELLED,"{'State': 'CANCELLED', 'StateChangeReason': {'Message': 'Cluster terminated'}, 'Timeline': {'CreationDateTime': datetime.datetime(2026, 7, 24, 17, 13, 23, 241000, tzinfo=tzlocal())}} | cluster_reason={'Code': 'VALIDATION_ERROR', 'Message': 'The subnet configuration was invalid: The subnet subnet-REPLACE_ME_AP_SOUTH_1 does not exist.'} | error_details=[]",python scripts/run_emr_regional_resumable_batch.py --region ap-southeast-1 --dataset-sizes-mb 100 --workloads cpu-heavy --instance-types c5.xlarge --nodes-list 2 --ec2-key-name cost-aware-emr-key --pricing-model on-demand --price-path cloud_prices/aws_prices.csv --step-timeout-minutes 45 --submit
2026-07-24T11:43:54.149453+00:00,ap-southeast-1,10.0,io-heavy,m6i.xlarge,2,step,j-25DJMKSQYV77Q,s-07141141CSL0C3S6YI9M,CANCELLED,"{'State': 'CANCELLED', 'StateChangeReason': {'Message': 'Cluster terminated'}, 'Timeline': {'CreationDateTime': datetime.datetime(2026, 7, 24, 17, 13, 23, 364000, tzinfo=tzlocal())}} | cluster_reason={'Code': 'VALIDATION_ERROR', 'Message': 'The subnet configuration was invalid: The subnet subnet-REPLACE_ME_AP_SOUTH_1 does not exist.'} | error_details=[]",python scripts/run_emr_regional_resumable_batch.py --region ap-southeast-1 --dataset-sizes-mb 10 --workloads io-heavy --instance-types m6i.xlarge --nodes-list 2 --ec2-key-name cost-aware-emr-key --pricing-model on-demand --price-path cloud_prices/aws_prices.csv --step-timeout-minutes 45 --submit
2026-07-24T11:44:26.686491+00:00,ap-southeast-1,100.0,io-heavy,m6i.xlarge,4,step,j-11CGB1XI8Q4O9,s-0703992240XE2BMTQP6L,CANCELLED,"{'State': 'CANCELLED', 'StateChangeReason': {'Message': 'Cluster terminated'}, 'Timeline': {'CreationDateTime': datetime.datetime(2026, 7, 24, 17, 13, 55, 853000, tzinfo=tzlocal())}} | cluster_reason={'Code': 'VALIDATION_ERROR', 'Message': 'The subnet configuration was invalid: The subnet subnet-REPLACE_ME_AP_SOUTH_1 does not exist.'} | error_details=[]",python scripts/run_emr_regional_resumable_batch.py --region ap-southeast-1 --dataset-sizes-mb 100 --workloads io-heavy --instance-types m6i.xlarge --nodes-list 4 --ec2-key-name cost-aware-emr-key --pricing-model on-demand --price-path cloud_prices/aws_prices.csv --step-timeout-minutes 45 --submit
2026-07-24T11:44:26.723728+00:00,ap-southeast-1,500.0,cpu-heavy,c5.xlarge,4,step,j-2X34P13RPSPC6,s-092685431GP6CTUK0OQL,CANCELLED,"{'State': 'CANCELLED', 'StateChangeReason': {'Message': 'Cluster terminated'}, 'Timeline': {'CreationDateTime': datetime.datetime(2026, 7, 24, 17, 13, 55, 796000, tzinfo=tzlocal())}} | cluster_reason={'Code': 'VALIDATION_ERROR', 'Message': 'The subnet configuration was invalid: The subnet subnet-REPLACE_ME_AP_SOUTH_1 does not exist.'} | error_details=[]",python scripts/run_emr_regional_resumable_batch.py --region ap-southeast-1 --dataset-sizes-mb 500 --workloads cpu-heavy --instance-types c5.xlarge --nodes-list 4 --ec2-key-name cost-aware-emr-key --pricing-model on-demand --price-path cloud_prices/aws_prices.csv --step-timeout-minutes 45 --submit
2026-07-24T11:44:58.889644+00:00,ap-southeast-1,10.0,io-heavy,m6i.xlarge,2,step,j-R57ILG6TM4RX,s-01367291K3NLATKB3R52,CANCELLED,"{'State': 'CANCELLED', 'StateChangeReason': {'Message': 'Cluster terminated'}, 'Timeline': {'CreationDateTime': datetime.datetime(2026, 7, 24, 17, 14, 28, 10000, tzinfo=tzlocal())}} | cluster_reason={'Code': 'VALIDATION_ERROR', 'Message': 'The subnet configuration was invalid: The subnet subnet-REPLACE_ME_AP_SOUTH_1 does not exist.'} | error_details=[]",python scripts/run_emr_regional_resumable_batch.py --region ap-southeast-1 --dataset-sizes-mb 10 --workloads io-heavy --instance-types m6i.xlarge --nodes-list 2 --ec2-key-name cost-aware-emr-key --pricing-model on-demand --price-path cloud_prices/aws_prices.csv --step-timeout-minutes 45 --submit
2026-07-24T11:44:58.916760+00:00,ap-southeast-1,100.0,io-heavy,c5.xlarge,2,step,j-176I6Y09DTRE7,s-01004333M5ZAQ9T2O1LA,CANCELLED,"{'State': 'CANCELLED', 'StateChangeReason': {'Message': 'Cluster terminated'}, 'Timeline': {'CreationDateTime': datetime.datetime(2026, 7, 24, 17, 14, 28, 7000, tzinfo=tzlocal())}} | cluster_reason={'Code': 'VALIDATION_ERROR', 'Message': 'The subnet configuration was invalid: The subnet subnet-REPLACE_ME_AP_SOUTH_1 does not exist.'} | error_details=[]",python scripts/run_emr_regional_resumable_batch.py --region ap-southeast-1 --dataset-sizes-mb 100 --workloads io-heavy --instance-types c5.xlarge --nodes-list 2 --ec2-key-name cost-aware-emr-key --pricing-model on-demand --price-path cloud_prices/aws_prices.csv --step-timeout-minutes 45 --submit
2026-07-24T11:45:30.993664+00:00,ap-southeast-1,3072.0,memory-heavy,m5a.xlarge,2,step,j-32EY2AGYR8WTZ,s-0403679S3J5OOUQODHC,CANCELLED,"{'State': 'CANCELLED', 'StateChangeReason': {'Message': 'Cluster terminated'}, 'Timeline': {'CreationDateTime': datetime.datetime(2026, 7, 24, 17, 15, 0, 188000, tzinfo=tzlocal())}} | cluster_reason={'Code': 'VALIDATION_ERROR', 'Message': 'The subnet configuration was invalid: The subnet subnet-REPLACE_ME_AP_SOUTH_1 does not exist.'} | error_details=[]",python scripts/run_emr_regional_resumable_batch.py --region ap-southeast-1 --dataset-sizes-mb 3072 --workloads memory-heavy --instance-types m5a.xlarge --nodes-list 2 --ec2-key-name cost-aware-emr-key --pricing-model on-demand --price-path cloud_prices/aws_prices.csv --step-timeout-minutes 45 --submit
2026-07-24T11:45:31.017951+00:00,ap-southeast-1,2048.0,memory-heavy,m6i.xlarge,4,step,j-PWOC2XPUIJWK,s-029604630OQW2YF979QW,CANCELLED,"{'State': 'CANCELLED', 'StateChangeReason': {'Message': 'Cluster terminated'}, 'Timeline': {'CreationDateTime': datetime.datetime(2026, 7, 24, 17, 15, 0, 251000, tzinfo=tzlocal())}} | cluster_reason={'Code': 'VALIDATION_ERROR', 'Message': 'The subnet configuration was invalid: The subnet subnet-REPLACE_ME_AP_SOUTH_1 does not exist.'} | error_details=[]",python scripts/run_emr_regional_resumable_batch.py --region ap-southeast-1 --dataset-sizes-mb 2048 --workloads memory-heavy --instance-types m6i.xlarge --nodes-list 4 --ec2-key-name cost-aware-emr-key --pricing-model on-demand --price-path cloud_prices/aws_prices.csv --step-timeout-minutes 45 --submit
2026-07-24T11:46:03.832769+00:00,ap-southeast-1,10.0,cpu-heavy,c5a.xlarge,2,step,j-FNG8R2RY36YT,s-01416041Q14UDVQ5FNLJ,CANCELLED,"{'State': 'CANCELLED', 'StateChangeReason': {'Message': 'Cluster terminated'}, 'Timeline': {'CreationDateTime': datetime.datetime(2026, 7, 24, 17, 15, 32, 211000, tzinfo=tzlocal())}} | cluster_reason={'Code': 'VALIDATION_ERROR', 'Message': 'The subnet configuration was invalid: The subnet subnet-REPLACE_ME_AP_SOUTH_1 does not exist.'} | error_details=[]",python scripts/run_emr_regional_resumable_batch.py --region ap-southeast-1 --dataset-sizes-mb 10 --workloads cpu-heavy --instance-types c5a.xlarge --nodes-list 2 --ec2-key-name cost-aware-emr-key --pricing-model on-demand --price-path cloud_prices/aws_prices.csv --step-timeout-minutes 45 --submit
2026-07-24T11:46:03.894953+00:00,ap-southeast-1,1024.0,cpu-heavy,c5.xlarge,2,step,j-3VX75TJLAWYGH,s-04367691KIL79AB8BGFN,CANCELLED,"{'State': 'CANCELLED', 'StateChangeReason': {'Message': 'Cluster terminated'}, 'Timeline': {'CreationDateTime': datetime.datetime(2026, 7, 24, 17, 15, 32, 222000, tzinfo=tzlocal())}} | cluster_reason={'Code': 'VALIDATION_ERROR', 'Message': 'The subnet configuration was invalid: The subnet subnet-REPLACE_ME_AP_SOUTH_1 does not exist.'} | error_details=[]",python scripts/run_emr_regional_resumable_batch.py --region ap-southeast-1 --dataset-sizes-mb 1024 --workloads cpu-heavy --instance-types c5.xlarge --nodes-list 2 --ec2-key-name cost-aware-emr-key --pricing-model on-demand --price-path cloud_prices/aws_prices.csv --step-timeout-minutes 45 --submit
2026-07-24T11:46:36.151135+00:00,ap-southeast-1,100.0,io-heavy,c5.xlarge,2,step,j-1DJ8SZZE7G3N7,s-083360366U8NGI49XSV,CANCELLED,"{'State': 'CANCELLED', 'StateChangeReason': {'Message': 'Cluster terminated'}, 'Timeline': {'CreationDateTime': datetime.datetime(2026, 7, 24, 17, 16, 5, 224000, tzinfo=tzlocal())}} | cluster_reason={'Code': 'VALIDATION_ERROR', 'Message': 'The subnet configuration was invalid: The subnet subnet-REPLACE_ME_AP_SOUTH_1 does not exist.'} | error_details=[]",python scripts/run_emr_regional_resumable_batch.py --region ap-southeast-1 --dataset-sizes-mb 100 --workloads io-heavy --instance-types c5.xlarge --nodes-list 2 --ec2-key-name cost-aware-emr-key --pricing-model on-demand --price-path cloud_prices/aws_prices.csv --step-timeout-minutes 45 --submit
2026-07-24T11:46:36.256774+00:00,ap-southeast-1,500.0,io-heavy,m5a.xlarge,4,step,j-2QYGX2C4DZ908,s-00553771GKDYLX6KWBKI,CANCELLED,"{'State': 'CANCELLED', 'StateChangeReason': {'Message': 'Cluster terminated'}, 'Timeline': {'CreationDateTime': datetime.datetime(2026, 7, 24, 17, 16, 5, 412000, tzinfo=tzlocal())}} | cluster_reason={'Code': 'VALIDATION_ERROR', 'Message': 'The subnet configuration was invalid: The subnet subnet-REPLACE_ME_AP_SOUTH_1 does not exist.'} | error_details=[]",python scripts/run_emr_regional_resumable_batch.py --region ap-southeast-1 --dataset-sizes-mb 500 --workloads io-heavy --instance-types m5a.xlarge --nodes-list 4 --ec2-key-name cost-aware-emr-key --pricing-model on-demand --price-path cloud_prices/aws_prices.csv --step-timeout-minutes 45 --submit
2026-07-24T11:47:08.295785+00:00,ap-southeast-1,1024.0,memory-heavy,m5a.xlarge,4,step,j-2SB57Y53KLTAX,s-040346027Z396NA6O8H,CANCELLED,"{'State': 'CANCELLED', 'StateChangeReason': {'Message': 'Cluster terminated'}, 'Timeline': {'CreationDateTime': datetime.datetime(2026, 7, 24, 17, 16, 37, 429000, tzinfo=tzlocal())}} | cluster_reason={'Code': 'VALIDATION_ERROR', 'Message': 'The subnet configuration was invalid: The subnet subnet-REPLACE_ME_AP_SOUTH_1 does not exist.'} | error_details=[]",python scripts/run_emr_regional_resumable_batch.py --region ap-southeast-1 --dataset-sizes-mb 1024 --workloads memory-heavy --instance-types m5a.xlarge --nodes-list 4 --ec2-key-name cost-aware-emr-key --pricing-model on-demand --price-path cloud_prices/aws_prices.csv --step-timeout-minutes 45 --submit
2026-07-24T11:47:08.337281+00:00,ap-southeast-1,500.0,memory-heavy,c5.xlarge,2,step,j-27QMHZKCKWTGK,s-0070991PSF9IQYR3D6Y,CANCELLED,"{'State': 'CANCELLED', 'StateChangeReason': {'Message': 'Cluster terminated'}, 'Timeline': {'CreationDateTime': datetime.datetime(2026, 7, 24, 17, 16, 37, 500000, tzinfo=tzlocal())}} | cluster_reason={'Code': 'VALIDATION_ERROR', 'Message': 'The subnet configuration was invalid: The subnet subnet-REPLACE_ME_AP_SOUTH_1 does not exist.'} | error_details=[]",python scripts/run_emr_regional_resumable_batch.py --region ap-southeast-1 --dataset-sizes-mb 500 --workloads memory-heavy --instance-types c5.xlarge --nodes-list 2 --ec2-key-name cost-aware-emr-key --pricing-model on-demand --price-path cloud_prices/aws_prices.csv --step-timeout-minutes 45 --submit
2026-07-24T11:47:40.342306+00:00,ap-southeast-1,10.0,memory-heavy,c5.xlarge,2,step,j-2I4M3CZM8KNAW,s-00281863BKJD1NTU5SRV,CANCELLED,"{'State': 'CANCELLED', 'StateChangeReason': {'Message': 'Cluster terminated'}, 'Timeline': {'CreationDateTime': datetime.datetime(2026, 7, 24, 17, 17, 9, 610000, tzinfo=tzlocal())}} | cluster_reason={'Code': 'VALIDATION_ERROR', 'Message': 'The subnet configuration was invalid: The subnet subnet-REPLACE_ME_AP_SOUTH_1 does not exist.'} | error_details=[]",python scripts/run_emr_regional_resumable_batch.py --region ap-southeast-1 --dataset-sizes-mb 10 --workloads memory-heavy --instance-types c5.xlarge --nodes-list 2 --ec2-key-name cost-aware-emr-key --pricing-model on-demand --price-path cloud_prices/aws_prices.csv --step-timeout-minutes 45 --submit
2026-07-24T11:47:40.390299+00:00,ap-southeast-1,10.0,cpu-heavy,m5a.xlarge,2,step,j-O7YGQJKA58NU,s-09272721MUDRDSBN51DI,CANCELLED,"{'State': 'CANCELLED', 'StateChangeReason': {'Message': 'Cluster terminated'}, 'Timeline': {'CreationDateTime': datetime.datetime(2026, 7, 24, 17, 17, 9, 610000, tzinfo=tzlocal())}} | cluster_reason={'Code': 'VALIDATION_ERROR', 'Message': 'The subnet configuration was invalid: The subnet subnet-REPLACE_ME_AP_SOUTH_1 does not exist.'} | error_details=[]",python scripts/run_emr_regional_resumable_batch.py --region ap-southeast-1 --dataset-sizes-mb 10 --workloads cpu-heavy --instance-types m5a.xlarge --nodes-list 2 --ec2-key-name cost-aware-emr-key --pricing-model on-demand --price-path cloud_prices/aws_prices.csv --step-timeout-minutes 45 --submit
2026-07-24T11:48:12.865042+00:00,ap-southeast-1,10.0,io-heavy,c5.xlarge,2,step,j-2G2W78N9ZLPDN,s-09273801OEV5KGHHZF3M,CANCELLED,"{'State': 'CANCELLED', 'StateChangeReason': {'Message': 'Cluster terminated'}, 'Timeline': {'CreationDateTime': datetime.datetime(2026, 7, 24, 17, 17, 41, 603000, tzinfo=tzlocal())}} | cluster_reason={'Code': 'VALIDATION_ERROR', 'Message': 'The subnet configuration was invalid: The subnet subnet-REPLACE_ME_AP_SOUTH_1 does not exist.'} | error_details=[]",python scripts/run_emr_regional_resumable_batch.py --region ap-southeast-1 --dataset-sizes-mb 10 --workloads io-heavy --instance-types c5.xlarge --nodes-list 2 --ec2-key-name cost-aware-emr-key --pricing-model on-demand --price-path cloud_prices/aws_prices.csv --step-timeout-minutes 45 --submit
2026-07-24T11:48:12.999849+00:00,ap-southeast-1,500.0,io-heavy,c5a.xlarge,4,step,j-27B9SL970A53U,s-06652112ED4084ZLHG0Z,CANCELLED,"{'State': 'CANCELLED', 'StateChangeReason': {'Message': 'Cluster terminated'}, 'Timeline': {'CreationDateTime': datetime.datetime(2026, 7, 24, 17, 17, 41, 621000, tzinfo=tzlocal())}} | cluster_reason={'Code': 'VALIDATION_ERROR', 'Message': 'The subnet configuration was invalid: The subnet subnet-REPLACE_ME_AP_SOUTH_1 does not exist.'} | error_details=[]",python scripts/run_emr_regional_resumable_batch.py --region ap-southeast-1 --dataset-sizes-mb 500 --workloads io-heavy --instance-types c5a.xlarge --nodes-list 4 --ec2-key-name cost-aware-emr-key --pricing-model on-demand --price-path cloud_prices/aws_prices.csv --step-timeout-minutes 45 --submit
2026-07-24T11:48:45.168015+00:00,ap-southeast-1,100.0,cpu-heavy,c5a.xlarge,2,step,j-LLLVE5S64L50,s-06764893IZMVAJ54QHW9,CANCELLED,"{'State': 'CANCELLED', 'StateChangeReason': {'Message': 'Cluster terminated'}, 'Timeline': {'CreationDateTime': datetime.datetime(2026, 7, 24, 17, 18, 14, 354000, tzinfo=tzlocal())}} | cluster_reason={'Code': 'VALIDATION_ERROR', 'Message': 'The subnet configuration was invalid: The subnet subnet-REPLACE_ME_AP_SOUTH_1 does not exist.'} | error_details=[]",python scripts/run_emr_regional_resumable_batch.py --region ap-southeast-1 --dataset-sizes-mb 100 --workloads cpu-heavy --instance-types c5a.xlarge --nodes-list 2 --ec2-key-name cost-aware-emr-key --pricing-model on-demand --price-path cloud_prices/aws_prices.csv --step-timeout-minutes 45 --submit
2026-07-24T11:48:45.268617+00:00,ap-southeast-1,100.0,memory-heavy,m5a.xlarge,2,step,j-13VLKV5ZMJ45,s-00306623TPV2ASIQWV80,CANCELLED,"{'State': 'CANCELLED', 'StateChangeReason': {'Message': 'Cluster terminated'}, 'Timeline': {'CreationDateTime': datetime.datetime(2026, 7, 24, 17, 18, 14, 274000, tzinfo=tzlocal())}} | cluster_reason={'Code': 'VALIDATION_ERROR', 'Message': 'The subnet configuration was invalid: The subnet subnet-REPLACE_ME_AP_SOUTH_1 does not exist.'} | error_details=[]",python scripts/run_emr_regional_resumable_batch.py --region ap-southeast-1 --dataset-sizes-mb 100 --workloads memory-heavy --instance-types m5a.xlarge --nodes-list 2 --ec2-key-name cost-aware-emr-key --pricing-model on-demand --price-path cloud_prices/aws_prices.csv --step-timeout-minutes 45 --submit
2026-07-24T11:49:17.436086+00:00,ap-southeast-1,10.0,cpu-heavy,m5a.xlarge,2,step,j-33V4P944DM24W,s-093287513R1JPCZY0U4U,CANCELLED,"{'State': 'CANCELLED', 'StateChangeReason': {'Message': 'Cluster terminated'}, 'Timeline': {'CreationDateTime': datetime.datetime(2026, 7, 24, 17, 18, 46, 618000, tzinfo=tzlocal())}} | cluster_reason={'Code': 'VALIDATION_ERROR', 'Message': 'The subnet configuration was invalid: The subnet subnet-REPLACE_ME_AP_SOUTH_1 does not exist.'} | error_details=[]",python scripts/run_emr_regional_resumable_batch.py --region ap-southeast-1 --dataset-sizes-mb 10 --workloads cpu-heavy --instance-types m5a.xlarge --nodes-list 2 --ec2-key-name cost-aware-emr-key --pricing-model on-demand --price-path cloud_prices/aws_prices.csv --step-timeout-minutes 45 --submit
2026-07-24T11:49:17.546411+00:00,ap-southeast-1,10.0,cpu-heavy,m6i.xlarge,4,step,j-1G4ISZFGJYN1T,s-0678000XRQMKQM460RA,CANCELLED,"{'State': 'CANCELLED', 'StateChangeReason': {'Message': 'Cluster terminated'}, 'Timeline': {'CreationDateTime': datetime.datetime(2026, 7, 24, 17, 18, 46, 585000, tzinfo=tzlocal())}} | cluster_reason={'Code': 'VALIDATION_ERROR', 'Message': 'The subnet configuration was invalid: The subnet subnet-REPLACE_ME_AP_SOUTH_1 does not exist.'} | error_details=[]",python scripts/run_emr_regional_resumable_batch.py --region ap-southeast-1 --dataset-sizes-mb 10 --workloads cpu-heavy --instance-types m6i.xlarge --nodes-list 4 --ec2-key-name cost-aware-emr-key --pricing-model on-demand --price-path cloud_prices/aws_prices.csv --step-timeout-minutes 45 --submit
2026-07-24T11:49:49.725693+00:00,ap-southeast-1,100.0,io-heavy,c5.xlarge,2,step,j-18VJRAFFS7T87,s-09281309V5VXJC2A3QE,CANCELLED,"{'State': 'CANCELLED', 'StateChangeReason': {'Message': 'Cluster terminated'}, 'Timeline': {'CreationDateTime': datetime.datetime(2026, 7, 24, 17, 19, 18, 846000, tzinfo=tzlocal())}} | cluster_reason={'Code': 'VALIDATION_ERROR', 'Message': 'The subnet configuration was invalid: The subnet subnet-REPLACE_ME_AP_SOUTH_1 does not exist.'} | error_details=[]",python scripts/run_emr_regional_resumable_batch.py --region ap-southeast-1 --dataset-sizes-mb 100 --workloads io-heavy --instance-types c5.xlarge --nodes-list 2 --ec2-key-name cost-aware-emr-key --pricing-model on-demand --price-path cloud_prices/aws_prices.csv --step-timeout-minutes 45 --submit
2026-07-24T11:49:49.742503+00:00,ap-southeast-1,10.0,io-heavy,c6i.xlarge,2,step,j-1MHZQ75M56Z7,s-0926870G0FOCN66ZHH0,CANCELLED,"{'State': 'CANCELLED', 'StateChangeReason': {'Message': 'Cluster terminated'}, 'Timeline': {'CreationDateTime': datetime.datetime(2026, 7, 24, 17, 19, 18, 760000, tzinfo=tzlocal())}} | cluster_reason={'Code': 'VALIDATION_ERROR', 'Message': 'The subnet configuration was invalid: The subnet subnet-REPLACE_ME_AP_SOUTH_1 does not exist.'} | error_details=[]",python scripts/run_emr_regional_resumable_batch.py --region ap-southeast-1 --dataset-sizes-mb 10 --workloads io-heavy --instance-types c6i.xlarge --nodes-list 2 --ec2-key-name cost-aware-emr-key --pricing-model on-demand --price-path cloud_prices/aws_prices.csv --step-timeout-minutes 45 --submit
2026-07-24T11:50:21.739765+00:00,ap-southeast-1,3072.0,memory-heavy,c5.xlarge,4,step,j-2EYZ0Z10BU5RN,s-04023611H4L9HPDSC4J0,CANCELLED,"{'State': 'CANCELLED', 'StateChangeReason': {'Message': 'Cluster terminated'}, 'Timeline': {'CreationDateTime': datetime.datetime(2026, 7, 24, 17, 19, 50, 879000, tzinfo=tzlocal())}} | cluster_reason={'Code': 'VALIDATION_ERROR', 'Message': 'The subnet configuration was invalid: The subnet subnet-REPLACE_ME_AP_SOUTH_1 does not exist.'} | error_details=[]",python scripts/run_emr_regional_resumable_batch.py --region ap-southeast-1 --dataset-sizes-mb 3072 --workloads memory-heavy --instance-types c5.xlarge --nodes-list 4 --ec2-key-name cost-aware-emr-key --pricing-model on-demand --price-path cloud_prices/aws_prices.csv --step-timeout-minutes 45 --submit
2026-07-24T11:50:21.932930+00:00,ap-southeast-1,10.0,memory-heavy,m6i.xlarge,4,step,j-1Q3N67ZH903X1,s-06708552FUT0C7709MVX,CANCELLED,"{'State': 'CANCELLED', 'StateChangeReason': {'Message': 'Cluster terminated'}, 'Timeline': {'CreationDateTime': datetime.datetime(2026, 7, 24, 17, 19, 50, 987000, tzinfo=tzlocal())}} | cluster_reason={'Code': 'VALIDATION_ERROR', 'Message': 'The subnet configuration was invalid: The subnet subnet-REPLACE_ME_AP_SOUTH_1 does not exist.'} | error_details=[]",python scripts/run_emr_regional_resumable_batch.py --region ap-southeast-1 --dataset-sizes-mb 10 --workloads memory-heavy --instance-types m6i.xlarge --nodes-list 4 --ec2-key-name cost-aware-emr-key --pricing-model on-demand --price-path cloud_prices/aws_prices.csv --step-timeout-minutes 45 --submit
2026-07-24T12:13:51.966496+00:00,ap-south-1,100.0,io-heavy,m5.xlarge,2,monitor,j-335OX9T6JR1VN,,,"ClientError: An error occurred (InvalidSignatureException) when calling the ListSteps operation: Signature expired: 20260724T115850Z is now earlier than 20260724T120851Z (20260724T121351Z - 5 min.)
Traceback (most recent call last):
  File ""<project-root>/scripts/run_emr_regional_resumable_batch.py"", line 352, in run_one
    step = wait_for_step(emr, cluster_id, args.poll_seconds, args.step_timeout_minutes)
           ^^^^^^^^^^^^^^^^^^^^^^^^^^^^^^^^^^^^^^^^^^^^^^^^^^^^^^^^^^^^^^^^^^^^^^^^^^^^
  File ""<project-root>/scripts/run_emr_regional_resumable_batch.py"", line 229, in wait_for_step
    response = emr.list_steps(ClusterId=cluster_id)
               ^^^^^^^^^^^^^^^^^^^^^^^^^^^^^^^^^^^^
  File ""<project-root>/.venv/lib/python3.11/site-packages/botocore/client.py"", line 606, in _api_call
    return self._make_api_call(operation_name, kwargs)
           ^^^^^^^^^^^^^^^^^^^^^^^^^^^^^^^^^^^^^^^^^^^
  File ""<project-root>/.venv/lib/python3.11/site-packages/botocore/context.py"", line 123, in wrapper
    return func(*args, **kwargs)
           ^^^^^^^^^^^^^^^^^^^^^
botocore.exceptions.ClientError: An error occurred (InvalidSignatureException) when calling the ListSteps operation: Signature",python scripts/run_emr_regional_resumable_batch.py --region ap-south-1 --dataset-sizes-mb 100 --workloads io-heavy --instance-types m5.xlarge --nodes-list 2 --ec2-key-name cost-aware-emr-key --pricing-model on-demand --price-path cloud_prices/aws_prices.csv --step-timeout-minutes 45 --submit
2026-07-24T14:37:00.680330+00:00,ap-south-1,1024.0,memory-heavy,c5a.xlarge,2,monitor,j-34LQYOK9ORRG1,,,"ClientError: An error occurred (InvalidSignatureException) when calling the ListSteps operation: Signature expired: 20260724T141932Z is now earlier than 20260724T143200Z (20260724T143700Z - 5 min.)
Traceback (most recent call last):
  File ""<project-root>/scripts/run_emr_regional_resumable_batch.py"", line 352, in run_one
    step = wait_for_step(emr, cluster_id, args.poll_seconds, args.step_timeout_minutes)
           ^^^^^^^^^^^^^^^^^^^^^^^^^^^^^^^^^^^^^^^^^^^^^^^^^^^^^^^^^^^^^^^^^^^^^^^^^^^^
  File ""<project-root>/scripts/run_emr_regional_resumable_batch.py"", line 229, in wait_for_step
    response = emr.list_steps(ClusterId=cluster_id)
               ^^^^^^^^^^^^^^^^^^^^^^^^^^^^^^^^^^^^
  File ""<project-root>/.venv/lib/python3.11/site-packages/botocore/client.py"", line 606, in _api_call
    return self._make_api_call(operation_name, kwargs)
           ^^^^^^^^^^^^^^^^^^^^^^^^^^^^^^^^^^^^^^^^^^^
  File ""<project-root>/.venv/lib/python3.11/site-packages/botocore/context.py"", line 123, in wrapper
    return func(*args, **kwargs)
           ^^^^^^^^^^^^^^^^^^^^^
botocore.exceptions.ClientError: An error occurred (InvalidSignatureException) when calling the ListSteps operation: Signature",python scripts/run_emr_regional_resumable_batch.py --region ap-south-1 --dataset-sizes-mb 1024 --workloads memory-heavy --instance-types c5a.xlarge --nodes-list 2 --ec2-key-name cost-aware-emr-key --pricing-model on-demand --price-path cloud_prices/aws_prices.csv --step-timeout-minutes 45 --submit
2026-07-24T21:46:36.194006+00:00,ap-southeast-1,100.0,io-heavy,m5.xlarge,2,monitor,j-221XER0GFNPVQ,,,"ClientError: An error occurred (InvalidSignatureException) when calling the ListSteps operation: Signature expired: 20260724T213135Z is now earlier than 20260724T214136Z (20260724T214636Z - 5 min.)
Traceback (most recent call last):
  File ""<project-root>/scripts/run_emr_regional_resumable_batch.py"", line 352, in run_one
    step = wait_for_step(emr, cluster_id, args.poll_seconds, args.step_timeout_minutes)
           ^^^^^^^^^^^^^^^^^^^^^^^^^^^^^^^^^^^^^^^^^^^^^^^^^^^^^^^^^^^^^^^^^^^^^^^^^^^^
  File ""<project-root>/scripts/run_emr_regional_resumable_batch.py"", line 229, in wait_for_step
    response = emr.list_steps(ClusterId=cluster_id)
               ^^^^^^^^^^^^^^^^^^^^^^^^^^^^^^^^^^^^
  File ""<project-root>/.venv/lib/python3.11/site-packages/botocore/client.py"", line 606, in _api_call
    return self._make_api_call(operation_name, kwargs)
           ^^^^^^^^^^^^^^^^^^^^^^^^^^^^^^^^^^^^^^^^^^^
  File ""<project-root>/.venv/lib/python3.11/site-packages/botocore/context.py"", line 123, in wrapper
    return func(*args, **kwargs)
           ^^^^^^^^^^^^^^^^^^^^^
botocore.exceptions.ClientError: An error occurred (InvalidSignatureException) when calling the ListSteps operation: Signature",python scripts/run_emr_regional_resumable_batch.py --region ap-southeast-1 --dataset-sizes-mb 100 --workloads io-heavy --instance-types m5.xlarge --nodes-list 2 --ec2-key-name cost-aware-emr-key --pricing-model on-demand --price-path cloud_prices/aws_prices.csv --step-timeout-minutes 45 --submit
