region,machine_type,vCPU,RAM_GB,nodes,Spark_Version,Java_Version,Dataset,dataset_size_mb,workload_type,Run_Number,Timestamp,runtime_minutes,cpu_avg_pct,cost_usd,Exit_Status,cloud,electricity_zone,source_file
centralindia,Standard_D2as_v4,2,8,2,3.5.1,17.0.19,10MB.csv,10,cpu,1,2026-07-23T00:49:11.220836+00:00,0.2713,62.8,0.0006,SUCCESS,Azure,IN,results_bench-cin-d2asv4-n2-1.csv
centralindia,Standard_D2as_v4,2,8,2,3.5.1,17.0.19,10MB.csv,10,cpu,2,2026-07-23T00:49:29.611606+00:00,0.2769,62.97,0.0006,SUCCESS,Azure,IN,results_bench-cin-d2asv4-n2-1.csv
centralindia,Standard_D2as_v4,2,8,2,3.5.1,17.0.19,10MB.csv,10,io,1,2026-07-23T00:50:42.762748+00:00,0.3392,94.98,0.0007,SUCCESS,Azure,IN,results_bench-cin-d2asv4-n2-1.csv
centralindia,Standard_D2as_v4,2,8,2,3.5.1,17.0.19,10MB.csv,10,io,2,2026-07-23T00:51:07.167467+00:00,0.3485,97.1,0.0007,SUCCESS,Azure,IN,results_bench-cin-d2asv4-n2-1.csv
centralindia,Standard_D2as_v4,2,8,2,3.5.1,17.0.19,10MB.csv,10,memory,1,2026-07-23T00:49:53.802830+00:00,0.3661,69.94,0.0008,SUCCESS,Azure,IN,results_bench-cin-d2asv4-n2-1.csv
centralindia,Standard_D2as_v4,2,8,2,3.5.1,17.0.19,10MB.csv,10,memory,2,2026-07-23T00:50:18.161483+00:00,0.3825,65.47,0.0008,SUCCESS,Azure,IN,results_bench-cin-d2asv4-n2-1.csv
centralindia,Standard_D2as_v4,2,8,2,3.5.1,17.0.19,100MB.csv,100,cpu,1,2026-07-23T00:51:34.304794+00:00,0.3181,64.16,0.0007,SUCCESS,Azure,IN,results_bench-cin-d2asv4-n2-1.csv
centralindia,Standard_D2as_v4,2,8,2,3.5.1,17.0.19,100MB.csv,100,cpu,2,2026-07-23T00:51:58.659560+00:00,0.3172,59.28,0.0007,SUCCESS,Azure,IN,results_bench-cin-d2asv4-n2-1.csv
centralindia,Standard_D2as_v4,2,8,2,3.5.1,17.0.19,100MB.csv,100,io,1,2026-07-23T00:53:29.699007+00:00,0.4558,95.37,0.0009,SUCCESS,Azure,IN,results_bench-cin-d2asv4-n2-1.csv
centralindia,Standard_D2as_v4,2,8,2,3.5.1,17.0.19,100MB.csv,100,io,2,2026-07-23T00:54:00.092694+00:00,0.4625,96.68,0.001,SUCCESS,Azure,IN,results_bench-cin-d2asv4-n2-1.csv
centralindia,Standard_D2as_v4,2,8,2,3.5.1,17.0.19,100MB.csv,100,memory,1,2026-07-23T00:52:29.069823+00:00,0.4763,50.62,0.001,SUCCESS,Azure,IN,results_bench-cin-d2asv4-n2-1.csv
centralindia,Standard_D2as_v4,2,8,2,3.5.1,17.0.19,100MB.csv,100,memory,2,2026-07-23T00:52:59.457389+00:00,0.4682,50.16,0.001,SUCCESS,Azure,IN,results_bench-cin-d2asv4-n2-1.csv
centralindia,Standard_D2as_v4,2,8,2,3.5.1,17.0.19,500MB.csv,500,cpu,1,2026-07-23T00:54:47.629148+00:00,0.5348,35.78,0.0011,SUCCESS,Azure,IN,results_bench-cin-d2asv4-n2-1.csv
centralindia,Standard_D2as_v4,2,8,2,3.5.1,17.0.19,500MB.csv,500,cpu,2,2026-07-23T00:55:24.007347+00:00,0.5588,46.54,0.0012,SUCCESS,Azure,IN,results_bench-cin-d2asv4-n2-1.csv
centralindia,Standard_D2as_v4,2,8,2,3.5.1,17.0.19,500MB.csv,500,io,1,2026-07-23T00:58:13.310008+00:00,0.9392,97.44,0.0019,SUCCESS,Azure,IN,results_bench-cin-d2asv4-n2-1.csv
centralindia,Standard_D2as_v4,2,8,2,3.5.1,17.0.19,500MB.csv,500,io,2,2026-07-23T00:59:13.783244+00:00,0.9407,98.09,0.002,SUCCESS,Azure,IN,results_bench-cin-d2asv4-n2-1.csv
centralindia,Standard_D2as_v4,2,8,2,3.5.1,17.0.19,500MB.csv,500,memory,1,2026-07-23T00:56:18.411249+00:00,0.8111,31.42,0.0017,SUCCESS,Azure,IN,results_bench-cin-d2asv4-n2-1.csv
centralindia,Standard_D2as_v4,2,8,2,3.5.1,17.0.19,500MB.csv,500,memory,2,2026-07-23T00:57:12.817586+00:00,0.8365,24.45,0.0017,SUCCESS,Azure,IN,results_bench-cin-d2asv4-n2-1.csv
centralindia,Standard_D2as_v4,2,8,2,3.5.1,17.0.19,1024MB.csv,1024,cpu,1,2026-07-23T01:00:29.484439+00:00,0.8704,21.9,0.0018,SUCCESS,Azure,IN,results_bench-cin-d2asv4-n2-1.csv
centralindia,Standard_D2as_v4,2,8,2,3.5.1,17.0.19,1024MB.csv,1024,cpu,2,2026-07-23T01:01:23.872939+00:00,0.8355,21.95,0.0017,SUCCESS,Azure,IN,results_bench-cin-d2asv4-n2-1.csv
centralindia,Standard_D2as_v4,2,8,2,3.5.1,17.0.19,1024MB.csv,1024,io,1,2026-07-23T01:05:37.334949+00:00,1.5251,95.06,0.0032,SUCCESS,Azure,IN,results_bench-cin-d2asv4-n2-1.csv
centralindia,Standard_D2as_v4,2,8,2,3.5.1,17.0.19,1024MB.csv,1024,io,2,2026-07-23T01:07:13.921329+00:00,1.589,98.18,0.0033,SUCCESS,Azure,IN,results_bench-cin-d2asv4-n2-1.csv
centralindia,Standard_D2as_v4,2,8,2,3.5.1,17.0.19,1024MB.csv,1024,memory,1,2026-07-23T01:02:42.317147+00:00,1.3013,24.45,0.0027,SUCCESS,Azure,IN,results_bench-cin-d2asv4-n2-1.csv
centralindia,Standard_D2as_v4,2,8,2,3.5.1,17.0.19,1024MB.csv,1024,memory,2,2026-07-23T01:04:00.742892+00:00,1.277,23.41,0.0026,SUCCESS,Azure,IN,results_bench-cin-d2asv4-n2-1.csv
centralindia,Standard_D2as_v4,2,8,2,3.5.1,17.0.19,2048MB.csv,2048,cpu,1,2026-07-23T01:09:44.286502+00:00,1.6974,13.48,0.0035,SUCCESS,Azure,IN,results_bench-cin-d2asv4-n2-1.csv
centralindia,Standard_D2as_v4,2,8,2,3.5.1,17.0.19,2048MB.csv,2048,cpu,2,2026-07-23T01:11:14.762116+00:00,1.436,14.22,0.003,SUCCESS,Azure,IN,results_bench-cin-d2asv4-n2-1.csv
centralindia,Standard_D2as_v4,2,8,2,3.5.1,17.0.19,2048MB.csv,2048,io,1,2026-07-23T01:18:47.845878+00:00,2.7594,96.98,0.0057,SUCCESS,Azure,IN,results_bench-cin-d2asv4-n2-1.csv
centralindia,Standard_D2as_v4,2,8,2,3.5.1,17.0.19,2048MB.csv,2048,io,2,2026-07-23T01:21:42.587822+00:00,2.8137,96.95,0.0058,SUCCESS,Azure,IN,results_bench-cin-d2asv4-n2-1.csv
centralindia,Standard_D2as_v4,2,8,2,3.5.1,17.0.19,2048MB.csv,2048,memory,1,2026-07-23T01:13:39.271317+00:00,2.3082,12.83,0.0048,SUCCESS,Azure,IN,results_bench-cin-d2asv4-n2-1.csv
centralindia,Standard_D2as_v4,2,8,2,3.5.1,17.0.19,2048MB.csv,2048,memory,2,2026-07-23T01:15:58.531677+00:00,2.2532,12.14,0.0047,SUCCESS,Azure,IN,results_bench-cin-d2asv4-n2-1.csv
centralindia,Standard_D2as_v4,2,8,2,3.5.1,17.0.19,3072MB.csv,3072,cpu,1,2026-07-23T01:25:10.009377+00:00,1.8319,12.56,0.0038,SUCCESS,Azure,IN,results_bench-cin-d2asv4-n2-1.csv
centralindia,Standard_D2as_v4,2,8,2,3.5.1,17.0.19,3072MB.csv,3072,cpu,2,2026-07-23T01:27:04.493863+00:00,1.894,10.42,0.0039,SUCCESS,Azure,IN,results_bench-cin-d2asv4-n2-1.csv
centralindia,Standard_D2as_v4,2,8,2,3.5.1,17.0.19,3072MB.csv,3072,io,1,2026-07-23T01:37:36.614717+00:00,4.0281,97.56,0.0084,SUCCESS,Azure,IN,results_bench-cin-d2asv4-n2-1.csv
centralindia,Standard_D2as_v4,2,8,2,3.5.1,17.0.19,3072MB.csv,3072,io,2,2026-07-23T01:41:37.601437+00:00,3.98,96.92,0.0083,SUCCESS,Azure,IN,results_bench-cin-d2asv4-n2-1.csv
centralindia,Standard_D2as_v4,2,8,2,3.5.1,17.0.19,3072MB.csv,3072,memory,1,2026-07-23T01:30:23.062582+00:00,3.272,7.45,0.0068,SUCCESS,Azure,IN,results_bench-cin-d2asv4-n2-1.csv
centralindia,Standard_D2as_v4,2,8,2,3.5.1,17.0.19,3072MB.csv,3072,memory,2,2026-07-23T01:33:29.635278+00:00,3.0465,10.15,0.0063,SUCCESS,Azure,IN,results_bench-cin-d2asv4-n2-1.csv
centralindia,Standard_D2as_v4,2,8,2,3.5.1,17.0.19,5120MB.csv,5120,cpu,1,2026-07-23T01:48:01.587786+00:00,3.2612,6.06,0.0068,SUCCESS,Azure,IN,results_bench-cin-d2asv4-n2-1.csv
centralindia,Standard_D2as_v4,2,8,2,3.5.1,17.0.19,5120MB.csv,5120,cpu,2,2026-07-23T01:51:08.179566+00:00,3.0963,7.23,0.0064,SUCCESS,Azure,IN,results_bench-cin-d2asv4-n2-1.csv
centralindia,Standard_D2as_v4,2,8,2,3.5.1,17.0.19,5120MB.csv,5120,io,1,2026-07-23T02:08:04.901841+00:00,6.8575,97.26,0.0142,SUCCESS,Azure,IN,results_bench-cin-d2asv4-n2-1.csv
centralindia,Standard_D2as_v4,2,8,2,3.5.1,17.0.19,5120MB.csv,5120,io,2,2026-07-23T02:14:12.241743+00:00,6.0998,96.55,0.0126,SUCCESS,Azure,IN,results_bench-cin-d2asv4-n2-1.csv
centralindia,Standard_D2as_v4,2,8,2,3.5.1,17.0.19,5120MB.csv,5120,memory,1,2026-07-23T01:56:14.966407+00:00,5.0835,6.19,0.0105,SUCCESS,Azure,IN,results_bench-cin-d2asv4-n2-1.csv
centralindia,Standard_D2as_v4,2,8,2,3.5.1,17.0.19,5120MB.csv,5120,memory,2,2026-07-23T02:01:09.529306+00:00,4.8219,6.77,0.01,SUCCESS,Azure,IN,results_bench-cin-d2asv4-n2-1.csv
centralindia,Standard_D2as_v4,2,8,4,3.5.1,17.0.19,10MB.csv,10,cpu,1,2026-07-23T02:19:23.570776+00:00,0.2839,63.68,0.0012,SUCCESS,Azure,IN,results_bench-cin-d2asv4-n4-1.csv
centralindia,Standard_D2as_v4,2,8,4,3.5.1,17.0.19,10MB.csv,10,cpu,2,2026-07-23T02:19:41.935082+00:00,0.2827,62.33,0.0012,SUCCESS,Azure,IN,results_bench-cin-d2asv4-n4-1.csv
centralindia,Standard_D2as_v4,2,8,4,3.5.1,17.0.19,10MB.csv,10,io,1,2026-07-23T02:20:54.861670+00:00,0.3389,95.24,0.0014,SUCCESS,Azure,IN,results_bench-cin-d2asv4-n4-1.csv
centralindia,Standard_D2as_v4,2,8,4,3.5.1,17.0.19,10MB.csv,10,io,2,2026-07-23T02:21:19.271051+00:00,0.3401,96.1,0.0014,SUCCESS,Azure,IN,results_bench-cin-d2asv4-n4-1.csv
centralindia,Standard_D2as_v4,2,8,4,3.5.1,17.0.19,10MB.csv,10,memory,1,2026-07-23T02:20:06.292768+00:00,0.369,63.98,0.0015,SUCCESS,Azure,IN,results_bench-cin-d2asv4-n4-1.csv
centralindia,Standard_D2as_v4,2,8,4,3.5.1,17.0.19,10MB.csv,10,memory,2,2026-07-23T02:20:30.494440+00:00,0.3699,67.08,0.0015,SUCCESS,Azure,IN,results_bench-cin-d2asv4-n4-1.csv
centralindia,Standard_D2as_v4,2,8,4,3.5.1,17.0.19,100MB.csv,100,cpu,1,2026-07-23T02:21:49.043059+00:00,0.3085,52.02,0.0013,SUCCESS,Azure,IN,results_bench-cin-d2asv4-n4-1.csv
centralindia,Standard_D2as_v4,2,8,4,3.5.1,17.0.19,100MB.csv,100,cpu,2,2026-07-23T02:22:13.392600+00:00,0.3086,56.13,0.0013,SUCCESS,Azure,IN,results_bench-cin-d2asv4-n4-1.csv
centralindia,Standard_D2as_v4,2,8,4,3.5.1,17.0.19,100MB.csv,100,io,1,2026-07-23T02:23:44.525788+00:00,0.459,96.17,0.0019,SUCCESS,Azure,IN,results_bench-cin-d2asv4-n4-1.csv
centralindia,Standard_D2as_v4,2,8,4,3.5.1,17.0.19,100MB.csv,100,io,2,2026-07-23T02:24:14.902824+00:00,0.4531,97.07,0.0019,SUCCESS,Azure,IN,results_bench-cin-d2asv4-n4-1.csv
centralindia,Standard_D2as_v4,2,8,4,3.5.1,17.0.19,100MB.csv,100,memory,1,2026-07-23T02:22:43.772210+00:00,0.4096,50.83,0.0017,SUCCESS,Azure,IN,results_bench-cin-d2asv4-n4-1.csv
centralindia,Standard_D2as_v4,2,8,4,3.5.1,17.0.19,100MB.csv,100,memory,2,2026-07-23T02:23:14.131431+00:00,0.4017,52.3,0.0017,SUCCESS,Azure,IN,results_bench-cin-d2asv4-n4-1.csv
centralindia,Standard_D2as_v4,2,8,4,3.5.1,17.0.19,500MB.csv,500,cpu,1,2026-07-23T02:24:56.315377+00:00,0.3933,74.34,0.0016,SUCCESS,Azure,IN,results_bench-cin-d2asv4-n4-1.csv
centralindia,Standard_D2as_v4,2,8,4,3.5.1,17.0.19,500MB.csv,500,cpu,2,2026-07-23T02:25:20.658779+00:00,0.3834,60.98,0.0016,SUCCESS,Azure,IN,results_bench-cin-d2asv4-n4-1.csv
centralindia,Standard_D2as_v4,2,8,4,3.5.1,17.0.19,500MB.csv,500,io,1,2026-07-23T02:27:34.040171+00:00,0.9391,98.25,0.0039,SUCCESS,Azure,IN,results_bench-cin-d2asv4-n4-1.csv
centralindia,Standard_D2as_v4,2,8,4,3.5.1,17.0.19,500MB.csv,500,io,2,2026-07-23T02:28:34.782013+00:00,0.9473,97.73,0.0039,SUCCESS,Azure,IN,results_bench-cin-d2asv4-n4-1.csv
centralindia,Standard_D2as_v4,2,8,4,3.5.1,17.0.19,500MB.csv,500,memory,1,2026-07-23T02:25:57.024926+00:00,0.5364,48.76,0.0022,SUCCESS,Azure,IN,results_bench-cin-d2asv4-n4-1.csv
centralindia,Standard_D2as_v4,2,8,4,3.5.1,17.0.19,500MB.csv,500,memory,2,2026-07-23T02:26:33.559158+00:00,0.5288,49.03,0.0022,SUCCESS,Azure,IN,results_bench-cin-d2asv4-n4-1.csv
centralindia,Standard_D2as_v4,2,8,4,3.5.1,17.0.19,1024MB.csv,1024,cpu,1,2026-07-23T02:29:43.584952+00:00,0.5529,41.77,0.0023,SUCCESS,Azure,IN,results_bench-cin-d2asv4-n4-1.csv
centralindia,Standard_D2as_v4,2,8,4,3.5.1,17.0.19,1024MB.csv,1024,cpu,2,2026-07-23T02:30:19.959625+00:00,0.5508,42.47,0.0023,SUCCESS,Azure,IN,results_bench-cin-d2asv4-n4-1.csv
centralindia,Standard_D2as_v4,2,8,4,3.5.1,17.0.19,1024MB.csv,1024,io,1,2026-07-23T02:33:39.126191+00:00,1.5325,98.15,0.0064,SUCCESS,Azure,IN,results_bench-cin-d2asv4-n4-1.csv
centralindia,Standard_D2as_v4,2,8,4,3.5.1,17.0.19,1024MB.csv,1024,io,2,2026-07-23T02:35:15.686840+00:00,1.59,97.42,0.0066,SUCCESS,Azure,IN,results_bench-cin-d2asv4-n4-1.csv
centralindia,Standard_D2as_v4,2,8,4,3.5.1,17.0.19,1024MB.csv,1024,memory,1,2026-07-23T02:31:14.358387+00:00,0.82,33.16,0.0034,SUCCESS,Azure,IN,results_bench-cin-d2asv4-n4-1.csv
centralindia,Standard_D2as_v4,2,8,4,3.5.1,17.0.19,1024MB.csv,1024,memory,2,2026-07-23T02:32:02.583169+00:00,0.7677,40.58,0.0032,SUCCESS,Azure,IN,results_bench-cin-d2asv4-n4-1.csv
centralindia,Standard_D2as_v4,2,8,4,3.5.1,17.0.19,2048MB.csv,2048,cpu,1,2026-07-23T02:37:10.666411+00:00,0.691,29.08,0.0029,SUCCESS,Azure,IN,results_bench-cin-d2asv4-n4-1.csv
centralindia,Standard_D2as_v4,2,8,4,3.5.1,17.0.19,2048MB.csv,2048,cpu,2,2026-07-23T02:37:59.086968+00:00,0.7172,39.36,0.003,SUCCESS,Azure,IN,results_bench-cin-d2asv4-n4-1.csv
centralindia,Standard_D2as_v4,2,8,4,3.5.1,17.0.19,2048MB.csv,2048,io,1,2026-07-23T02:43:12.871348+00:00,2.9252,96.36,0.0121,SUCCESS,Azure,IN,results_bench-cin-d2asv4-n4-1.csv
centralindia,Standard_D2as_v4,2,8,4,3.5.1,17.0.19,2048MB.csv,2048,io,2,2026-07-23T02:46:01.576297+00:00,2.7182,95.42,0.0113,SUCCESS,Azure,IN,results_bench-cin-d2asv4-n4-1.csv
centralindia,Standard_D2as_v4,2,8,4,3.5.1,17.0.19,2048MB.csv,2048,memory,1,2026-07-23T02:39:05.522708+00:00,1.0671,24.84,0.0044,SUCCESS,Azure,IN,results_bench-cin-d2asv4-n4-1.csv
centralindia,Standard_D2as_v4,2,8,4,3.5.1,17.0.19,2048MB.csv,2048,memory,2,2026-07-23T02:40:12.131188+00:00,1.05,25.79,0.0044,SUCCESS,Azure,IN,results_bench-cin-d2asv4-n4-1.csv
centralindia,Standard_D2as_v4,2,8,4,3.5.1,17.0.19,3072MB.csv,3072,cpu,1,2026-07-23T02:49:01.895837+00:00,0.844,24.16,0.0035,SUCCESS,Azure,IN,results_bench-cin-d2asv4-n4-1.csv
centralindia,Standard_D2as_v4,2,8,4,3.5.1,17.0.19,3072MB.csv,3072,cpu,2,2026-07-23T02:49:56.137254+00:00,0.9002,26.56,0.0037,SUCCESS,Azure,IN,results_bench-cin-d2asv4-n4-1.csv
centralindia,Standard_D2as_v4,2,8,4,3.5.1,17.0.19,3072MB.csv,3072,io,1,2026-07-23T02:56:27.850560+00:00,3.8753,97.06,0.0161,SUCCESS,Azure,IN,results_bench-cin-d2asv4-n4-1.csv
centralindia,Standard_D2as_v4,2,8,4,3.5.1,17.0.19,3072MB.csv,3072,io,2,2026-07-23T03:00:22.784227+00:00,3.8224,95.9,0.0159,SUCCESS,Azure,IN,results_bench-cin-d2asv4-n4-1.csv
centralindia,Standard_D2as_v4,2,8,4,3.5.1,17.0.19,3072MB.csv,3072,memory,1,2026-07-23T02:51:14.539494+00:00,1.3007,21.32,0.0054,SUCCESS,Azure,IN,results_bench-cin-d2asv4-n4-1.csv
centralindia,Standard_D2as_v4,2,8,4,3.5.1,17.0.19,3072MB.csv,3072,memory,2,2026-07-23T02:52:32.960942+00:00,1.2928,23.58,0.0054,SUCCESS,Azure,IN,results_bench-cin-d2asv4-n4-1.csv
centralindia,Standard_D2as_v4,2,8,4,3.5.1,17.0.19,5120MB.csv,5120,cpu,1,2026-07-23T03:05:40.274725+00:00,1.2262,19.34,0.0051,SUCCESS,Azure,IN,results_bench-cin-d2asv4-n4-1.csv
centralindia,Standard_D2as_v4,2,8,4,3.5.1,17.0.19,5120MB.csv,5120,cpu,2,2026-07-23T03:06:58.739151+00:00,1.2663,15.97,0.0053,SUCCESS,Azure,IN,results_bench-cin-d2asv4-n4-1.csv
centralindia,Standard_D2as_v4,2,8,4,3.5.1,17.0.19,5120MB.csv,5120,io,1,2026-07-23T03:17:25.157974+00:00,6.3119,94.92,0.0262,SUCCESS,Azure,IN,results_bench-cin-d2asv4-n4-1.csv
centralindia,Standard_D2as_v4,2,8,4,3.5.1,17.0.19,5120MB.csv,5120,io,2,2026-07-23T03:23:44.451450+00:00,6.2357,97.3,0.0259,SUCCESS,Azure,IN,results_bench-cin-d2asv4-n4-1.csv
centralindia,Standard_D2as_v4,2,8,4,3.5.1,17.0.19,5120MB.csv,5120,memory,1,2026-07-23T03:08:59.208205+00:00,1.9953,12.38,0.0083,SUCCESS,Azure,IN,results_bench-cin-d2asv4-n4-1.csv
centralindia,Standard_D2as_v4,2,8,4,3.5.1,17.0.19,5120MB.csv,5120,memory,2,2026-07-23T03:10:59.666065+00:00,1.9945,11.32,0.0083,SUCCESS,Azure,IN,results_bench-cin-d2asv4-n4-1.csv
centralindia,Standard_D2ds_v4,2,8,2,3.5.1,17.0.19,3072MB.csv,3072,io,1,2026-07-24T06:53:20.941031+00:00,5.1352,97.06,0.0209,SUCCESS,Azure,IN,results_bench-cin-d2dsv4-n2-1.csv
centralindia,Standard_D2ds_v4,2,8,2,3.5.1,17.0.19,3072MB.csv,3072,io,2,2026-07-24T06:58:33.996658+00:00,5.1362,97.17,0.0209,SUCCESS,Azure,IN,results_bench-cin-d2dsv4-n2-1.csv
centralindia,Standard_D2ds_v4,2,8,2,3.5.1,17.0.19,5120MB.csv,5120,cpu,1,2026-07-24T07:05:56.958410+00:00,4.5392,7.35,0.0185,SUCCESS,Azure,IN,results_bench-cin-d2dsv4-n2-1.csv
centralindia,Standard_D2ds_v4,2,8,2,3.5.1,17.0.19,5120MB.csv,5120,cpu,2,2026-07-24T07:10:15.718398+00:00,4.3013,4.76,0.0175,SUCCESS,Azure,IN,results_bench-cin-d2dsv4-n2-1.csv
centralindia,Standard_D2ds_v4,2,8,2,3.5.1,17.0.19,5120MB.csv,5120,memory,1,2026-07-24T07:17:16.602790+00:00,6.9202,4.25,0.0281,SUCCESS,Azure,IN,results_bench-cin-d2dsv4-n2-1.csv
centralindia,Standard_D2ds_v4,2,8,4,3.5.1,17.0.19,3072MB.csv,3072,cpu,1,2026-07-24T07:47:01.606721+00:00,1.1222,21.89,0.0091,SUCCESS,Azure,IN,results_bench-cin-d2dsv4-n4-1.csv
centralindia,Standard_D2ds_v4,2,8,4,3.5.1,17.0.19,3072MB.csv,3072,cpu,2,2026-07-24T07:48:14.072283+00:00,1.1616,16.7,0.0094,SUCCESS,Azure,IN,results_bench-cin-d2dsv4-n4-1.csv
centralindia,Standard_D2ds_v4,2,8,4,3.5.1,17.0.19,3072MB.csv,3072,io,1,2026-07-24T07:56:57.977257+00:00,5.1825,95.59,0.0422,SUCCESS,Azure,IN,results_bench-cin-d2dsv4-n4-1.csv
centralindia,Standard_D2ds_v4,2,8,4,3.5.1,17.0.19,3072MB.csv,3072,io,2,2026-07-24T08:02:17.039098+00:00,5.2419,96.95,0.0426,SUCCESS,Azure,IN,results_bench-cin-d2dsv4-n4-1.csv
centralindia,Standard_D2ds_v4,2,8,4,3.5.1,17.0.19,3072MB.csv,3072,memory,1,2026-07-24T07:49:56.633648+00:00,1.6896,12.65,0.0137,SUCCESS,Azure,IN,results_bench-cin-d2dsv4-n4-1.csv
centralindia,Standard_D2ds_v4,2,8,4,3.5.1,17.0.19,3072MB.csv,3072,memory,2,2026-07-24T07:51:45.163911+00:00,1.7555,14.19,0.0143,SUCCESS,Azure,IN,results_bench-cin-d2dsv4-n4-1.csv
centralindia,Standard_D2s_v3,2,8,2,3.5.1,17.0.19,10MB.csv,10,cpu,1,2026-07-20T16:55:47.484918+00:00,1.091,8.58,0.0038,SUCCESS,Azure,IN,results_unknown.csv
centralindia,Standard_D2s_v3,2,8,2,3.5.1,17.0.19,10MB.csv,10,cpu,1,2026-07-20T17:13:55.376301+00:00,0.3708,70.64,0.0013,SUCCESS,Azure,IN,results_unknown.csv
centralindia,Standard_D2s_v3,2,8,2,3.5.1,17.0.19,10MB.csv,10,cpu,1,2026-07-20T17:47:42.479231+00:00,0.3489,50.72,0.0012,SUCCESS,Azure,IN,results_unknown.csv
centralindia,Standard_D2s_v3,2,8,2,3.5.1,17.0.19,10MB.csv,10,cpu,2,2026-07-20T16:56:59.890996+00:00,1.1639,15.87,0.0041,SUCCESS,Azure,IN,results_unknown.csv
centralindia,Standard_D2s_v3,2,8,2,3.5.1,17.0.19,10MB.csv,10,cpu,2,2026-07-20T17:14:19.740650+00:00,0.3331,66.77,0.0012,SUCCESS,Azure,IN,results_unknown.csv
centralindia,Standard_D2s_v3,2,8,2,3.5.1,17.0.19,10MB.csv,10,cpu,2,2026-07-20T17:48:06.834114+00:00,0.3325,60.99,0.0012,SUCCESS,Azure,IN,results_unknown.csv
centralindia,Standard_D2s_v3,2,8,2,3.5.1,17.0.19,10MB.csv,10,io,1,2026-07-20T17:00:25.160195+00:00,1.0927,8.68,0.0038,SUCCESS,Azure,IN,results_unknown.csv
centralindia,Standard_D2s_v3,2,8,2,3.5.1,17.0.19,10MB.csv,10,io,1,2026-07-20T17:15:56.859990+00:00,0.4558,56.28,0.0016,SUCCESS,Azure,IN,results_unknown.csv
centralindia,Standard_D2s_v3,2,8,2,3.5.1,17.0.19,10MB.csv,10,io,1,2026-07-20T17:49:37.771181+00:00,0.4117,89.06,0.0014,SUCCESS,Azure,IN,results_unknown.csv
centralindia,Standard_D2s_v3,2,8,2,3.5.1,17.0.19,10MB.csv,10,io,2,2026-07-20T17:01:37.577429+00:00,1.1662,15.99,0.0041,SUCCESS,Azure,IN,results_unknown.csv
centralindia,Standard_D2s_v3,2,8,2,3.5.1,17.0.19,10MB.csv,10,io,2,2026-07-20T17:16:27.238510+00:00,0.492,72.95,0.0017,SUCCESS,Azure,IN,results_unknown.csv
centralindia,Standard_D2s_v3,2,8,2,3.5.1,17.0.19,10MB.csv,10,io,2,2026-07-20T17:50:08.171115+00:00,0.4117,81.82,0.0014,SUCCESS,Azure,IN,results_unknown.csv
centralindia,Standard_D2s_v3,2,8,2,3.5.1,17.0.19,10MB.csv,10,memory,1,2026-07-20T16:58:06.343801+00:00,1.0933,8.44,0.0038,SUCCESS,Azure,IN,results_unknown.csv
centralindia,Standard_D2s_v3,2,8,2,3.5.1,17.0.19,10MB.csv,10,memory,1,2026-07-20T17:14:50.111858+00:00,0.468,57.98,0.0016,SUCCESS,Azure,IN,results_unknown.csv
centralindia,Standard_D2s_v3,2,8,2,3.5.1,17.0.19,10MB.csv,10,memory,1,2026-07-20T17:48:37.190006+00:00,0.4676,63.43,0.0016,SUCCESS,Azure,IN,results_unknown.csv
centralindia,Standard_D2s_v3,2,8,2,3.5.1,17.0.19,10MB.csv,10,memory,2,2026-07-20T16:59:18.744441+00:00,1.1654,15.91,0.0041,SUCCESS,Azure,IN,results_unknown.csv
centralindia,Standard_D2s_v3,2,8,2,3.5.1,17.0.19,10MB.csv,10,memory,2,2026-07-20T17:15:26.497981+00:00,0.5286,68.89,0.0019,SUCCESS,Azure,IN,results_unknown.csv
centralindia,Standard_D2s_v3,2,8,2,3.5.1,17.0.19,10MB.csv,10,memory,2,2026-07-20T17:49:07.399590+00:00,0.4588,65.3,0.0016,SUCCESS,Azure,IN,results_unknown.csv
centralindia,Standard_D2s_v3,2,8,2,3.5.1,17.0.19,100MB.csv,100,cpu,1,2026-07-20T17:02:47.197029+00:00,1.0937,8.41,0.0038,SUCCESS,Azure,IN,results_unknown.csv
centralindia,Standard_D2s_v3,2,8,2,3.5.1,17.0.19,100MB.csv,100,cpu,1,2026-07-20T17:17:00.564826+00:00,0.4799,88.8,0.0017,SUCCESS,Azure,IN,results_unknown.csv
centralindia,Standard_D2s_v3,2,8,2,3.5.1,17.0.19,100MB.csv,100,cpu,1,2026-07-20T17:50:41.733774+00:00,0.4088,49.38,0.0014,SUCCESS,Azure,IN,results_unknown.csv
centralindia,Standard_D2s_v3,2,8,2,3.5.1,17.0.19,100MB.csv,100,cpu,2,2026-07-20T17:03:59.607444+00:00,1.1651,15.95,0.0041,SUCCESS,Azure,IN,results_unknown.csv
centralindia,Standard_D2s_v3,2,8,2,3.5.1,17.0.19,100MB.csv,100,cpu,2,2026-07-20T17:17:30.938672+00:00,0.4348,54.5,0.0015,SUCCESS,Azure,IN,results_unknown.csv
centralindia,Standard_D2s_v3,2,8,2,3.5.1,17.0.19,100MB.csv,100,cpu,2,2026-07-20T17:51:12.132640+00:00,0.4151,54.24,0.0015,SUCCESS,Azure,IN,results_unknown.csv
centralindia,Standard_D2s_v3,2,8,2,3.5.1,17.0.19,100MB.csv,100,io,1,2026-07-20T17:07:36.795075+00:00,1.1655,15.62,0.0041,SUCCESS,Azure,IN,results_unknown.csv
centralindia,Standard_D2s_v3,2,8,2,3.5.1,17.0.19,100MB.csv,100,io,1,2026-07-20T17:19:32.056243+00:00,0.6585,59.85,0.0023,SUCCESS,Azure,IN,results_unknown.csv
centralindia,Standard_D2s_v3,2,8,2,3.5.1,17.0.19,100MB.csv,100,io,1,2026-07-20T17:53:01.109894+00:00,0.5902,95.81,0.0021,SUCCESS,Azure,IN,results_unknown.csv
centralindia,Standard_D2s_v3,2,8,2,3.5.1,17.0.19,100MB.csv,100,io,2,2026-07-20T17:08:49.197720+00:00,1.161,16.16,0.0041,SUCCESS,Azure,IN,results_unknown.csv
centralindia,Standard_D2s_v3,2,8,2,3.5.1,17.0.19,100MB.csv,100,io,2,2026-07-20T17:20:14.433881+00:00,0.6741,44.73,0.0024,SUCCESS,Azure,IN,results_unknown.csv
centralindia,Standard_D2s_v3,2,8,2,3.5.1,17.0.19,100MB.csv,100,io,2,2026-07-20T17:53:37.343221+00:00,0.5955,97.33,0.0021,SUCCESS,Azure,IN,results_unknown.csv
centralindia,Standard_D2s_v3,2,8,2,3.5.1,17.0.19,100MB.csv,100,memory,1,2026-07-20T17:05:12.008868+00:00,1.1622,15.91,0.0041,SUCCESS,Azure,IN,results_unknown.csv
centralindia,Standard_D2s_v3,2,8,2,3.5.1,17.0.19,100MB.csv,100,memory,1,2026-07-20T17:18:13.327318+00:00,0.6084,60.18,0.0021,SUCCESS,Azure,IN,results_unknown.csv
centralindia,Standard_D2s_v3,2,8,2,3.5.1,17.0.19,100MB.csv,100,memory,1,2026-07-20T17:51:48.511270+00:00,0.5852,51.84,0.002,SUCCESS,Azure,IN,results_unknown.csv
centralindia,Standard_D2s_v3,2,8,2,3.5.1,17.0.19,100MB.csv,100,memory,2,2026-07-20T17:06:24.401362+00:00,1.166,16.21,0.0041,SUCCESS,Azure,IN,results_unknown.csv
centralindia,Standard_D2s_v3,2,8,2,3.5.1,17.0.19,100MB.csv,100,memory,2,2026-07-20T17:18:49.706654+00:00,0.598,48.49,0.0021,SUCCESS,Azure,IN,results_unknown.csv
centralindia,Standard_D2s_v3,2,8,2,3.5.1,17.0.19,100MB.csv,100,memory,2,2026-07-20T17:52:24.720051+00:00,0.5837,47.84,0.002,SUCCESS,Azure,IN,results_unknown.csv
centralindia,Standard_D2s_v3,2,8,2,3.5.1,17.0.19,500MB.csv,500,cpu,1,2026-07-20T17:10:08.592328+00:00,1.0893,9.82,0.0038,SUCCESS,Azure,IN,results_unknown.csv
centralindia,Standard_D2s_v3,2,8,2,3.5.1,17.0.19,500MB.csv,500,cpu,1,2026-07-20T17:21:23.144515+00:00,0.8422,44.81,0.0029,SUCCESS,Azure,IN,results_unknown.csv
centralindia,Standard_D2s_v3,2,8,2,3.5.1,17.0.19,500MB.csv,500,cpu,1,2026-07-20T17:54:39.070263+00:00,0.7772,32.82,0.0027,SUCCESS,Azure,IN,results_unknown.csv
centralindia,Standard_D2s_v3,2,8,2,3.5.1,17.0.19,500MB.csv,500,cpu,2,2026-07-20T17:11:20.993108+00:00,1.1611,16.29,0.0041,SUCCESS,Azure,IN,results_unknown.csv
centralindia,Standard_D2s_v3,2,8,2,3.5.1,17.0.19,500MB.csv,500,cpu,2,2026-07-20T17:22:17.550714+00:00,0.8561,38.7,0.003,SUCCESS,Azure,IN,results_unknown.csv
centralindia,Standard_D2s_v3,2,8,2,3.5.1,17.0.19,500MB.csv,500,cpu,2,2026-07-20T17:55:33.467794+00:00,0.8023,30.17,0.0028,SUCCESS,Azure,IN,results_unknown.csv
centralindia,Standard_D2s_v3,2,8,2,3.5.1,17.0.19,500MB.csv,500,io,1,2026-07-20T17:14:58.329322+00:00,1.1266,60.01,0.0039,SUCCESS,Azure,IN,results_unknown.csv
centralindia,Standard_D2s_v3,2,8,2,3.5.1,17.0.19,500MB.csv,500,io,1,2026-07-20T17:26:00.779618+00:00,1.2983,18.96,0.0045,SUCCESS,Azure,IN,results_unknown.csv
centralindia,Standard_D2s_v3,2,8,2,3.5.1,17.0.19,500MB.csv,500,io,1,2026-07-20T17:59:22.798943+00:00,1.3322,96.56,0.0047,SUCCESS,Azure,IN,results_unknown.csv
centralindia,Standard_D2s_v3,2,8,2,3.5.1,17.0.19,500MB.csv,500,io,2,2026-07-20T17:16:16.763182+00:00,1.2475,63.73,0.0044,SUCCESS,Azure,IN,results_unknown.csv
centralindia,Standard_D2s_v3,2,8,2,3.5.1,17.0.19,500MB.csv,500,io,2,2026-07-20T17:27:25.190865+00:00,1.327,20.3,0.0046,SUCCESS,Azure,IN,results_unknown.csv
centralindia,Standard_D2s_v3,2,8,2,3.5.1,17.0.19,500MB.csv,500,io,2,2026-07-20T18:00:47.273920+00:00,1.3552,97.31,0.0047,SUCCESS,Azure,IN,results_unknown.csv
centralindia,Standard_D2s_v3,2,8,2,3.5.1,17.0.19,500MB.csv,500,memory,1,2026-07-20T17:12:33.414980+00:00,1.1622,16.17,0.0041,SUCCESS,Azure,IN,results_unknown.csv
centralindia,Standard_D2s_v3,2,8,2,3.5.1,17.0.19,500MB.csv,500,memory,1,2026-07-20T17:23:29.964482+00:00,1.1344,33.83,0.004,SUCCESS,Azure,IN,results_unknown.csv
centralindia,Standard_D2s_v3,2,8,2,3.5.1,17.0.19,500MB.csv,500,memory,1,2026-07-20T17:56:45.871562+00:00,1.1442,22.96,0.004,SUCCESS,Azure,IN,results_unknown.csv
centralindia,Standard_D2s_v3,2,8,2,3.5.1,17.0.19,500MB.csv,500,memory,2,2026-07-20T17:13:45.823403+00:00,1.1083,30.77,0.0039,SUCCESS,Azure,IN,results_unknown.csv
centralindia,Standard_D2s_v3,2,8,2,3.5.1,17.0.19,500MB.csv,500,memory,2,2026-07-20T17:24:42.371359+00:00,1.154,23.97,0.004,SUCCESS,Azure,IN,results_unknown.csv
centralindia,Standard_D2s_v3,2,8,2,3.5.1,17.0.19,500MB.csv,500,memory,2,2026-07-20T17:57:58.295424+00:00,1.1854,32.86,0.0041,SUCCESS,Azure,IN,results_unknown.csv
centralindia,Standard_D2s_v3,2,8,2,3.5.1,17.0.19,1024MB.csv,1024,cpu,1,2026-07-20T17:17:53.404972+00:00,1.0952,38.43,0.0038,SUCCESS,Azure,IN,results_unknown.csv
centralindia,Standard_D2s_v3,2,8,2,3.5.1,17.0.19,1024MB.csv,1024,cpu,1,2026-07-20T17:29:14.978997+00:00,1.2528,26.55,0.0044,SUCCESS,Azure,IN,results_unknown.csv
centralindia,Standard_D2s_v3,2,8,2,3.5.1,17.0.19,1024MB.csv,1024,cpu,1,2026-07-20T18:02:31.123477+00:00,1.2186,32.19,0.0043,SUCCESS,Azure,IN,results_unknown.csv
centralindia,Standard_D2s_v3,2,8,2,3.5.1,17.0.19,1024MB.csv,1024,cpu,2,2026-07-20T17:19:11.836304+00:00,1.2087,45.42,0.0042,SUCCESS,Azure,IN,results_unknown.csv
centralindia,Standard_D2s_v3,2,8,2,3.5.1,17.0.19,1024MB.csv,1024,cpu,2,2026-07-20T17:30:33.249453+00:00,1.2359,40.32,0.0043,SUCCESS,Azure,IN,results_unknown.csv
centralindia,Standard_D2s_v3,2,8,2,3.5.1,17.0.19,1024MB.csv,1024,cpu,2,2026-07-20T18:03:49.550752+00:00,1.2113,29.21,0.0042,SUCCESS,Azure,IN,results_unknown.csv
centralindia,Standard_D2s_v3,2,8,2,3.5.1,17.0.19,1024MB.csv,1024,io,1,2026-07-20T17:36:46.723647+00:00,2.2681,18.6,0.0079,SUCCESS,Azure,IN,results_unknown.csv
centralindia,Standard_D2s_v3,2,8,2,3.5.1,17.0.19,1024MB.csv,1024,io,1,2026-07-20T18:09:57.128462+00:00,2.2908,98.82,0.008,SUCCESS,Azure,IN,results_unknown.csv
centralindia,Standard_D2s_v3,2,8,2,3.5.1,17.0.19,1024MB.csv,1024,io,2,2026-07-20T17:39:11.232333+00:00,2.365,14.93,0.0083,SUCCESS,Azure,IN,results_unknown.csv
centralindia,Standard_D2s_v3,2,8,2,3.5.1,17.0.19,1024MB.csv,1024,io,2,2026-07-20T18:12:15.768594+00:00,2.2097,91.95,0.0077,SUCCESS,Azure,IN,results_unknown.csv
centralindia,Standard_D2s_v3,2,8,2,3.5.1,17.0.19,1024MB.csv,1024,memory,1,2026-07-20T17:20:24.288203+00:00,1.1856,48.32,0.0041,SUCCESS,Azure,IN,results_unknown.csv
centralindia,Standard_D2s_v3,2,8,2,3.5.1,17.0.19,1024MB.csv,1024,memory,1,2026-07-20T17:32:33.736020+00:00,1.9334,24.5,0.0068,SUCCESS,Azure,IN,results_unknown.csv
centralindia,Standard_D2s_v3,2,8,2,3.5.1,17.0.19,1024MB.csv,1024,memory,1,2026-07-20T18:05:44.050079+00:00,1.885,17.27,0.0066,SUCCESS,Azure,IN,results_unknown.csv
centralindia,Standard_D2s_v3,2,8,2,3.5.1,17.0.19,1024MB.csv,1024,memory,2,2026-07-20T17:21:42.708955+00:00,1.2562,65.82,0.0044,SUCCESS,Azure,IN,results_unknown.csv
centralindia,Standard_D2s_v3,2,8,2,3.5.1,17.0.19,1024MB.csv,1024,memory,2,2026-07-20T17:34:28.032459+00:00,1.8849,17.96,0.0066,SUCCESS,Azure,IN,results_unknown.csv
centralindia,Standard_D2s_v3,2,8,2,3.5.1,17.0.19,1024MB.csv,1024,memory,2,2026-07-20T18:07:38.520079+00:00,1.8687,16.87,0.0065,SUCCESS,Azure,IN,results_unknown.csv
centralindia,Standard_D2s_v3,2,8,2,3.5.1,17.0.19,2048MB.csv,2048,cpu,1,2026-07-20T18:15:37.231222+00:00,2.2578,16.73,0.0079,SUCCESS,Azure,IN,results_unknown.csv
centralindia,Standard_D2s_v3,2,8,2,3.5.1,17.0.19,2048MB.csv,2048,cpu,2,2026-07-20T18:17:49.721565+00:00,2.1356,11.42,0.0075,SUCCESS,Azure,IN,results_unknown.csv
centralindia,Standard_D2s_v3,2,8,2,3.5.1,17.0.19,2048MB.csv,2048,io,1,2026-07-20T18:28:21.604104+00:00,3.7745,97.76,0.0132,SUCCESS,Azure,IN,results_unknown.csv
centralindia,Standard_D2s_v3,2,8,2,3.5.1,17.0.19,2048MB.csv,2048,io,2,2026-07-20T18:32:52.489669+00:00,4.4286,93.75,0.0155,SUCCESS,Azure,IN,results_unknown.csv
centralindia,Standard_D2s_v3,2,8,2,3.5.1,17.0.19,2048MB.csv,2048,memory,1,2026-07-20T18:21:08.269044+00:00,3.2273,11.08,0.0113,SUCCESS,Azure,IN,results_unknown.csv
centralindia,Standard_D2s_v3,2,8,2,3.5.1,17.0.19,2048MB.csv,2048,memory,2,2026-07-20T18:24:32.825010+00:00,3.3426,8.43,0.0117,SUCCESS,Azure,IN,results_unknown.csv
centralindia,Standard_D2s_v3,2,8,2,3.5.1,17.0.19,3072MB.csv,3072,cpu,1,2026-07-20T18:38:29.518003+00:00,3.0205,10.11,0.0106,SUCCESS,Azure,IN,results_unknown.csv
centralindia,Standard_D2s_v3,2,8,2,3.5.1,17.0.19,3072MB.csv,3072,cpu,2,2026-07-20T18:41:30.053905+00:00,2.9671,7.68,0.0104,SUCCESS,Azure,IN,results_unknown.csv
centralindia,Standard_D2s_v3,2,8,2,3.5.1,17.0.19,3072MB.csv,3072,io,1,2026-07-20T18:56:56.266335+00:00,5.6269,96.82,0.0197,SUCCESS,Azure,IN,results_unknown.csv
centralindia,Standard_D2s_v3,2,8,2,3.5.1,17.0.19,3072MB.csv,3072,io,2,2026-07-20T19:02:51.287786+00:00,5.8842,97.08,0.0206,SUCCESS,Azure,IN,results_unknown.csv
centralindia,Standard_D2s_v3,2,8,2,3.5.1,17.0.19,3072MB.csv,3072,memory,1,2026-07-20T18:46:18.691956+00:00,4.7941,7.49,0.0168,SUCCESS,Azure,IN,results_unknown.csv
centralindia,Standard_D2s_v3,2,8,2,3.5.1,17.0.19,3072MB.csv,3072,memory,2,2026-07-20T18:51:13.322051+00:00,4.8235,6.64,0.0169,SUCCESS,Azure,IN,results_unknown.csv
centralindia,Standard_D2s_v3,2,8,2,3.5.1,17.0.19,5120MB.csv,5120,cpu,1,2026-07-24T05:49:01.749490+00:00,4.8331,6.28,0.0169,SUCCESS,Azure,IN,results_bench-cin-d2sv3-n2-1.csv
centralindia,Standard_D2s_v3,2,8,2,3.5.1,17.0.19,5120MB.csv,5120,cpu,1,2026-07-20T20:35:51.337780+00:00,1.1689,16.08,0.0041,SUCCESS,Azure,IN,results_unknown.csv
centralindia,Standard_D2s_v3,2,8,2,3.5.1,17.0.19,5120MB.csv,5120,cpu,2,2026-07-24T05:53:56.929097+00:00,4.8475,5.13,0.017,SUCCESS,Azure,IN,results_bench-cin-d2sv3-n2-1.csv
centralindia,Standard_D2s_v3,2,8,2,3.5.1,17.0.19,5120MB.csv,5120,cpu,2,2026-07-20T20:37:03.786219+00:00,1.1699,16.2,0.0041,SUCCESS,Azure,IN,results_unknown.csv
centralindia,Standard_D2s_v3,2,8,2,3.5.1,17.0.19,5120MB.csv,5120,io,1,2026-07-20T20:48:54.230344+00:00,9.3642,97.68,0.0328,SUCCESS,Azure,IN,results_unknown.csv
centralindia,Standard_D2s_v3,2,8,2,3.5.1,17.0.19,5120MB.csv,5120,io,2,2026-07-20T20:57:55.857102+00:00,8.9246,96.91,0.0312,SUCCESS,Azure,IN,results_unknown.csv
centralindia,Standard_D2s_v3,2,8,2,3.5.1,17.0.19,5120MB.csv,5120,memory,1,2026-07-24T06:01:21.843002+00:00,7.3859,5.25,0.0259,SUCCESS,Azure,IN,results_bench-cin-d2sv3-n2-1.csv
centralindia,Standard_D2s_v3,2,8,2,3.5.1,17.0.19,5120MB.csv,5120,memory,1,2026-07-20T20:38:16.211782+00:00,1.1613,15.5,0.0041,SUCCESS,Azure,IN,results_unknown.csv
centralindia,Standard_D2s_v3,2,8,2,3.5.1,17.0.19,5120MB.csv,5120,memory,2,2026-07-24T06:08:58.820448+00:00,7.5991,4.39,0.0266,SUCCESS,Azure,IN,results_bench-cin-d2sv3-n2-1.csv
centralindia,Standard_D2s_v3,2,8,2,3.5.1,17.0.19,5120MB.csv,5120,memory,2,2026-07-20T20:39:28.667794+00:00,1.1659,15.99,0.0041,SUCCESS,Azure,IN,results_unknown.csv
centralindia,Standard_D2s_v3,2,8,4,3.5.1,17.0.19,10MB.csv,10,cpu,1,2026-07-22T22:01:48.120304+00:00,0.3904,47.97,0.0027,SUCCESS,Azure,IN,results_bench-cin-d2sv3-n4-1.csv
centralindia,Standard_D2s_v3,2,8,4,3.5.1,17.0.19,10MB.csv,10,cpu,2,2026-07-22T22:02:12.494121+00:00,0.38,64.69,0.0027,SUCCESS,Azure,IN,results_bench-cin-d2sv3-n4-1.csv
centralindia,Standard_D2s_v3,2,8,4,3.5.1,17.0.19,10MB.csv,10,io,1,2026-07-22T22:03:43.734241+00:00,0.4437,96.39,0.0031,SUCCESS,Azure,IN,results_bench-cin-d2sv3-n4-1.csv
centralindia,Standard_D2s_v3,2,8,4,3.5.1,17.0.19,10MB.csv,10,io,2,2026-07-22T22:04:14.170725+00:00,0.4289,94.54,0.003,SUCCESS,Azure,IN,results_bench-cin-d2sv3-n4-1.csv
centralindia,Standard_D2s_v3,2,8,4,3.5.1,17.0.19,10MB.csv,10,memory,1,2026-07-22T22:02:42.892754+00:00,0.4976,52.14,0.0035,SUCCESS,Azure,IN,results_bench-cin-d2sv3-n4-1.csv
centralindia,Standard_D2s_v3,2,8,4,3.5.1,17.0.19,10MB.csv,10,memory,2,2026-07-22T22:03:13.321463+00:00,0.487,67.48,0.0034,SUCCESS,Azure,IN,results_bench-cin-d2sv3-n4-1.csv
centralindia,Standard_D2s_v3,2,8,4,3.5.1,17.0.19,100MB.csv,100,cpu,1,2026-07-22T22:04:51.483112+00:00,0.4122,55.45,0.0029,SUCCESS,Azure,IN,results_bench-cin-d2sv3-n4-1.csv
centralindia,Standard_D2s_v3,2,8,4,3.5.1,17.0.19,100MB.csv,100,cpu,2,2026-07-22T22:05:21.719707+00:00,0.4156,54.58,0.0029,SUCCESS,Azure,IN,results_bench-cin-d2sv3-n4-1.csv
centralindia,Standard_D2s_v3,2,8,4,3.5.1,17.0.19,100MB.csv,100,io,1,2026-07-22T22:07:18.244705+00:00,0.6086,86.94,0.0043,SUCCESS,Azure,IN,results_bench-cin-d2sv3-n4-1.csv
centralindia,Standard_D2s_v3,2,8,4,3.5.1,17.0.19,100MB.csv,100,io,2,2026-07-22T22:08:00.713991+00:00,0.6253,97.05,0.0044,SUCCESS,Azure,IN,results_bench-cin-d2sv3-n4-1.csv
centralindia,Standard_D2s_v3,2,8,4,3.5.1,17.0.19,100MB.csv,100,memory,1,2026-07-22T22:05:59.345522+00:00,0.5549,49.7,0.0039,SUCCESS,Azure,IN,results_bench-cin-d2sv3-n4-1.csv
centralindia,Standard_D2s_v3,2,8,4,3.5.1,17.0.19,100MB.csv,100,memory,2,2026-07-22T22:06:35.821102+00:00,0.548,52.64,0.0038,SUCCESS,Azure,IN,results_bench-cin-d2sv3-n4-1.csv
centralindia,Standard_D2s_v3,2,8,4,3.5.1,17.0.19,500MB.csv,500,cpu,1,2026-07-22T22:09:00.415102+00:00,0.5375,37.51,0.0038,SUCCESS,Azure,IN,results_bench-cin-d2sv3-n4-1.csv
centralindia,Standard_D2s_v3,2,8,4,3.5.1,17.0.19,500MB.csv,500,cpu,2,2026-07-22T22:09:36.829995+00:00,0.5324,47.16,0.0037,SUCCESS,Azure,IN,results_bench-cin-d2sv3-n4-1.csv
centralindia,Standard_D2s_v3,2,8,4,3.5.1,17.0.19,500MB.csv,500,io,1,2026-07-22T22:12:38.075135+00:00,1.3285,97.61,0.0093,SUCCESS,Azure,IN,results_bench-cin-d2sv3-n4-1.csv
centralindia,Standard_D2s_v3,2,8,4,3.5.1,17.0.19,500MB.csv,500,io,2,2026-07-22T22:14:02.581085+00:00,1.3432,98.14,0.0094,SUCCESS,Azure,IN,results_bench-cin-d2sv3-n4-1.csv
centralindia,Standard_D2s_v3,2,8,4,3.5.1,17.0.19,500MB.csv,500,memory,1,2026-07-22T22:10:25.100948+00:00,0.7477,28.33,0.0052,SUCCESS,Azure,IN,results_bench-cin-d2sv3-n4-1.csv
centralindia,Standard_D2s_v3,2,8,4,3.5.1,17.0.19,500MB.csv,500,memory,2,2026-07-22T22:11:13.538597+00:00,0.7452,34.35,0.0052,SUCCESS,Azure,IN,results_bench-cin-d2sv3-n4-1.csv
centralindia,Standard_D2s_v3,2,8,4,3.5.1,17.0.19,1024MB.csv,1024,cpu,1,2026-07-22T22:15:36.628520+00:00,0.7643,24.5,0.0054,SUCCESS,Azure,IN,results_bench-cin-d2sv3-n4-1.csv
centralindia,Standard_D2s_v3,2,8,4,3.5.1,17.0.19,1024MB.csv,1024,cpu,2,2026-07-22T22:16:31.091146+00:00,0.831,37.4,0.0058,SUCCESS,Azure,IN,results_bench-cin-d2sv3-n4-1.csv
centralindia,Standard_D2s_v3,2,8,4,3.5.1,17.0.19,1024MB.csv,1024,io,1,2026-07-22T22:21:02.733722+00:00,2.2438,96.95,0.0157,SUCCESS,Azure,IN,results_bench-cin-d2sv3-n4-1.csv
centralindia,Standard_D2s_v3,2,8,4,3.5.1,17.0.19,1024MB.csv,1024,io,2,2026-07-22T22:23:27.473579+00:00,2.3376,97.06,0.0164,SUCCESS,Azure,IN,results_bench-cin-d2sv3-n4-1.csv
centralindia,Standard_D2s_v3,2,8,4,3.5.1,17.0.19,1024MB.csv,1024,memory,1,2026-07-22T22:17:37.544106+00:00,1.0819,33.19,0.0076,SUCCESS,Azure,IN,results_bench-cin-d2sv3-n4-1.csv
centralindia,Standard_D2s_v3,2,8,4,3.5.1,17.0.19,1024MB.csv,1024,memory,2,2026-07-22T22:18:44.050095+00:00,1.0744,25.98,0.0075,SUCCESS,Azure,IN,results_bench-cin-d2sv3-n4-1.csv
centralindia,Standard_D2s_v3,2,8,4,3.5.1,17.0.19,2048MB.csv,2048,cpu,1,2026-07-22T22:26:11.249118+00:00,1.0406,20.18,0.0073,SUCCESS,Azure,IN,results_bench-cin-d2sv3-n4-1.csv
centralindia,Standard_D2s_v3,2,8,4,3.5.1,17.0.19,2048MB.csv,2048,cpu,2,2026-07-22T22:27:17.728115+00:00,1.0235,33.39,0.0072,SUCCESS,Azure,IN,results_bench-cin-d2sv3-n4-1.csv
centralindia,Standard_D2s_v3,2,8,4,3.5.1,17.0.19,2048MB.csv,2048,io,1,2026-07-22T22:34:25.676000+00:00,3.903,97.55,0.0273,SUCCESS,Azure,IN,results_bench-cin-d2sv3-n4-1.csv
centralindia,Standard_D2s_v3,2,8,4,3.5.1,17.0.19,2048MB.csv,2048,io,2,2026-07-22T22:38:26.470073+00:00,3.9216,95.38,0.0275,SUCCESS,Azure,IN,results_bench-cin-d2sv3-n4-1.csv
centralindia,Standard_D2s_v3,2,8,4,3.5.1,17.0.19,2048MB.csv,2048,memory,1,2026-07-22T22:28:54.204593+00:00,1.5582,21.43,0.0109,SUCCESS,Azure,IN,results_bench-cin-d2sv3-n4-1.csv
centralindia,Standard_D2s_v3,2,8,4,3.5.1,17.0.19,2048MB.csv,2048,memory,2,2026-07-22T22:30:30.708556+00:00,1.5436,16.33,0.0108,SUCCESS,Azure,IN,results_bench-cin-d2sv3-n4-1.csv
centralindia,Standard_D2s_v3,2,8,4,3.5.1,17.0.19,3072MB.csv,3072,cpu,1,2026-07-22T22:42:15.078657+00:00,1.266,15.56,0.0089,SUCCESS,Azure,IN,results_bench-cin-d2sv3-n4-1.csv
centralindia,Standard_D2s_v3,2,8,4,3.5.1,17.0.19,3072MB.csv,3072,cpu,2,2026-07-22T22:43:33.547798+00:00,1.2947,16.93,0.0091,SUCCESS,Azure,IN,results_bench-cin-d2sv3-n4-1.csv
centralindia,Standard_D2s_v3,2,8,4,3.5.1,17.0.19,3072MB.csv,3072,io,1,2026-07-22T22:53:05.693710+00:00,5.6074,96.34,0.0393,SUCCESS,Azure,IN,results_bench-cin-d2sv3-n4-1.csv
centralindia,Standard_D2s_v3,2,8,4,3.5.1,17.0.19,3072MB.csv,3072,io,2,2026-07-22T22:59:00.881667+00:00,5.9057,96.23,0.0413,SUCCESS,Azure,IN,results_bench-cin-d2sv3-n4-1.csv
centralindia,Standard_D2s_v3,2,8,4,3.5.1,17.0.19,3072MB.csv,3072,memory,1,2026-07-22T22:45:34.068549+00:00,1.9393,19.74,0.0136,SUCCESS,Azure,IN,results_bench-cin-d2sv3-n4-1.csv
centralindia,Standard_D2s_v3,2,8,4,3.5.1,17.0.19,3072MB.csv,3072,memory,2,2026-07-22T22:47:28.570855+00:00,1.8812,13.11,0.0132,SUCCESS,Azure,IN,results_bench-cin-d2sv3-n4-1.csv
centralindia,Standard_D2s_v3,2,8,4,3.5.1,17.0.19,5120MB.csv,5120,cpu,1,2026-07-22T23:05:13.542692+00:00,1.9179,12.59,0.0134,SUCCESS,Azure,IN,results_bench-cin-d2sv3-n4-1.csv
centralindia,Standard_D2s_v3,2,8,4,3.5.1,17.0.19,5120MB.csv,5120,cpu,2,2026-07-22T23:07:14.146572+00:00,1.9217,12.77,0.0135,SUCCESS,Azure,IN,results_bench-cin-d2sv3-n4-1.csv
centralindia,Standard_D2s_v3,2,8,4,3.5.1,17.0.19,5120MB.csv,5120,io,1,2026-07-22T23:22:28.823357+00:00,9.0042,96.73,0.063,SUCCESS,Azure,IN,results_bench-cin-d2sv3-n4-1.csv
centralindia,Standard_D2s_v3,2,8,4,3.5.1,17.0.19,5120MB.csv,5120,io,2,2026-07-22T23:31:30.451443+00:00,8.9882,96.77,0.0629,SUCCESS,Azure,IN,results_bench-cin-d2sv3-n4-1.csv
centralindia,Standard_D2s_v3,2,8,4,3.5.1,17.0.19,5120MB.csv,5120,memory,1,2026-07-22T23:10:20.737133+00:00,3.0188,13.41,0.0211,SUCCESS,Azure,IN,results_bench-cin-d2sv3-n4-1.csv
centralindia,Standard_D2s_v3,2,8,4,3.5.1,17.0.19,5120MB.csv,5120,memory,2,2026-07-22T23:13:27.278726+00:00,3.0896,10.54,0.0216,SUCCESS,Azure,IN,results_bench-cin-d2sv3-n4-1.csv
centralindia,Standard_D4as_v4,4,16,2,3.5.1,17.0.19,5120MB.csv,5120,io,1,2026-07-24T06:37:19.755492+00:00,2.6376,95.81,0.0108,SUCCESS,Azure,IN,results_bench-cin-d4asv4-n2-1.csv
centralindia,Standard_D4as_v4,4,16,2,3.5.1,17.0.19,5120MB.csv,5120,io,2,2026-07-24T06:40:08.461864+00:00,2.7108,93.82,0.0111,SUCCESS,Azure,IN,results_bench-cin-d4asv4-n2-1.csv
centralindia,Standard_D4ds_v4,4,16,2,3.5.1,17.0.19,3072MB.csv,3072,cpu,1,2026-07-24T09:17:24.914360+00:00,1.4126,10.12,0.0115,SUCCESS,Azure,IN,results_bench-cin-d4dsv4-n2-1.csv
centralindia,Standard_D4ds_v4,4,16,2,3.5.1,17.0.19,3072MB.csv,3072,cpu,2,2026-07-24T09:18:55.486536+00:00,1.4602,8.7,0.0119,SUCCESS,Azure,IN,results_bench-cin-d4dsv4-n2-1.csv
centralindia,Standard_D4ds_v4,4,16,2,3.5.1,17.0.19,3072MB.csv,3072,io,1,2026-07-24T09:26:51.296507+00:00,3.0536,89.31,0.0248,SUCCESS,Azure,IN,results_bench-cin-d4dsv4-n2-1.csv
centralindia,Standard_D4ds_v4,4,16,2,3.5.1,17.0.19,3072MB.csv,3072,memory,1,2026-07-24T09:21:20.004392+00:00,2.3773,7.4,0.0193,SUCCESS,Azure,IN,results_bench-cin-d4dsv4-n2-1.csv
centralindia,Standard_D4ds_v4,4,16,2,3.5.1,17.0.19,3072MB.csv,3072,memory,2,2026-07-24T09:23:44.525515+00:00,2.3106,7.77,0.0188,SUCCESS,Azure,IN,results_bench-cin-d4dsv4-n2-1.csv
centralindia,Standard_D4ds_v4,4,16,4,3.5.1,17.0.19,3072MB.csv,3072,cpu,1,2026-07-24T19:27:13.602019+00:00,0.6953,17.45,0.0113,SUCCESS,Azure,IN,results_bench-cin-d4dsv4-n4-1.csv
centralindia,Standard_D4ds_v4,4,16,4,3.5.1,17.0.19,3072MB.csv,3072,cpu,2,2026-07-24T19:28:02.026244+00:00,0.7052,19.62,0.0115,SUCCESS,Azure,IN,results_bench-cin-d4dsv4-n4-1.csv
centralindia,Standard_D4ds_v4,4,16,4,3.5.1,17.0.19,3072MB.csv,3072,io,1,2026-07-24T19:33:15.647191+00:00,2.9888,90.15,0.0486,SUCCESS,Azure,IN,results_bench-cin-d4dsv4-n4-1.csv
centralindia,Standard_D4ds_v4,4,16,4,3.5.1,17.0.19,3072MB.csv,3072,io,2,2026-07-24T19:36:10.468586+00:00,2.8367,86.4,0.0461,SUCCESS,Azure,IN,results_bench-cin-d4dsv4-n4-1.csv
centralindia,Standard_D4ds_v4,4,16,4,3.5.1,17.0.19,3072MB.csv,3072,memory,1,2026-07-24T19:29:08.469425+00:00,1.045,17.41,0.017,SUCCESS,Azure,IN,results_bench-cin-d4dsv4-n4-1.csv
centralindia,Standard_D4ds_v4,4,16,4,3.5.1,17.0.19,3072MB.csv,3072,memory,2,2026-07-24T19:30:14.881387+00:00,1.047,15.97,0.017,SUCCESS,Azure,IN,results_bench-cin-d4dsv4-n4-1.csv
centralindia,Standard_D4ds_v4,4,16,4,3.5.1,17.0.19,5120MB.csv,5120,cpu,1,2026-07-24T19:40:00.106311+00:00,1.0062,11.31,0.0164,SUCCESS,Azure,IN,results_bench-cin-d4dsv4-n4-1.csv
centralindia,Standard_D4ds_v4,4,16,4,3.5.1,17.0.19,5120MB.csv,5120,cpu,2,2026-07-24T19:41:06.531659+00:00,1.0164,15.91,0.0165,SUCCESS,Azure,IN,results_bench-cin-d4dsv4-n4-1.csv
centralindia,Standard_D4ds_v4,4,16,4,3.5.1,17.0.19,5120MB.csv,5120,io,1,2026-07-24T19:48:02.212562+00:00,3.7042,95.75,0.0603,SUCCESS,Azure,IN,results_bench-cin-d4dsv4-n4-1.csv
centralindia,Standard_D4ds_v4,4,16,4,3.5.1,17.0.19,5120MB.csv,5120,io,2,2026-07-24T19:51:50.878835+00:00,3.752,96.05,0.061,SUCCESS,Azure,IN,results_bench-cin-d4dsv4-n4-1.csv
centralindia,Standard_D4ds_v4,4,16,4,3.5.1,17.0.19,5120MB.csv,5120,memory,1,2026-07-24T19:42:42.997061+00:00,1.5971,9.65,0.026,SUCCESS,Azure,IN,results_bench-cin-d4dsv4-n4-1.csv
centralindia,Standard_D4ds_v4,4,16,4,3.5.1,17.0.19,5120MB.csv,5120,memory,2,2026-07-24T19:44:19.482557+00:00,1.5155,13.48,0.0247,SUCCESS,Azure,IN,results_bench-cin-d4dsv4-n4-1.csv
centralindia,Standard_D4s_v3,4,16,2,3.5.1,17.0.19,5120MB.csv,5120,io,1,2026-07-24T06:20:04.807892+00:00,4.3174,94.54,0.0302,SUCCESS,Azure,IN,results_bench-cin-d4sv3-n2-1.csv
centralindia,Standard_D4s_v3,4,16,2,3.5.1,17.0.19,5120MB.csv,5120,io,2,2026-07-24T06:24:05.714964+00:00,3.9583,96.57,0.0277,SUCCESS,Azure,IN,results_bench-cin-d4sv3-n2-1.csv
southeastasia,Standard_D2s_v3,2,8,2,3.5.1,17.0.19,10MB.csv,10,cpu,1,2026-07-25T23:28:54.580076+00:00,0.4645,61.47,0.0019,SUCCESS,Azure,SG,results_bench-sea-d2sv3-n2-r2-1_1785024038.csv
southeastasia,Standard_D2s_v3,2,8,2,3.5.1,17.0.19,10MB.csv,10,cpu,1,2026-07-25T20:35:44.472838+00:00,0.5164,65.92,0.0022,SUCCESS,Azure,SG,results_bench-sea-d2sv3-n2-1_1785011744.csv
southeastasia,Standard_D2s_v3,2,8,2,3.5.1,17.0.19,10MB.csv,10,cpu,1,2026-07-25T23:28:54.333460+00:00,0.4913,74.81,0.002,SUCCESS,Azure,SG,results_bench-sea-d2sv3-n2-r1-1_1785022913.csv
southeastasia,Standard_D2s_v3,2,8,2,3.5.1,17.0.19,10MB.csv,10,cpu,1,2026-07-26T00:27:10.502506+00:00,0.4326,65.42,0.0018,SUCCESS,Azure,SG,results_bench-sea-d2sv3-n2-r3-1_1785026499.csv
southeastasia,Standard_D2s_v3,2,8,2,3.5.1,17.0.19,10MB.csv,10,cpu,1,2026-07-25T18:54:20.473783+00:00,0.4829,77.48,0.002,SUCCESS,Azure,SG,results_bench-sea-d2sv3-n2-1_1785009322.csv
southeastasia,Standard_D2s_v3,2,8,2,3.5.1,17.0.19,10MB.csv,10,cpu,1,2026-07-22T19:59:08.247113+00:00,0.5074,62.85,0.0021,SUCCESS,Azure,SG,results_bench-sea-d2sv3-n2-1.csv
southeastasia,Standard_D2s_v3,2,8,2,3.5.1,17.0.19,10MB.csv,10,cpu,2,2026-07-25T23:29:24.851949+00:00,0.4444,56.06,0.0019,SUCCESS,Azure,SG,results_bench-sea-d2sv3-n2-r2-1_1785024038.csv
southeastasia,Standard_D2s_v3,2,8,2,3.5.1,17.0.19,10MB.csv,10,cpu,2,2026-07-25T23:29:25.323433+00:00,0.4908,75.78,0.002,SUCCESS,Azure,SG,results_bench-sea-d2sv3-n2-r1-1_1785022913.csv
southeastasia,Standard_D2s_v3,2,8,2,3.5.1,17.0.19,10MB.csv,10,cpu,2,2026-07-25T20:36:20.800302+00:00,0.5323,68.67,0.0022,SUCCESS,Azure,SG,results_bench-sea-d2sv3-n2-1_1785011962.csv
southeastasia,Standard_D2s_v3,2,8,2,3.5.1,17.0.19,10MB.csv,10,cpu,2,2026-07-26T00:27:40.789790+00:00,0.4176,69.26,0.0017,SUCCESS,Azure,SG,results_bench-sea-d2sv3-n2-r3-1_1785026499.csv
southeastasia,Standard_D2s_v3,2,8,2,3.5.1,17.0.19,10MB.csv,10,cpu,2,2026-07-25T18:54:50.742900+00:00,0.4711,67.05,0.002,SUCCESS,Azure,SG,results_bench-sea-d2sv3-n2-1_1785009322.csv
southeastasia,Standard_D2s_v3,2,8,2,3.5.1,17.0.19,10MB.csv,10,cpu,2,2026-07-22T19:59:38.560887+00:00,0.4927,78.4,0.0021,SUCCESS,Azure,SG,results_bench-sea-d2sv3-n2-1.csv
southeastasia,Standard_D2s_v3,2,8,2,3.5.1,17.0.19,10MB.csv,10,io,1,2026-07-25T23:31:31.867013+00:00,0.6173,92.94,0.0026,SUCCESS,Azure,SG,results_bench-sea-d2sv3-n2-r2-1_1785024038.csv
southeastasia,Standard_D2s_v3,2,8,2,3.5.1,17.0.19,10MB.csv,10,io,1,2026-07-25T23:31:33.241017+00:00,0.6006,95.82,0.0025,SUCCESS,Azure,SG,results_bench-sea-d2sv3-n2-r1-1_1785022913.csv
southeastasia,Standard_D2s_v3,2,8,2,3.5.1,17.0.19,10MB.csv,10,io,1,2026-07-25T20:38:39.787747+00:00,0.6643,97.04,0.0028,SUCCESS,Azure,SG,results_bench-sea-d2sv3-n2-1_1785011962.csv
southeastasia,Standard_D2s_v3,2,8,2,3.5.1,17.0.19,10MB.csv,10,io,1,2026-07-26T00:29:35.728468+00:00,0.5537,96.45,0.0023,SUCCESS,Azure,SG,results_bench-sea-d2sv3-n2-r3-1_1785026499.csv
southeastasia,Standard_D2s_v3,2,8,2,3.5.1,17.0.19,10MB.csv,10,io,1,2026-07-25T18:56:57.667263+00:00,0.6123,87.34,0.0026,SUCCESS,Azure,SG,results_bench-sea-d2sv3-n2-1_1785009322.csv
southeastasia,Standard_D2s_v3,2,8,2,3.5.1,17.0.19,10MB.csv,10,io,1,2026-07-22T20:01:51.563185+00:00,0.6272,95.33,0.0026,SUCCESS,Azure,SG,results_bench-sea-d2sv3-n2-1.csv
southeastasia,Standard_D2s_v3,2,8,2,3.5.1,17.0.19,10MB.csv,10,io,2,2026-07-25T23:32:08.164431+00:00,0.5942,96.37,0.0025,SUCCESS,Azure,SG,results_bench-sea-d2sv3-n2-r2-1_1785024038.csv
southeastasia,Standard_D2s_v3,2,8,2,3.5.1,17.0.19,10MB.csv,10,io,2,2026-07-25T23:32:15.562185+00:00,0.6367,95.88,0.0027,SUCCESS,Azure,SG,results_bench-sea-d2sv3-n2-r1-1_1785022913.csv
southeastasia,Standard_D2s_v3,2,8,2,3.5.1,17.0.19,10MB.csv,10,io,2,2026-07-25T20:39:22.129772+00:00,0.6872,96.22,0.0029,SUCCESS,Azure,SG,results_bench-sea-d2sv3-n2-1_1785011962.csv
southeastasia,Standard_D2s_v3,2,8,2,3.5.1,17.0.19,10MB.csv,10,io,2,2026-07-26T00:30:12.017765+00:00,0.5358,97.33,0.0022,SUCCESS,Azure,SG,results_bench-sea-d2sv3-n2-r3-1_1785026499.csv
southeastasia,Standard_D2s_v3,2,8,2,3.5.1,17.0.19,10MB.csv,10,io,2,2026-07-25T18:57:39.965537+00:00,0.6019,81.72,0.0025,SUCCESS,Azure,SG,results_bench-sea-d2sv3-n2-1_1785009322.csv
southeastasia,Standard_D2s_v3,2,8,2,3.5.1,17.0.19,10MB.csv,10,io,2,2026-07-22T20:02:33.867033+00:00,0.6188,96.1,0.0026,SUCCESS,Azure,SG,results_bench-sea-d2sv3-n2-1.csv
southeastasia,Standard_D2s_v3,2,8,2,3.5.1,17.0.19,10MB.csv,10,memory,1,2026-07-25T23:30:07.145465+00:00,0.626,56.42,0.0026,SUCCESS,Azure,SG,results_bench-sea-d2sv3-n2-r2-1_1785024038.csv
southeastasia,Standard_D2s_v3,2,8,2,3.5.1,17.0.19,10MB.csv,10,memory,1,2026-07-25T23:30:08.446164+00:00,0.6827,63.57,0.0028,SUCCESS,Azure,SG,results_bench-sea-d2sv3-n2-r1-1_1785022913.csv
southeastasia,Standard_D2s_v3,2,8,2,3.5.1,17.0.19,10MB.csv,10,memory,1,2026-07-25T20:37:09.132815+00:00,0.7422,50.83,0.0031,SUCCESS,Azure,SG,results_bench-sea-d2sv3-n2-1_1785011962.csv
southeastasia,Standard_D2s_v3,2,8,2,3.5.1,17.0.19,10MB.csv,10,memory,1,2026-07-26T00:28:23.101623+00:00,0.602,47.73,0.0025,SUCCESS,Azure,SG,results_bench-sea-d2sv3-n2-r3-1_1785026499.csv
southeastasia,Standard_D2s_v3,2,8,2,3.5.1,17.0.19,10MB.csv,10,memory,1,2026-07-25T18:55:33.035821+00:00,0.6505,59.06,0.0027,SUCCESS,Azure,SG,results_bench-sea-d2sv3-n2-1_1785009322.csv
southeastasia,Standard_D2s_v3,2,8,2,3.5.1,17.0.19,10MB.csv,10,memory,1,2026-07-22T20:00:20.877176+00:00,0.6904,72.29,0.0029,SUCCESS,Azure,SG,results_bench-sea-d2sv3-n2-1.csv
southeastasia,Standard_D2s_v3,2,8,2,3.5.1,17.0.19,10MB.csv,10,memory,2,2026-07-25T23:30:49.427610+00:00,0.6348,53.56,0.0026,SUCCESS,Azure,SG,results_bench-sea-d2sv3-n2-r2-1_1785024038.csv
southeastasia,Standard_D2s_v3,2,8,2,3.5.1,17.0.19,10MB.csv,10,memory,2,2026-07-25T23:30:56.758796+00:00,0.7278,69.59,0.003,SUCCESS,Azure,SG,results_bench-sea-d2sv3-n2-r1-1_1785022913.csv
southeastasia,Standard_D2s_v3,2,8,2,3.5.1,17.0.19,10MB.csv,10,memory,2,2026-07-25T20:37:57.458695+00:00,0.7548,51.87,0.0031,SUCCESS,Azure,SG,results_bench-sea-d2sv3-n2-1_1785011962.csv
southeastasia,Standard_D2s_v3,2,8,2,3.5.1,17.0.19,10MB.csv,10,memory,2,2026-07-26T00:28:59.414456+00:00,0.5927,65,0.0025,SUCCESS,Azure,SG,results_bench-sea-d2sv3-n2-r3-1_1785026499.csv
southeastasia,Standard_D2s_v3,2,8,2,3.5.1,17.0.19,10MB.csv,10,memory,2,2026-07-25T18:56:15.367492+00:00,0.6904,68.53,0.0029,SUCCESS,Azure,SG,results_bench-sea-d2sv3-n2-1_1785009322.csv
southeastasia,Standard_D2s_v3,2,8,2,3.5.1,17.0.19,10MB.csv,10,memory,2,2026-07-22T20:01:09.253946+00:00,0.7048,53.3,0.0029,SUCCESS,Azure,SG,results_bench-sea-d2sv3-n2-1.csv
southeastasia,Standard_D2s_v3,2,8,2,3.5.1,17.0.19,100MB.csv,100,cpu,1,2026-07-25T23:32:50.792582+00:00,0.552,44.77,0.0023,SUCCESS,Azure,SG,results_bench-sea-d2sv3-n2-r2-1_1785024038.csv
southeastasia,Standard_D2s_v3,2,8,2,3.5.1,17.0.19,100MB.csv,100,cpu,1,2026-07-25T23:33:03.109509+00:00,0.5769,47.64,0.0024,SUCCESS,Azure,SG,results_bench-sea-d2sv3-n2-r1-1_1785022913.csv
southeastasia,Standard_D2s_v3,2,8,2,3.5.1,17.0.19,100MB.csv,100,cpu,1,2026-07-25T20:40:10.197499+00:00,0.6422,67.03,0.0027,SUCCESS,Azure,SG,results_bench-sea-d2sv3-n2-1_1785012112.csv
southeastasia,Standard_D2s_v3,2,8,2,3.5.1,17.0.19,100MB.csv,100,cpu,1,2026-07-26T00:30:53.913736+00:00,0.5279,58.39,0.0022,SUCCESS,Azure,SG,results_bench-sea-d2sv3-n2-r3-1_1785026499.csv
southeastasia,Standard_D2s_v3,2,8,2,3.5.1,17.0.19,100MB.csv,100,cpu,1,2026-07-25T18:58:21.969982+00:00,0.5724,46.98,0.0024,SUCCESS,Azure,SG,results_bench-sea-d2sv3-n2-1_1785009322.csv
southeastasia,Standard_D2s_v3,2,8,2,3.5.1,17.0.19,100MB.csv,100,cpu,1,2026-07-22T20:03:15.604046+00:00,0.5926,47.87,0.0025,SUCCESS,Azure,SG,results_bench-sea-d2sv3-n2-1.csv
southeastasia,Standard_D2s_v3,2,8,2,3.5.1,17.0.19,100MB.csv,100,cpu,2,2026-07-25T23:33:27.082144+00:00,0.5339,58.3,0.0022,SUCCESS,Azure,SG,results_bench-sea-d2sv3-n2-r2-1_1785024038.csv
southeastasia,Standard_D2s_v3,2,8,2,3.5.1,17.0.19,100MB.csv,100,cpu,2,2026-07-25T23:33:40.261587+00:00,0.5892,46.9,0.0025,SUCCESS,Azure,SG,results_bench-sea-d2sv3-n2-r1-1_1785022913.csv
southeastasia,Standard_D2s_v3,2,8,2,3.5.1,17.0.19,100MB.csv,100,cpu,2,2026-07-25T20:40:52.636885+00:00,0.6176,67.14,0.0026,SUCCESS,Azure,SG,results_bench-sea-d2sv3-n2-1_1785012112.csv
southeastasia,Standard_D2s_v3,2,8,2,3.5.1,17.0.19,100MB.csv,100,cpu,2,2026-07-26T00:31:30.200565+00:00,0.5054,54.01,0.0021,SUCCESS,Azure,SG,results_bench-sea-d2sv3-n2-r3-1_1785026499.csv
southeastasia,Standard_D2s_v3,2,8,2,3.5.1,17.0.19,100MB.csv,100,cpu,2,2026-07-25T18:58:58.254224+00:00,0.5754,49.23,0.0024,SUCCESS,Azure,SG,results_bench-sea-d2sv3-n2-1_1785009322.csv
southeastasia,Standard_D2s_v3,2,8,2,3.5.1,17.0.19,100MB.csv,100,cpu,2,2026-07-22T20:03:51.883203+00:00,0.5947,47.79,0.0025,SUCCESS,Azure,SG,results_bench-sea-d2sv3-n2-1.csv
southeastasia,Standard_D2s_v3,2,8,2,3.5.1,17.0.19,100MB.csv,100,io,1,2026-07-25T23:35:57.988277+00:00,0.8285,96.8,0.0035,SUCCESS,Azure,SG,results_bench-sea-d2sv3-n2-r2-1_1785024038.csv
southeastasia,Standard_D2s_v3,2,8,2,3.5.1,17.0.19,100MB.csv,100,io,1,2026-07-25T23:36:25.109371+00:00,0.8642,95.98,0.0036,SUCCESS,Azure,SG,results_bench-sea-d2sv3-n2-r1-1_1785022913.csv
southeastasia,Standard_D2s_v3,2,8,2,3.5.1,17.0.19,100MB.csv,100,io,1,2026-07-26T00:33:55.204709+00:00,0.7403,96.24,0.0031,SUCCESS,Azure,SG,results_bench-sea-d2sv3-n2-r3-1_1785026499.csv
southeastasia,Standard_D2s_v3,2,8,2,3.5.1,17.0.19,100MB.csv,100,io,1,2026-07-25T20:43:53.642971+00:00,0.9147,89.74,0.0038,SUCCESS,Azure,SG,results_bench-sea-d2sv3-n2-1_1785012460.csv
southeastasia,Standard_D2s_v3,2,8,2,3.5.1,17.0.19,100MB.csv,100,io,1,2026-07-25T19:01:41.260311+00:00,0.8118,91.15,0.0034,SUCCESS,Azure,SG,results_bench-sea-d2sv3-n2-1_1785009322.csv
southeastasia,Standard_D2s_v3,2,8,2,3.5.1,17.0.19,100MB.csv,100,io,1,2026-07-22T20:06:35.913202+00:00,0.8343,96.06,0.0035,SUCCESS,Azure,SG,results_bench-sea-d2sv3-n2-1.csv
southeastasia,Standard_D2s_v3,2,8,2,3.5.1,17.0.19,100MB.csv,100,io,2,2026-07-25T23:36:52.329926+00:00,0.864,97.08,0.0036,SUCCESS,Azure,SG,results_bench-sea-d2sv3-n2-r2-1_1785024038.csv
southeastasia,Standard_D2s_v3,2,8,2,3.5.1,17.0.19,100MB.csv,100,io,2,2026-07-25T23:37:19.500534+00:00,0.8498,96.14,0.0035,SUCCESS,Azure,SG,results_bench-sea-d2sv3-n2-r1-1_1785022913.csv
southeastasia,Standard_D2s_v3,2,8,2,3.5.1,17.0.19,100MB.csv,100,io,2,2026-07-26T00:34:43.602344+00:00,0.7061,84.82,0.0029,SUCCESS,Azure,SG,results_bench-sea-d2sv3-n2-r3-1_1785026499.csv
southeastasia,Standard_D2s_v3,2,8,2,3.5.1,17.0.19,100MB.csv,100,io,2,2026-07-25T20:44:54.012360+00:00,0.9191,95.49,0.0038,SUCCESS,Azure,SG,results_bench-sea-d2sv3-n2-1_1785012460.csv
southeastasia,Standard_D2s_v3,2,8,2,3.5.1,17.0.19,100MB.csv,100,io,2,2026-07-25T19:02:29.569563+00:00,0.796,96.93,0.0033,SUCCESS,Azure,SG,results_bench-sea-d2sv3-n2-1_1785009322.csv
southeastasia,Standard_D2s_v3,2,8,2,3.5.1,17.0.19,100MB.csv,100,io,2,2026-07-22T20:07:30.240691+00:00,0.8572,97.4,0.0036,SUCCESS,Azure,SG,results_bench-sea-d2sv3-n2-1.csv
southeastasia,Standard_D2s_v3,2,8,2,3.5.1,17.0.19,100MB.csv,100,memory,1,2026-07-25T23:34:15.368886+00:00,0.7634,46.59,0.0032,SUCCESS,Azure,SG,results_bench-sea-d2sv3-n2-r2-1_1785024038.csv
southeastasia,Standard_D2s_v3,2,8,2,3.5.1,17.0.19,100MB.csv,100,memory,1,2026-07-25T23:34:35.464496+00:00,0.8609,49.36,0.0036,SUCCESS,Azure,SG,results_bench-sea-d2sv3-n2-r1-1_1785022913.csv
southeastasia,Standard_D2s_v3,2,8,2,3.5.1,17.0.19,100MB.csv,100,memory,1,2026-07-25T20:41:52.951704+00:00,0.9125,48.97,0.0038,SUCCESS,Azure,SG,results_bench-sea-d2sv3-n2-1_1785012112.csv
southeastasia,Standard_D2s_v3,2,8,2,3.5.1,17.0.19,100MB.csv,100,memory,1,2026-07-26T00:32:18.539122+00:00,0.7264,53.55,0.003,SUCCESS,Azure,SG,results_bench-sea-d2sv3-n2-r3-1_1785026499.csv
southeastasia,Standard_D2s_v3,2,8,2,3.5.1,17.0.19,100MB.csv,100,memory,1,2026-07-25T18:59:52.557197+00:00,0.8221,53.74,0.0034,SUCCESS,Azure,SG,results_bench-sea-d2sv3-n2-1_1785009322.csv
southeastasia,Standard_D2s_v3,2,8,2,3.5.1,17.0.19,100MB.csv,100,memory,1,2026-07-22T20:04:46.196061+00:00,0.8794,43.15,0.0037,SUCCESS,Azure,SG,results_bench-sea-d2sv3-n2-1.csv
southeastasia,Standard_D2s_v3,2,8,2,3.5.1,17.0.19,100MB.csv,100,memory,2,2026-07-25T23:35:03.661653+00:00,0.7738,43.01,0.0032,SUCCESS,Azure,SG,results_bench-sea-d2sv3-n2-r2-1_1785024038.csv
southeastasia,Standard_D2s_v3,2,8,2,3.5.1,17.0.19,100MB.csv,100,memory,2,2026-07-25T23:35:30.188749+00:00,0.879,49,0.0037,SUCCESS,Azure,SG,results_bench-sea-d2sv3-n2-r1-1_1785022913.csv
southeastasia,Standard_D2s_v3,2,8,2,3.5.1,17.0.19,100MB.csv,100,memory,2,2026-07-26T00:33:06.848368+00:00,0.7366,44.32,0.0031,SUCCESS,Azure,SG,results_bench-sea-d2sv3-n2-r3-1_1785026499.csv
southeastasia,Standard_D2s_v3,2,8,2,3.5.1,17.0.19,100MB.csv,100,memory,2,2026-07-25T20:42:53.292433+00:00,0.903,44.23,0.0038,SUCCESS,Azure,SG,results_bench-sea-d2sv3-n2-1_1785012460.csv
southeastasia,Standard_D2s_v3,2,8,2,3.5.1,17.0.19,100MB.csv,100,memory,2,2026-07-25T19:00:46.924855+00:00,0.8471,41.73,0.0035,SUCCESS,Azure,SG,results_bench-sea-d2sv3-n2-1_1785009322.csv
southeastasia,Standard_D2s_v3,2,8,2,3.5.1,17.0.19,100MB.csv,100,memory,2,2026-07-22T20:05:41.551887+00:00,0.8589,51.26,0.0036,SUCCESS,Azure,SG,results_bench-sea-d2sv3-n2-1.csv
southeastasia,Standard_D2s_v3,2,8,2,3.5.1,17.0.19,500MB.csv,500,cpu,1,2026-07-25T23:38:15.753365+00:00,0.9326,35.08,0.0039,SUCCESS,Azure,SG,results_bench-sea-d2sv3-n2-r2-1_1785024038.csv
southeastasia,Standard_D2s_v3,2,8,2,3.5.1,17.0.19,500MB.csv,500,cpu,1,2026-07-25T23:39:04.547230+00:00,1.0356,30.37,0.0043,SUCCESS,Azure,SG,results_bench-sea-d2sv3-n2-r1-1_1785022913.csv
southeastasia,Standard_D2s_v3,2,8,2,3.5.1,17.0.19,500MB.csv,500,cpu,1,2026-07-26T00:36:19.202023+00:00,0.9413,32.07,0.0039,SUCCESS,Azure,SG,results_bench-sea-d2sv3-n2-r3-1_1785026499.csv
southeastasia,Standard_D2s_v3,2,8,2,3.5.1,17.0.19,500MB.csv,500,cpu,1,2026-07-25T20:46:27.786006+00:00,1.0781,31.39,0.0045,SUCCESS,Azure,SG,results_bench-sea-d2sv3-n2-1_1785012460.csv
southeastasia,Standard_D2s_v3,2,8,2,3.5.1,17.0.19,500MB.csv,500,cpu,1,2026-07-25T19:04:04.660482+00:00,1.0285,32.39,0.0043,SUCCESS,Azure,SG,results_bench-sea-d2sv3-n2-1_1785009322.csv
southeastasia,Standard_D2s_v3,2,8,2,3.5.1,17.0.19,500MB.csv,500,cpu,1,2026-07-22T20:09:04.529007+00:00,1.0569,35.66,0.0044,SUCCESS,Azure,SG,results_bench-sea-d2sv3-n2-1.csv
southeastasia,Standard_D2s_v3,2,8,2,3.5.1,17.0.19,500MB.csv,500,cpu,2,2026-07-25T23:39:16.063586+00:00,0.9296,37.21,0.0039,SUCCESS,Azure,SG,results_bench-sea-d2sv3-n2-r2-1_1785024038.csv
southeastasia,Standard_D2s_v3,2,8,2,3.5.1,17.0.19,500MB.csv,500,cpu,2,2026-07-25T23:40:11.485623+00:00,1.0154,30.65,0.0042,SUCCESS,Azure,SG,results_bench-sea-d2sv3-n2-r1-1_1785022913.csv
southeastasia,Standard_D2s_v3,2,8,2,3.5.1,17.0.19,500MB.csv,500,cpu,2,2026-07-26T00:37:14.213567+00:00,0.885,24.09,0.0037,SUCCESS,Azure,SG,results_bench-sea-d2sv3-n2-r3-1_1785026499.csv
southeastasia,Standard_D2s_v3,2,8,2,3.5.1,17.0.19,500MB.csv,500,cpu,2,2026-07-25T20:47:40.118533+00:00,1.1177,43.97,0.0047,SUCCESS,Azure,SG,results_bench-sea-d2sv3-n2-1_1785012460.csv
southeastasia,Standard_D2s_v3,2,8,2,3.5.1,17.0.19,500MB.csv,500,cpu,2,2026-07-25T19:05:10.955326+00:00,1.0562,28.08,0.0044,SUCCESS,Azure,SG,results_bench-sea-d2sv3-n2-1_1785009322.csv
southeastasia,Standard_D2s_v3,2,8,2,3.5.1,17.0.19,500MB.csv,500,cpu,2,2026-07-22T20:10:10.874721+00:00,1.0588,30.04,0.0044,SUCCESS,Azure,SG,results_bench-sea-d2sv3-n2-1.csv
southeastasia,Standard_D2s_v3,2,8,2,3.5.1,17.0.19,500MB.csv,500,io,1,2026-07-25T23:43:59.248158+00:00,1.7997,98.36,0.0075,SUCCESS,Azure,SG,results_bench-sea-d2sv3-n2-r2-1_1785024038.csv
southeastasia,Standard_D2s_v3,2,8,2,3.5.1,17.0.19,500MB.csv,500,io,1,2026-07-26T00:41:39.320721+00:00,1.5548,98.17,0.0065,SUCCESS,Azure,SG,results_bench-sea-d2sv3-n2-r3-1_1785026499.csv
southeastasia,Standard_D2s_v3,2,8,2,3.5.1,17.0.19,500MB.csv,500,io,1,2026-07-25T23:45:31.186895+00:00,1.8323,97.49,0.0076,SUCCESS,Azure,SG,results_bench-sea-d2sv3-n2-r1-1_1785026395.csv
southeastasia,Standard_D2s_v3,2,8,2,3.5.1,17.0.19,500MB.csv,500,io,1,2026-07-25T19:10:12.365312+00:00,1.7692,98.25,0.0074,SUCCESS,Azure,SG,results_bench-sea-d2sv3-n2-1_1785009322.csv
southeastasia,Standard_D2s_v3,2,8,2,3.5.1,17.0.19,500MB.csv,500,io,1,2026-07-22T20:15:24.206494+00:00,1.8248,96.76,0.0076,SUCCESS,Azure,SG,results_bench-sea-d2sv3-n2-1.csv
southeastasia,Standard_D2s_v3,2,8,2,3.5.1,17.0.19,500MB.csv,500,io,2,2026-07-25T23:45:47.723666+00:00,1.7901,98.32,0.0075,SUCCESS,Azure,SG,results_bench-sea-d2sv3-n2-r2-1_1785024038.csv
southeastasia,Standard_D2s_v3,2,8,2,3.5.1,17.0.19,500MB.csv,500,io,2,2026-07-25T23:47:25.689664+00:00,1.8225,94.78,0.0076,SUCCESS,Azure,SG,results_bench-sea-d2sv3-n2-r1-1_1785026395.csv
southeastasia,Standard_D2s_v3,2,8,2,3.5.1,17.0.19,500MB.csv,500,io,2,2026-07-26T00:43:21.761770+00:00,1.6125,92.02,0.0067,SUCCESS,Azure,SG,results_bench-sea-d2sv3-n2-r3-1_1785026841.csv
southeastasia,Standard_D2s_v3,2,8,2,3.5.1,17.0.19,500MB.csv,500,io,2,2026-07-25T19:12:06.840032+00:00,1.8041,92.74,0.0075,SUCCESS,Azure,SG,results_bench-sea-d2sv3-n2-1_1785009322.csv
southeastasia,Standard_D2s_v3,2,8,2,3.5.1,17.0.19,500MB.csv,500,io,2,2026-07-22T20:17:12.700423+00:00,1.7827,98.4,0.0074,SUCCESS,Azure,SG,results_bench-sea-d2sv3-n2-1.csv
southeastasia,Standard_D2s_v3,2,8,2,3.5.1,17.0.19,500MB.csv,500,memory,1,2026-07-25T23:40:46.430588+00:00,1.4531,29.6,0.0061,SUCCESS,Azure,SG,results_bench-sea-d2sv3-n2-r2-1_1785024038.csv
southeastasia,Standard_D2s_v3,2,8,2,3.5.1,17.0.19,500MB.csv,500,memory,1,2026-07-25T23:41:53.866763+00:00,1.6032,30.64,0.0067,SUCCESS,Azure,SG,results_bench-sea-d2sv3-n2-r1-1_1785022913.csv
southeastasia,Standard_D2s_v3,2,8,2,3.5.1,17.0.19,500MB.csv,500,memory,1,2026-07-26T00:38:38.531785+00:00,1.3842,24.95,0.0058,SUCCESS,Azure,SG,results_bench-sea-d2sv3-n2-r3-1_1785026499.csv
southeastasia,Standard_D2s_v3,2,8,2,3.5.1,17.0.19,500MB.csv,500,memory,1,2026-07-25T19:06:47.315925+00:00,1.5668,28.8,0.0065,SUCCESS,Azure,SG,results_bench-sea-d2sv3-n2-1_1785009322.csv
southeastasia,Standard_D2s_v3,2,8,2,3.5.1,17.0.19,500MB.csv,500,memory,1,2026-07-25T20:49:22.537814+00:00,1.633,27.78,0.0068,SUCCESS,Azure,SG,results_bench-sea-d2sv3-n2-1_1785012562.csv
southeastasia,Standard_D2s_v3,2,8,2,3.5.1,17.0.19,500MB.csv,500,memory,1,2026-07-22T20:11:47.235251+00:00,1.5459,26.55,0.0064,SUCCESS,Azure,SG,results_bench-sea-d2sv3-n2-1.csv
southeastasia,Standard_D2s_v3,2,8,2,3.5.1,17.0.19,500MB.csv,500,memory,2,2026-07-25T23:42:10.768736+00:00,1.3872,30.34,0.0058,SUCCESS,Azure,SG,results_bench-sea-d2sv3-n2-r2-1_1785024038.csv
southeastasia,Standard_D2s_v3,2,8,2,3.5.1,17.0.19,500MB.csv,500,memory,2,2026-07-26T00:40:02.871007+00:00,1.3449,27.38,0.0056,SUCCESS,Azure,SG,results_bench-sea-d2sv3-n2-r3-1_1785026499.csv
southeastasia,Standard_D2s_v3,2,8,2,3.5.1,17.0.19,500MB.csv,500,memory,2,2026-07-25T23:43:36.325233+00:00,1.6456,22.56,0.0069,SUCCESS,Azure,SG,results_bench-sea-d2sv3-n2-r1-1_1785026395.csv
southeastasia,Standard_D2s_v3,2,8,2,3.5.1,17.0.19,500MB.csv,500,memory,2,2026-07-25T19:08:23.665098+00:00,1.5871,29.05,0.0066,SUCCESS,Azure,SG,results_bench-sea-d2sv3-n2-1_1785009322.csv
southeastasia,Standard_D2s_v3,2,8,2,3.5.1,17.0.19,500MB.csv,500,memory,2,2026-07-22T20:13:29.612992+00:00,1.6215,25.58,0.0068,SUCCESS,Azure,SG,results_bench-sea-d2sv3-n2-1.csv
southeastasia,Standard_D2s_v3,2,8,2,3.5.1,17.0.19,1024MB.csv,1024,cpu,1,2026-07-25T23:48:18.164066+00:00,1.4683,20.18,0.0061,SUCCESS,Azure,SG,results_bench-sea-d2sv3-n2-r2-1_1785024038.csv
southeastasia,Standard_D2s_v3,2,8,2,3.5.1,17.0.19,1024MB.csv,1024,cpu,1,2026-07-25T23:50:21.380117+00:00,1.5827,24.05,0.0066,SUCCESS,Azure,SG,results_bench-sea-d2sv3-n2-r1-1_1785026395.csv
southeastasia,Standard_D2s_v3,2,8,2,3.5.1,17.0.19,1024MB.csv,1024,cpu,1,2026-07-26T00:45:57.303082+00:00,1.4782,24.53,0.0062,SUCCESS,Azure,SG,results_bench-sea-d2sv3-n2-r3-1_1785026841.csv
southeastasia,Standard_D2s_v3,2,8,2,3.5.1,17.0.19,1024MB.csv,1024,cpu,1,2026-07-25T19:14:58.036811+00:00,1.6077,21.77,0.0067,SUCCESS,Azure,SG,results_bench-sea-d2sv3-n2-1_1785009322.csv
southeastasia,Standard_D2s_v3,2,8,2,3.5.1,17.0.19,1024MB.csv,1024,cpu,1,2026-07-22T20:19:48.183986+00:00,1.6936,19.38,0.0071,SUCCESS,Azure,SG,results_bench-sea-d2sv3-n2-1.csv
southeastasia,Standard_D2s_v3,2,8,2,3.5.1,17.0.19,1024MB.csv,1024,cpu,2,2026-07-25T23:49:48.496122+00:00,1.417,23.61,0.0059,SUCCESS,Azure,SG,results_bench-sea-d2sv3-n2-r2-1_1785024038.csv
southeastasia,Standard_D2s_v3,2,8,2,3.5.1,17.0.19,1024MB.csv,1024,cpu,2,2026-07-25T23:52:05.148436+00:00,1.5628,23.59,0.0065,SUCCESS,Azure,SG,results_bench-sea-d2sv3-n2-r1-1_1785026395.csv
southeastasia,Standard_D2s_v3,2,8,2,3.5.1,17.0.19,1024MB.csv,1024,cpu,2,2026-07-26T00:47:21.844105+00:00,1.3862,19.2,0.0058,SUCCESS,Azure,SG,results_bench-sea-d2sv3-n2-r3-1_1785026841.csv
southeastasia,Standard_D2s_v3,2,8,2,3.5.1,17.0.19,1024MB.csv,1024,cpu,2,2026-07-25T19:16:40.399559+00:00,1.6156,20.19,0.0067,SUCCESS,Azure,SG,results_bench-sea-d2sv3-n2-1_1785009322.csv
southeastasia,Standard_D2s_v3,2,8,2,3.5.1,17.0.19,1024MB.csv,1024,cpu,2,2026-07-22T20:21:36.554441+00:00,1.7065,19.29,0.0071,SUCCESS,Azure,SG,results_bench-sea-d2sv3-n2-1.csv
southeastasia,Standard_D2s_v3,2,8,2,3.5.1,17.0.19,1024MB.csv,1024,io,1,2026-07-25T23:57:26.086681+00:00,3.0034,96.92,0.0125,SUCCESS,Azure,SG,results_bench-sea-d2sv3-n2-r2-1_1785024038.csv
southeastasia,Standard_D2s_v3,2,8,2,3.5.1,17.0.19,1024MB.csv,1024,io,1,2026-07-26T00:00:20.991423+00:00,2.9901,97.34,0.0125,SUCCESS,Azure,SG,results_bench-sea-d2sv3-n2-r1-1_1785026395.csv
southeastasia,Standard_D2s_v3,2,8,2,3.5.1,17.0.19,1024MB.csv,1024,io,1,2026-07-25T19:24:53.899044+00:00,2.9851,97.3,0.0124,SUCCESS,Azure,SG,results_bench-sea-d2sv3-n2-1_1785009322.csv
southeastasia,Standard_D2s_v3,2,8,2,3.5.1,17.0.19,1024MB.csv,1024,io,1,2026-07-22T20:29:44.054398+00:00,2.9897,97.79,0.0125,SUCCESS,Azure,SG,results_bench-sea-d2sv3-n2-1.csv
southeastasia,Standard_D2s_v3,2,8,2,3.5.1,17.0.19,1024MB.csv,1024,io,2,2026-07-26T00:00:38.788058+00:00,3.1263,97.31,0.013,SUCCESS,Azure,SG,results_bench-sea-d2sv3-n2-r2-1_1785024038.csv
southeastasia,Standard_D2s_v3,2,8,2,3.5.1,17.0.19,1024MB.csv,1024,io,2,2026-07-26T00:03:27.696286+00:00,3.0858,97.62,0.0129,SUCCESS,Azure,SG,results_bench-sea-d2sv3-n2-r1-1_1785026395.csv
southeastasia,Standard_D2s_v3,2,8,2,3.5.1,17.0.19,1024MB.csv,1024,io,2,2026-07-25T19:27:54.537418+00:00,2.9461,99.1,0.0123,SUCCESS,Azure,SG,results_bench-sea-d2sv3-n2-1_1785009322.csv
southeastasia,Standard_D2s_v3,2,8,2,3.5.1,17.0.19,1024MB.csv,1024,io,2,2026-07-22T20:32:56.741365+00:00,3.1251,96.75,0.013,SUCCESS,Azure,SG,results_bench-sea-d2sv3-n2-1.csv
southeastasia,Standard_D2s_v3,2,8,2,3.5.1,17.0.19,1024MB.csv,1024,memory,1,2026-07-25T23:52:07.005001+00:00,2.2198,19.27,0.0092,SUCCESS,Azure,SG,results_bench-sea-d2sv3-n2-r2-1_1785024038.csv
southeastasia,Standard_D2s_v3,2,8,2,3.5.1,17.0.19,1024MB.csv,1024,memory,1,2026-07-25T23:54:41.612637+00:00,2.5723,18.94,0.0107,SUCCESS,Azure,SG,results_bench-sea-d2sv3-n2-r1-1_1785026395.csv
southeastasia,Standard_D2s_v3,2,8,2,3.5.1,17.0.19,1024MB.csv,1024,memory,1,2026-07-25T19:19:16.833019+00:00,2.5398,19.54,0.0106,SUCCESS,Azure,SG,results_bench-sea-d2sv3-n2-1_1785009322.csv
southeastasia,Standard_D2s_v3,2,8,2,3.5.1,17.0.19,1024MB.csv,1024,memory,1,2026-07-26T00:49:40.265467+00:00,2.2345,17.04,0.0093,SUCCESS,Azure,SG,results_bench-sea-d2sv3-n2-r3-1_1785026980.csv
southeastasia,Standard_D2s_v3,2,8,2,3.5.1,17.0.19,1024MB.csv,1024,memory,1,2026-07-22T20:24:12.983807+00:00,2.5658,17.4,0.0107,SUCCESS,Azure,SG,results_bench-sea-d2sv3-n2-1.csv
southeastasia,Standard_D2s_v3,2,8,2,3.5.1,17.0.19,1024MB.csv,1024,memory,2,2026-07-25T23:54:25.433268+00:00,2.2557,17.15,0.0094,SUCCESS,Azure,SG,results_bench-sea-d2sv3-n2-r2-1_1785024038.csv
southeastasia,Standard_D2s_v3,2,8,2,3.5.1,17.0.19,1024MB.csv,1024,memory,2,2026-07-25T23:57:18.057342+00:00,2.5978,14.37,0.0108,SUCCESS,Azure,SG,results_bench-sea-d2sv3-n2-r1-1_1785026395.csv
southeastasia,Standard_D2s_v3,2,8,2,3.5.1,17.0.19,1024MB.csv,1024,memory,2,2026-07-25T19:21:53.254751+00:00,2.541,17.01,0.0106,SUCCESS,Azure,SG,results_bench-sea-d2sv3-n2-1_1785009322.csv
southeastasia,Standard_D2s_v3,2,8,2,3.5.1,17.0.19,1024MB.csv,1024,memory,2,2026-07-22T20:26:43.410730+00:00,2.4659,20.92,0.0103,SUCCESS,Azure,SG,results_bench-sea-d2sv3-n2-1.csv
southeastasia,Standard_D2s_v3,2,8,2,3.5.1,17.0.19,2048MB.csv,2048,cpu,1,2026-07-26T00:09:04.521534+00:00,2.8317,13.62,0.0118,SUCCESS,Azure,SG,results_bench-sea-d2sv3-n2-r1-1_1785026395.csv
southeastasia,Standard_D2s_v3,2,8,2,3.5.1,17.0.19,2048MB.csv,2048,cpu,1,2026-07-25T19:33:30.064723+00:00,2.9339,19.47,0.0122,SUCCESS,Azure,SG,results_bench-sea-d2sv3-n2-1_1785009322.csv
southeastasia,Standard_D2s_v3,2,8,2,3.5.1,17.0.19,2048MB.csv,2048,cpu,1,2026-07-26T00:05:44.943379+00:00,2.8319,20.12,0.0118,SUCCESS,Azure,SG,results_bench-sea-d2sv3-n2-r2-1_1785026947.csv
southeastasia,Standard_D2s_v3,2,8,2,3.5.1,17.0.19,2048MB.csv,2048,cpu,1,2026-07-22T20:38:04.254362+00:00,3.0825,9.83,0.0128,SUCCESS,Azure,SG,results_bench-sea-d2sv3-n2-1.csv
southeastasia,Standard_D2s_v3,2,8,2,3.5.1,17.0.19,2048MB.csv,2048,cpu,2,2026-07-26T00:11:47.210410+00:00,2.6197,15.3,0.0109,SUCCESS,Azure,SG,results_bench-sea-d2sv3-n2-r1-1_1785026395.csv
southeastasia,Standard_D2s_v3,2,8,2,3.5.1,17.0.19,2048MB.csv,2048,cpu,2,2026-07-25T19:36:18.728416+00:00,2.7931,10.99,0.0116,SUCCESS,Azure,SG,results_bench-sea-d2sv3-n2-1_1785009322.csv
southeastasia,Standard_D2s_v3,2,8,2,3.5.1,17.0.19,2048MB.csv,2048,cpu,2,2026-07-26T00:08:09.671428+00:00,2.3756,15.28,0.0099,SUCCESS,Azure,SG,results_bench-sea-d2sv3-n2-r2-1_1785026947.csv
southeastasia,Standard_D2s_v3,2,8,2,3.5.1,17.0.19,2048MB.csv,2048,cpu,2,2026-07-22T20:40:58.971208+00:00,2.8399,14.04,0.0118,SUCCESS,Azure,SG,results_bench-sea-d2sv3-n2-1.csv
southeastasia,Standard_D2s_v3,2,8,2,3.5.1,17.0.19,2048MB.csv,2048,io,1,2026-07-26T00:26:49.960410+00:00,5.6305,97.51,0.0235,SUCCESS,Azure,SG,results_bench-sea-d2sv3-n2-r1-1_1785026395.csv
southeastasia,Standard_D2s_v3,2,8,2,3.5.1,17.0.19,2048MB.csv,2048,io,1,2026-07-25T19:50:15.285227+00:00,5.1616,97.84,0.0215,SUCCESS,Azure,SG,results_bench-sea-d2sv3-n2-1_1785009322.csv
southeastasia,Standard_D2s_v3,2,8,2,3.5.1,17.0.19,2048MB.csv,2048,io,1,2026-07-26T00:21:42.299921+00:00,5.597,97.7,0.0233,SUCCESS,Azure,SG,results_bench-sea-d2sv3-n2-r2-1_1785026947.csv
southeastasia,Standard_D2s_v3,2,8,2,3.5.1,17.0.19,2048MB.csv,2048,io,1,2026-07-22T20:55:43.664195+00:00,5.2349,96.5,0.0218,SUCCESS,Azure,SG,results_bench-sea-d2sv3-n2-1.csv
southeastasia,Standard_D2s_v3,2,8,2,3.5.1,17.0.19,2048MB.csv,2048,io,2,2026-07-26T00:32:21.239684+00:00,5.4457,95.94,0.0227,SUCCESS,Azure,SG,results_bench-sea-d2sv3-n2-r1-1_1785026395.csv
southeastasia,Standard_D2s_v3,2,8,2,3.5.1,17.0.19,2048MB.csv,2048,io,2,2026-07-25T19:55:22.470007+00:00,5.0485,97.63,0.021,SUCCESS,Azure,SG,results_bench-sea-d2sv3-n2-1_1785009322.csv
southeastasia,Standard_D2s_v3,2,8,2,3.5.1,17.0.19,2048MB.csv,2048,io,2,2026-07-26T00:27:19.604837+00:00,5.5366,97.72,0.0231,SUCCESS,Azure,SG,results_bench-sea-d2sv3-n2-r2-1_1785026947.csv
southeastasia,Standard_D2s_v3,2,8,2,3.5.1,17.0.19,2048MB.csv,2048,io,2,2026-07-22T21:01:08.891027+00:00,5.33,95.99,0.0222,SUCCESS,Azure,SG,results_bench-sea-d2sv3-n2-1.csv
southeastasia,Standard_D2s_v3,2,8,2,3.5.1,17.0.19,2048MB.csv,2048,memory,1,2026-07-26T00:16:23.806393+00:00,4.5779,11.38,0.0191,SUCCESS,Azure,SG,results_bench-sea-d2sv3-n2-r1-1_1785026395.csv
southeastasia,Standard_D2s_v3,2,8,2,3.5.1,17.0.19,2048MB.csv,2048,memory,1,2026-07-25T19:40:49.289681+00:00,4.4915,10.39,0.0187,SUCCESS,Azure,SG,results_bench-sea-d2sv3-n2-1_1785009322.csv
southeastasia,Standard_D2s_v3,2,8,2,3.5.1,17.0.19,2048MB.csv,2048,memory,1,2026-07-26T00:12:10.207256+00:00,4.0028,9.67,0.0167,SUCCESS,Azure,SG,results_bench-sea-d2sv3-n2-r2-1_1785026947.csv
southeastasia,Standard_D2s_v3,2,8,2,3.5.1,17.0.19,2048MB.csv,2048,memory,1,2026-07-22T20:45:41.572771+00:00,4.6226,11,0.0193,SUCCESS,Azure,SG,results_bench-sea-d2sv3-n2-1.csv
southeastasia,Standard_D2s_v3,2,8,2,3.5.1,17.0.19,2048MB.csv,2048,memory,2,2026-07-26T00:21:06.666584+00:00,4.6525,8.88,0.0194,SUCCESS,Azure,SG,results_bench-sea-d2sv3-n2-r1-1_1785026395.csv
southeastasia,Standard_D2s_v3,2,8,2,3.5.1,17.0.19,2048MB.csv,2048,memory,2,2026-07-25T19:45:02.044916+00:00,4.1492,11.15,0.0173,SUCCESS,Azure,SG,results_bench-sea-d2sv3-n2-1_1785009322.csv
southeastasia,Standard_D2s_v3,2,8,2,3.5.1,17.0.19,2048MB.csv,2048,memory,2,2026-07-26T00:16:04.957051+00:00,3.8651,11.14,0.0161,SUCCESS,Azure,SG,results_bench-sea-d2sv3-n2-r2-1_1785026947.csv
southeastasia,Standard_D2s_v3,2,8,2,3.5.1,17.0.19,2048MB.csv,2048,memory,2,2026-07-22T20:50:24.407388+00:00,4.6243,10.51,0.0193,SUCCESS,Azure,SG,results_bench-sea-d2sv3-n2-1.csv
southeastasia,Standard_D2s_v3,2,8,2,3.5.1,17.0.19,3072MB.csv,3072,cpu,1,2026-07-26T00:39:55.727844+00:00,4.0903,8.37,0.017,SUCCESS,Azure,SG,results_bench-sea-d2sv3-n2-r1-1_1785026395.csv
southeastasia,Standard_D2s_v3,2,8,2,3.5.1,17.0.19,3072MB.csv,3072,cpu,1,2026-07-26T00:34:29.084458+00:00,3.214,12.17,0.0134,SUCCESS,Azure,SG,results_bench-sea-d2sv3-n2-r2-1_1785026947.csv
southeastasia,Standard_D2s_v3,2,8,2,3.5.1,17.0.19,3072MB.csv,3072,cpu,1,2026-07-22T21:08:55.638166+00:00,4.4268,15.77,0.0184,SUCCESS,Azure,SG,results_bench-sea-d2sv3-n2-1.csv
southeastasia,Standard_D2s_v3,2,8,2,3.5.1,17.0.19,3072MB.csv,3072,cpu,2,2026-07-26T00:37:53.815037+00:00,3.3882,10.11,0.0141,SUCCESS,Azure,SG,results_bench-sea-d2sv3-n2-r2-1_1785026947.csv
southeastasia,Standard_D2s_v3,2,8,2,3.5.1,17.0.19,3072MB.csv,3072,cpu,2,2026-07-26T00:44:03.176243+00:00,4.0757,10.64,0.017,SUCCESS,Azure,SG,results_bench-sea-d2sv3-n2-r1-1_1785026643.csv
southeastasia,Standard_D2s_v3,2,8,2,3.5.1,17.0.19,3072MB.csv,3072,cpu,2,2026-07-22T21:12:56.685732+00:00,3.9345,12,0.0164,SUCCESS,Azure,SG,results_bench-sea-d2sv3-n2-1.csv
southeastasia,Standard_D2s_v3,2,8,2,3.5.1,17.0.19,3072MB.csv,3072,io,1,2026-07-22T21:33:12.167168+00:00,7.4373,97,0.031,SUCCESS,Azure,SG,results_bench-sea-d2sv3-n2-1.csv
southeastasia,Standard_D2s_v3,2,8,2,3.5.1,17.0.19,3072MB.csv,3072,io,2,2026-07-22T21:41:15.042947+00:00,7.9502,96.73,0.0331,SUCCESS,Azure,SG,results_bench-sea-d2sv3-n2-1.csv
southeastasia,Standard_D2s_v3,2,8,2,3.5.1,17.0.19,3072MB.csv,3072,memory,1,2026-07-26T00:43:42.718710+00:00,5.7732,7.62,0.0241,SUCCESS,Azure,SG,results_bench-sea-d2sv3-n2-r2-1_1785026947.csv
southeastasia,Standard_D2s_v3,2,8,2,3.5.1,17.0.19,3072MB.csv,3072,memory,1,2026-07-26T00:50:10.127887+00:00,6.0599,6.83,0.0252,SUCCESS,Azure,SG,results_bench-sea-d2sv3-n2-r1-1_1785027010.csv
southeastasia,Standard_D2s_v3,2,8,2,3.5.1,17.0.19,3072MB.csv,3072,memory,1,2026-07-22T21:19:21.645277+00:00,6.3669,5.95,0.0265,SUCCESS,Azure,SG,results_bench-sea-d2sv3-n2-1.csv
southeastasia,Standard_D2s_v3,2,8,2,3.5.1,17.0.19,3072MB.csv,3072,memory,2,2026-07-26T00:49:07.584055+00:00,5.3428,7.54,0.0223,SUCCESS,Azure,SG,results_bench-sea-d2sv3-n2-r2-1_1785026947.csv
southeastasia,Standard_D2s_v3,2,8,2,3.5.1,17.0.19,3072MB.csv,3072,memory,2,2026-07-22T21:25:40.629156+00:00,6.2809,8.51,0.0262,SUCCESS,Azure,SG,results_bench-sea-d2sv3-n2-1.csv
southeastasia,Standard_D2s_v3,2,8,2,3.5.1,17.0.19,5120MB.csv,5120,cpu,1,2026-07-22T21:54:42.793610+00:00,6.5416,5.9,0.0273,SUCCESS,Azure,SG,results_bench-sea-d2sv3-n2-1.csv
southeastasia,Standard_D2s_v3,2,8,2,3.5.1,17.0.19,5120MB.csv,5120,cpu,2,2026-07-22T22:01:01.816482+00:00,6.2139,6.31,0.0259,SUCCESS,Azure,SG,results_bench-sea-d2sv3-n2-1.csv
southeastasia,Standard_D2s_v3,2,8,2,3.5.1,17.0.19,5120MB.csv,5120,io,1,2026-07-22T22:33:54.709258+00:00,12.2767,97.04,0.0512,SUCCESS,Azure,SG,results_bench-sea-d2sv3-n2-1.csv
southeastasia,Standard_D2s_v3,2,8,2,3.5.1,17.0.19,5120MB.csv,5120,io,2,2026-07-22T22:46:20.989570+00:00,12.3604,96.98,0.0515,SUCCESS,Azure,SG,results_bench-sea-d2sv3-n2-1.csv
southeastasia,Standard_D2s_v3,2,8,2,3.5.1,17.0.19,5120MB.csv,5120,memory,1,2026-07-22T22:11:21.098697+00:00,10.2994,6.71,0.0429,SUCCESS,Azure,SG,results_bench-sea-d2sv3-n2-1.csv
southeastasia,Standard_D2s_v3,2,8,2,3.5.1,17.0.19,5120MB.csv,5120,memory,2,2026-07-22T22:21:34.330276+00:00,10.2047,5.33,0.0425,SUCCESS,Azure,SG,results_bench-sea-d2sv3-n2-1.csv
southeastasia,Standard_D2s_v3,2,8,4,3.5.1,17.0.19,10MB.csv,10,cpu,1,2026-07-26T00:06:59.765498+00:00,0.475,73.2,0.004,SUCCESS,Azure,SG,results_bench-sea-d2sv3-n4-r2-1_1785025524.csv
southeastasia,Standard_D2s_v3,2,8,4,3.5.1,17.0.19,10MB.csv,10,cpu,1,2026-07-25T21:56:01.717854+00:00,0.5,66.71,0.0042,SUCCESS,Azure,SG,results_bench-sea-d2sv3-n4-1_1785016682.csv
southeastasia,Standard_D2s_v3,2,8,4,3.5.1,17.0.19,10MB.csv,10,cpu,1,2026-07-25T18:54:47.379452+00:00,0.5343,65.77,0.0045,SUCCESS,Azure,SG,results_bench-sea-d2sv3-n4-1_1785008443.csv
southeastasia,Standard_D2s_v3,2,8,4,3.5.1,17.0.19,10MB.csv,10,cpu,1,2026-07-25T23:29:26.117224+00:00,0.5225,76.98,0.0044,SUCCESS,Azure,SG,results_bench-sea-d2sv3-n4-r1-1_1785024828.csv
southeastasia,Standard_D2s_v3,2,8,4,3.5.1,17.0.19,10MB.csv,10,cpu,2,2026-07-26T00:07:30.038454+00:00,0.4918,76.36,0.0041,SUCCESS,Azure,SG,results_bench-sea-d2sv3-n4-r2-1_1785025524.csv
southeastasia,Standard_D2s_v3,2,8,4,3.5.1,17.0.19,10MB.csv,10,cpu,2,2026-07-25T21:56:38.011324+00:00,0.5208,57.8,0.0043,SUCCESS,Azure,SG,results_bench-sea-d2sv3-n4-1_1785016682.csv
southeastasia,Standard_D2s_v3,2,8,4,3.5.1,17.0.19,10MB.csv,10,cpu,2,2026-07-25T18:55:23.663006+00:00,0.5209,68.31,0.0043,SUCCESS,Azure,SG,results_bench-sea-d2sv3-n4-1_1785008443.csv
southeastasia,Standard_D2s_v3,2,8,4,3.5.1,17.0.19,10MB.csv,10,cpu,2,2026-07-25T23:30:02.403538+00:00,0.5087,65.17,0.0042,SUCCESS,Azure,SG,results_bench-sea-d2sv3-n4-r1-1_1785024828.csv
southeastasia,Standard_D2s_v3,2,8,4,3.5.1,17.0.19,10MB.csv,10,io,1,2026-07-26T00:09:30.910566+00:00,0.5074,82.09,0.0042,SUCCESS,Azure,SG,results_bench-sea-d2sv3-n4-r2-1_1785025524.csv
southeastasia,Standard_D2s_v3,2,8,4,3.5.1,17.0.19,10MB.csv,10,io,1,2026-07-25T21:58:44.982212+00:00,0.6097,86.81,0.0051,SUCCESS,Azure,SG,results_bench-sea-d2sv3-n4-1_1785018678.csv
southeastasia,Standard_D2s_v3,2,8,4,3.5.1,17.0.19,10MB.csv,10,io,1,2026-07-25T18:57:30.818673+00:00,0.6546,95.69,0.0055,SUCCESS,Azure,SG,results_bench-sea-d2sv3-n4-1_1785008443.csv
southeastasia,Standard_D2s_v3,2,8,4,3.5.1,17.0.19,10MB.csv,10,io,1,2026-07-25T23:32:09.303485+00:00,0.6575,96.03,0.0055,SUCCESS,Azure,SG,results_bench-sea-d2sv3-n4-r1-1_1785024828.csv
southeastasia,Standard_D2s_v3,2,8,4,3.5.1,17.0.19,10MB.csv,10,io,2,2026-07-26T00:10:07.211509+00:00,0.5232,96.38,0.0044,SUCCESS,Azure,SG,results_bench-sea-d2sv3-n4-r2-1_1785025524.csv
southeastasia,Standard_D2s_v3,2,8,4,3.5.1,17.0.19,10MB.csv,10,io,2,2026-07-25T21:59:21.309758+00:00,0.5788,95.42,0.0048,SUCCESS,Azure,SG,results_bench-sea-d2sv3-n4-1_1785018678.csv
southeastasia,Standard_D2s_v3,2,8,4,3.5.1,17.0.19,10MB.csv,10,io,2,2026-07-25T18:58:13.132618+00:00,0.6885,95.67,0.0057,SUCCESS,Azure,SG,results_bench-sea-d2sv3-n4-1_1785008443.csv
southeastasia,Standard_D2s_v3,2,8,4,3.5.1,17.0.19,10MB.csv,10,io,2,2026-07-25T23:32:51.647814+00:00,0.6384,96.18,0.0053,SUCCESS,Azure,SG,results_bench-sea-d2sv3-n4-r1-1_1785024828.csv
southeastasia,Standard_D2s_v3,2,8,4,3.5.1,17.0.19,10MB.csv,10,memory,1,2026-07-26T00:08:12.342615+00:00,0.6259,62,0.0052,SUCCESS,Azure,SG,results_bench-sea-d2sv3-n4-r2-1_1785025524.csv
southeastasia,Standard_D2s_v3,2,8,4,3.5.1,17.0.19,10MB.csv,10,memory,1,2026-07-25T21:57:20.333711+00:00,0.6773,59.8,0.0056,SUCCESS,Azure,SG,results_bench-sea-d2sv3-n4-1_1785016682.csv
southeastasia,Standard_D2s_v3,2,8,4,3.5.1,17.0.19,10MB.csv,10,memory,1,2026-07-25T18:56:06.011421+00:00,0.6441,74.35,0.0054,SUCCESS,Azure,SG,results_bench-sea-d2sv3-n4-1_1785008443.csv
southeastasia,Standard_D2s_v3,2,8,4,3.5.1,17.0.19,10MB.csv,10,memory,1,2026-07-25T23:30:44.701837+00:00,0.6806,69.6,0.0057,SUCCESS,Azure,SG,results_bench-sea-d2sv3-n4-r1-1_1785024828.csv
southeastasia,Standard_D2s_v3,2,8,4,3.5.1,17.0.19,10MB.csv,10,memory,2,2026-07-26T00:08:54.621202+00:00,0.6486,64.15,0.0054,SUCCESS,Azure,SG,results_bench-sea-d2sv3-n4-r2-1_1785025524.csv
southeastasia,Standard_D2s_v3,2,8,4,3.5.1,17.0.19,10MB.csv,10,memory,2,2026-07-25T21:58:02.661253+00:00,0.6751,64.11,0.0056,SUCCESS,Azure,SG,results_bench-sea-d2sv3-n4-1_1785016682.csv
southeastasia,Standard_D2s_v3,2,8,4,3.5.1,17.0.19,10MB.csv,10,memory,2,2026-07-25T18:56:48.314558+00:00,0.6947,56.39,0.0058,SUCCESS,Azure,SG,results_bench-sea-d2sv3-n4-1_1785008443.csv
southeastasia,Standard_D2s_v3,2,8,4,3.5.1,17.0.19,10MB.csv,10,memory,2,2026-07-25T23:31:26.994190+00:00,0.6936,65.43,0.0058,SUCCESS,Azure,SG,results_bench-sea-d2sv3-n4-r1-1_1785024828.csv
southeastasia,Standard_D2s_v3,2,8,4,3.5.1,17.0.19,100MB.csv,100,cpu,1,2026-07-26T00:10:53.899820+00:00,0.5272,53.3,0.0044,SUCCESS,Azure,SG,results_bench-sea-d2sv3-n4-r2-1_1785025524.csv
southeastasia,Standard_D2s_v3,2,8,4,3.5.1,17.0.19,100MB.csv,100,cpu,1,2026-07-25T22:00:08.072568+00:00,0.5564,47.48,0.0046,SUCCESS,Azure,SG,results_bench-sea-d2sv3-n4-1_1785018678.csv
southeastasia,Standard_D2s_v3,2,8,4,3.5.1,17.0.19,100MB.csv,100,cpu,1,2026-07-25T18:58:59.483639+00:00,0.584,63.99,0.0049,SUCCESS,Azure,SG,results_bench-sea-d2sv3-n4-1_1785008443.csv
southeastasia,Standard_D2s_v3,2,8,4,3.5.1,17.0.19,100MB.csv,100,cpu,1,2026-07-25T23:33:38.427930+00:00,0.5537,54.44,0.0046,SUCCESS,Azure,SG,results_bench-sea-d2sv3-n4-r1-1_1785024828.csv
southeastasia,Standard_D2s_v3,2,8,4,3.5.1,17.0.19,100MB.csv,100,cpu,2,2026-07-26T00:11:30.198763+00:00,0.5101,55.14,0.0043,SUCCESS,Azure,SG,results_bench-sea-d2sv3-n4-r2-1_1785025524.csv
southeastasia,Standard_D2s_v3,2,8,4,3.5.1,17.0.19,100MB.csv,100,cpu,2,2026-07-25T22:00:44.345816+00:00,0.5479,46.57,0.0046,SUCCESS,Azure,SG,results_bench-sea-d2sv3-n4-1_1785018678.csv
southeastasia,Standard_D2s_v3,2,8,4,3.5.1,17.0.19,100MB.csv,100,cpu,2,2026-07-25T18:59:42.072323+00:00,0.6229,62.18,0.0052,SUCCESS,Azure,SG,results_bench-sea-d2sv3-n4-1_1785008443.csv
southeastasia,Standard_D2s_v3,2,8,4,3.5.1,17.0.19,100MB.csv,100,cpu,2,2026-07-25T23:34:14.714529+00:00,0.572,59.88,0.0048,SUCCESS,Azure,SG,results_bench-sea-d2sv3-n4-r1-1_1785024828.csv
southeastasia,Standard_D2s_v3,2,8,4,3.5.1,17.0.19,100MB.csv,100,io,1,2026-07-26T00:13:43.083663+00:00,0.7437,97.62,0.0062,SUCCESS,Azure,SG,results_bench-sea-d2sv3-n4-r2-1_1785025524.csv
southeastasia,Standard_D2s_v3,2,8,4,3.5.1,17.0.19,100MB.csv,100,io,1,2026-07-25T22:03:15.313206+00:00,0.8282,97.43,0.0069,SUCCESS,Azure,SG,results_bench-sea-d2sv3-n4-1_1785018678.csv
southeastasia,Standard_D2s_v3,2,8,4,3.5.1,17.0.19,100MB.csv,100,io,1,2026-07-25T19:02:26.077173+00:00,0.9414,97.6,0.0078,SUCCESS,Azure,SG,results_bench-sea-d2sv3-n4-1_1785008443.csv
southeastasia,Standard_D2s_v3,2,8,4,3.5.1,17.0.19,100MB.csv,100,io,1,2026-07-25T23:36:45.674089+00:00,0.8785,95.81,0.0073,SUCCESS,Azure,SG,results_bench-sea-d2sv3-n4-r1-1_1785024828.csv
southeastasia,Standard_D2s_v3,2,8,4,3.5.1,17.0.19,100MB.csv,100,io,2,2026-07-26T00:14:31.410252+00:00,0.7152,93.84,0.006,SUCCESS,Azure,SG,results_bench-sea-d2sv3-n4-r2-1_1785025524.csv
southeastasia,Standard_D2s_v3,2,8,4,3.5.1,17.0.19,100MB.csv,100,io,2,2026-07-25T22:04:09.646404+00:00,0.8056,86.56,0.0067,SUCCESS,Azure,SG,results_bench-sea-d2sv3-n4-1_1785018678.csv
southeastasia,Standard_D2s_v3,2,8,4,3.5.1,17.0.19,100MB.csv,100,io,2,2026-07-25T19:03:20.848678+00:00,0.8978,96.71,0.0075,SUCCESS,Azure,SG,results_bench-sea-d2sv3-n4-1_1785008443.csv
southeastasia,Standard_D2s_v3,2,8,4,3.5.1,17.0.19,100MB.csv,100,io,2,2026-07-25T23:37:40.029517+00:00,0.8673,96.59,0.0072,SUCCESS,Azure,SG,results_bench-sea-d2sv3-n4-r1-1_1785024828.csv
southeastasia,Standard_D2s_v3,2,8,4,3.5.1,17.0.19,100MB.csv,100,memory,1,2026-07-26T00:12:12.480198+00:00,0.6873,53.71,0.0057,SUCCESS,Azure,SG,results_bench-sea-d2sv3-n4-r2-1_1785025524.csv
southeastasia,Standard_D2s_v3,2,8,4,3.5.1,17.0.19,100MB.csv,100,memory,1,2026-07-25T22:01:32.650336+00:00,0.7522,41.08,0.0063,SUCCESS,Azure,SG,results_bench-sea-d2sv3-n4-1_1785018678.csv
southeastasia,Standard_D2s_v3,2,8,4,3.5.1,17.0.19,100MB.csv,100,memory,1,2026-07-25T19:00:36.408823+00:00,0.8031,66.98,0.0067,SUCCESS,Azure,SG,results_bench-sea-d2sv3-n4-1_1785008443.csv
southeastasia,Standard_D2s_v3,2,8,4,3.5.1,17.0.19,100MB.csv,100,memory,1,2026-07-25T23:35:03.015651+00:00,0.7601,52.58,0.0063,SUCCESS,Azure,SG,results_bench-sea-d2sv3-n4-r1-1_1785024828.csv
southeastasia,Standard_D2s_v3,2,8,4,3.5.1,17.0.19,100MB.csv,100,memory,2,2026-07-26T00:12:54.757722+00:00,0.6905,60.62,0.0058,SUCCESS,Azure,SG,results_bench-sea-d2sv3-n4-r2-1_1785025524.csv
southeastasia,Standard_D2s_v3,2,8,4,3.5.1,17.0.19,100MB.csv,100,memory,2,2026-07-25T22:02:20.947615+00:00,0.7419,43.98,0.0062,SUCCESS,Azure,SG,results_bench-sea-d2sv3-n4-1_1785018678.csv
southeastasia,Standard_D2s_v3,2,8,4,3.5.1,17.0.19,100MB.csv,100,memory,2,2026-07-25T19:01:25.729777+00:00,0.7724,68.27,0.0064,SUCCESS,Azure,SG,results_bench-sea-d2sv3-n4-1_1785008443.csv
southeastasia,Standard_D2s_v3,2,8,4,3.5.1,17.0.19,100MB.csv,100,memory,2,2026-07-25T23:35:51.333408+00:00,0.7721,62.6,0.0064,SUCCESS,Azure,SG,results_bench-sea-d2sv3-n4-r1-1_1785024828.csv
southeastasia,Standard_D2s_v3,2,8,4,3.5.1,17.0.19,500MB.csv,500,cpu,1,2026-07-26T00:15:54.718382+00:00,0.6535,58.24,0.0054,SUCCESS,Azure,SG,results_bench-sea-d2sv3-n4-r2-1_1785025524.csv
southeastasia,Standard_D2s_v3,2,8,4,3.5.1,17.0.19,500MB.csv,500,cpu,1,2026-07-25T22:05:30.529448+00:00,0.6942,45.33,0.0058,SUCCESS,Azure,SG,results_bench-sea-d2sv3-n4-1_1785018678.csv
southeastasia,Standard_D2s_v3,2,8,4,3.5.1,17.0.19,500MB.csv,500,cpu,1,2026-07-25T19:04:49.124236+00:00,0.7206,48.95,0.006,SUCCESS,Azure,SG,results_bench-sea-d2sv3-n4-1_1785008443.csv
southeastasia,Standard_D2s_v3,2,8,4,3.5.1,17.0.19,500MB.csv,500,cpu,1,2026-07-25T23:39:06.687699+00:00,0.7231,47.78,0.006,SUCCESS,Azure,SG,results_bench-sea-d2sv3-n4-r1-1_1785024828.csv
southeastasia,Standard_D2s_v3,2,8,4,3.5.1,17.0.19,500MB.csv,500,cpu,2,2026-07-26T00:16:37.019575+00:00,0.6724,44.35,0.0056,SUCCESS,Azure,SG,results_bench-sea-d2sv3-n4-r2-1_1785025524.csv
southeastasia,Standard_D2s_v3,2,8,4,3.5.1,17.0.19,500MB.csv,500,cpu,2,2026-07-25T22:06:12.800206+00:00,0.6962,41.69,0.0058,SUCCESS,Azure,SG,results_bench-sea-d2sv3-n4-1_1785018678.csv
southeastasia,Standard_D2s_v3,2,8,4,3.5.1,17.0.19,500MB.csv,500,cpu,2,2026-07-25T19:05:37.444948+00:00,0.725,48.74,0.006,SUCCESS,Azure,SG,results_bench-sea-d2sv3-n4-1_1785008443.csv
southeastasia,Standard_D2s_v3,2,8,4,3.5.1,17.0.19,500MB.csv,500,cpu,2,2026-07-25T23:39:54.985175+00:00,0.7233,53.98,0.006,SUCCESS,Azure,SG,results_bench-sea-d2sv3-n4-r1-1_1785024828.csv
southeastasia,Standard_D2s_v3,2,8,4,3.5.1,17.0.19,500MB.csv,500,io,1,2026-07-26T00:20:20.084769+00:00,1.6079,90.48,0.0134,SUCCESS,Azure,SG,results_bench-sea-d2sv3-n4-r2-1_1785025524.csv
southeastasia,Standard_D2s_v3,2,8,4,3.5.1,17.0.19,500MB.csv,500,io,1,2026-07-25T22:10:01.880876+00:00,1.7414,97.96,0.0145,SUCCESS,Azure,SG,results_bench-sea-d2sv3-n4-1_1785018678.csv
southeastasia,Standard_D2s_v3,2,8,4,3.5.1,17.0.19,500MB.csv,500,io,1,2026-07-25T19:09:38.612124+00:00,1.8837,98.52,0.0157,SUCCESS,Azure,SG,results_bench-sea-d2sv3-n4-1_1785008443.csv
southeastasia,Standard_D2s_v3,2,8,4,3.5.1,17.0.19,500MB.csv,500,io,1,2026-07-25T23:43:50.117810+00:00,1.9029,98.05,0.0159,SUCCESS,Azure,SG,results_bench-sea-d2sv3-n4-r1-1_1785024828.csv
southeastasia,Standard_D2s_v3,2,8,4,3.5.1,17.0.19,500MB.csv,500,io,2,2026-07-26T00:21:56.511829+00:00,1.5811,98.28,0.0132,SUCCESS,Azure,SG,results_bench-sea-d2sv3-n4-r2-1_1785025524.csv
southeastasia,Standard_D2s_v3,2,8,4,3.5.1,17.0.19,500MB.csv,500,io,2,2026-07-25T22:11:50.364891+00:00,1.714,93.56,0.0143,SUCCESS,Azure,SG,results_bench-sea-d2sv3-n4-1_1785018678.csv
southeastasia,Standard_D2s_v3,2,8,4,3.5.1,17.0.19,500MB.csv,500,io,2,2026-07-25T19:11:39.121762+00:00,1.9543,97.71,0.0163,SUCCESS,Azure,SG,results_bench-sea-d2sv3-n4-1_1785008443.csv
southeastasia,Standard_D2s_v3,2,8,4,3.5.1,17.0.19,500MB.csv,500,io,2,2026-07-25T23:45:44.628153+00:00,1.8702,96.85,0.0156,SUCCESS,Azure,SG,results_bench-sea-d2sv3-n4-r1-1_1785024828.csv
southeastasia,Standard_D2s_v3,2,8,4,3.5.1,17.0.19,500MB.csv,500,memory,1,2026-07-26T00:17:37.333092+00:00,0.9279,43.03,0.0077,SUCCESS,Azure,SG,results_bench-sea-d2sv3-n4-r2-1_1785025524.csv
southeastasia,Standard_D2s_v3,2,8,4,3.5.1,17.0.19,500MB.csv,500,memory,1,2026-07-25T22:07:13.108405+00:00,0.9596,32.84,0.008,SUCCESS,Azure,SG,results_bench-sea-d2sv3-n4-1_1785018678.csv
southeastasia,Standard_D2s_v3,2,8,4,3.5.1,17.0.19,500MB.csv,500,memory,1,2026-07-25T19:06:37.774647+00:00,0.9794,47.26,0.0082,SUCCESS,Azure,SG,results_bench-sea-d2sv3-n4-1_1785008443.csv
southeastasia,Standard_D2s_v3,2,8,4,3.5.1,17.0.19,500MB.csv,500,memory,1,2026-07-25T23:40:55.295459+00:00,1,53.31,0.0083,SUCCESS,Azure,SG,results_bench-sea-d2sv3-n4-r1-1_1785024828.csv
southeastasia,Standard_D2s_v3,2,8,4,3.5.1,17.0.19,500MB.csv,500,memory,2,2026-07-26T00:18:37.640880+00:00,0.9656,32.59,0.008,SUCCESS,Azure,SG,results_bench-sea-d2sv3-n4-r2-1_1785025524.csv
southeastasia,Standard_D2s_v3,2,8,4,3.5.1,17.0.19,500MB.csv,500,memory,2,2026-07-25T22:08:13.404930+00:00,0.9752,39.16,0.0081,SUCCESS,Azure,SG,results_bench-sea-d2sv3-n4-1_1785018678.csv
southeastasia,Standard_D2s_v3,2,8,4,3.5.1,17.0.19,500MB.csv,500,memory,2,2026-07-25T19:07:44.116999+00:00,1.002,46.15,0.0083,SUCCESS,Azure,SG,results_bench-sea-d2sv3-n4-1_1785008443.csv
southeastasia,Standard_D2s_v3,2,8,4,3.5.1,17.0.19,500MB.csv,500,memory,2,2026-07-25T23:41:55.617779+00:00,0.9813,52.95,0.0082,SUCCESS,Azure,SG,results_bench-sea-d2sv3-n4-r1-1_1785024828.csv
southeastasia,Standard_D2s_v3,2,8,4,3.5.1,17.0.19,1024MB.csv,1024,cpu,1,2026-07-26T00:24:23.920705+00:00,1.0188,29.37,0.0085,SUCCESS,Azure,SG,results_bench-sea-d2sv3-n4-r2-1_1785025524.csv
southeastasia,Standard_D2s_v3,2,8,4,3.5.1,17.0.19,1024MB.csv,1024,cpu,1,2026-07-25T22:14:44.225424+00:00,1.0108,31.19,0.0084,SUCCESS,Azure,SG,results_bench-sea-d2sv3-n4-1_1785018678.csv
southeastasia,Standard_D2s_v3,2,8,4,3.5.1,17.0.19,1024MB.csv,1024,cpu,1,2026-07-25T19:13:52.948402+00:00,0.9704,47.39,0.0081,SUCCESS,Azure,SG,results_bench-sea-d2sv3-n4-1_1785008443.csv
southeastasia,Standard_D2s_v3,2,8,4,3.5.1,17.0.19,1024MB.csv,1024,cpu,1,2026-07-25T23:48:27.183723+00:00,1.0702,34.25,0.0089,SUCCESS,Azure,SG,results_bench-sea-d2sv3-n4-r1-1_1785024828.csv
southeastasia,Standard_D2s_v3,2,8,4,3.5.1,17.0.19,1024MB.csv,1024,cpu,2,2026-07-26T00:25:24.226558+00:00,0.9812,30.7,0.0082,SUCCESS,Azure,SG,results_bench-sea-d2sv3-n4-r2-1_1785025524.csv
southeastasia,Standard_D2s_v3,2,8,4,3.5.1,17.0.19,1024MB.csv,1024,cpu,2,2026-07-25T22:15:50.541716+00:00,1.0508,26.95,0.0088,SUCCESS,Azure,SG,results_bench-sea-d2sv3-n4-1_1785018678.csv
southeastasia,Standard_D2s_v3,2,8,4,3.5.1,17.0.19,1024MB.csv,1024,cpu,2,2026-07-25T19:14:53.300328+00:00,0.9713,29.64,0.0081,SUCCESS,Azure,SG,results_bench-sea-d2sv3-n4-1_1785008443.csv
southeastasia,Standard_D2s_v3,2,8,4,3.5.1,17.0.19,1024MB.csv,1024,cpu,2,2026-07-25T23:49:33.532963+00:00,1.0371,35.87,0.0086,SUCCESS,Azure,SG,results_bench-sea-d2sv3-n4-r1-1_1785024828.csv
southeastasia,Standard_D2s_v3,2,8,4,3.5.1,17.0.19,1024MB.csv,1024,io,1,2026-07-25T22:21:51.869059+00:00,2.8479,97.89,0.0237,SUCCESS,Azure,SG,results_bench-sea-d2sv3-n4-1_1785018678.csv
southeastasia,Standard_D2s_v3,2,8,4,3.5.1,17.0.19,1024MB.csv,1024,io,1,2026-07-25T19:21:24.935823+00:00,3.4511,97.51,0.0288,SUCCESS,Azure,SG,results_bench-sea-d2sv3-n4-1_1785008443.csv
southeastasia,Standard_D2s_v3,2,8,4,3.5.1,17.0.19,1024MB.csv,1024,io,1,2026-07-25T23:55:40.970352+00:00,2.9874,97.63,0.0249,SUCCESS,Azure,SG,results_bench-sea-d2sv3-n4-r1-1_1785024828.csv
southeastasia,Standard_D2s_v3,2,8,4,3.5.1,17.0.19,1024MB.csv,1024,io,1,2026-07-26T00:31:13.527107+00:00,2.7395,96.05,0.0228,SUCCESS,Azure,SG,results_bench-sea-d2sv3-n4-r2-1_1785026361.csv
southeastasia,Standard_D2s_v3,2,8,4,3.5.1,17.0.19,1024MB.csv,1024,io,2,2026-07-25T22:24:40.507466+00:00,2.7885,97.3,0.0232,SUCCESS,Azure,SG,results_bench-sea-d2sv3-n4-1_1785018678.csv
southeastasia,Standard_D2s_v3,2,8,4,3.5.1,17.0.19,1024MB.csv,1024,io,2,2026-07-25T19:24:49.898762+00:00,3.3437,97.67,0.0279,SUCCESS,Azure,SG,results_bench-sea-d2sv3-n4-1_1785008443.csv
southeastasia,Standard_D2s_v3,2,8,4,3.5.1,17.0.19,1024MB.csv,1024,io,2,2026-07-25T23:58:47.643991+00:00,3.0284,97.15,0.0252,SUCCESS,Azure,SG,results_bench-sea-d2sv3-n4-r1-1_1785024828.csv
southeastasia,Standard_D2s_v3,2,8,4,3.5.1,17.0.19,1024MB.csv,1024,io,2,2026-07-26T00:33:56.119139+00:00,2.6155,94.14,0.0218,SUCCESS,Azure,SG,results_bench-sea-d2sv3-n4-r2-1_1785026361.csv
southeastasia,Standard_D2s_v3,2,8,4,3.5.1,17.0.19,1024MB.csv,1024,memory,1,2026-07-25T22:17:26.901605+00:00,1.5146,30.11,0.0126,SUCCESS,Azure,SG,results_bench-sea-d2sv3-n4-1_1785018678.csv
southeastasia,Standard_D2s_v3,2,8,4,3.5.1,17.0.19,1024MB.csv,1024,memory,1,2026-07-25T19:16:23.674542+00:00,1.4426,34.08,0.012,SUCCESS,Azure,SG,results_bench-sea-d2sv3-n4-1_1785008443.csv
southeastasia,Standard_D2s_v3,2,8,4,3.5.1,17.0.19,1024MB.csv,1024,memory,1,2026-07-25T23:51:09.912571+00:00,1.5035,30.86,0.0125,SUCCESS,Azure,SG,results_bench-sea-d2sv3-n4-r1-1_1785024828.csv
southeastasia,Standard_D2s_v3,2,8,4,3.5.1,17.0.19,1024MB.csv,1024,memory,1,2026-07-26T00:26:54.584688+00:00,1.4917,25.97,0.0124,SUCCESS,Azure,SG,results_bench-sea-d2sv3-n4-r2-1_1785026361.csv
southeastasia,Standard_D2s_v3,2,8,4,3.5.1,17.0.19,1024MB.csv,1024,memory,2,2026-07-25T22:18:57.251389+00:00,1.4353,30.47,0.012,SUCCESS,Azure,SG,results_bench-sea-d2sv3-n4-1_1785018678.csv
southeastasia,Standard_D2s_v3,2,8,4,3.5.1,17.0.19,1024MB.csv,1024,memory,2,2026-07-25T19:17:54.188323+00:00,1.4586,31.37,0.0122,SUCCESS,Azure,SG,results_bench-sea-d2sv3-n4-1_1785008443.csv
southeastasia,Standard_D2s_v3,2,8,4,3.5.1,17.0.19,1024MB.csv,1024,memory,2,2026-07-25T23:52:40.303012+00:00,1.4393,34.08,0.012,SUCCESS,Azure,SG,results_bench-sea-d2sv3-n4-r1-1_1785024828.csv
southeastasia,Standard_D2s_v3,2,8,4,3.5.1,17.0.19,1024MB.csv,1024,memory,2,2026-07-26T00:28:24.948670+00:00,1.4718,24.2,0.0123,SUCCESS,Azure,SG,results_bench-sea-d2sv3-n4-r2-1_1785026361.csv
southeastasia,Standard_D2s_v3,2,8,4,3.5.1,17.0.19,2048MB.csv,2048,cpu,1,2026-07-25T22:29:54.546523+00:00,1.3067,22.74,0.0109,SUCCESS,Azure,SG,results_bench-sea-d2sv3-n4-1_1785018678.csv
southeastasia,Standard_D2s_v3,2,8,4,3.5.1,17.0.19,2048MB.csv,2048,cpu,1,2026-07-25T19:29:05.530828+00:00,1.3573,24.31,0.0113,SUCCESS,Azure,SG,results_bench-sea-d2sv3-n4-1_1785008443.csv
southeastasia,Standard_D2s_v3,2,8,4,3.5.1,17.0.19,2048MB.csv,2048,cpu,1,2026-07-26T00:02:58.302988+00:00,1.3834,27.12,0.0115,SUCCESS,Azure,SG,results_bench-sea-d2sv3-n4-r1-1_1785024828.csv
southeastasia,Standard_D2s_v3,2,8,4,3.5.1,17.0.19,2048MB.csv,2048,cpu,1,2026-07-26T00:38:03.148194+00:00,1.277,23.86,0.0106,SUCCESS,Azure,SG,results_bench-sea-d2sv3-n4-r2-1_1785026361.csv
southeastasia,Standard_D2s_v3,2,8,4,3.5.1,17.0.19,2048MB.csv,2048,cpu,2,2026-07-25T22:31:18.863788+00:00,1.3681,23.27,0.0114,SUCCESS,Azure,SG,results_bench-sea-d2sv3-n4-1_1785018678.csv
southeastasia,Standard_D2s_v3,2,8,4,3.5.1,17.0.19,2048MB.csv,2048,cpu,2,2026-07-25T19:30:29.878874+00:00,1.3886,25.99,0.0116,SUCCESS,Azure,SG,results_bench-sea-d2sv3-n4-1_1785008443.csv
southeastasia,Standard_D2s_v3,2,8,4,3.5.1,17.0.19,2048MB.csv,2048,cpu,2,2026-07-26T00:04:22.660633+00:00,1.3849,28.12,0.0115,SUCCESS,Azure,SG,results_bench-sea-d2sv3-n4-r1-1_1785024828.csv
southeastasia,Standard_D2s_v3,2,8,4,3.5.1,17.0.19,2048MB.csv,2048,cpu,2,2026-07-26T00:39:21.474803+00:00,1.2803,29.77,0.0107,SUCCESS,Azure,SG,results_bench-sea-d2sv3-n4-r2-1_1785026361.csv
southeastasia,Standard_D2s_v3,2,8,4,3.5.1,17.0.19,2048MB.csv,2048,io,1,2026-07-25T19:40:43.819256+00:00,5.9799,96.75,0.0498,SUCCESS,Azure,SG,results_bench-sea-d2sv3-n4-1_1785008443.csv
southeastasia,Standard_D2s_v3,2,8,4,3.5.1,17.0.19,2048MB.csv,2048,io,1,2026-07-26T00:13:48.700993+00:00,5.2892,97.92,0.0441,SUCCESS,Azure,SG,results_bench-sea-d2sv3-n4-r1-1_1785024828.csv
southeastasia,Standard_D2s_v3,2,8,4,3.5.1,17.0.19,2048MB.csv,2048,io,1,2026-07-25T22:40:26.706392+00:00,4.9387,97.8,0.0412,SUCCESS,Azure,SG,results_bench-sea-d2sv3-n4-1_1785022444.csv
southeastasia,Standard_D2s_v3,2,8,4,3.5.1,17.0.19,2048MB.csv,2048,io,1,2026-07-26T00:48:11.420511+00:00,4.6917,96.44,0.0391,SUCCESS,Azure,SG,results_bench-sea-d2sv3-n4-r2-1_1785026891.csv
southeastasia,Standard_D2s_v3,2,8,4,3.5.1,17.0.19,2048MB.csv,2048,io,2,2026-07-25T22:45:27.908387+00:00,4.9841,98,0.0415,SUCCESS,Azure,SG,results_bench-sea-d2sv3-n4-1_1785022444.csv
southeastasia,Standard_D2s_v3,2,8,4,3.5.1,17.0.19,2048MB.csv,2048,io,2,2026-07-26T00:19:25.959740+00:00,5.5772,97.5,0.0465,SUCCESS,Azure,SG,results_bench-sea-d2sv3-n4-r1-1_1785025165.csv
southeastasia,Standard_D2s_v3,2,8,4,3.5.1,17.0.19,2048MB.csv,2048,memory,1,2026-07-25T19:32:36.273466+00:00,2.0926,29.17,0.0174,SUCCESS,Azure,SG,results_bench-sea-d2sv3-n4-1_1785008443.csv
southeastasia,Standard_D2s_v3,2,8,4,3.5.1,17.0.19,2048MB.csv,2048,memory,1,2026-07-26T00:06:29.059980+00:00,2.0068,21.73,0.0167,SUCCESS,Azure,SG,results_bench-sea-d2sv3-n4-r1-1_1785024828.csv
southeastasia,Standard_D2s_v3,2,8,4,3.5.1,17.0.19,2048MB.csv,2048,memory,1,2026-07-25T22:33:25.451549+00:00,2.0673,19.05,0.0172,SUCCESS,Azure,SG,results_bench-sea-d2sv3-n4-1_1785022444.csv
southeastasia,Standard_D2s_v3,2,8,4,3.5.1,17.0.19,2048MB.csv,2048,memory,1,2026-07-26T00:41:21.904616+00:00,1.9414,19.67,0.0162,SUCCESS,Azure,SG,results_bench-sea-d2sv3-n4-r2-1_1785026891.csv
southeastasia,Standard_D2s_v3,2,8,4,3.5.1,17.0.19,2048MB.csv,2048,memory,2,2026-07-25T19:34:42.688815+00:00,2.0217,22.11,0.0168,SUCCESS,Azure,SG,results_bench-sea-d2sv3-n4-1_1785008443.csv
southeastasia,Standard_D2s_v3,2,8,4,3.5.1,17.0.19,2048MB.csv,2048,memory,2,2026-07-26T00:08:29.493434+00:00,1.984,24.91,0.0165,SUCCESS,Azure,SG,results_bench-sea-d2sv3-n4-r1-1_1785024828.csv
southeastasia,Standard_D2s_v3,2,8,4,3.5.1,17.0.19,2048MB.csv,2048,memory,2,2026-07-25T22:35:25.808639+00:00,1.9816,19.58,0.0165,SUCCESS,Azure,SG,results_bench-sea-d2sv3-n4-1_1785022444.csv
southeastasia,Standard_D2s_v3,2,8,4,3.5.1,17.0.19,2048MB.csv,2048,memory,2,2026-07-26T00:43:28.308188+00:00,2.0068,16.25,0.0167,SUCCESS,Azure,SG,results_bench-sea-d2sv3-n4-r2-1_1785026891.csv
southeastasia,Standard_D2s_v3,2,8,4,3.5.1,17.0.19,3072MB.csv,3072,cpu,1,2026-07-25T22:53:25.065362+00:00,1.6943,16.98,0.0141,SUCCESS,Azure,SG,results_bench-sea-d2sv3-n4-1_1785022444.csv
southeastasia,Standard_D2s_v3,2,8,4,3.5.1,17.0.19,3072MB.csv,3072,cpu,2,2026-07-25T22:55:07.653748+00:00,1.6609,19.14,0.0138,SUCCESS,Azure,SG,results_bench-sea-d2sv3-n4-1_1785022444.csv
southeastasia,Standard_D2s_v3,2,8,4,3.5.1,17.0.19,3072MB.csv,3072,io,1,2026-07-25T23:07:45.725908+00:00,7.3971,97.19,0.0616,SUCCESS,Azure,SG,results_bench-sea-d2sv3-n4-1_1785022444.csv
southeastasia,Standard_D2s_v3,2,8,4,3.5.1,17.0.19,3072MB.csv,3072,io,2,2026-07-25T23:15:29.355946+00:00,7.6402,97.76,0.0637,SUCCESS,Azure,SG,results_bench-sea-d2sv3-n4-1_1785022444.csv
southeastasia,Standard_D2s_v3,2,8,4,3.5.1,17.0.19,3072MB.csv,3072,io,2,2026-07-24T19:57:46.848801+00:00,7.6472,97.2,0.0637,SUCCESS,Azure,SG,results_bench-sea-d2sv3-n4-1.csv
southeastasia,Standard_D2s_v3,2,8,4,3.5.1,17.0.19,3072MB.csv,3072,memory,1,2026-07-25T22:57:44.092338+00:00,2.5554,16.05,0.0213,SUCCESS,Azure,SG,results_bench-sea-d2sv3-n4-1_1785022444.csv
southeastasia,Standard_D2s_v3,2,8,4,3.5.1,17.0.19,3072MB.csv,3072,memory,2,2026-07-25T23:00:20.503210+00:00,2.5978,17.57,0.0216,SUCCESS,Azure,SG,results_bench-sea-d2sv3-n4-1_1785022444.csv
southeastasia,Standard_D2s_v3,2,8,4,3.5.1,17.0.19,5120MB.csv,5120,cpu,1,2026-07-25T23:27:38.912786+00:00,2.5369,18.05,0.0211,SUCCESS,Azure,SG,results_bench-sea-d2sv3-n4-1_1785022444.csv
southeastasia,Standard_D2s_v3,2,8,4,3.5.1,17.0.19,5120MB.csv,5120,cpu,1,2026-07-24T20:13:12.638523+00:00,2.4966,16.6,0.0208,SUCCESS,Azure,SG,results_bench-sea-d2sv3-n4-1.csv
southeastasia,Standard_D2s_v3,2,8,4,3.5.1,17.0.19,5120MB.csv,5120,cpu,2,2026-07-25T23:30:09.587262+00:00,2.4503,13.37,0.0204,SUCCESS,Azure,SG,results_bench-sea-d2sv3-n4-1_1785022444.csv
southeastasia,Standard_D2s_v3,2,8,4,3.5.1,17.0.19,5120MB.csv,5120,cpu,2,2026-07-24T20:15:43.327647+00:00,2.4676,17.67,0.0206,SUCCESS,Azure,SG,results_bench-sea-d2sv3-n4-1.csv
southeastasia,Standard_D2s_v3,2,8,4,3.5.1,17.0.19,5120MB.csv,5120,io,1,2026-07-25T23:50:01.045950+00:00,11.7517,97.19,0.0979,SUCCESS,Azure,SG,results_bench-sea-d2sv3-n4-1_1785023401.csv
southeastasia,Standard_D2s_v3,2,8,4,3.5.1,17.0.19,5120MB.csv,5120,io,1,2026-07-24T20:36:23.102296+00:00,12.3481,97.15,0.1029,SUCCESS,Azure,SG,results_bench-sea-d2sv3-n4-1.csv
southeastasia,Standard_D2s_v3,2,8,4,3.5.1,17.0.19,5120MB.csv,5120,io,2,2026-07-26T00:01:33.141089+00:00,11.4738,97.12,0.0956,SUCCESS,Azure,SG,results_bench-sea-d2sv3-n4-1_1785024093.csv
southeastasia,Standard_D2s_v3,2,8,4,3.5.1,17.0.19,5120MB.csv,5120,io,2,2026-07-24T20:49:25.416655+00:00,13.0251,96.84,0.1085,SUCCESS,Azure,SG,results_bench-sea-d2sv3-n4-1.csv
southeastasia,Standard_D2s_v3,2,8,4,3.5.1,17.0.19,5120MB.csv,5120,memory,1,2026-07-25T23:34:04.108823+00:00,3.8919,9.56,0.0324,SUCCESS,Azure,SG,results_bench-sea-d2sv3-n4-1_1785022444.csv
southeastasia,Standard_D2s_v3,2,8,4,3.5.1,17.0.19,5120MB.csv,5120,memory,1,2026-07-24T20:19:49.918343+00:00,4.066,12.25,0.0339,SUCCESS,Azure,SG,results_bench-sea-d2sv3-n4-1.csv
southeastasia,Standard_D2s_v3,2,8,4,3.5.1,17.0.19,5120MB.csv,5120,memory,2,2026-07-25T23:38:10.926328+00:00,4.0599,13.19,0.0338,SUCCESS,Azure,SG,results_bench-sea-d2sv3-n4-1_1785022690.csv
southeastasia,Standard_D2s_v3,2,8,4,3.5.1,17.0.19,5120MB.csv,5120,memory,2,2026-07-24T20:23:56.759061+00:00,4.0426,15.13,0.0337,SUCCESS,Azure,SG,results_bench-sea-d2sv3-n4-1.csv
southeastasia,Standard_D4s_v3,4,16,2,3.5.1,17.0.19,10MB.csv,10,cpu,1,2026-07-25T22:00:59.332688+00:00,0.3324,38.62,0.0028,SUCCESS,Azure,SG,results_bench-sea-d4sv3-n2-1_1785021556.csv
southeastasia,Standard_D4s_v3,4,16,2,3.5.1,17.0.19,10MB.csv,10,cpu,1,2026-07-25T18:53:35.526046+00:00,0.3156,45.76,0.0026,SUCCESS,Azure,SG,results_bench-sea-d4sv3-n2-1_1785007744.csv
southeastasia,Standard_D4s_v3,4,16,2,3.5.1,17.0.19,10MB.csv,10,cpu,1,2026-07-25T23:33:46.272662+00:00,0.34,30.77,0.0028,SUCCESS,Azure,SG,results_bench-sea-d4sv3-n2-r1-1_1785025286.csv
southeastasia,Standard_D4s_v3,4,16,2,3.5.1,17.0.19,10MB.csv,10,cpu,2,2026-07-25T22:01:23.585612+00:00,0.3241,41.46,0.0027,SUCCESS,Azure,SG,results_bench-sea-d4sv3-n2-1_1785021556.csv
southeastasia,Standard_D4s_v3,4,16,2,3.5.1,17.0.19,10MB.csv,10,cpu,2,2026-07-25T18:53:59.783344+00:00,0.3292,41.68,0.0027,SUCCESS,Azure,SG,results_bench-sea-d4sv3-n2-1_1785007744.csv
southeastasia,Standard_D4s_v3,4,16,2,3.5.1,17.0.19,10MB.csv,10,cpu,2,2026-07-25T23:34:10.533055+00:00,0.3561,46.74,0.003,SUCCESS,Azure,SG,results_bench-sea-d4sv3-n2-r1-1_1785025286.csv
southeastasia,Standard_D4s_v3,4,16,2,3.5.1,17.0.19,10MB.csv,10,io,1,2026-07-25T22:02:48.347172+00:00,0.3599,77.18,0.003,SUCCESS,Azure,SG,results_bench-sea-d4sv3-n2-1_1785021556.csv
southeastasia,Standard_D4s_v3,4,16,2,3.5.1,17.0.19,10MB.csv,10,io,1,2026-07-25T18:55:24.591264+00:00,0.3533,77.28,0.0029,SUCCESS,Azure,SG,results_bench-sea-d4sv3-n2-1_1785007744.csv
southeastasia,Standard_D4s_v3,4,16,2,3.5.1,17.0.19,10MB.csv,10,io,1,2026-07-25T23:35:41.369341+00:00,0.4545,77.13,0.0038,SUCCESS,Azure,SG,results_bench-sea-d4sv3-n2-r1-1_1785025286.csv
southeastasia,Standard_D4s_v3,4,16,2,3.5.1,17.0.19,10MB.csv,10,io,2,2026-07-25T22:03:12.604953+00:00,0.3737,77.61,0.0031,SUCCESS,Azure,SG,results_bench-sea-d4sv3-n2-1_1785021556.csv
southeastasia,Standard_D4s_v3,4,16,2,3.5.1,17.0.19,10MB.csv,10,io,2,2026-07-25T18:55:48.866825+00:00,0.37,78.99,0.0031,SUCCESS,Azure,SG,results_bench-sea-d4sv3-n2-1_1785007744.csv
southeastasia,Standard_D4s_v3,4,16,2,3.5.1,17.0.19,10MB.csv,10,io,2,2026-07-25T23:36:11.660662+00:00,0.4516,78.72,0.0038,SUCCESS,Azure,SG,results_bench-sea-d4sv3-n2-r1-1_1785025286.csv
southeastasia,Standard_D4s_v3,4,16,2,3.5.1,17.0.19,10MB.csv,10,memory,1,2026-07-25T22:01:53.822121+00:00,0.4289,38.7,0.0036,SUCCESS,Azure,SG,results_bench-sea-d4sv3-n2-1_1785021556.csv
southeastasia,Standard_D4s_v3,4,16,2,3.5.1,17.0.19,10MB.csv,10,memory,1,2026-07-25T18:54:30.022955+00:00,0.4377,37.61,0.0036,SUCCESS,Azure,SG,results_bench-sea-d4sv3-n2-1_1785007744.csv
southeastasia,Standard_D4s_v3,4,16,2,3.5.1,17.0.19,10MB.csv,10,memory,1,2026-07-25T23:34:40.804917+00:00,0.437,39.23,0.0036,SUCCESS,Azure,SG,results_bench-sea-d4sv3-n2-r1-1_1785025286.csv
southeastasia,Standard_D4s_v3,4,16,2,3.5.1,17.0.19,10MB.csv,10,memory,2,2026-07-25T22:02:24.087188+00:00,0.4411,40.1,0.0037,SUCCESS,Azure,SG,results_bench-sea-d4sv3-n2-1_1785021556.csv
southeastasia,Standard_D4s_v3,4,16,2,3.5.1,17.0.19,10MB.csv,10,memory,2,2026-07-25T18:55:00.272637+00:00,0.4434,42.15,0.0037,SUCCESS,Azure,SG,results_bench-sea-d4sv3-n2-1_1785007744.csv
southeastasia,Standard_D4s_v3,4,16,2,3.5.1,17.0.19,10MB.csv,10,memory,2,2026-07-25T23:35:11.075850+00:00,0.4496,37.31,0.0037,SUCCESS,Azure,SG,results_bench-sea-d4sv3-n2-r1-1_1785025286.csv
southeastasia,Standard_D4s_v3,4,16,2,3.5.1,17.0.19,100MB.csv,100,cpu,1,2026-07-25T22:03:43.633517+00:00,0.3789,43.46,0.0032,SUCCESS,Azure,SG,results_bench-sea-d4sv3-n2-1_1785021556.csv
southeastasia,Standard_D4s_v3,4,16,2,3.5.1,17.0.19,100MB.csv,100,cpu,1,2026-07-25T18:56:19.064398+00:00,0.3904,43.91,0.0033,SUCCESS,Azure,SG,results_bench-sea-d4sv3-n2-1_1785007744.csv
southeastasia,Standard_D4s_v3,4,16,2,3.5.1,17.0.19,100MB.csv,100,cpu,1,2026-07-25T23:36:41.658045+00:00,0.3924,32.84,0.0033,SUCCESS,Azure,SG,results_bench-sea-d4sv3-n2-r1-1_1785025286.csv
southeastasia,Standard_D4s_v3,4,16,2,3.5.1,17.0.19,100MB.csv,100,cpu,2,2026-07-25T22:04:07.874944+00:00,0.384,48.87,0.0032,SUCCESS,Azure,SG,results_bench-sea-d4sv3-n2-1_1785021556.csv
southeastasia,Standard_D4s_v3,4,16,2,3.5.1,17.0.19,100MB.csv,100,cpu,2,2026-07-25T18:56:43.299985+00:00,0.3732,42.24,0.0031,SUCCESS,Azure,SG,results_bench-sea-d4sv3-n2-1_1785007744.csv
southeastasia,Standard_D4s_v3,4,16,2,3.5.1,17.0.19,100MB.csv,100,cpu,2,2026-07-25T23:37:05.920315+00:00,0.3977,34.46,0.0033,SUCCESS,Azure,SG,results_bench-sea-d4sv3-n2-r1-1_1785025286.csv
southeastasia,Standard_D4s_v3,4,16,2,3.5.1,17.0.19,100MB.csv,100,io,1,2026-07-25T22:05:50.684582+00:00,0.4881,86.81,0.0041,SUCCESS,Azure,SG,results_bench-sea-d4sv3-n2-1_1785021556.csv
southeastasia,Standard_D4s_v3,4,16,2,3.5.1,17.0.19,100MB.csv,100,io,1,2026-07-25T18:58:32.097451+00:00,0.5032,68.25,0.0042,SUCCESS,Azure,SG,results_bench-sea-d4sv3-n2-1_1785007744.csv
southeastasia,Standard_D4s_v3,4,16,2,3.5.1,17.0.19,100MB.csv,100,io,1,2026-07-25T23:39:00.753951+00:00,0.6127,72.35,0.0051,SUCCESS,Azure,SG,results_bench-sea-d4sv3-n2-r1-1_1785025286.csv
southeastasia,Standard_D4s_v3,4,16,2,3.5.1,17.0.19,100MB.csv,100,io,2,2026-07-25T22:06:20.969310+00:00,0.4773,83.08,0.004,SUCCESS,Azure,SG,results_bench-sea-d4sv3-n2-1_1785021556.csv
southeastasia,Standard_D4s_v3,4,16,2,3.5.1,17.0.19,100MB.csv,100,io,2,2026-07-25T18:59:02.384042+00:00,0.4864,82.99,0.0041,SUCCESS,Azure,SG,results_bench-sea-d4sv3-n2-1_1785007744.csv
southeastasia,Standard_D4s_v3,4,16,2,3.5.1,17.0.19,100MB.csv,100,io,2,2026-07-25T23:39:43.073143+00:00,0.6014,73.43,0.005,SUCCESS,Azure,SG,results_bench-sea-d4sv3-n2-r1-1_1785025286.csv
southeastasia,Standard_D4s_v3,4,16,2,3.5.1,17.0.19,100MB.csv,100,memory,1,2026-07-25T22:04:44.131755+00:00,0.5219,37.4,0.0043,SUCCESS,Azure,SG,results_bench-sea-d4sv3-n2-1_1785021556.csv
southeastasia,Standard_D4s_v3,4,16,2,3.5.1,17.0.19,100MB.csv,100,memory,1,2026-07-25T18:57:19.557042+00:00,0.5276,30.84,0.0044,SUCCESS,Azure,SG,results_bench-sea-d4sv3-n2-1_1785007744.csv
southeastasia,Standard_D4s_v3,4,16,2,3.5.1,17.0.19,100MB.csv,100,memory,1,2026-07-25T23:37:42.189941+00:00,0.5231,39.5,0.0044,SUCCESS,Azure,SG,results_bench-sea-d4sv3-n2-r1-1_1785025286.csv
southeastasia,Standard_D4s_v3,4,16,2,3.5.1,17.0.19,100MB.csv,100,memory,2,2026-07-25T22:05:20.401061+00:00,0.529,31.87,0.0044,SUCCESS,Azure,SG,results_bench-sea-d4sv3-n2-1_1785021556.csv
southeastasia,Standard_D4s_v3,4,16,2,3.5.1,17.0.19,100MB.csv,100,memory,2,2026-07-25T18:57:55.812846+00:00,0.5234,32.59,0.0044,SUCCESS,Azure,SG,results_bench-sea-d4sv3-n2-1_1785007744.csv
southeastasia,Standard_D4s_v3,4,16,2,3.5.1,17.0.19,100MB.csv,100,memory,2,2026-07-25T23:38:18.456095+00:00,0.5366,33.51,0.0045,SUCCESS,Azure,SG,results_bench-sea-d4sv3-n2-r1-1_1785025286.csv
southeastasia,Standard_D4s_v3,4,16,2,3.5.1,17.0.19,500MB.csv,500,cpu,1,2026-07-25T22:07:30.939393+00:00,0.6448,29.7,0.0054,SUCCESS,Azure,SG,results_bench-sea-d4sv3-n2-1_1785021556.csv
southeastasia,Standard_D4s_v3,4,16,2,3.5.1,17.0.19,500MB.csv,500,cpu,1,2026-07-25T19:00:08.080258+00:00,0.5985,23.02,0.005,SUCCESS,Azure,SG,results_bench-sea-d4sv3-n2-1_1785007744.csv
southeastasia,Standard_D4s_v3,4,16,2,3.5.1,17.0.19,500MB.csv,500,cpu,1,2026-07-25T23:40:44.132050+00:00,0.598,23.62,0.005,SUCCESS,Azure,SG,results_bench-sea-d4sv3-n2-r1-1_1785025286.csv
southeastasia,Standard_D4s_v3,4,16,2,3.5.1,17.0.19,500MB.csv,500,cpu,2,2026-07-25T22:08:13.217679+00:00,0.6075,23.51,0.0051,SUCCESS,Azure,SG,results_bench-sea-d4sv3-n2-1_1785021556.csv
southeastasia,Standard_D4s_v3,4,16,2,3.5.1,17.0.19,500MB.csv,500,cpu,2,2026-07-25T19:00:50.354531+00:00,0.6128,21.53,0.0051,SUCCESS,Azure,SG,results_bench-sea-d4sv3-n2-1_1785007744.csv
southeastasia,Standard_D4s_v3,4,16,2,3.5.1,17.0.19,500MB.csv,500,cpu,2,2026-07-25T23:41:26.400705+00:00,0.61,21.03,0.0051,SUCCESS,Azure,SG,results_bench-sea-d4sv3-n2-r1-1_1785025286.csv
southeastasia,Standard_D4s_v3,4,16,2,3.5.1,17.0.19,500MB.csv,500,io,1,2026-07-25T22:11:02.155944+00:00,0.9583,92.28,0.008,SUCCESS,Azure,SG,results_bench-sea-d4sv3-n2-1_1785021556.csv
southeastasia,Standard_D4s_v3,4,16,2,3.5.1,17.0.19,500MB.csv,500,io,1,2026-07-25T19:03:39.262926+00:00,0.9053,76.11,0.0075,SUCCESS,Azure,SG,results_bench-sea-d4sv3-n2-1_1785007744.csv
southeastasia,Standard_D4s_v3,4,16,2,3.5.1,17.0.19,500MB.csv,500,io,1,2026-07-25T23:44:27.402046+00:00,1.177,87.25,0.0098,SUCCESS,Azure,SG,results_bench-sea-d4sv3-n2-r1-1_1785025286.csv
southeastasia,Standard_D4s_v3,4,16,2,3.5.1,17.0.19,500MB.csv,500,io,1,2026-07-25T09:28:25.910488+00:00,0.9189,83.23,0.0077,SUCCESS,Azure,SG,results_bench-sea-d4sv3-n2-1.csv
southeastasia,Standard_D4s_v3,4,16,2,3.5.1,17.0.19,500MB.csv,500,io,2,2026-07-25T22:12:02.520324+00:00,0.9564,90.36,0.008,SUCCESS,Azure,SG,results_bench-sea-d4sv3-n2-1_1785021556.csv
southeastasia,Standard_D4s_v3,4,16,2,3.5.1,17.0.19,500MB.csv,500,io,2,2026-07-25T19:04:39.632618+00:00,0.9529,90.55,0.0079,SUCCESS,Azure,SG,results_bench-sea-d4sv3-n2-1_1785007744.csv
southeastasia,Standard_D4s_v3,4,16,2,3.5.1,17.0.19,500MB.csv,500,io,2,2026-07-25T23:45:39.820132+00:00,1.1293,85.68,0.0094,SUCCESS,Azure,SG,results_bench-sea-d4sv3-n2-r1-1_1785025286.csv
southeastasia,Standard_D4s_v3,4,16,2,3.5.1,17.0.19,500MB.csv,500,io,2,2026-07-25T09:29:26.298364+00:00,0.9696,90.94,0.0081,SUCCESS,Azure,SG,results_bench-sea-d4sv3-n2-1.csv
southeastasia,Standard_D4s_v3,4,16,2,3.5.1,17.0.19,500MB.csv,500,memory,1,2026-07-25T22:09:07.503459+00:00,0.8977,26.27,0.0075,SUCCESS,Azure,SG,results_bench-sea-d4sv3-n2-1_1785021556.csv
southeastasia,Standard_D4s_v3,4,16,2,3.5.1,17.0.19,500MB.csv,500,memory,1,2026-07-25T19:01:44.641851+00:00,0.8537,18.91,0.0071,SUCCESS,Azure,SG,results_bench-sea-d4sv3-n2-1_1785007744.csv
southeastasia,Standard_D4s_v3,4,16,2,3.5.1,17.0.19,500MB.csv,500,memory,1,2026-07-25T23:42:20.692249+00:00,0.8845,23.47,0.0074,SUCCESS,Azure,SG,results_bench-sea-d4sv3-n2-r1-1_1785025286.csv
southeastasia,Standard_D4s_v3,4,16,2,3.5.1,17.0.19,500MB.csv,500,memory,2,2026-07-25T22:10:01.783315+00:00,0.874,27.88,0.0073,SUCCESS,Azure,SG,results_bench-sea-d4sv3-n2-1_1785021556.csv
southeastasia,Standard_D4s_v3,4,16,2,3.5.1,17.0.19,500MB.csv,500,memory,2,2026-07-25T19:02:38.918998+00:00,0.8703,23.16,0.0073,SUCCESS,Azure,SG,results_bench-sea-d4sv3-n2-1_1785007744.csv
southeastasia,Standard_D4s_v3,4,16,2,3.5.1,17.0.19,500MB.csv,500,memory,2,2026-07-25T23:43:15.001935+00:00,0.875,24.3,0.0073,SUCCESS,Azure,SG,results_bench-sea-d4sv3-n2-r1-1_1785025286.csv
southeastasia,Standard_D4s_v3,4,16,2,3.5.1,17.0.19,500MB.csv,500,memory,2,2026-07-25T09:27:25.448626+00:00,0.7811,27.8,0.0065,SUCCESS,Azure,SG,results_bench-sea-d4sv3-n2-1.csv
southeastasia,Standard_D4s_v3,4,16,2,3.5.1,17.0.19,1024MB.csv,1024,cpu,1,2026-07-25T22:13:54.872729+00:00,0.9404,11.4,0.0078,SUCCESS,Azure,SG,results_bench-sea-d4sv3-n2-1_1785021556.csv
southeastasia,Standard_D4s_v3,4,16,2,3.5.1,17.0.19,1024MB.csv,1024,cpu,1,2026-07-25T19:06:38.300865+00:00,0.9401,25.68,0.0078,SUCCESS,Azure,SG,results_bench-sea-d4sv3-n2-1_1785007744.csv
southeastasia,Standard_D4s_v3,4,16,2,3.5.1,17.0.19,1024MB.csv,1024,cpu,1,2026-07-25T23:47:42.623645+00:00,0.9044,14.63,0.0075,SUCCESS,Azure,SG,results_bench-sea-d4sv3-n2-r1-1_1785025286.csv
southeastasia,Standard_D4s_v3,4,16,2,3.5.1,17.0.19,1024MB.csv,1024,cpu,1,2026-07-25T09:31:24.680592+00:00,0.8419,21.5,0.007,SUCCESS,Azure,SG,results_bench-sea-d4sv3-n2-1.csv
southeastasia,Standard_D4s_v3,4,16,2,3.5.1,17.0.19,1024MB.csv,1024,cpu,2,2026-07-25T22:14:49.174006+00:00,0.8841,14.66,0.0074,SUCCESS,Azure,SG,results_bench-sea-d4sv3-n2-1_1785021556.csv
southeastasia,Standard_D4s_v3,4,16,2,3.5.1,17.0.19,1024MB.csv,1024,cpu,2,2026-07-25T19:07:38.639826+00:00,0.9131,15.81,0.0076,SUCCESS,Azure,SG,results_bench-sea-d4sv3-n2-1_1785007744.csv
southeastasia,Standard_D4s_v3,4,16,2,3.5.1,17.0.19,1024MB.csv,1024,cpu,2,2026-07-25T23:48:42.921915+00:00,0.9072,14.58,0.0076,SUCCESS,Azure,SG,results_bench-sea-d4sv3-n2-r1-1_1785025286.csv
southeastasia,Standard_D4s_v3,4,16,2,3.5.1,17.0.19,1024MB.csv,1024,cpu,2,2026-07-25T09:32:12.960082+00:00,0.7711,16.18,0.0064,SUCCESS,Azure,SG,results_bench-sea-d4sv3-n2-1.csv
southeastasia,Standard_D4s_v3,4,16,2,3.5.1,17.0.19,1024MB.csv,1024,io,1,2026-07-25T22:19:20.275219+00:00,1.5345,90.67,0.0128,SUCCESS,Azure,SG,results_bench-sea-d4sv3-n2-1_1785021556.csv
southeastasia,Standard_D4s_v3,4,16,2,3.5.1,17.0.19,1024MB.csv,1024,io,1,2026-07-25T19:12:09.739444+00:00,1.571,90.34,0.0131,SUCCESS,Azure,SG,results_bench-sea-d4sv3-n2-1_1785007744.csv
southeastasia,Standard_D4s_v3,4,16,2,3.5.1,17.0.19,1024MB.csv,1024,io,1,2026-07-25T23:53:20.126126+00:00,1.8897,89.46,0.0157,SUCCESS,Azure,SG,results_bench-sea-d4sv3-n2-r1-1_1785025286.csv
southeastasia,Standard_D4s_v3,4,16,2,3.5.1,17.0.19,1024MB.csv,1024,io,1,2026-07-25T09:36:20.019172+00:00,1.5375,88.82,0.0128,SUCCESS,Azure,SG,results_bench-sea-d4sv3-n2-1.csv
southeastasia,Standard_D4s_v3,4,16,2,3.5.1,17.0.19,1024MB.csv,1024,io,2,2026-07-25T22:20:57.060555+00:00,1.5062,79.11,0.0126,SUCCESS,Azure,SG,results_bench-sea-d4sv3-n2-1_1785021556.csv
southeastasia,Standard_D4s_v3,4,16,2,3.5.1,17.0.19,1024MB.csv,1024,io,2,2026-07-25T19:13:46.188478+00:00,1.5551,90.32,0.013,SUCCESS,Azure,SG,results_bench-sea-d4sv3-n2-1_1785007744.csv
southeastasia,Standard_D4s_v3,4,16,2,3.5.1,17.0.19,1024MB.csv,1024,io,2,2026-07-25T23:55:20.669281+00:00,1.905,86.84,0.0159,SUCCESS,Azure,SG,results_bench-sea-d4sv3-n2-r1-1_1785025286.csv
southeastasia,Standard_D4s_v3,4,16,2,3.5.1,17.0.19,1024MB.csv,1024,io,2,2026-07-25T09:38:08.479602+00:00,1.7432,85.03,0.0145,SUCCESS,Azure,SG,results_bench-sea-d4sv3-n2-1.csv
southeastasia,Standard_D4s_v3,4,16,2,3.5.1,17.0.19,1024MB.csv,1024,memory,1,2026-07-25T22:16:13.502955+00:00,1.387,16.04,0.0116,SUCCESS,Azure,SG,results_bench-sea-d4sv3-n2-1_1785021556.csv
southeastasia,Standard_D4s_v3,4,16,2,3.5.1,17.0.19,1024MB.csv,1024,memory,1,2026-07-25T19:09:02.963292+00:00,1.3475,11.97,0.0112,SUCCESS,Azure,SG,results_bench-sea-d4sv3-n2-1_1785007744.csv
southeastasia,Standard_D4s_v3,4,16,2,3.5.1,17.0.19,1024MB.csv,1024,memory,1,2026-07-25T23:50:01.245910+00:00,1.2836,21.42,0.0107,SUCCESS,Azure,SG,results_bench-sea-d4sv3-n2-r1-1_1785025286.csv
southeastasia,Standard_D4s_v3,4,16,2,3.5.1,17.0.19,1024MB.csv,1024,memory,1,2026-07-25T09:33:25.261975+00:00,1.1622,12.61,0.0097,SUCCESS,Azure,SG,results_bench-sea-d4sv3-n2-1.csv
southeastasia,Standard_D4s_v3,4,16,2,3.5.1,17.0.19,1024MB.csv,1024,memory,2,2026-07-25T22:17:43.823522+00:00,1.4128,19.4,0.0118,SUCCESS,Azure,SG,results_bench-sea-d4sv3-n2-1_1785021556.csv
southeastasia,Standard_D4s_v3,4,16,2,3.5.1,17.0.19,1024MB.csv,1024,memory,2,2026-07-25T19:10:33.291089+00:00,1.4324,13.29,0.0119,SUCCESS,Azure,SG,results_bench-sea-d4sv3-n2-1_1785007744.csv
southeastasia,Standard_D4s_v3,4,16,2,3.5.1,17.0.19,1024MB.csv,1024,memory,2,2026-07-25T23:51:25.596917+00:00,1.3151,17.99,0.011,SUCCESS,Azure,SG,results_bench-sea-d4sv3-n2-r1-1_1785025286.csv
southeastasia,Standard_D4s_v3,4,16,2,3.5.1,17.0.19,1024MB.csv,1024,memory,2,2026-07-25T09:34:43.566428+00:00,1.2238,18.81,0.0102,SUCCESS,Azure,SG,results_bench-sea-d4sv3-n2-1.csv
southeastasia,Standard_D4s_v3,4,16,2,3.5.1,17.0.19,2048MB.csv,2048,cpu,1,2026-07-25T22:24:06.645578+00:00,1.4103,13.49,0.0118,SUCCESS,Azure,SG,results_bench-sea-d4sv3-n2-1_1785021556.csv
southeastasia,Standard_D4s_v3,4,16,2,3.5.1,17.0.19,2048MB.csv,2048,cpu,1,2026-07-25T19:17:14.221160+00:00,1.3801,25.74,0.0115,SUCCESS,Azure,SG,results_bench-sea-d4sv3-n2-1_1785007744.csv
southeastasia,Standard_D4s_v3,4,16,2,3.5.1,17.0.19,2048MB.csv,2048,cpu,1,2026-07-25T23:58:35.366812+00:00,1.4262,17.16,0.0119,SUCCESS,Azure,SG,results_bench-sea-d4sv3-n2-r1-1_1785025286.csv
southeastasia,Standard_D4s_v3,4,16,2,3.5.1,17.0.19,2048MB.csv,2048,cpu,1,2026-07-25T09:41:25.779601+00:00,1.2842,10.96,0.0107,SUCCESS,Azure,SG,results_bench-sea-d4sv3-n2-1.csv
southeastasia,Standard_D4s_v3,4,16,2,3.5.1,17.0.19,2048MB.csv,2048,cpu,2,2026-07-25T22:25:30.968359+00:00,1.3977,10.1,0.0116,SUCCESS,Azure,SG,results_bench-sea-d4sv3-n2-1_1785021556.csv
southeastasia,Standard_D4s_v3,4,16,2,3.5.1,17.0.19,2048MB.csv,2048,cpu,2,2026-07-25T19:18:44.555666+00:00,1.4909,10.3,0.0124,SUCCESS,Azure,SG,results_bench-sea-d4sv3-n2-1_1785007744.csv
southeastasia,Standard_D4s_v3,4,16,2,3.5.1,17.0.19,2048MB.csv,2048,cpu,2,2026-07-26T00:00:07.602013+00:00,1.4319,11.84,0.0119,SUCCESS,Azure,SG,results_bench-sea-d4sv3-n2-r1-1_1785025286.csv
southeastasia,Standard_D4s_v3,4,16,2,3.5.1,17.0.19,2048MB.csv,2048,cpu,2,2026-07-25T09:42:44.099282+00:00,1.2924,10.06,0.0108,SUCCESS,Azure,SG,results_bench-sea-d4sv3-n2-1.csv
southeastasia,Standard_D4s_v3,4,16,2,3.5.1,17.0.19,2048MB.csv,2048,io,1,2026-07-25T22:33:14.579789+00:00,2.7078,89.49,0.0226,SUCCESS,Azure,SG,results_bench-sea-d4sv3-n2-1_1785021556.csv
southeastasia,Standard_D4s_v3,4,16,2,3.5.1,17.0.19,2048MB.csv,2048,io,1,2026-07-25T19:26:09.987914+00:00,2.588,93.57,0.0216,SUCCESS,Azure,SG,results_bench-sea-d4sv3-n2-1_1785007744.csv
southeastasia,Standard_D4s_v3,4,16,2,3.5.1,17.0.19,2048MB.csv,2048,io,1,2026-07-26T00:07:51.176531+00:00,3.2568,93.19,0.0271,SUCCESS,Azure,SG,results_bench-sea-d4sv3-n2-r1-1_1785025286.csv
southeastasia,Standard_D4s_v3,4,16,2,3.5.1,17.0.19,2048MB.csv,2048,io,1,2026-07-25T09:49:51.489024+00:00,2.7477,88.78,0.0229,SUCCESS,Azure,SG,results_bench-sea-d4sv3-n2-1.csv
southeastasia,Standard_D4s_v3,4,16,2,3.5.1,17.0.19,2048MB.csv,2048,io,2,2026-07-25T22:35:57.223538+00:00,2.6413,89.13,0.022,SUCCESS,Azure,SG,results_bench-sea-d4sv3-n2-1_1785021556.csv
southeastasia,Standard_D4s_v3,4,16,2,3.5.1,17.0.19,2048MB.csv,2048,io,2,2026-07-25T19:29:04.632446+00:00,2.9045,89.27,0.0242,SUCCESS,Azure,SG,results_bench-sea-d4sv3-n2-1_1785007744.csv
southeastasia,Standard_D4s_v3,4,16,2,3.5.1,17.0.19,2048MB.csv,2048,io,2,2026-07-26T00:11:16.196632+00:00,3.3318,88.2,0.0278,SUCCESS,Azure,SG,results_bench-sea-d4sv3-n2-r1-1_1785025286.csv
southeastasia,Standard_D4s_v3,4,16,2,3.5.1,17.0.19,2048MB.csv,2048,io,2,2026-07-25T09:52:40.122271+00:00,2.7536,88.48,0.0229,SUCCESS,Azure,SG,results_bench-sea-d4sv3-n2-1.csv
southeastasia,Standard_D4s_v3,4,16,2,3.5.1,17.0.19,2048MB.csv,2048,memory,1,2026-07-25T22:28:01.378637+00:00,2.4245,7.81,0.0202,SUCCESS,Azure,SG,results_bench-sea-d4sv3-n2-1_1785021556.csv
southeastasia,Standard_D4s_v3,4,16,2,3.5.1,17.0.19,2048MB.csv,2048,memory,1,2026-07-25T19:21:08.953905+00:00,2.384,9.12,0.0199,SUCCESS,Azure,SG,results_bench-sea-d4sv3-n2-1_1785007744.csv
southeastasia,Standard_D4s_v3,4,16,2,3.5.1,17.0.19,2048MB.csv,2048,memory,1,2026-07-26T00:02:20.038497+00:00,2.1068,8.29,0.0176,SUCCESS,Azure,SG,results_bench-sea-d4sv3-n2-r1-1_1785025286.csv
southeastasia,Standard_D4s_v3,4,16,2,3.5.1,17.0.19,2048MB.csv,2048,memory,1,2026-07-25T09:44:50.465169+00:00,2.0508,12.26,0.0171,SUCCESS,Azure,SG,results_bench-sea-d4sv3-n2-1.csv
southeastasia,Standard_D4s_v3,4,16,2,3.5.1,17.0.19,2048MB.csv,2048,memory,2,2026-07-25T22:30:25.940278+00:00,2.3168,8.35,0.0193,SUCCESS,Azure,SG,results_bench-sea-d4sv3-n2-1_1785021556.csv
southeastasia,Standard_D4s_v3,4,16,2,3.5.1,17.0.19,2048MB.csv,2048,memory,2,2026-07-25T19:23:33.358202+00:00,2.3339,5.72,0.0194,SUCCESS,Azure,SG,results_bench-sea-d4sv3-n2-1_1785007744.csv
southeastasia,Standard_D4s_v3,4,16,2,3.5.1,17.0.19,2048MB.csv,2048,memory,2,2026-07-26T00:04:32.442966+00:00,2.1081,5.9,0.0176,SUCCESS,Azure,SG,results_bench-sea-d4sv3-n2-r1-1_1785025286.csv
southeastasia,Standard_D4s_v3,4,16,2,3.5.1,17.0.19,2048MB.csv,2048,memory,2,2026-07-25T09:47:02.847147+00:00,2.1075,6.78,0.0176,SUCCESS,Azure,SG,results_bench-sea-d4sv3-n2-1.csv
southeastasia,Standard_D4s_v3,4,16,2,3.5.1,17.0.19,3072MB.csv,3072,cpu,1,2026-07-25T22:40:38.494537+00:00,2.0815,7.18,0.0173,SUCCESS,Azure,SG,results_bench-sea-d4sv3-n2-1_1785021556.csv
southeastasia,Standard_D4s_v3,4,16,2,3.5.1,17.0.19,3072MB.csv,3072,cpu,1,2026-07-26T00:16:19.972916+00:00,1.9543,8.29,0.0163,SUCCESS,Azure,SG,results_bench-sea-d4sv3-n2-r1-1_1785025286.csv
southeastasia,Standard_D4s_v3,4,16,2,3.5.1,17.0.19,3072MB.csv,3072,cpu,2,2026-07-25T22:42:44.873860+00:00,2.0756,6.69,0.0173,SUCCESS,Azure,SG,results_bench-sea-d4sv3-n2-1_1785021556.csv
southeastasia,Standard_D4s_v3,4,16,2,3.5.1,17.0.19,3072MB.csv,3072,cpu,2,2026-07-26T00:18:20.378518+00:00,1.9568,7.71,0.0163,SUCCESS,Azure,SG,results_bench-sea-d4sv3-n2-r1-1_1785025286.csv
southeastasia,Standard_D4s_v3,4,16,2,3.5.1,17.0.19,3072MB.csv,3072,io,1,2026-07-25T22:53:11.082882+00:00,3.6906,88.87,0.0308,SUCCESS,Azure,SG,results_bench-sea-d4sv3-n2-1_1785021556.csv
southeastasia,Standard_D4s_v3,4,16,2,3.5.1,17.0.19,3072MB.csv,3072,io,1,2026-07-26T00:29:28.904040+00:00,4.7109,90.06,0.0393,SUCCESS,Azure,SG,results_bench-sea-d4sv3-n2-r1-1_1785025768.csv
southeastasia,Standard_D4s_v3,4,16,2,3.5.1,17.0.19,3072MB.csv,3072,io,2,2026-07-25T22:57:00.115065+00:00,3.7414,88.25,0.0312,SUCCESS,Azure,SG,results_bench-sea-d4sv3-n2-1_1785021556.csv
southeastasia,Standard_D4s_v3,4,16,2,3.5.1,17.0.19,3072MB.csv,3072,io,2,2026-07-26T00:34:12.160417+00:00,4.6907,90.3,0.0391,SUCCESS,Azure,SG,results_bench-sea-d4sv3-n2-r1-1_1785026052.csv
southeastasia,Standard_D4s_v3,4,16,2,3.5.1,17.0.19,3072MB.csv,3072,memory,1,2026-07-25T22:46:15.356693+00:00,3.4081,5.93,0.0284,SUCCESS,Azure,SG,results_bench-sea-d4sv3-n2-1_1785021556.csv
southeastasia,Standard_D4s_v3,4,16,2,3.5.1,17.0.19,3072MB.csv,3072,memory,1,2026-07-26T00:21:26.848486+00:00,3.0928,5.31,0.0258,SUCCESS,Azure,SG,results_bench-sea-d4sv3-n2-r1-1_1785025286.csv
southeastasia,Standard_D4s_v3,4,16,2,3.5.1,17.0.19,3072MB.csv,3072,memory,2,2026-07-25T22:49:28.107492+00:00,3.1998,5.74,0.0267,SUCCESS,Azure,SG,results_bench-sea-d4sv3-n2-1_1785021556.csv
southeastasia,Standard_D4s_v3,4,16,2,3.5.1,17.0.19,3072MB.csv,3072,memory,2,2026-07-26T00:24:39.646408+00:00,3.1175,8.71,0.026,SUCCESS,Azure,SG,results_bench-sea-d4sv3-n2-r1-1_1785025479.csv
southeastasia,Standard_D4s_v3,4,16,2,3.5.1,17.0.19,5120MB.csv,5120,cpu,1,2026-07-25T23:05:01.089380+00:00,3.2793,5.51,0.0273,SUCCESS,Azure,SG,results_bench-sea-d4sv3-n2-1_1785021556.csv
southeastasia,Standard_D4s_v3,4,16,2,3.5.1,17.0.19,5120MB.csv,5120,cpu,1,2026-07-26T00:43:39.372510+00:00,3.0942,6.54,0.0258,SUCCESS,Azure,SG,results_bench-sea-d4sv3-n2-r1-1_1785026619.csv
southeastasia,Standard_D4s_v3,4,16,2,3.5.1,17.0.19,5120MB.csv,5120,cpu,2,2026-07-25T23:08:19.783046+00:00,3.2778,5.16,0.0273,SUCCESS,Azure,SG,results_bench-sea-d4sv3-n2-1_1785021556.csv
southeastasia,Standard_D4s_v3,4,16,2,3.5.1,17.0.19,5120MB.csv,5120,cpu,2,2026-07-26T00:46:40.103245+00:00,2.9843,6.71,0.0249,SUCCESS,Azure,SG,results_bench-sea-d4sv3-n2-r1-1_1785026800.csv
southeastasia,Standard_D4s_v3,4,16,2,3.5.1,17.0.19,5120MB.csv,5120,io,1,2026-07-25T23:23:53.069898+00:00,4.5121,95.58,0.0376,SUCCESS,Azure,SG,results_bench-sea-d4sv3-n2-1_1785022128.csv
southeastasia,Standard_D4s_v3,4,16,2,3.5.1,17.0.19,5120MB.csv,5120,io,2,2026-07-25T23:28:48.064039+00:00,4.8782,96.57,0.0407,SUCCESS,Azure,SG,results_bench-sea-d4sv3-n2-1_1785022128.csv
southeastasia,Standard_D4s_v3,4,16,2,3.5.1,17.0.19,5120MB.csv,5120,memory,1,2026-07-25T23:13:51.208996+00:00,5.4254,6.24,0.0452,SUCCESS,Azure,SG,results_bench-sea-d4sv3-n2-1_1785021556.csv
southeastasia,Standard_D4s_v3,4,16,2,3.5.1,17.0.19,5120MB.csv,5120,memory,2,2026-07-25T23:19:16.099477+00:00,5.3084,4.5,0.0442,SUCCESS,Azure,SG,results_bench-sea-d4sv3-n2-1_1785021556.csv
southeastasia,Standard_D4s_v3,4,16,4,3.5.1,17.0.19,10MB.csv,10,cpu,1,2026-07-25T22:01:35.429342+00:00,0.3432,38.52,0.0057,SUCCESS,Azure,SG,results_bench-sea-d4sv3-n4-1_1785017062.csv
southeastasia,Standard_D4s_v3,4,16,4,3.5.1,17.0.19,10MB.csv,10,cpu,1,2026-07-25T20:38:44.910964+00:00,0.3535,54.03,0.0059,SUCCESS,Azure,SG,results_bench-sea-d4sv3-n4-1_1785012330.csv
southeastasia,Standard_D4s_v3,4,16,4,3.5.1,17.0.19,10MB.csv,10,cpu,1,2026-07-22T18:21:56.114529+00:00,0.3592,57.17,0.006,SUCCESS,Azure,SG,results_bench-sea-d4sv3-n4-1.csv
southeastasia,Standard_D4s_v3,4,16,4,3.5.1,17.0.19,10MB.csv,10,cpu,2,2026-07-25T22:01:59.670182+00:00,0.319,42.81,0.0053,SUCCESS,Azure,SG,results_bench-sea-d4sv3-n4-1_1785017062.csv
southeastasia,Standard_D4s_v3,4,16,4,3.5.1,17.0.19,10MB.csv,10,cpu,2,2026-07-25T20:39:09.188332+00:00,0.3506,45.45,0.0058,SUCCESS,Azure,SG,results_bench-sea-d4sv3-n4-1_1785012330.csv
southeastasia,Standard_D4s_v3,4,16,4,3.5.1,17.0.19,10MB.csv,10,cpu,2,2026-07-22T18:22:20.380401+00:00,0.3499,54.81,0.0058,SUCCESS,Azure,SG,results_bench-sea-d4sv3-n4-1.csv
southeastasia,Standard_D4s_v3,4,16,4,3.5.1,17.0.19,10MB.csv,10,io,1,2026-07-25T22:03:24.455241+00:00,0.3646,73.23,0.0061,SUCCESS,Azure,SG,results_bench-sea-d4sv3-n4-1_1785017062.csv
southeastasia,Standard_D4s_v3,4,16,4,3.5.1,17.0.19,10MB.csv,10,io,1,2026-07-25T20:40:40.039878+00:00,0.4483,77.43,0.0075,SUCCESS,Azure,SG,results_bench-sea-d4sv3-n4-1_1785012330.csv
southeastasia,Standard_D4s_v3,4,16,4,3.5.1,17.0.19,10MB.csv,10,io,1,2026-07-22T18:23:51.204264+00:00,0.4465,77.72,0.0074,SUCCESS,Azure,SG,results_bench-sea-d4sv3-n4-1.csv
southeastasia,Standard_D4s_v3,4,16,4,3.5.1,17.0.19,10MB.csv,10,io,2,2026-07-25T22:03:48.720882+00:00,0.3646,75.98,0.0061,SUCCESS,Azure,SG,results_bench-sea-d4sv3-n4-1_1785017062.csv
southeastasia,Standard_D4s_v3,4,16,4,3.5.1,17.0.19,10MB.csv,10,io,2,2026-07-25T20:41:10.322780+00:00,0.4368,79.8,0.0073,SUCCESS,Azure,SG,results_bench-sea-d4sv3-n4-1_1785012330.csv
southeastasia,Standard_D4s_v3,4,16,4,3.5.1,17.0.19,10MB.csv,10,io,2,2026-07-22T18:24:21.493486+00:00,0.4363,83.15,0.0073,SUCCESS,Azure,SG,results_bench-sea-d4sv3-n4-1.csv
southeastasia,Standard_D4s_v3,4,16,4,3.5.1,17.0.19,10MB.csv,10,memory,1,2026-07-25T22:02:29.924690+00:00,0.4043,30.53,0.0067,SUCCESS,Azure,SG,results_bench-sea-d4sv3-n4-1_1785017062.csv
southeastasia,Standard_D4s_v3,4,16,4,3.5.1,17.0.19,10MB.csv,10,memory,1,2026-07-25T20:39:39.460907+00:00,0.4443,47.21,0.0074,SUCCESS,Azure,SG,results_bench-sea-d4sv3-n4-1_1785012330.csv
southeastasia,Standard_D4s_v3,4,16,4,3.5.1,17.0.19,10MB.csv,10,memory,1,2026-07-22T18:22:50.644355+00:00,0.4413,50.58,0.0074,SUCCESS,Azure,SG,results_bench-sea-d4sv3-n4-1.csv
southeastasia,Standard_D4s_v3,4,16,4,3.5.1,17.0.19,10MB.csv,10,memory,2,2026-07-25T22:03:00.190903+00:00,0.4106,37.7,0.0068,SUCCESS,Azure,SG,results_bench-sea-d4sv3-n4-1_1785017062.csv
southeastasia,Standard_D4s_v3,4,16,4,3.5.1,17.0.19,10MB.csv,10,memory,2,2026-07-25T20:40:09.748137+00:00,0.4459,49,0.0074,SUCCESS,Azure,SG,results_bench-sea-d4sv3-n4-1_1785012330.csv
southeastasia,Standard_D4s_v3,4,16,4,3.5.1,17.0.19,10MB.csv,10,memory,2,2026-07-22T18:23:20.929704+00:00,0.4324,47.6,0.0072,SUCCESS,Azure,SG,results_bench-sea-d4sv3-n4-1.csv
southeastasia,Standard_D4s_v3,4,16,4,3.5.1,17.0.19,100MB.csv,100,cpu,1,2026-07-25T22:04:22.348167+00:00,0.3676,46.36,0.0061,SUCCESS,Azure,SG,results_bench-sea-d4sv3-n4-1_1785017062.csv
southeastasia,Standard_D4s_v3,4,16,4,3.5.1,17.0.19,100MB.csv,100,cpu,1,2026-07-25T20:41:43.456719+00:00,0.3923,36.78,0.0065,SUCCESS,Azure,SG,results_bench-sea-d4sv3-n4-1_1785012330.csv
southeastasia,Standard_D4s_v3,4,16,4,3.5.1,17.0.19,100MB.csv,100,cpu,1,2026-07-22T18:24:54.470621+00:00,0.3905,42.38,0.0065,SUCCESS,Azure,SG,results_bench-sea-d4sv3-n4-1.csv
southeastasia,Standard_D4s_v3,4,16,4,3.5.1,17.0.19,100MB.csv,100,cpu,2,2026-07-25T20:42:08.780557+00:00,0.3954,31.04,0.0066,SUCCESS,Azure,SG,results_bench-sea-d4sv3-n4-1_1785012330.csv
southeastasia,Standard_D4s_v3,4,16,4,3.5.1,17.0.19,100MB.csv,100,cpu,2,2026-07-25T22:04:46.588635+00:00,0.388,43.06,0.0065,SUCCESS,Azure,SG,results_bench-sea-d4sv3-n4-1_1785017116.csv
southeastasia,Standard_D4s_v3,4,16,4,3.5.1,17.0.19,100MB.csv,100,cpu,2,2026-07-22T18:25:24.730401+00:00,0.4023,36.26,0.0067,SUCCESS,Azure,SG,results_bench-sea-d4sv3-n4-1.csv
southeastasia,Standard_D4s_v3,4,16,4,3.5.1,17.0.19,100MB.csv,100,io,1,2026-07-25T20:43:51.677499+00:00,0.5743,85.78,0.0096,SUCCESS,Azure,SG,results_bench-sea-d4sv3-n4-1_1785012330.csv
southeastasia,Standard_D4s_v3,4,16,4,3.5.1,17.0.19,100MB.csv,100,io,1,2026-07-25T22:06:17.381400+00:00,0.4926,82.24,0.0082,SUCCESS,Azure,SG,results_bench-sea-d4sv3-n4-1_1785018971.csv
southeastasia,Standard_D4s_v3,4,16,4,3.5.1,17.0.19,100MB.csv,100,io,1,2026-07-22T18:27:13.615609+00:00,0.5613,84.99,0.0094,SUCCESS,Azure,SG,results_bench-sea-d4sv3-n4-1.csv
southeastasia,Standard_D4s_v3,4,16,4,3.5.1,17.0.19,100MB.csv,100,io,2,2026-07-25T20:44:27.988312+00:00,0.5714,85.44,0.0095,SUCCESS,Azure,SG,results_bench-sea-d4sv3-n4-1_1785012330.csv
southeastasia,Standard_D4s_v3,4,16,4,3.5.1,17.0.19,100MB.csv,100,io,2,2026-07-25T22:06:47.668391+00:00,0.4745,79.24,0.0079,SUCCESS,Azure,SG,results_bench-sea-d4sv3-n4-1_1785018971.csv
southeastasia,Standard_D4s_v3,4,16,4,3.5.1,17.0.19,100MB.csv,100,io,2,2026-07-22T18:27:49.905971+00:00,0.5548,84.28,0.0092,SUCCESS,Azure,SG,results_bench-sea-d4sv3-n4-1.csv
southeastasia,Standard_D4s_v3,4,16,4,3.5.1,17.0.19,100MB.csv,100,memory,1,2026-07-25T20:42:39.072645+00:00,0.4952,31.49,0.0083,SUCCESS,Azure,SG,results_bench-sea-d4sv3-n4-1_1785012330.csv
southeastasia,Standard_D4s_v3,4,16,4,3.5.1,17.0.19,100MB.csv,100,memory,1,2026-07-25T22:05:16.848392+00:00,0.4705,42.1,0.0078,SUCCESS,Azure,SG,results_bench-sea-d4sv3-n4-1_1785017116.csv
southeastasia,Standard_D4s_v3,4,16,4,3.5.1,17.0.19,100MB.csv,100,memory,1,2026-07-22T18:26:01.017544+00:00,0.5129,38.83,0.0085,SUCCESS,Azure,SG,results_bench-sea-d4sv3-n4-1.csv
southeastasia,Standard_D4s_v3,4,16,4,3.5.1,17.0.19,100MB.csv,100,memory,2,2026-07-25T20:43:15.367507+00:00,0.5037,25.11,0.0084,SUCCESS,Azure,SG,results_bench-sea-d4sv3-n4-1_1785012330.csv
southeastasia,Standard_D4s_v3,4,16,4,3.5.1,17.0.19,100MB.csv,100,memory,2,2026-07-25T22:05:47.104099+00:00,0.486,30.88,0.0081,SUCCESS,Azure,SG,results_bench-sea-d4sv3-n4-1_1785018971.csv
southeastasia,Standard_D4s_v3,4,16,4,3.5.1,17.0.19,100MB.csv,100,memory,2,2026-07-22T18:26:37.306507+00:00,0.5071,34.55,0.0085,SUCCESS,Azure,SG,results_bench-sea-d4sv3-n4-1.csv
southeastasia,Standard_D4s_v3,4,16,4,3.5.1,17.0.19,500MB.csv,500,cpu,1,2026-07-25T20:45:30.446832+00:00,0.462,35.48,0.0077,SUCCESS,Azure,SG,results_bench-sea-d4sv3-n4-1_1785012330.csv
southeastasia,Standard_D4s_v3,4,16,4,3.5.1,17.0.19,500MB.csv,500,cpu,1,2026-07-25T22:07:46.384958+00:00,0.4447,25.41,0.0074,SUCCESS,Azure,SG,results_bench-sea-d4sv3-n4-1_1785018971.csv
southeastasia,Standard_D4s_v3,4,16,4,3.5.1,17.0.19,500MB.csv,500,cpu,1,2026-07-22T18:28:51.669575+00:00,0.5005,36.02,0.0083,SUCCESS,Azure,SG,results_bench-sea-d4sv3-n4-1.csv
southeastasia,Standard_D4s_v3,4,16,4,3.5.1,17.0.19,500MB.csv,500,cpu,2,2026-07-25T20:46:00.719327+00:00,0.461,26.74,0.0077,SUCCESS,Azure,SG,results_bench-sea-d4sv3-n4-1_1785013372.csv
southeastasia,Standard_D4s_v3,4,16,4,3.5.1,17.0.19,500MB.csv,500,cpu,2,2026-07-25T22:08:16.668655+00:00,0.4449,25.95,0.0074,SUCCESS,Azure,SG,results_bench-sea-d4sv3-n4-1_1785018971.csv
southeastasia,Standard_D4s_v3,4,16,4,3.5.1,17.0.19,500MB.csv,500,cpu,2,2026-07-22T18:29:21.921195+00:00,0.4733,35.32,0.0079,SUCCESS,Azure,SG,results_bench-sea-d4sv3-n4-1.csv
southeastasia,Standard_D4s_v3,4,16,4,3.5.1,17.0.19,500MB.csv,500,io,1,2026-07-25T20:48:37.739528+00:00,1.1461,89.83,0.0191,SUCCESS,Azure,SG,results_bench-sea-d4sv3-n4-1_1785013372.csv
southeastasia,Standard_D4s_v3,4,16,4,3.5.1,17.0.19,500MB.csv,500,io,1,2026-07-25T22:10:41.527783+00:00,0.9164,77.99,0.0153,SUCCESS,Azure,SG,results_bench-sea-d4sv3-n4-1_1785018971.csv
southeastasia,Standard_D4s_v3,4,16,4,3.5.1,17.0.19,500MB.csv,500,io,1,2026-07-22T18:31:52.855606+00:00,1.0366,86.51,0.0173,SUCCESS,Azure,SG,results_bench-sea-d4sv3-n4-1.csv
southeastasia,Standard_D4s_v3,4,16,4,3.5.1,17.0.19,500MB.csv,500,io,2,2026-07-25T20:49:50.145863+00:00,1.1116,79.56,0.0185,SUCCESS,Azure,SG,results_bench-sea-d4sv3-n4-1_1785013372.csv
southeastasia,Standard_D4s_v3,4,16,4,3.5.1,17.0.19,500MB.csv,500,io,2,2026-07-25T22:11:41.888075+00:00,0.9138,81.01,0.0152,SUCCESS,Azure,SG,results_bench-sea-d4sv3-n4-1_1785018971.csv
southeastasia,Standard_D4s_v3,4,16,4,3.5.1,17.0.19,500MB.csv,500,io,2,2026-07-22T18:32:59.453866+00:00,1.0628,89.35,0.0177,SUCCESS,Azure,SG,results_bench-sea-d4sv3-n4-1.csv
southeastasia,Standard_D4s_v3,4,16,4,3.5.1,17.0.19,500MB.csv,500,memory,1,2026-07-25T20:46:43.007306+00:00,0.6213,32.25,0.0104,SUCCESS,Azure,SG,results_bench-sea-d4sv3-n4-1_1785013372.csv
southeastasia,Standard_D4s_v3,4,16,4,3.5.1,17.0.19,500MB.csv,500,memory,1,2026-07-25T22:08:58.921071+00:00,0.6124,20.78,0.0102,SUCCESS,Azure,SG,results_bench-sea-d4sv3-n4-1_1785018971.csv
southeastasia,Standard_D4s_v3,4,16,4,3.5.1,17.0.19,500MB.csv,500,memory,1,2026-07-22T18:30:04.197912+00:00,0.6429,30.98,0.0107,SUCCESS,Azure,SG,results_bench-sea-d4sv3-n4-1.csv
southeastasia,Standard_D4s_v3,4,16,4,3.5.1,17.0.19,500MB.csv,500,memory,2,2026-07-25T20:47:25.343340+00:00,0.6059,21.33,0.0101,SUCCESS,Azure,SG,results_bench-sea-d4sv3-n4-1_1785013372.csv
southeastasia,Standard_D4s_v3,4,16,4,3.5.1,17.0.19,500MB.csv,500,memory,2,2026-07-25T22:09:41.184477+00:00,0.637,27.12,0.0106,SUCCESS,Azure,SG,results_bench-sea-d4sv3-n4-1_1785018971.csv
southeastasia,Standard_D4s_v3,4,16,4,3.5.1,17.0.19,500MB.csv,500,memory,2,2026-07-22T18:30:46.471575+00:00,0.6356,29.45,0.0106,SUCCESS,Azure,SG,results_bench-sea-d4sv3-n4-1.csv
southeastasia,Standard_D4s_v3,4,16,4,3.5.1,17.0.19,1024MB.csv,1024,cpu,1,2026-07-25T20:51:28.696717+00:00,0.5542,24.74,0.0092,SUCCESS,Azure,SG,results_bench-sea-d4sv3-n4-1_1785013372.csv
southeastasia,Standard_D4s_v3,4,16,4,3.5.1,17.0.19,1024MB.csv,1024,cpu,1,2026-07-25T22:13:20.192529+00:00,0.5435,27.11,0.0091,SUCCESS,Azure,SG,results_bench-sea-d4sv3-n4-1_1785018971.csv
southeastasia,Standard_D4s_v3,4,16,4,3.5.1,17.0.19,1024MB.csv,1024,cpu,1,2026-07-22T18:35:02.797013+00:00,0.5811,32.61,0.0097,SUCCESS,Azure,SG,results_bench-sea-d4sv3-n4-1.csv
southeastasia,Standard_D4s_v3,4,16,4,3.5.1,17.0.19,1024MB.csv,1024,cpu,2,2026-07-25T20:52:04.970322+00:00,0.5528,21.02,0.0092,SUCCESS,Azure,SG,results_bench-sea-d4sv3-n4-1_1785013372.csv
southeastasia,Standard_D4s_v3,4,16,4,3.5.1,17.0.19,1024MB.csv,1024,cpu,2,2026-07-25T22:13:56.590981+00:00,0.5618,21.41,0.0094,SUCCESS,Azure,SG,results_bench-sea-d4sv3-n4-1_1785018971.csv
southeastasia,Standard_D4s_v3,4,16,4,3.5.1,17.0.19,1024MB.csv,1024,cpu,2,2026-07-22T18:35:39.079571+00:00,0.5692,29.32,0.0095,SUCCESS,Azure,SG,results_bench-sea-d4sv3-n4-1.csv
southeastasia,Standard_D4s_v3,4,16,4,3.5.1,17.0.19,1024MB.csv,1024,io,1,2026-07-25T20:55:42.117667+00:00,1.8619,91.6,0.031,SUCCESS,Azure,SG,results_bench-sea-d4sv3-n4-1_1785013372.csv
southeastasia,Standard_D4s_v3,4,16,4,3.5.1,17.0.19,1024MB.csv,1024,io,1,2026-07-25T22:17:09.599991+00:00,1.5258,89.35,0.0254,SUCCESS,Azure,SG,results_bench-sea-d4sv3-n4-1_1785018971.csv
southeastasia,Standard_D4s_v3,4,16,4,3.5.1,17.0.19,1024MB.csv,1024,io,1,2026-07-22T18:39:16.226586+00:00,1.8916,87.07,0.0315,SUCCESS,Azure,SG,results_bench-sea-d4sv3-n4-1.csv
southeastasia,Standard_D4s_v3,4,16,4,3.5.1,17.0.19,1024MB.csv,1024,io,2,2026-07-25T20:57:30.656130+00:00,1.7935,90.51,0.0299,SUCCESS,Azure,SG,results_bench-sea-d4sv3-n4-1_1785013372.csv
southeastasia,Standard_D4s_v3,4,16,4,3.5.1,17.0.19,1024MB.csv,1024,io,2,2026-07-25T22:18:46.387453+00:00,1.557,89.76,0.0259,SUCCESS,Azure,SG,results_bench-sea-d4sv3-n4-1_1785018971.csv
southeastasia,Standard_D4s_v3,4,16,4,3.5.1,17.0.19,1024MB.csv,1024,io,2,2026-07-22T18:41:04.737576+00:00,1.7789,91.11,0.0296,SUCCESS,Azure,SG,results_bench-sea-d4sv3-n4-1.csv
southeastasia,Standard_D4s_v3,4,16,4,3.5.1,17.0.19,1024MB.csv,1024,memory,1,2026-07-25T20:52:53.268677+00:00,0.7751,27.13,0.0129,SUCCESS,Azure,SG,results_bench-sea-d4sv3-n4-1_1785013372.csv
southeastasia,Standard_D4s_v3,4,16,4,3.5.1,17.0.19,1024MB.csv,1024,memory,1,2026-07-25T22:14:44.876727+00:00,0.7691,29.54,0.0128,SUCCESS,Azure,SG,results_bench-sea-d4sv3-n4-1_1785018971.csv
southeastasia,Standard_D4s_v3,4,16,4,3.5.1,17.0.19,1024MB.csv,1024,memory,1,2026-07-22T18:36:33.378067+00:00,0.8073,19.53,0.0135,SUCCESS,Azure,SG,results_bench-sea-d4sv3-n4-1.csv
southeastasia,Standard_D4s_v3,4,16,4,3.5.1,17.0.19,1024MB.csv,1024,memory,2,2026-07-25T20:53:47.578959+00:00,0.8373,14.1,0.014,SUCCESS,Azure,SG,results_bench-sea-d4sv3-n4-1_1785013372.csv
southeastasia,Standard_D4s_v3,4,16,4,3.5.1,17.0.19,1024MB.csv,1024,memory,2,2026-07-25T22:15:33.150432+00:00,0.7716,26.08,0.0129,SUCCESS,Azure,SG,results_bench-sea-d4sv3-n4-1_1785018971.csv
southeastasia,Standard_D4s_v3,4,16,4,3.5.1,17.0.19,1024MB.csv,1024,memory,2,2026-07-22T18:37:21.678049+00:00,0.7923,25.19,0.0132,SUCCESS,Azure,SG,results_bench-sea-d4sv3-n4-1.csv
southeastasia,Standard_D4s_v3,4,16,4,3.5.1,17.0.19,2048MB.csv,2048,cpu,1,2026-07-25T21:00:46.359038+00:00,0.8381,18.04,0.014,SUCCESS,Azure,SG,results_bench-sea-d4sv3-n4-1_1785013372.csv
southeastasia,Standard_D4s_v3,4,16,4,3.5.1,17.0.19,2048MB.csv,2048,cpu,1,2026-07-25T22:21:49.413242+00:00,0.8042,15.08,0.0134,SUCCESS,Azure,SG,results_bench-sea-d4sv3-n4-1_1785018971.csv
southeastasia,Standard_D4s_v3,4,16,4,3.5.1,17.0.19,2048MB.csv,2048,cpu,1,2026-07-22T18:44:44.229134+00:00,0.8934,14.29,0.0149,SUCCESS,Azure,SG,results_bench-sea-d4sv3-n4-1.csv
southeastasia,Standard_D4s_v3,4,16,4,3.5.1,17.0.19,2048MB.csv,2048,cpu,2,2026-07-25T21:01:40.655798+00:00,0.8263,21.2,0.0138,SUCCESS,Azure,SG,results_bench-sea-d4sv3-n4-1_1785013372.csv
southeastasia,Standard_D4s_v3,4,16,4,3.5.1,17.0.19,2048MB.csv,2048,cpu,2,2026-07-25T22:22:37.668547+00:00,0.7683,15.81,0.0128,SUCCESS,Azure,SG,results_bench-sea-d4sv3-n4-1_1785018971.csv
southeastasia,Standard_D4s_v3,4,16,4,3.5.1,17.0.19,2048MB.csv,2048,cpu,2,2026-07-22T18:45:38.526895+00:00,0.8371,17.92,0.014,SUCCESS,Azure,SG,results_bench-sea-d4sv3-n4-1.csv
southeastasia,Standard_D4s_v3,4,16,4,3.5.1,17.0.19,2048MB.csv,2048,io,1,2026-07-25T22:27:50.866478+00:00,2.6175,86.52,0.0436,SUCCESS,Azure,SG,results_bench-sea-d4sv3-n4-1_1785018971.csv
southeastasia,Standard_D4s_v3,4,16,4,3.5.1,17.0.19,2048MB.csv,2048,io,1,2026-07-25T21:07:30.107496+00:00,3.2349,91.1,0.0539,SUCCESS,Azure,SG,results_bench-sea-d4sv3-n4-1_1785013650.csv
southeastasia,Standard_D4s_v3,4,16,4,3.5.1,17.0.19,2048MB.csv,2048,io,1,2026-07-22T18:51:27.918962+00:00,3.1183,90.9,0.052,SUCCESS,Azure,SG,results_bench-sea-d4sv3-n4-1.csv
southeastasia,Standard_D4s_v3,4,16,4,3.5.1,17.0.19,2048MB.csv,2048,io,2,2026-07-25T22:30:39.478724+00:00,2.7204,85.2,0.0453,SUCCESS,Azure,SG,results_bench-sea-d4sv3-n4-1_1785018971.csv
southeastasia,Standard_D4s_v3,4,16,4,3.5.1,17.0.19,2048MB.csv,2048,io,2,2026-07-22T18:54:28.886298+00:00,2.9679,88.5,0.0495,SUCCESS,Azure,SG,results_bench-sea-d4sv3-n4-1.csv
southeastasia,Standard_D4s_v3,4,16,4,3.5.1,17.0.19,2048MB.csv,2048,memory,1,2026-07-25T21:02:52.984302+00:00,1.1783,18.82,0.0196,SUCCESS,Azure,SG,results_bench-sea-d4sv3-n4-1_1785013372.csv
southeastasia,Standard_D4s_v3,4,16,4,3.5.1,17.0.19,2048MB.csv,2048,memory,1,2026-07-25T22:23:55.977597+00:00,1.2116,17.12,0.0202,SUCCESS,Azure,SG,results_bench-sea-d4sv3-n4-1_1785018971.csv
southeastasia,Standard_D4s_v3,4,16,4,3.5.1,17.0.19,2048MB.csv,2048,memory,1,2026-07-22T18:46:56.863086+00:00,1.2254,18.83,0.0204,SUCCESS,Azure,SG,results_bench-sea-d4sv3-n4-1.csv
southeastasia,Standard_D4s_v3,4,16,4,3.5.1,17.0.19,2048MB.csv,2048,memory,2,2026-07-25T22:25:08.270570+00:00,1.1968,17.29,0.0199,SUCCESS,Azure,SG,results_bench-sea-d4sv3-n4-1_1785018971.csv
southeastasia,Standard_D4s_v3,4,16,4,3.5.1,17.0.19,2048MB.csv,2048,memory,2,2026-07-25T21:04:11.326484+00:00,1.2185,18.3,0.0203,SUCCESS,Azure,SG,results_bench-sea-d4sv3-n4-1_1785013650.csv
southeastasia,Standard_D4s_v3,4,16,4,3.5.1,17.0.19,2048MB.csv,2048,memory,2,2026-07-22T18:48:15.198145+00:00,1.2707,15.74,0.0212,SUCCESS,Azure,SG,results_bench-sea-d4sv3-n4-1.csv
southeastasia,Standard_D4s_v3,4,16,4,3.5.1,17.0.19,3072MB.csv,3072,cpu,1,2026-07-25T22:35:11.070301+00:00,0.9336,17.83,0.0156,SUCCESS,Azure,SG,results_bench-sea-d4sv3-n4-1_1785018971.csv
southeastasia,Standard_D4s_v3,4,16,4,3.5.1,17.0.19,3072MB.csv,3072,cpu,1,2026-07-22T18:59:59.754471+00:00,0.9259,18.07,0.0154,SUCCESS,Azure,SG,results_bench-sea-d4sv3-n4-1.csv
southeastasia,Standard_D4s_v3,4,16,4,3.5.1,17.0.19,3072MB.csv,3072,cpu,2,2026-07-25T22:36:11.344018+00:00,0.936,14.96,0.0156,SUCCESS,Azure,SG,results_bench-sea-d4sv3-n4-1_1785018971.csv
southeastasia,Standard_D4s_v3,4,16,4,3.5.1,17.0.19,3072MB.csv,3072,cpu,2,2026-07-22T19:01:00.070710+00:00,0.977,17.33,0.0163,SUCCESS,Azure,SG,results_bench-sea-d4sv3-n4-1.csv
southeastasia,Standard_D4s_v3,4,16,4,3.5.1,17.0.19,3072MB.csv,3072,io,1,2026-07-25T22:43:00.816362+00:00,3.7871,89.81,0.0631,SUCCESS,Azure,SG,results_bench-sea-d4sv3-n4-1_1785020385.csv
southeastasia,Standard_D4s_v3,4,16,4,3.5.1,17.0.19,3072MB.csv,3072,io,1,2026-07-22T19:08:31.730063+00:00,4.412,89.5,0.0735,SUCCESS,Azure,SG,results_bench-sea-d4sv3-n4-1.csv
southeastasia,Standard_D4s_v3,4,16,4,3.5.1,17.0.19,3072MB.csv,3072,io,2,2026-07-25T22:46:56.901251+00:00,3.8513,88.97,0.0642,SUCCESS,Azure,SG,results_bench-sea-d4sv3-n4-1_1785020385.csv
southeastasia,Standard_D4s_v3,4,16,4,3.5.1,17.0.19,3072MB.csv,3072,io,2,2026-07-22T19:12:50.902707+00:00,4.2115,88.76,0.0702,SUCCESS,Azure,SG,results_bench-sea-d4sv3-n4-1.csv
southeastasia,Standard_D4s_v3,4,16,4,3.5.1,17.0.19,3072MB.csv,3072,memory,1,2026-07-25T22:37:41.663991+00:00,1.4805,15.86,0.0247,SUCCESS,Azure,SG,results_bench-sea-d4sv3-n4-1_1785020385.csv
southeastasia,Standard_D4s_v3,4,16,4,3.5.1,17.0.19,3072MB.csv,3072,memory,1,2026-07-22T19:02:30.415679+00:00,1.4515,13.56,0.0242,SUCCESS,Azure,SG,results_bench-sea-d4sv3-n4-1.csv
southeastasia,Standard_D4s_v3,4,16,4,3.5.1,17.0.19,3072MB.csv,3072,memory,2,2026-07-25T22:39:12.009537+00:00,1.4531,10.26,0.0242,SUCCESS,Azure,SG,results_bench-sea-d4sv3-n4-1_1785020385.csv
southeastasia,Standard_D4s_v3,4,16,4,3.5.1,17.0.19,3072MB.csv,3072,memory,2,2026-07-22T19:04:00.766923+00:00,1.4613,12.03,0.0244,SUCCESS,Azure,SG,results_bench-sea-d4sv3-n4-1.csv
southeastasia,Standard_D4s_v3,4,16,4,3.5.1,17.0.19,5120MB.csv,5120,cpu,1,2026-07-25T22:54:08.776177+00:00,1.3438,10.74,0.0224,SUCCESS,Azure,SG,results_bench-sea-d4sv3-n4-1_1785020385.csv
southeastasia,Standard_D4s_v3,4,16,4,3.5.1,17.0.19,5120MB.csv,5120,cpu,1,2026-07-22T19:20:20.852158+00:00,1.4193,13.64,0.0237,SUCCESS,Azure,SG,results_bench-sea-d4sv3-n4-1.csv
southeastasia,Standard_D4s_v3,4,16,4,3.5.1,17.0.19,5120MB.csv,5120,cpu,2,2026-07-25T22:55:27.099074+00:00,1.2597,10.14,0.021,SUCCESS,Azure,SG,results_bench-sea-d4sv3-n4-1_1785020385.csv
southeastasia,Standard_D4s_v3,4,16,4,3.5.1,17.0.19,5120MB.csv,5120,cpu,2,2026-07-22T19:21:51.411216+00:00,1.4298,11.55,0.0238,SUCCESS,Azure,SG,results_bench-sea-d4sv3-n4-1.csv
southeastasia,Standard_D4s_v3,4,16,4,3.5.1,17.0.19,5120MB.csv,5120,io,1,2026-07-25T23:04:16.566167+00:00,4.4467,96.89,0.0741,SUCCESS,Azure,SG,results_bench-sea-d4sv3-n4-1_1785020656.csv
southeastasia,Standard_D4s_v3,4,16,4,3.5.1,17.0.19,5120MB.csv,5120,io,1,2026-07-22T19:31:41.327005+00:00,5.3726,97.34,0.0895,SUCCESS,Azure,SG,results_bench-sea-d4sv3-n4-1.csv
southeastasia,Standard_D4s_v3,4,16,4,3.5.1,17.0.19,5120MB.csv,5120,io,2,2026-07-25T23:08:47.654344+00:00,4.4819,97.64,0.0747,SUCCESS,Azure,SG,results_bench-sea-d4sv3-n4-1_1785020927.csv
southeastasia,Standard_D4s_v3,4,16,4,3.5.1,17.0.19,5120MB.csv,5120,io,2,2026-07-22T19:37:42.564731+00:00,5.9776,95.22,0.0996,SUCCESS,Azure,SG,results_bench-sea-d4sv3-n4-1.csv
southeastasia,Standard_D4s_v3,4,16,4,3.5.1,17.0.19,5120MB.csv,5120,memory,1,2026-07-25T22:57:33.470805+00:00,2.007,8.17,0.0335,SUCCESS,Azure,SG,results_bench-sea-d4sv3-n4-1_1785020385.csv
southeastasia,Standard_D4s_v3,4,16,4,3.5.1,17.0.19,5120MB.csv,5120,memory,1,2026-07-22T19:24:03.818428+00:00,2.1119,10.45,0.0352,SUCCESS,Azure,SG,results_bench-sea-d4sv3-n4-1.csv
southeastasia,Standard_D4s_v3,4,16,4,3.5.1,17.0.19,5120MB.csv,5120,memory,2,2026-07-25T22:59:45.870176+00:00,2.1359,8.58,0.0356,SUCCESS,Azure,SG,results_bench-sea-d4sv3-n4-1_1785020385.csv
southeastasia,Standard_D4s_v3,4,16,4,3.5.1,17.0.19,5120MB.csv,5120,memory,2,2026-07-22T19:26:16.410128+00:00,2.1961,6.73,0.0366,SUCCESS,Azure,SG,results_bench-sea-d4sv3-n4-1.csv