dataset_size_mb,workload_type,machine_type,nodes,runtime_minutes,cost_usd,region,source,cloud,electricity_zone,cpu_avg_pct,memory_avg_pct
10,cpu-heavy,m5.xlarge,2,0.840116667,0.005377,ap-south-1,aws-emr-first-test,aws,IN,,
10,memory-heavy,m5.xlarge,2,1.06,0.006784,ap-south-1,aws-emr,aws,IN,,
10,io-heavy,m5.xlarge,2,0.91,0.005824,ap-south-1,aws-emr,aws,IN,,
100,cpu-heavy,m5.xlarge,2,0.95,0.00608,ap-south-1,aws-emr,aws,IN,,
100,cpu-heavy,m5.xlarge,2,0.939533,0.006013,ap-south-1,aws-emr:j-30HIP7YFIN0O7:s-04794012W606F81JQZJO,aws,IN,,
100,memory-heavy,m5.xlarge,2,0.973667,0.006231,ap-south-1,aws-emr:j-29ETMYZ42EBCX:s-0769418BQQ8OQQDSUX8,aws,IN,,
100,io-heavy,m5.xlarge,2,1.041433,0.006665,ap-south-1,aws-emr:j-1GLNMOTEHHHGU:s-0879840MILZRXPZ0DG6,aws,IN,,
500,cpu-heavy,m5.xlarge,2,1.307317,0.008367,ap-south-1,aws-emr:j-1LSTYXWNOHQY7:s-0228088KB9M59XR3PEB,aws,IN,,
500,memory-heavy,m5.xlarge,2,1.374483,0.008797,ap-south-1,aws-emr:j-347QGH4MI9INH:s-03395651EUSGLW3LZTV5,aws,IN,,
500,io-heavy,m5.xlarge,2,1.539917,0.009855,ap-south-1,aws-emr:j-7V1HCFH6R2T8:s-02475671DSLL59PX906V,aws,IN,,
1024,cpu-heavy,m5.xlarge,2,1.46,0.009344,ap-south-1,aws-emr,aws,IN,,
1024,memory-heavy,m5.xlarge,2,1.57,0.010048,ap-south-1,aws-emr,aws,IN,,
1024,cpu-heavy,m5.xlarge,2,1.774933,0.01136,ap-south-1,aws-emr:j-326LNLFJSAIYF:s-0867419VDRQ1Q9OEVHY,aws,IN,,
1024,memory-heavy,m5.xlarge,2,1.873033,0.011987,ap-south-1,aws-emr:j-1E349DFOIP3ZT:s-09137263LU9EYPJ45OYI,aws,IN,,
1024,io-heavy,m5.xlarge,2,2.074217,0.013275,ap-south-1,aws-emr:j-22S6DIPJ7RV2H:s-08837263SPJYMK45OUL,aws,IN,,
5120,cpu-heavy,m5.xlarge,2,5.172517,0.033104,ap-south-1,aws-emr:j-3AHPICFBXMCGQ:s-0896853V17DNDLDZLXK,aws,IN,,
5120,memory-heavy,m5.xlarge,2,5.373567,0.034391,ap-south-1,aws-emr:j-3VLJUUPZLBU3O:s-03368411VJ7Y84OS3EH1,aws,IN,,
5120,io-heavy,m5.xlarge,2,6.674333,0.042716,ap-south-1,aws-emr:j-3CYHURYFBWKA9:s-008667926RYNYAZ6XXUZ,aws,IN,,
10,cpu-heavy,m5.xlarge,4,0.872867,0.011173,ap-south-1,aws-emr:j-305C7NS1HRPXR:s-00684882WGLUBZUGWZD1,aws,IN,,
10,memory-heavy,m5.xlarge,4,0.90705,0.01161,ap-south-1,aws-emr:j-1KO3D3L9RVHWD:s-08545362QLEX5II0P4AX,aws,IN,,
10,io-heavy,m5.xlarge,4,0.905483,0.01159,ap-south-1,aws-emr:j-A0GIHB63K3XP:s-00879643SY0WM3K7HBDV,aws,IN,,
100,cpu-heavy,m5.xlarge,4,0.906467,0.011603,ap-south-1,aws-emr:j-2D5C7OMSCX1BJ:s-06219702RIHYCE3GA65A,aws,IN,,
100,memory-heavy,m5.xlarge,4,0.941817,0.012055,ap-south-1,aws-emr:j-1KUMCBEZERPKA:s-031581115TK0035YNY79,aws,IN,,
100,io-heavy,m5.xlarge,4,0.973183,0.012457,ap-south-1,aws-emr:j-3SJ2IURT3FMM1:s-03380863VKI2K2WH9EOG,aws,IN,,
500,cpu-heavy,m5.xlarge,4,1.072917,0.013733,ap-south-1,aws-emr:j-3L9OUE6DK27RK:s-088250218M8QU8A5PVI5,aws,IN,,
500,memory-heavy,m5.xlarge,4,1.106633,0.014165,ap-south-1,aws-emr:j-2DO1H2982MPW1:s-0855921JN3KTPM9X4T4,aws,IN,,
500,io-heavy,m5.xlarge,4,1.17255,0.015009,ap-south-1,aws-emr:j-LXMPCOJ997N4:s-08394803J4QSUBUHUPLU,aws,IN,,
1024,cpu-heavy,m5.xlarge,4,1.30645,0.016723,ap-south-1,aws-emr:j-2P4IUJI53XX98:s-08877883EVCKHYII9RSL,aws,IN,,
1024,memory-heavy,m5.xlarge,4,1.306783,0.016727,ap-south-1,aws-emr:j-GT7R9LFX0NVY:s-08535193BBZWFMCQCIAO,aws,IN,,
1024,io-heavy,m5.xlarge,4,1.506167,0.019279,ap-south-1,aws-emr:j-AQYJJ275MZST:s-0192847IB1OT8IN4R5N,aws,IN,,
5120,cpu-heavy,m5.xlarge,4,2.773683,0.035503,ap-south-1,aws-emr:j-3ONIUF59RD4SX:s-036462221AJB91AOOPVD,aws,IN,,
5120,memory-heavy,m5.xlarge,4,2.973667,0.038063,ap-south-1,aws-emr:j-3TWQS2Z0GZ6HE:s-01356823GY8A8SHX2HA0,aws,IN,,
5120,io-heavy,m5.xlarge,4,3.540233,0.045315,ap-south-1,aws-emr:j-BB6EDT1C7WUN:s-0474850130KBHYMM940S,aws,IN,,
10,io-heavy,c5.xlarge,4,0.873733,0.009902,ap-south-1,aws-emr:j-2QYXQVD6D39Y0:s-031691035Z517DMOG3YQ,aws,IN,,
10,memory-heavy,c5.xlarge,4,1.0065,0.011407,ap-south-1,aws-emr:j-2V9JCTOBMVOZW:s-0334292X2F080ZYK7AV,aws,IN,,
10,cpu-heavy,c5.xlarge,4,0.771833,0.008747,ap-south-1,aws-emr:j-247W6BYNT8DA0:s-09085532BRL5I1OKJZHP,aws,IN,,
100,cpu-heavy,c5.xlarge,4,0.839533,0.009515,ap-south-1,aws-emr:j-1FF177NDPBGXJ:s-04972231XOU0C97UOCK8,aws,IN,,
100,memory-heavy,c5.xlarge,4,0.906017,0.010268,ap-south-1,aws-emr:j-3G6KPJ8OGG5ID:s-05569191XZBRJFJHAXNY,aws,IN,,
100,io-heavy,c5.xlarge,4,0.9084,0.010295,ap-south-1,aws-emr:j-1OZABZBW7IMCE:s-033920479JEV16X22ZD,aws,IN,,
500,cpu-heavy,c5.xlarge,4,0.973933,0.011038,ap-south-1,aws-emr:j-1O0RVCQ9M1CE7:s-06533371JRZ5J8MXNNM1,aws,IN,,
500,memory-heavy,c5.xlarge,4,1.00655,0.011408,ap-south-1,aws-emr:j-353K3JKVSSX6:s-0523044ZUBOGNFEIVIQ,aws,IN,,
500,io-heavy,c5.xlarge,4,1.10585,0.012533,ap-south-1,aws-emr:j-1CAGKDUG6BAD7:s-07003492ZCHFPF9EFT78,aws,IN,,
1024,memory-heavy,c5.xlarge,4,1.239433,0.014047,ap-south-1,aws-emr:j-1XHUPBV8Y64LL:s-03366863GXZ66T7J59AH,aws,IN,,
1024,io-heavy,c5.xlarge,4,1.339867,0.015185,ap-south-1,aws-emr:j-1VS9E3MZWUDJD:s-08545203JT8ME78CAQMC,aws,IN,,
1024,cpu-heavy,c5.xlarge,4,1.139117,0.01291,ap-south-1,aws-emr:j-1X0JXTKRUTVE0:s-08575422VMLAZGZBT6DH,aws,IN,,
5120,memory-heavy,c5.xlarge,4,2.906167,0.032937,ap-south-1,aws-emr:j-22GIGYR8ZAD5B:s-033673534QXJZZ8ZJ19S,aws,IN,,
5120,io-heavy,c5.xlarge,4,3.306167,0.03747,ap-south-1,aws-emr:j-3AJ8OS8G5UX42:s-090282735NXSHKLNYJHV,aws,IN,,
5120,cpu-heavy,c5.xlarge,4,2.607317,0.02955,ap-south-1,aws-emr:j-1QCOASFOODMKF:s-08558712LOOTB3J8N65I,aws,IN,,
10,cpu-heavy,m6i.xlarge,4,0.70705,0.009522,ap-south-1,aws-emr:j-YWH3IIFGHVAM:s-03364272QNCRO61EKVR4,aws,IN,,
10,memory-heavy,m6i.xlarge,4,0.738333,0.009943,ap-south-1,aws-emr:j-SMZ5M8T2EUOG:s-01587641IJF3JOL9DZ5E,aws,IN,,
10,io-heavy,m6i.xlarge,4,0.771967,0.010396,ap-south-1,aws-emr:j-3D6KN1ZBHBLKB:s-066858735HUTOU9RCUK6,aws,IN,,
100,cpu-heavy,m6i.xlarge,4,0.706133,0.009509,ap-south-1,aws-emr:j-1FQQ8GXDC2SFN:s-0865909JZXHNG36LONL,aws,IN,,
100,memory-heavy,m6i.xlarge,4,0.7724,0.010402,ap-south-1,aws-emr:j-2JC6MWMJHPJ6V:s-01353611BUI3G8R3V7IH,aws,IN,,
100,io-heavy,m6i.xlarge,4,0.771517,0.01039,ap-south-1,aws-emr:j-1T4C4JQWGMGGT:s-01841371IZHKNB9DG7DH,aws,IN,,
500,cpu-heavy,m6i.xlarge,4,0.8715,0.011736,ap-south-1,aws-emr:j-1YZQGPNUK6EWB:s-07377543B3FS65LBVH43,aws,IN,,
500,memory-heavy,m6i.xlarge,4,0.9719,0.013088,ap-south-1,aws-emr:j-1DSX3MMYKW4DC:s-03416962ESXVI3LK03W3,aws,IN,,
500,io-heavy,m6i.xlarge,4,0.93785,0.01263,ap-south-1,aws-emr:j-1UL7AYAIXSP40:s-079109323D9PP361LUM,aws,IN,,
1024,cpu-heavy,m6i.xlarge,4,0.972167,0.013092,ap-south-1,aws-emr:j-2IJOOTMBXKYYX:s-03417293OM9JBJMYDIRZ,aws,IN,,
1024,memory-heavy,m6i.xlarge,4,1.072183,0.014439,ap-south-1,aws-emr:j-3ORGDXXIKZZPZ:s-04644624H8KE2R0MFM9,aws,IN,,
1024,io-heavy,m6i.xlarge,4,1.13945,0.015345,ap-south-1,aws-emr:j-1FC44JGC6T3EL:s-04472963QV7KWMKJI4YP,aws,IN,,
5120,cpu-heavy,m6i.xlarge,4,2.105083,0.028348,ap-south-1,aws-emr:j-116WU3CF53WPM:s-03440602HYNFG1IO4PKW,aws,IN,,
5120,memory-heavy,m6i.xlarge,4,2.33895,0.031498,ap-south-1,aws-emr:j-QPGF133YY65S:s-0904524M1CE7CAFJMD,aws,IN,,
5120,io-heavy,m6i.xlarge,4,2.706233,0.036444,ap-south-1,aws-emr:j-36N1DQG30YN3L:s-10214892TI6QD2FC9JXK,aws,IN,,
10,cpu-heavy,m6i.xlarge,2,0.938017,0.006316,ap-south-1,aws-emr:j-27PXWMXGDLMV8:s-06200541CKFDJGOBQZKE,aws,IN,,
10,memory-heavy,m6i.xlarge,2,0.772317,0.0052,ap-south-1,aws-emr:j-3MMAC7ZTJN21T:s-0336174ZT4FASAQIUML,aws,IN,,
10,io-heavy,m6i.xlarge,2,0.805933,0.005427,ap-south-1,aws-emr:j-3VF8PTNXAGA7K:s-0336847XD6TW5O4RIAJ,aws,IN,,
100,cpu-heavy,m6i.xlarge,2,0.737567,0.004966,ap-south-1,aws-emr:j-3381W2MIU5YZQ:s-03361061EDI9V4QWVJ6H,aws,IN,,
100,memory-heavy,m6i.xlarge,2,0.837967,0.005642,ap-south-1,aws-emr:j-2SAB0VIGZ46I3:s-087206518ZCKGWNKH5DR,aws,IN,,
100,io-heavy,m6i.xlarge,2,0.838783,0.005648,ap-south-1,aws-emr:j-3TZHIHMAVEKLB:s-0595065A1S7IA08NR3Q,aws,IN,,
500,cpu-heavy,m6i.xlarge,2,1.0049,0.006766,ap-south-1,aws-emr:j-3MO80EEI9WBQ:s-03366201ZGKTBQH46XKC,aws,IN,,
500,memory-heavy,m6i.xlarge,2,1.104667,0.007438,ap-south-1,aws-emr:j-32JCABG3X1SYD:s-03160862J6MXYV9L9ZMN,aws,IN,,
500,io-heavy,m6i.xlarge,2,1.171617,0.007889,ap-south-1,aws-emr:j-XAIX3DDXPLHD:s-08655573HE14TE6XKV3H,aws,IN,,
1024,cpu-heavy,m6i.xlarge,2,1.406417,0.00947,ap-south-1,aws-emr:j-1ZO1Z7DJRM1X9:s-0911542GDZH8TB2U256,aws,IN,,
1024,memory-heavy,m6i.xlarge,2,1.471983,0.009911,ap-south-1,aws-emr:j-35LDG6NQOW2K3:s-09115232EJN56UOSQLDI,aws,IN,,
1024,io-heavy,m6i.xlarge,2,1.638617,0.011033,ap-south-1,aws-emr:j-3CSKPJNMPBU3F:s-03372861ND9WYMDAQPHP,aws,IN,,
5120,cpu-heavy,m6i.xlarge,2,4.271567,0.028762,ap-south-1,aws-emr:j-8PGF7RZH2YH5:s-036134019ESWSOYJOY4B,aws,IN,,
5120,memory-heavy,m6i.xlarge,2,4.23795,0.028536,ap-south-1,aws-emr:j-HNBTSTQZVD4A:s-033728526NUGJZSNIC9B,aws,IN,,
5120,io-heavy,m6i.xlarge,2,5.10485,0.034373,ap-south-1,aws-emr:j-2CHQU874KC7FH:s-03394123V1FI8FYO9PM5,aws,IN,,
10,cpu-heavy,c6i.xlarge,4,0.672733,0.008611,ap-south-1,aws-emr:j-IPYN2MWIMKB:s-03365113G1LDUOAUARJL,aws,IN,,
10,memory-heavy,c6i.xlarge,4,0.70555,0.009031,ap-south-1,aws-emr:j-2URV93G844LLL:s-06631692PEQM6PQCO7U,aws,IN,,
10,io-heavy,c6i.xlarge,4,0.73835,0.009451,ap-south-1,aws-emr:j-1KN7SZOK03C64:s-0857897C4A39YLVELGS,aws,IN,,
100,cpu-heavy,c6i.xlarge,4,0.704383,0.009016,ap-south-1,aws-emr:j-3HP9ZZQ1Y1TD2:s-0189910JCPYSTK2LYFQ,aws,IN,,
100,memory-heavy,c6i.xlarge,4,0.771833,0.009879,ap-south-1,aws-emr:j-13J20LTUQAZS4:s-08046442G3NRHN61MVBM,aws,IN,,
100,io-heavy,c6i.xlarge,4,0.771117,0.00987,ap-south-1,aws-emr:j-KT88D77XJG76:s-09005322Q9MRA8AD3O5I,aws,IN,,
500,cpu-heavy,c6i.xlarge,4,0.838367,0.010731,ap-south-1,aws-emr:j-2QMP1XRM558ER:s-0744965XF66DG4N5ZSA,aws,IN,,
500,memory-heavy,c6i.xlarge,4,0.906467,0.011603,ap-south-1,aws-emr:j-1DJQN9NRE9N8F:s-0159340COU8DGKWA0BK,aws,IN,,
500,io-heavy,c6i.xlarge,4,0.938867,0.012017,ap-south-1,aws-emr:j-3MKVB4DYZ5HU6:s-03428082166VHTD4I1J4,aws,IN,,
10,cpu-heavy,m5a.xlarge,4,1.0752,0.012329,ap-south-1,aws-emr:j-4FIQ8VK7EYXI:s-09621992XC87R7JJZK9M,aws,IN,,
10,memory-heavy,m5a.xlarge,4,1.143933,0.013117,ap-south-1,aws-emr:j-KYIGF47VK0YS:s-034209433YEFCQ1RDRX4,aws,IN,,
100,cpu-heavy,m5a.xlarge,4,1.142417,0.0131,ap-south-1,aws-emr:j-1RFR0VI2B6XU0:s-033107623MV814G0M4H5,aws,IN,,
100,memory-heavy,m5a.xlarge,4,1.210033,0.013875,ap-south-1,aws-emr:j-JVUK89H6CZ6W:s-0726354KUK5P7TA40SA,aws,IN,,
100,io-heavy,m5a.xlarge,4,1.20865,0.013859,ap-south-1,aws-emr:j-U7XE8JOHETV0:s-015914412E4O40T1B6W2,aws,IN,,
500,cpu-heavy,m5a.xlarge,4,1.342317,0.015392,ap-south-1,aws-emr:j-27E88WXZJIS2L:s-0518983CW67EQVUDOG2,aws,IN,,
500,memory-heavy,m5a.xlarge,4,1.376833,0.015788,ap-south-1,aws-emr:j-JJSEIO33TZXC:s-05941972JP8K7Z4G2C50,aws,IN,,
500,io-heavy,m5a.xlarge,4,1.445867,0.016579,ap-south-1,aws-emr:j-1IGJ94F73PZJM:s-08817511GBZY8QFH8EIJ,aws,IN,,
1024,cpu-heavy,m5a.xlarge,4,1.508233,0.017294,ap-south-1,aws-emr:j-1GNPU6DUVO4XL:s-034036033QWQDLA570QB,aws,IN,,
1024,memory-heavy,m5a.xlarge,4,1.608517,0.018444,ap-south-1,aws-emr:j-1T7BH3IAPD96S:s-035716036K8JOESQLWWT,aws,IN,,
1024,io-heavy,m5a.xlarge,4,1.7438,0.019996,ap-south-1,aws-emr:j-FD49UMFRQH1E:s-03503812XB8OQIACWX3N,aws,IN,,
5120,cpu-heavy,m5a.xlarge,4,3.275,0.037553,ap-south-1,aws-emr:j-17UE23652B874:s-06992913AFVD3MSB15NT,aws,IN,,
5120,memory-heavy,m5a.xlarge,4,3.541517,0.040609,ap-south-1,aws-emr:j-BCZN4Q4R3KEL:s-1002688QVIFV7TU0LQX,aws,IN,,
5120,io-heavy,m5a.xlarge,4,4.208467,0.048257,ap-south-1,aws-emr:j-1OB1SL8Y1Z7R:s-0336565307D6MVDV9LJV,aws,IN,,
10,cpu-heavy,c5a.xlarge,4,0.738783,0.007585,ap-south-1,aws-emr:j-F2EJT1HFJQT6:s-09811392DSOXW8KQU54K,aws,IN,,
10,memory-heavy,c5a.xlarge,4,0.972433,0.009984,ap-south-1,aws-emr:j-29V428V4TNYY9:s-01820242IU7B54EIBJY1,aws,IN,,
10,io-heavy,c5a.xlarge,4,0.805833,0.008273,ap-south-1,aws-emr:j-1PZ5N3B5HZE74:s-034371633SHCFOW06KOE,aws,IN,,
100,cpu-heavy,c5a.xlarge,4,0.7721,0.007927,ap-south-1,aws-emr:j-TI0MVK9AR8LK:s-034237419VPCHX6TPU4L,aws,IN,,
100,memory-heavy,c5a.xlarge,4,0.839233,0.008616,ap-south-1,aws-emr:j-PSYDR0ZTS0EQ:s-03313952AFRIPY7AW4E6,aws,IN,,
100,io-heavy,c5a.xlarge,4,0.838383,0.008607,ap-south-1,aws-emr:j-37U9GK58FQAD1:s-07365282C4Z6JJIF8S17,aws,IN,,
500,cpu-heavy,c5a.xlarge,4,0.872517,0.008958,ap-south-1,aws-emr:j-R4XN5IIATT9Z:s-03423191EZMSPF7G6H9J,aws,IN,,
500,memory-heavy,c5a.xlarge,4,0.939117,0.009642,ap-south-1,aws-emr:j-18BYQYKVQLMA8:s-085883618Y7MJPEXH0ZW,aws,IN,,
500,io-heavy,c5a.xlarge,4,1.4727,0.01512,ap-south-1,aws-emr:j-21JWJ0E1LSQ3N:s-09133641MUBIMJKX1L4I,aws,IN,,
1024,cpu-heavy,c5a.xlarge,4,1.038583,0.010663,ap-south-1,aws-emr:j-OWI8A5IOJ2QD:s-02436961P3U9V0N9BQ6X,aws,IN,,
1024,memory-heavy,c5a.xlarge,4,1.105,0.011345,ap-south-1,aws-emr:j-1EC8LCFCFATZW:s-03436443M6WVT5OJENSU,aws,IN,,
1024,io-heavy,c5a.xlarge,4,1.171967,0.012032,ap-south-1,aws-emr:j-2EKXYLN70OROO:s-08818821I9BLWAPRTLZ5,aws,IN,,
5120,cpu-heavy,c5a.xlarge,4,2.20585,0.022647,ap-south-1,aws-emr:j-3731BJ4EBP4BS:s-032968330LH4CE9Z5NF2,aws,IN,,
5120,memory-heavy,c5a.xlarge,4,2.305067,0.023665,ap-south-1,aws-emr:j-KE6N1XGB09UU:s-03427173LAUVTQ2V69JQ,aws,IN,,
5120,io-heavy,c5a.xlarge,4,2.839033,0.029147,ap-south-1,aws-emr:j-3C7WVUM6R8U2S:s-0758137AXD9WHASBN52,aws,IN,,
1024,cpu-heavy,c6i.xlarge,4,1.504433,0.019257,ap-south-1,aws-emr:j-TZ2XRM3CII3R:s-04669582UO1GKJEB6QWQ,aws,IN,,
1024,memory-heavy,c6i.xlarge,4,1.60445,0.020537,ap-south-1,aws-emr:j-370ZORBRZNDS4:s-094714239NWXMRGXGRAY,aws,IN,,
1024,io-heavy,c6i.xlarge,4,1.705733,0.021833,ap-south-1,aws-emr:j-1RK99X8KHSLT5:s-09059802U5B982S3G9NA,aws,IN,,
5120,cpu-heavy,c6i.xlarge,4,3.238583,0.041454,ap-south-1,aws-emr:j-2YGPA6PMSB4MU:s-0342320UQK8BS37SMIA,aws,IN,,
5120,memory-heavy,c6i.xlarge,4,3.072017,0.039322,ap-south-1,aws-emr:j-1BVHRHU492WYH:s-034233437XYDZ2VYIN1D,aws,IN,,
5120,io-heavy,c6i.xlarge,4,3.705483,0.04743,ap-south-1,aws-emr:j-2WJ3E5XZLGIEH:s-09099093CQRO0ZOBOU9H,aws,IN,,
10,cpu-heavy,m5.xlarge,4,1.2066,0.015444,ap-south-1,aws-emr:j-1XQUB9HZNQXM2:s-05478043SBT9H9UCT2KU,aws,IN,,
10,memory-heavy,m5.xlarge,4,1.10625,0.01416,ap-south-1,aws-emr:j-313WM0PEY4QN8:s-08812151P97TGYSEHRLM,aws,IN,,
10,io-heavy,m5.xlarge,4,1.141067,0.014606,ap-south-1,aws-emr:j-1FYHWYIOAUUDP:s-0341110XM81EOV76F5Y,aws,IN,,
100,cpu-heavy,m5.xlarge,4,1.1397,0.014588,ap-south-1,aws-emr:j-197ZE0Y48W7CJ:s-026039320J1H9OEIN6JV,aws,IN,,
100,memory-heavy,m5.xlarge,4,1.206667,0.015445,ap-south-1,aws-emr:j-7FC7JOUXZVJL:s-0894268OML56EZR61GZ,aws,IN,,
100,io-heavy,m5.xlarge,4,1.172767,0.015011,ap-south-1,aws-emr:j-2Q9LMNNCR0PQ6:s-03401653CMXZUGZNM1GL,aws,IN,,
500,cpu-heavy,m5.xlarge,4,1.306117,0.016718,ap-south-1,aws-emr:j-1ZK2M70S79BGU:s-0857085EHQO7MSX9DKU,aws,IN,,
500,memory-heavy,m5.xlarge,4,1.406683,0.018006,ap-south-1,aws-emr:j-3DE1RQMR7U528:s-10027383ISK42C7UNYGN,aws,IN,,
500,io-heavy,m5.xlarge,4,1.473983,0.018867,ap-south-1,aws-emr:j-26YP5MYKS7M41:s-03409483HRE7HCDP39XQ,aws,IN,,
1024,cpu-heavy,m5.xlarge,4,1.506433,0.019282,ap-south-1,aws-emr:j-2WS1DO5U55O7V:s-03426083KIE32GA5MVA6,aws,IN,,
1024,memory-heavy,m5.xlarge,4,1.57215,0.020124,ap-south-1,aws-emr:j-2C6ZXMEYTJJDT:s-06934982C5CG6D3BYBQP,aws,IN,,
1024,io-heavy,m5.xlarge,4,1.640867,0.021003,ap-south-1,aws-emr:j-2JFASL4WSTL81:s-08933401ZHPRHVHQLJ31,aws,IN,,
5120,cpu-heavy,m5.xlarge,4,3.2072,0.041052,ap-south-1,aws-emr:j-3KNKS0DDGUKRC:s-10084212VW3RSHPAXRFE,aws,IN,,
5120,memory-heavy,m5.xlarge,4,3.33995,0.042751,ap-south-1,aws-emr:j-18G3YXXZYEF3D:s-09284603P2IMRXB783XT,aws,IN,,
5120,io-heavy,m5.xlarge,4,3.972817,0.050852,ap-south-1,aws-emr:j-VW0977KGTSMM:s-024378116C32U151WRWU,aws,IN,,
10,cpu-heavy,m5.xlarge,2,0.872633,0.005585,ap-south-1,aws-emr:j-29548GAMPHMO:s-08325253JXNXW9N70Y13,aws,IN,,
10,memory-heavy,c5.xlarge,4,1.272933,0.014427,ap-south-1,aws-emr:j-25EXIIX9CQ14C:s-0957198181QJBAZA4CUG,aws,IN,,
10,memory-heavy,m5.xlarge,2,0.973683,0.006232,ap-south-1,aws-emr:j-1KFLBBBXBCG1:s-0231577OI6RZXLCREO,aws,IN,,
10,io-heavy,c5.xlarge,4,1.305633,0.014797,ap-south-1,aws-emr:j-3K9PQWC7EOT7E:s-018093917JGRG221Y2LW,aws,IN,,
10,io-heavy,m5.xlarge,2,1.039133,0.00665,ap-south-1,aws-emr:j-WFIT0QWHIRNK:s-09800901KT3YRH0YQ920,aws,IN,,
100,memory-heavy,c5.xlarge,4,1.341717,0.015206,ap-south-1,aws-emr:j-UBW2FW7J4QRP:s-067262035JKU6ZISD21Y,aws,IN,,
100,cpu-heavy,m5.xlarge,2,0.97285,0.006226,ap-south-1,aws-emr:j-32BFEDRM8C7CP:s-06163803ANXY29GTSDGM,aws,IN,,
100,memory-heavy,m5.xlarge,2,1.04055,0.00666,ap-south-1,aws-emr:j-3QHXGMRF1PYYU:s-0337770296SCY13BSFRI,aws,IN,,
100,io-heavy,c5.xlarge,4,1.3731,0.015562,ap-south-1,aws-emr:j-1URH06545TZIU:s-01076172J66F02BNR5XR,aws,IN,,
100,io-heavy,m5.xlarge,2,1.273233,0.008149,ap-south-1,aws-emr:j-OZ1OUQHLPH0E:s-09797222X8VNWHY73X2D,aws,IN,,
500,memory-heavy,c5.xlarge,4,1.573517,0.017833,ap-south-1,aws-emr:j-1O3WYUU8WJXL0:s-09088351JOAISAZ1ONX9,aws,IN,,
500,cpu-heavy,m5.xlarge,2,1.740867,0.011142,ap-south-1,aws-emr:j-2WPZKCQ4ZKVHQ:s-03407512154LIDXNZCVA,aws,IN,,
500,io-heavy,c5.xlarge,4,1.939917,0.021986,ap-south-1,aws-emr:j-55412S6HYB9H:s-086917133C1TJUMPPRZK,aws,IN,,
1024,memory-heavy,c5.xlarge,4,1.7729,0.020093,ap-south-1,aws-emr:j-23YY6K9WT4MGJ:s-03465641526S128HSNZ8,aws,IN,,
500,memory-heavy,m5.xlarge,2,1.444483,0.009245,ap-south-1,aws-emr:j-1JWIVL5NIMWYL:s-03413481L61GGZO7EN7N,aws,IN,,
1024,io-heavy,c5.xlarge,4,1.905033,0.02159,ap-south-1,aws-emr:j-HEWQ218CR5KA:s-01552952Y4WSY8BY119F,aws,IN,,
500,io-heavy,m5.xlarge,2,1.581183,0.01012,ap-south-1,aws-emr:j-1379CMSEQ1PZV:s-0741587V3BBVPFSB5T7,aws,IN,,
1024,cpu-heavy,m5.xlarge,2,1.840917,0.011782,ap-south-1,aws-emr:j-2K0NC3NBZ7E6X:s-06929661WCN18DZ8MHNY,aws,IN,,
5120,memory-heavy,c5.xlarge,4,3.7067,0.042009,ap-south-1,aws-emr:j-WFU8CLK0NAKE:s-0437543VVI1XVDAU03G,aws,IN,,
5120,io-heavy,c5.xlarge,4,4.4067,0.049943,ap-south-1,aws-emr:j-8V24CZO249OF:s-067179523HBEEFMRAS17,aws,IN,,
1024,memory-heavy,m5.xlarge,2,2.078667,0.013303,ap-south-1,aws-emr:j-3PBST7TDSHZX1:s-09036273PXY7ZX38SWBQ,aws,IN,,
1024,io-heavy,m5.xlarge,2,2.139683,0.013694,ap-south-1,aws-emr:j-2FR6AK0DNX4J9:s-10051412BWRDQISY3225,aws,IN,,
5120,cpu-heavy,m5.xlarge,2,5.639367,0.036092,ap-south-1,aws-emr:j-1KJUXUR88AC33:s-05296423UXPO5GNMK6ZT,aws,IN,,
5120,memory-heavy,m5.xlarge,2,5.606117,0.035879,ap-south-1,aws-emr:j-1TFQOI9G8N1YK:s-021344327MJ3NEDOSSSH,aws,IN,,
5120,io-heavy,m5.xlarge,2,7.306567,0.046762,ap-south-1,aws-emr:j-3BN8PKA3N6Q9K:s-10264893G5SGQMLHMJQ2,aws,IN,,
10,cpu-heavy,m6i.xlarge,4,0.905333,0.012192,ap-south-1,aws-emr:j-28TXPPF1E74M7:s-04665772R7UTPBRDROFW,aws,IN,,
10,cpu-heavy,c6i.xlarge,4,1.205617,0.015432,ap-south-1,aws-emr:j-1BVCS3WGKRX50:s-03958163K2P4JU4VFWPH,aws,IN,,
10,memory-heavy,c6i.xlarge,4,1.238483,0.015853,ap-south-1,aws-emr:j-1RY671IVRNJ7J:s-01780475JZI2LKJQ5V,aws,IN,,
10,memory-heavy,m6i.xlarge,4,0.8726,0.011751,ap-south-1,aws-emr:j-1GXS0EF6K6ZGK:s-06604342YR6ZPG83X2O0,aws,IN,,
10,io-heavy,c6i.xlarge,4,1.171633,0.014997,ap-south-1,aws-emr:j-1WFAUHVWZWO45:s-08718221TW56TDH9GNUL,aws,IN,,
10,io-heavy,m6i.xlarge,4,0.872433,0.011749,ap-south-1,aws-emr:j-15QM2IRSZO92N:s-02421211LZ6SKHXRM3H7,aws,IN,,
100,cpu-heavy,c6i.xlarge,4,1.171967,0.015001,ap-south-1,aws-emr:j-10WYR7L76KWOP:s-03312932MGMMV596GE68,aws,IN,,
100,cpu-heavy,m6i.xlarge,4,0.872167,0.011745,ap-south-1,aws-emr:j-2VA5SZG3HCPZ5:s-079820438BAXDSD6B054,aws,IN,,
100,memory-heavy,m6i.xlarge,4,0.9724,0.013095,ap-south-1,aws-emr:j-M0KJKWX0A67L:s-0714668XBUXVIXZTRP4,aws,IN,,
100,memory-heavy,c6i.xlarge,4,1.204533,0.015418,ap-south-1,aws-emr:j-3UME90MOWPCRN:s-01777952AYIYC5FFCSJT,aws,IN,,
100,io-heavy,c6i.xlarge,4,1.338683,0.017135,ap-south-1,aws-emr:j-3MUF26RESDQ1Y:s-04621941VYQJOQ7B03LP,aws,IN,,
100,io-heavy,m6i.xlarge,4,1.005367,0.013539,ap-south-1,aws-emr:j-2BS598RWB9W37:s-08659022UGD7N1VPBBLP,aws,IN,,
500,cpu-heavy,c6i.xlarge,4,1.337733,0.017123,ap-south-1,aws-emr:j-13CNBJV2J6KSF:s-094544726FBHGPU0HWD9,aws,IN,,
500,cpu-heavy,m6i.xlarge,4,1.109167,0.014937,ap-south-1,aws-emr:j-1GRVNN23TX4BT:s-03410902VHSUTLLMU6TZ,aws,IN,,
500,memory-heavy,c6i.xlarge,4,1.373033,0.017575,ap-south-1,aws-emr:j-1NWMKU7YGAB3L:s-0706648P2B6DDM2BCYW,aws,IN,,
500,memory-heavy,m6i.xlarge,4,1.138367,0.01533,ap-south-1,aws-emr:j-35HAFBP3W4C6:s-06084632LNGIS0DUGDE,aws,IN,,
500,io-heavy,c6i.xlarge,4,1.471733,0.018838,ap-south-1,aws-emr:j-F4ADBDTC2040:s-034178835UR248JICVRJ,aws,IN,,
500,io-heavy,m6i.xlarge,4,1.23905,0.016686,ap-south-1,aws-emr:j-54HB8M0N1EAW:s-085513236NMGEYT4X7L,aws,IN,,
1024,cpu-heavy,c6i.xlarge,4,1.605717,0.020553,ap-south-1,aws-emr:j-2XW33FC3C9FJR:s-0342654V321VQTB0OOP,aws,IN,,
1024,cpu-heavy,m6i.xlarge,4,1.30595,0.017587,ap-south-1,aws-emr:j-QTXY7QHPF2X:s-0341131165YO3O68QLL0,aws,IN,,
1024,memory-heavy,c6i.xlarge,4,1.604767,0.020541,ap-south-1,aws-emr:j-7JS8XGJS37R2:s-0331549HB1T4BJLYDTR,aws,IN,,
1024,memory-heavy,m6i.xlarge,4,1.605167,0.021616,ap-south-1,aws-emr:j-10PJ1DUPFTIDM:s-05493201OGZDGTYDCZ2Y,aws,IN,,
1024,io-heavy,c6i.xlarge,4,2.07195,0.026521,ap-south-1,aws-emr:j-U8517PCIPDUU:s-0332024AEWYM0JH0PRR,aws,IN,,
1024,io-heavy,m6i.xlarge,4,1.372083,0.018477,ap-south-1,aws-emr:j-2VOSU99JIV6FZ:s-10052241D2NIEJ5TGNJ1,aws,IN,,
5120,cpu-heavy,c6i.xlarge,4,2.972433,0.038047,ap-south-1,aws-emr:j-3A29C7CUY9STS:s-08099023J1BL6YDWKG7P,aws,IN,,
5120,cpu-heavy,m6i.xlarge,4,2.87215,0.038678,ap-south-1,aws-emr:j-212WFN27ICABY:s-08587252LMFMVX1REG6Q,aws,IN,,
5120,memory-heavy,c6i.xlarge,4,3.439017,0.044019,ap-south-1,aws-emr:j-1EYTBR104ZKUR:s-06764001FT3BRU3TVATW,aws,IN,,
5120,memory-heavy,m6i.xlarge,4,2.639117,0.03554,ap-south-1,aws-emr:j-27S987PE903O1:s-088169539CBORMOZMB1N,aws,IN,,
5120,io-heavy,c6i.xlarge,4,3.806517,0.048723,ap-south-1,aws-emr:j-3TWC00QUZ6494:s-03364911BU9VCW1R4Z45,aws,IN,,
5120,io-heavy,m6i.xlarge,4,3.273283,0.04408,ap-south-1,aws-emr:j-1931SHKVISBE0:s-0461248R5AWWUE5KKJ1,aws,IN,,
10,cpu-heavy,m6i.xlarge,2,0.739183,0.004977,ap-south-1,aws-emr:j-M8W77KLZ0PV:s-0466218B7JJLELWWKE6,aws,IN,,
10,memory-heavy,m6i.xlarge,2,0.771333,0.005194,ap-south-1,aws-emr:j-OJ390JHHD6L:s-00372381F5R5X8WYNO84,aws,IN,,
10,io-heavy,m6i.xlarge,2,0.9067,0.006105,ap-south-1,aws-emr:j-20VUVR56ICRN2:s-09030833KZXCCLJH3NV5,aws,IN,,
100,cpu-heavy,m6i.xlarge,2,0.80505,0.005421,ap-south-1,aws-emr:j-1N0NVU1RF9A7C:s-100463712OV958R4F9I7,aws,IN,,
100,memory-heavy,m6i.xlarge,2,1.24,0.008349,ap-south-1,aws-emr:j-324XDJ4VVYLTS:s-03415511391SR8LSAOLL,aws,IN,,
100,io-heavy,m6i.xlarge,2,0.8392,0.005651,ap-south-1,aws-emr:j-3C406JONWT0XB:s-09451682P5EL071UTCIP,aws,IN,,
500,cpu-heavy,m6i.xlarge,2,1.037833,0.006988,ap-south-1,aws-emr:j-359TNK78CSGV4:s-02332433U57O7CUPVJ50,aws,IN,,
500,memory-heavy,m6i.xlarge,2,1.13795,0.007662,ap-south-1,aws-emr:j-CKXFK0M9NAMK:s-06829532P6DIENPFD1W4,aws,IN,,
500,io-heavy,m6i.xlarge,2,1.238483,0.008339,ap-south-1,aws-emr:j-153X6GT7EAWY:s-08319123AY3UI25RYGCS,aws,IN,,
1024,cpu-heavy,m6i.xlarge,2,1.405433,0.009463,ap-south-1,aws-emr:j-3SKDV326EOUSW:s-088156814T6BG2K7AXO2,aws,IN,,
1024,memory-heavy,m6i.xlarge,2,1.572583,0.010589,ap-south-1,aws-emr:j-6G8IBZ6NIH2F:s-03314606ZLLOF9PARC8,aws,IN,,
1024,io-heavy,m6i.xlarge,2,1.639067,0.011036,ap-south-1,aws-emr:j-1UV5X2XAK7EOR:s-0340500285B9DBXOI6PJ,aws,IN,,
5120,cpu-heavy,m6i.xlarge,2,4.606083,0.031014,ap-south-1,aws-emr:j-9RLJSBL033YJ:s-0241686R3WWASZXDSTR,aws,IN,,
5120,memory-heavy,m6i.xlarge,2,4.50715,0.030348,ap-south-1,aws-emr:j-34JX7LD1NNFLS:s-04852441CZ48FVQP7GL2,aws,IN,,
5120,io-heavy,m6i.xlarge,2,5.34055,0.03596,ap-south-1,aws-emr:j-IYSJUR34DATE:s-0342966TKYF9SV992CJ,aws,IN,,
10,cpu-heavy,m5.xlarge,4,1.10875,0.014192,ap-southeast-1,aws-emr:ap-southeast-1:j-13T0VGD6E28VP:s-0904400PU92LZ38POAE,aws,SG,,
10,memory-heavy,m5.xlarge,4,1.207217,0.015452,ap-southeast-1,aws-emr:ap-southeast-1:j-1XFEDY4JUNTBL:s-04170143GTP8EE6MRS65,aws,SG,,
10,io-heavy,m5.xlarge,4,1.172717,0.015011,ap-southeast-1,aws-emr:ap-southeast-1:j-1ATED4WJTAWYN:s-01338815NW9LISEIG2W,aws,SG,,
100,cpu-heavy,m5.xlarge,4,1.14045,0.014598,ap-southeast-1,aws-emr:ap-southeast-1:j-SS06XXSHQSVF:s-09323592GPNR2PTKS4R3,aws,SG,,
100,memory-heavy,m5.xlarge,4,1.243,0.01591,ap-southeast-1,aws-emr:ap-southeast-1:j-2DIH1PAZRD5XC:s-03905123OOEHHU3ANML3,aws,SG,,
100,io-heavy,m5.xlarge,4,1.2725,0.016288,ap-southeast-1,aws-emr:ap-southeast-1:j-99HLQKJWQUX:s-03319671MFWM8TL4J5IS,aws,SG,,
500,cpu-heavy,m5.xlarge,4,1.407567,0.018017,ap-southeast-1,aws-emr:ap-southeast-1:j-NYNMFX1R2Z6S:s-06781042W1EFJYLNA6CR,aws,SG,,
500,memory-heavy,m5.xlarge,4,1.407033,0.01801,ap-southeast-1,aws-emr:ap-southeast-1:j-NP059ADARKSX:s-090329237V7X74WD40AE,aws,SG,,
500,io-heavy,m5.xlarge,4,1.5397,0.019708,ap-southeast-1,aws-emr:ap-southeast-1:j-WP0Y76CCDPL6:s-0390583GFGM0X1SDAUC,aws,SG,,
1024,cpu-heavy,m5.xlarge,4,1.539483,0.019705,ap-southeast-1,aws-emr:ap-southeast-1:j-3PU85BWYDON5R:s-065945324NTHD8M4Y3U8,aws,SG,,
1024,memory-heavy,m5.xlarge,4,1.641,0.021005,ap-southeast-1,aws-emr:ap-southeast-1:j-17KXYYGEFVDCM:s-0702890156X1M0FBELN4,aws,SG,,
1024,io-heavy,m5.xlarge,4,1.838933,0.023538,ap-southeast-1,aws-emr:ap-southeast-1:j-IZAN6YYUFRZ4:s-014973812TITTTNZ03K7,aws,SG,,
5120,cpu-heavy,m5.xlarge,4,3.1407,0.040201,ap-southeast-1,aws-emr:ap-southeast-1:j-2WXJRJGW6QHL6:s-00003461JB4IE8DHV7SP,aws,SG,,
5120,memory-heavy,m5.xlarge,4,3.440933,0.044044,ap-southeast-1,aws-emr:ap-southeast-1:j-202H6PGEWUYW4:s-06857021EDQHNTTRH1KE,aws,SG,,
5120,io-heavy,m5.xlarge,4,4.141033,0.053005,ap-southeast-1,aws-emr:ap-southeast-1:j-1WRQMTK1ZT151:s-03809033VTJAF366R6F4,aws,SG,,
10,cpu-heavy,c6i.xlarge,4,1.311717,0.01679,ap-southeast-1,aws-emr:ap-southeast-1:j-3UPFUWR8X25XM:s-09295101Y9UXIZOLZUDO,aws,SG,,
10,memory-heavy,c6i.xlarge,4,1.239433,0.015865,ap-southeast-1,aws-emr:ap-southeast-1:j-3AZAIBMGN9K17:s-0296958R22TVBIKI55D,aws,SG,,
10,io-heavy,c6i.xlarge,4,1.872133,0.023963,ap-southeast-1,aws-emr:ap-southeast-1:j-2TI072KW1J57D:s-09026342OFJGIHHC115M,aws,SG,,
100,cpu-heavy,c6i.xlarge,4,1.404433,0.017977,ap-southeast-1,aws-emr:ap-southeast-1:j-LW3QD78LIXDN:s-017412822HWLS6D5FFJF,aws,SG,,
100,memory-heavy,c6i.xlarge,4,1.272017,0.016282,ap-southeast-1,aws-emr:ap-southeast-1:j-1O2PF3J253BIP:s-06432561VYZUHWELGIHU,aws,SG,,
100,io-heavy,c6i.xlarge,4,1.339283,0.017143,ap-southeast-1,aws-emr:ap-southeast-1:j-3U4P5V3EMZDCC:s-09034847G2W31WXH5W,aws,SG,,
500,cpu-heavy,c6i.xlarge,4,1.505417,0.019269,ap-southeast-1,aws-emr:ap-southeast-1:j-36NYDSMZAZEYM:s-01917642JNDAYHS37HFM,aws,SG,,
500,memory-heavy,c6i.xlarge,4,1.472967,0.018854,ap-southeast-1,aws-emr:ap-southeast-1:j-2DY40HTICNJJQ:s-019177416PQEG8JPDSWA,aws,SG,,
500,io-heavy,c6i.xlarge,4,1.570967,0.020108,ap-southeast-1,aws-emr:ap-southeast-1:j-2GLYSKQKJYJW3:s-03441263Q9D9PTPMFF45,aws,SG,,
1024,cpu-heavy,c6i.xlarge,4,1.6393,0.020983,ap-southeast-1,aws-emr:ap-southeast-1:j-20YMRD3ZCKYST:s-04213212C45NODBGQ8FW,aws,SG,,
1024,memory-heavy,c6i.xlarge,4,1.638483,0.020973,ap-southeast-1,aws-emr:ap-southeast-1:j-3SGZN4I5XVQ77:s-09071823QU5YJ6J6LC9G,aws,SG,,
1024,io-heavy,c6i.xlarge,4,1.839633,0.023547,ap-southeast-1,aws-emr:ap-southeast-1:j-15HTLSAW4B58R:s-09082023F6JMY9NZZBIQ,aws,SG,,
5120,cpu-heavy,c6i.xlarge,4,3.105767,0.039754,ap-southeast-1,aws-emr:ap-southeast-1:j-3MHAMSXQ55EVV:s-06846631YZB50RTKZ8II,aws,SG,,
5120,memory-heavy,c6i.xlarge,4,3.4411,0.044046,ap-southeast-1,aws-emr:ap-southeast-1:j-1JQHR06JWXO1B:s-01427721C3S9F4EFYK83,aws,SG,,
5120,io-heavy,c6i.xlarge,4,4.00505,0.051265,ap-southeast-1,aws-emr:ap-southeast-1:j-39HRB75TPJKR1:s-01730961X8DNHPOATRKW,aws,SG,,
10,cpu-heavy,c5.xlarge,4,1.306117,0.014803,ap-southeast-1,aws-emr:ap-southeast-1:j-3OJR03LE1QNLL:s-0134535197ZNCE4RI02M,aws,SG,,
10,cpu-heavy,m5.xlarge,2,0.93915,0.006011,ap-southeast-1,aws-emr:ap-southeast-1:j-3J5FB7GDK3K5U:s-05243491717PSF7J9H66,aws,SG,,
10,memory-heavy,m5.xlarge,2,1.007233,0.006446,ap-southeast-1,aws-emr:ap-southeast-1:j-A432EJX3OOSG:s-03789031QW2BNCKQDLPN,aws,SG,,
10,io-heavy,m5.xlarge,2,1.073083,0.006868,ap-southeast-1,aws-emr:ap-southeast-1:j-2OZIA0D7K5FFA:s-01715091FANS5C8K2VO,aws,SG,,
100,io-heavy,c5.xlarge,4,1.47285,0.016692,ap-southeast-1,aws-emr:ap-southeast-1:j-3RT4LNWR3MCF0:s-01392122EEY6H2TA0WI8,aws,SG,,
500,cpu-heavy,c5.xlarge,4,1.539667,0.01745,ap-southeast-1,aws-emr:ap-southeast-1:j-Q1QBVIS1AH0F:s-05327202YIBGNYHVLKS5,aws,SG,,
500,memory-heavy,c5.xlarge,4,1.5413,0.017468,ap-southeast-1,aws-emr:ap-southeast-1:j-38GYEGP9M6SV4:s-04009682GSTIYTI25X41,aws,SG,,
500,io-heavy,c5.xlarge,4,1.706367,0.019339,ap-southeast-1,aws-emr:ap-southeast-1:j-VG7WFKP82GOV:s-03796243FA19DPZ18L24,aws,SG,,
1024,cpu-heavy,c5.xlarge,4,1.741583,0.019738,ap-southeast-1,aws-emr:ap-southeast-1:j-11ZQR9PSK9MMB:s-03802393IMN8PDRAKPQQ,aws,SG,,
500,io-heavy,m5.xlarge,2,1.672117,0.010702,ap-southeast-1,aws-emr:ap-southeast-1:j-3J6HNQJ54FQ2F:s-090919026Y7ME0ATCH5M,aws,SG,,
1024,memory-heavy,c5.xlarge,4,1.8729,0.021226,ap-southeast-1,aws-emr:ap-southeast-1:j-2TGIS6RNL2FI7:s-03787432VJ7PZH5APVSE,aws,SG,,
1024,memory-heavy,m5.xlarge,2,1.973417,0.01263,ap-southeast-1,aws-emr:ap-southeast-1:j-G96T49MWQA3E:s-0122955P33IIS0TWNFC,aws,SG,,
1024,io-heavy,m5.xlarge,2,2.6387,0.016888,ap-southeast-1,aws-emr:ap-southeast-1:j-3N4XUPUFMQ4SX:s-03781821TQ18FJ8ES1VB,aws,SG,,
5120,cpu-heavy,m5.xlarge,2,5.706433,0.036521,ap-southeast-1,aws-emr:ap-southeast-1:j-TT3EX05GATGL:s-014277533329C208ACK7,aws,SG,,
5120,memory-heavy,m5.xlarge,2,5.806033,0.037159,ap-southeast-1,aws-emr:ap-southeast-1:j-2RWWAH5GJ4ZT7:s-090698524CC6JTUN4YL8,aws,SG,,
5120,io-heavy,m5.xlarge,2,7.3733,0.047189,ap-southeast-1,aws-emr:ap-southeast-1:j-ECT3LW8711IK:s-09029175I8W592B7E3C,aws,SG,,
10,cpu-heavy,m5a.xlarge,4,1.34365,0.019349,ap-southeast-1,aws-emr:ap-southeast-1:j-2ZQF0AQGH2OPV:s-09089691EGKKNQ9GPMWL,aws,SG,,
10,memory-heavy,m5a.xlarge,4,1.474783,0.021237,ap-southeast-1,aws-emr:ap-southeast-1:j-AJJC5S6CCL8S:s-03795421CZXBAJU64N80,aws,SG,,
10,io-heavy,m5a.xlarge,4,1.642733,0.023655,ap-southeast-1,aws-emr:ap-southeast-1:j-1J9MY2MPTO12:s-0389156T9CGFWYHLDNS,aws,SG,,
100,cpu-heavy,m5a.xlarge,4,1.44145,0.020757,ap-southeast-1,aws-emr:ap-southeast-1:j-76MK9MYOU81R:s-0679642E07560GP5CXX,aws,SG,,
100,memory-heavy,m5a.xlarge,4,1.57655,0.022702,ap-southeast-1,aws-emr:ap-southeast-1:j-1OKKKBCX1SZYS:s-0902233D9452S6FR7OI,aws,SG,,
100,io-heavy,m5a.xlarge,4,1.741517,0.025078,ap-southeast-1,aws-emr:ap-southeast-1:j-2YQOCW5Y7OUGC:s-0928434PFMX8TDLLCGB,aws,SG,,
500,cpu-heavy,m5a.xlarge,4,1.742133,0.025087,ap-southeast-1,aws-emr:ap-southeast-1:j-23QFFDHEF1VDW:s-0676693NQWYDX05U0WG,aws,SG,,
500,memory-heavy,m5a.xlarge,4,1.74215,0.025087,ap-southeast-1,aws-emr:ap-southeast-1:j-2V4A2ADMXL8EE:s-03785611GKSIGR5NNM1X,aws,SG,,
500,io-heavy,m5a.xlarge,4,2.143583,0.030868,ap-southeast-1,aws-emr:ap-southeast-1:j-2EREKCSIR7FV8:s-037809728PEOP9P854UX,aws,SG,,
1024,cpu-heavy,m5a.xlarge,4,1.9082,0.027478,ap-southeast-1,aws-emr:ap-southeast-1:j-2C4D40M447POA:s-03791583IMO4NTLXYWI6,aws,SG,,
1024,memory-heavy,m5a.xlarge,4,2.308617,0.033244,ap-southeast-1,aws-emr:ap-southeast-1:j-KB2YBOJASK5L:s-06803102UCR32ANY4PUU,aws,SG,,
1024,io-heavy,m5a.xlarge,4,2.308267,0.033239,ap-southeast-1,aws-emr:ap-southeast-1:j-X11M0NTW7RT2:s-0906736VOKYYF0GWJFB,aws,SG,,
5120,cpu-heavy,m5a.xlarge,4,4.10965,0.059179,ap-southeast-1,aws-emr:ap-southeast-1:j-F2CI0DY8CAQG:s-06735133EFJCGENTG20U,aws,SG,,
5120,memory-heavy,m5a.xlarge,4,4.410483,0.063511,ap-southeast-1,aws-emr:ap-southeast-1:j-35WUQCWDZOWBR:s-05279302VPW10CX5D5B1,aws,SG,,
5120,memory-heavy,m5a.xlarge,4,4.3492,0.062628,ap-southeast-1,aws-emr:ap-southeast-1:j-3DX7W8JQXM8EZ:s-017613127TRK27GVAQKK,aws,SG,,
5120,io-heavy,m5a.xlarge,4,5.279717,0.076028,ap-southeast-1,aws-emr:ap-southeast-1:j-2KWAOQXCWL3RA:s-0379047VJNC1F430DEK,aws,SG,,
5120,io-heavy,m5a.xlarge,4,5.14175,0.074041,ap-southeast-1,aws-emr:ap-southeast-1:j-OLGHOUBIV5AG:s-0901332JBIZRU61AAEB,aws,SG,,
10,cpu-heavy,m6i.xlarge,4,0.871983,0.013952,ap-southeast-1,aws-emr:ap-southeast-1:j-D3PAWPSAXAEG:s-026437235M0UMG49ZW5V,aws,SG,,
10,memory-heavy,m6i.xlarge,4,0.971867,0.01555,ap-southeast-1,aws-emr:ap-southeast-1:j-2XZOW6PQLNNH9:s-0664442136LRKUR1NBW,aws,SG,,
10,io-heavy,m6i.xlarge,4,1.00505,0.016081,ap-southeast-1,aws-emr:ap-southeast-1:j-2SXUEN29WONV0:s-0134492176Q90ZDTRQYK,aws,SG,,
100,cpu-heavy,m6i.xlarge,4,0.9391,0.015026,ap-southeast-1,aws-emr:ap-southeast-1:j-3PR47PGLZ2OIT:s-01734721RE1BE3NH0405,aws,SG,,
100,memory-heavy,m6i.xlarge,4,1.437983,0.023008,ap-southeast-1,aws-emr:ap-southeast-1:j-ZCVG9GZX8KMH:s-06989921F99TRIDPYBNA,aws,SG,,
100,io-heavy,m6i.xlarge,4,1.0719,0.01715,ap-southeast-1,aws-emr:ap-southeast-1:j-12HUYEYB249HH:s-01741122J12DQ60Y5TQO,aws,SG,,
10,cpu-heavy,c5a.xlarge,4,1.2733,0.01494,ap-southeast-1,aws-emr:ap-southeast-1:j-1FSCH328776GQ:s-0664422BOLT411MPT42,aws,SG,,
500,cpu-heavy,m6i.xlarge,4,1.072017,0.017152,ap-southeast-1,aws-emr:ap-southeast-1:j-1TXROVRS3X5MY:s-066666238FHE7EYGE83E,aws,SG,,
10,memory-heavy,c5a.xlarge,4,1.2723,0.014928,ap-southeast-1,aws-emr:ap-southeast-1:j-ELZY5TX39N5G:s-01411956QFR457TIW7W,aws,SG,,
500,memory-heavy,m6i.xlarge,4,1.104983,0.01768,ap-southeast-1,aws-emr:ap-southeast-1:j-GKRM5ZP8JK17:s-0674808M8710OKWDQ00,aws,SG,,
10,io-heavy,c5a.xlarge,4,1.339117,0.015712,ap-southeast-1,aws-emr:ap-southeast-1:j-CC2TFKOCWXMN:s-0379936QKIO5FJZO95Q,aws,SG,,
500,io-heavy,m6i.xlarge,4,1.2391,0.019826,ap-southeast-1,aws-emr:ap-southeast-1:j-2AZ15KLTGZZAS:s-03771243LL74PQQKVU6H,aws,SG,,
100,cpu-heavy,c5a.xlarge,4,1.308833,0.015357,ap-southeast-1,aws-emr:ap-southeast-1:j-20OL0OYWW52HX:s-0172647PWLKJL8BI9GP,aws,SG,,
1024,cpu-heavy,m6i.xlarge,4,1.2051,0.019282,ap-southeast-1,aws-emr:ap-southeast-1:j-YE5W6ZKYTS3Z:s-037902911BN767OWXAS7,aws,SG,,
100,memory-heavy,c5a.xlarge,4,1.339233,0.015714,ap-southeast-1,aws-emr:ap-southeast-1:j-1OQD6KCO7YNZM:s-0907915Y0BPFKQ2VZWC,aws,SG,,
1024,memory-heavy,m6i.xlarge,4,1.24005,0.019841,ap-southeast-1,aws-emr:ap-southeast-1:j-TQEI7VPMN1L2:s-01249411XT3OHCR02KE,aws,SG,,
100,io-heavy,c5a.xlarge,4,1.406083,0.016498,ap-southeast-1,aws-emr:ap-southeast-1:j-3EYPLDSYKAAP3:s-06714392QDZ6ASB7V4BX,aws,SG,,
1024,io-heavy,m6i.xlarge,4,1.4724,0.023558,ap-southeast-1,aws-emr:ap-southeast-1:j-1PI9WKQFASKC5:s-06795092W2JOAM6MGUXK,aws,SG,,
500,cpu-heavy,c5a.xlarge,4,1.439383,0.016889,ap-southeast-1,aws-emr:ap-southeast-1:j-25MXYHM2Y15G8:s-03792393UTCHRTYS2QCX,aws,SG,,
500,memory-heavy,c5a.xlarge,4,1.472433,0.017277,ap-southeast-1,aws-emr:ap-southeast-1:j-YBDS9M58I9MY:s-01426701GSYWUU5ZWA0M,aws,SG,,
5120,cpu-heavy,m6i.xlarge,4,2.60545,0.041687,ap-southeast-1,aws-emr:ap-southeast-1:j-3AXB9X0W1VBCD:s-03800773SC47AI1TETDU,aws,SG,,
500,io-heavy,c5a.xlarge,4,1.672117,0.01962,ap-southeast-1,aws-emr:ap-southeast-1:j-LSADYKG2BHJU:s-03777343F44W0KNNGTZ5,aws,SG,,
5120,memory-heavy,m6i.xlarge,4,2.672,0.042752,ap-southeast-1,aws-emr:ap-southeast-1:j-3KGSK898R2H8F:s-03849102S6K810XWL5G9,aws,SG,,
1024,cpu-heavy,c5a.xlarge,4,1.638633,0.019227,ap-southeast-1,aws-emr:ap-southeast-1:j-1TFFR8PY2ZV7I:s-09065773JFFIV6KPT20B,aws,SG,,
5120,io-heavy,m6i.xlarge,4,3.272033,0.052353,ap-southeast-1,aws-emr:ap-southeast-1:j-1O2POO3JIGUY2:s-03788862DWVBLC4PEJ21,aws,SG,,
1024,memory-heavy,c5a.xlarge,4,1.706183,0.020019,ap-southeast-1,aws-emr:ap-southeast-1:j-3JA6W1OFXOLNR:s-01712052VB6RULLK49CX,aws,SG,,
1024,io-heavy,c5a.xlarge,4,1.973067,0.023151,ap-southeast-1,aws-emr:ap-southeast-1:j-17H6Q3OP5PKPH:s-03137119OX0RLWJIPX,aws,SG,,
5120,cpu-heavy,c5a.xlarge,4,3.405317,0.039956,ap-southeast-1,aws-emr:ap-southeast-1:j-QEFBCQ57PHS6:s-06444883N1S1GII3AJGZ,aws,SG,,
10,cpu-heavy,m6i.xlarge,2,0.7399,0.005919,ap-southeast-1,aws-emr:ap-southeast-1:j-2VCGIC9G3B6AR:s-03794041JXOQ6EXYN0VZ,aws,SG,,
5120,memory-heavy,c5a.xlarge,4,3.53835,0.041517,ap-southeast-1,aws-emr:ap-southeast-1:j-1ED4R95IOMPK3:s-0383409NWNKCTZ913NY,aws,SG,,
10,memory-heavy,m6i.xlarge,2,0.771983,0.006176,ap-southeast-1,aws-emr:ap-southeast-1:j-3B0V6HRTT1875:s-09201401TEDMTKIYF2SU,aws,SG,,
5120,io-heavy,c5a.xlarge,4,4.34,0.050923,ap-southeast-1,aws-emr:ap-southeast-1:j-QULQW999BCPP:s-0129957R7GZLRFPSLL3,aws,SG,,
10,io-heavy,m6i.xlarge,2,0.90535,0.007243,ap-southeast-1,aws-emr:ap-southeast-1:j-IM21ETJBG4GO:s-06672002TJGNRNVVH42Y,aws,SG,,
100,cpu-heavy,m6i.xlarge,2,0.838483,0.006708,ap-southeast-1,aws-emr:ap-southeast-1:j-24KSWQSCKCWNF:s-0379460K4ON7D4BHUFV,aws,SG,,
100,memory-heavy,m6i.xlarge,2,0.83825,0.006706,ap-southeast-1,aws-emr:ap-southeast-1:j-36MGH13KB9LAD:s-090876713BZH65FIV4ZH,aws,SG,,
100,io-heavy,m6i.xlarge,2,0.9718,0.007774,ap-southeast-1,aws-emr:ap-southeast-1:j-2VMCU5T2HYDID:s-037978135BJDH8IWRC5Z,aws,SG,,
500,cpu-heavy,m6i.xlarge,2,1.072767,0.008582,ap-southeast-1,aws-emr:ap-southeast-1:j-3EB7DAMD244BU:s-070153514UAYDQE6AZLP,aws,SG,,
500,memory-heavy,m6i.xlarge,2,1.1721,0.009377,ap-southeast-1,aws-emr:ap-southeast-1:j-23R689URBUAF6:s-04259541JT3KWI231DVC,aws,SG,,
500,io-heavy,m6i.xlarge,2,1.339033,0.010712,ap-southeast-1,aws-emr:ap-southeast-1:j-1Z5Z0W8BLF1FW:s-01753151MA58JT3QF4YC,aws,SG,,
1024,cpu-heavy,m6i.xlarge,2,1.539,0.012312,ap-southeast-1,aws-emr:ap-southeast-1:j-Q61TJ0GG3ZS3:s-0130928FZ5EIHJOB8KH,aws,SG,,
1024,memory-heavy,m6i.xlarge,2,1.57155,0.012572,ap-southeast-1,aws-emr:ap-southeast-1:j-38WR114IT9IAM:s-06916673K53ZPRWIMGUN,aws,SG,,
1024,io-heavy,m6i.xlarge,2,1.871833,0.014975,ap-southeast-1,aws-emr:ap-southeast-1:j-2N7HHNOAZNXFG:s-0012704SMCLC6LF9ES8,aws,SG,,
5120,cpu-heavy,m6i.xlarge,2,4.7068,0.037654,ap-southeast-1,aws-emr:ap-southeast-1:j-S84HSJ5M5S57:s-04004813M7A1YL3NFNMM,aws,SG,,
5120,memory-heavy,m6i.xlarge,2,4.7057,0.037646,ap-southeast-1,aws-emr:ap-southeast-1:j-2CCM7OEAG5P8B:s-03780162IHQHAWCC40G,aws,SG,,
5120,io-heavy,m6i.xlarge,2,5.805367,0.046443,ap-southeast-1,aws-emr:ap-southeast-1:j-2E3E6QKEJZ9MX:s-015061435R0WCERQAAZP,aws,SG,,
10,cpu-heavy,c6i.xlarge,4,1.139333,0.014583,ap-south-1,aws-emr:j-1Q1M6OCH29IS4:s-1011385CR5TGL0ZQHMU,aws,IN,,
10,memory-heavy,c6i.xlarge,4,1.205217,0.015427,ap-south-1,aws-emr:j-2UNGI4D862Y6A:s-07204323QJ3PSCMZ84AE,aws,IN,,
10,io-heavy,c6i.xlarge,4,1.20545,0.01543,ap-south-1,aws-emr:j-26JZW7GHOCA7R:s-0351133IO035TWTV27Z,aws,IN,,
100,cpu-heavy,c6i.xlarge,4,1.171433,0.014994,ap-south-1,aws-emr:j-KORSX9XH20BT:s-060487119HDZW83DLNO9,aws,IN,,
100,memory-heavy,c6i.xlarge,4,1.2397,0.015868,ap-south-1,aws-emr:j-QH0L9623FVG3:s-038215221A6W9B3OHD1W,aws,IN,,
100,io-heavy,c6i.xlarge,4,1.3055,0.01671,ap-south-1,aws-emr:j-1UOFBYUGT87U3:s-0122496YXS82SHG6WRD,aws,IN,,
500,cpu-heavy,c6i.xlarge,4,1.605183,0.020546,ap-south-1,aws-emr:j-20MHSM9T17GSS:s-0908949319YX93MD8KGD,aws,IN,,
500,memory-heavy,c6i.xlarge,4,1.773533,0.022701,ap-south-1,aws-emr:j-3M0WPAOGRVWOS:s-07952601O8XQFMR791WF,aws,IN,,
500,io-heavy,c6i.xlarge,4,1.47215,0.018844,ap-south-1,aws-emr:j-3ARTWL2TYB6IM:s-09490403Q1OLDKCMYXD3,aws,IN,,
1024,cpu-heavy,c6i.xlarge,4,1.5392,0.019702,ap-south-1,aws-emr:j-P451D89RKO1P:s-08911272CFNWEXEFH38H,aws,IN,,
1024,memory-heavy,c6i.xlarge,4,1.572117,0.020123,ap-south-1,aws-emr:j-304RAC8JVKEAX:s-09099543SW13AQXJSHT8,aws,IN,,
1024,io-heavy,c6i.xlarge,4,1.73895,0.022259,ap-south-1,aws-emr:j-22K5AB3UTMXWO:s-07219957R1XCO5UXIRA,aws,IN,,
5120,cpu-heavy,c6i.xlarge,4,2.90605,0.037197,ap-south-1,aws-emr:j-IIFGZ2G82BGE:s-0512981P99Z6W23CGFH,aws,IN,,
5120,memory-heavy,c6i.xlarge,4,3.073067,0.039335,ap-south-1,aws-emr:j-25D3CVBWRS8JB:s-038619530IFUE0PN8C8Z,aws,IN,,
5120,io-heavy,c6i.xlarge,4,3.7719,0.04828,ap-south-1,aws-emr:j-3JR01XCM4VPF0:s-07811463I1FB1008RJ3Z,aws,IN,,
10,cpu-heavy,c5a.xlarge,2,0.772,0.004529,ap-southeast-1,aws-emr:ap-southeast-1:j-37PYH70J4409A:s-01767401T1HL3OZVQRFT,aws,SG,,
10,memory-heavy,c5a.xlarge,2,0.805267,0.004724,ap-southeast-1,aws-emr:ap-southeast-1:j-2EWUQY55SSUWP:s-07032093KT6U5ZLRW8MS,aws,SG,,
10,io-heavy,c5a.xlarge,2,0.8725,0.005119,ap-southeast-1,aws-emr:ap-southeast-1:j-2FQQOHMSCXKID:s-0383465EFT75VGYA6SD,aws,SG,,
100,cpu-heavy,c5a.xlarge,2,0.8719,0.005115,ap-southeast-1,aws-emr:ap-southeast-1:j-11UC47TBUP0XU:s-09323711YH5RV5D6Y6VK,aws,SG,,
100,memory-heavy,c5a.xlarge,2,1.039167,0.006096,ap-southeast-1,aws-emr:ap-southeast-1:j-307MNROSOMFN7:s-086016939EHWVF6UNAA1,aws,SG,,
10,memory-heavy,c5.xlarge,4,0.973483,0.01272,ap-southeast-1,aws-emr:ap-southeast-1:j-DFEO7HAYHF64:s-01255643S78QB57E7MFL,aws,SG,,
100,io-heavy,c5a.xlarge,2,0.972717,0.005707,ap-southeast-1,aws-emr:ap-southeast-1:j-1UAU7YBYC9ECA:s-013269713TWVIQS1738D,aws,SG,,
10,io-heavy,c5.xlarge,4,0.9719,0.012699,ap-southeast-1,aws-emr:ap-southeast-1:j-37AIODFLJETZU:s-06718791S8CJHYHNW96H,aws,SG,,
500,cpu-heavy,c5a.xlarge,2,1.13855,0.006679,ap-southeast-1,aws-emr:ap-southeast-1:j-1Y943Y1G4T8DA:s-09327491KSS4ITPI397M,aws,SG,,
500,memory-heavy,c5a.xlarge,2,1.2059,0.007075,ap-southeast-1,aws-emr:ap-southeast-1:j-2MFDCHTT8Z94Y:s-038298413ZSPXGRNUV3R,aws,SG,,
100,cpu-heavy,c5.xlarge,4,1.272583,0.016628,ap-southeast-1,aws-emr:ap-southeast-1:j-11UMKFFDM809V:s-03826051T8GOQUOWSR0L,aws,SG,,
500,io-heavy,c5a.xlarge,2,1.405667,0.008247,ap-southeast-1,aws-emr:ap-southeast-1:j-12UHEHR9850BQ:s-04051203L2PERWNPB3MJ,aws,SG,,
100,memory-heavy,c5.xlarge,4,1.139067,0.014884,ap-southeast-1,aws-emr:ap-southeast-1:j-34TC0BFSQAJG7:s-069704736KXBNQMAQ1VE,aws,SG,,
1024,io-heavy,c5.xlarge,4,1.6746,0.021881,ap-southeast-1,aws-emr:ap-southeast-1:j-344CKM4FBYW3G:s-03830283DNMGZGETU9FZ,aws,SG,,
1024,cpu-heavy,c5a.xlarge,2,1.638617,0.009613,ap-southeast-1,aws-emr:ap-southeast-1:j-1FOFXVLM903V0:s-0383503O5F6SJDEVPIS,aws,SG,,
1024,memory-heavy,c5a.xlarge,2,1.672517,0.009812,ap-southeast-1,aws-emr:ap-southeast-1:j-3D4TGGH6OGPFJ:s-09109553RCGDP6878O3S,aws,SG,,
5120,cpu-heavy,c5.xlarge,4,2.439533,0.031877,ap-southeast-1,aws-emr:ap-southeast-1:j-285AYIPQEXOC0:s-06683463SOPK3YZ7VNYZ,aws,SG,,
1024,io-heavy,c5a.xlarge,2,1.9723,0.011571,ap-southeast-1,aws-emr:ap-southeast-1:j-3VYCH6LF0ORM7:s-0163159LGRTL5CDZK4Y,aws,SG,,
5120,memory-heavy,c5.xlarge,4,2.673867,0.034939,ap-southeast-1,aws-emr:ap-southeast-1:j-2LD1JO2827YXT:s-06774162TBAU1J1Z5MHE,aws,SG,,
5120,cpu-heavy,c5a.xlarge,2,5.20605,0.030542,ap-southeast-1,aws-emr:ap-southeast-1:j-988IKF5JTL24:s-09205813C0ZWWQB3Z3DV,aws,SG,,
5120,io-heavy,c5.xlarge,4,3.039683,0.039719,ap-southeast-1,aws-emr:ap-southeast-1:j-2CFOQ47JKOVMI:s-06269843CEMQNIAHJ7BM,aws,SG,,
5120,memory-heavy,c5a.xlarge,2,5.0722,0.029757,ap-southeast-1,aws-emr:ap-southeast-1:j-CB2UPDW8IXL4:s-04041551UYILTMIV422J,aws,SG,,
5120,io-heavy,c5a.xlarge,2,6.3393,0.037191,ap-southeast-1,aws-emr:ap-southeast-1:j-192SBRS57T14E:s-04040362HMFY85ZOMZ7J,aws,SG,,
2048,memory-heavy,m5.xlarge,4,1.939017,0.024819,ap-south-1,aws-emr:j-38XL0G361VG5U:s-094494537WVF6MSSSR4T,aws,IN,,
3072,cpu-heavy,m6i.xlarge,2,3.104533,0.024836,ap-southeast-1,aws-emr:ap-southeast-1:j-JVQ3PBPYLCL9:s-01741453T7KG9LOFWSV6,aws,SG,,
2048,io-heavy,m5.xlarge,4,2.207067,0.02825,ap-south-1,aws-emr:j-38FHRVKN4L0PX:s-07113853NKJXD73OTT6C,aws,IN,,
3072,memory-heavy,m6i.xlarge,2,2.93915,0.023513,ap-southeast-1,aws-emr:ap-southeast-1:j-2DF02OXWLALEI:s-012479335MV2LOQLAHBO,aws,SG,,
3072,cpu-heavy,m5.xlarge,4,2.239117,0.028661,ap-south-1,aws-emr:j-3G5BWAPS5EEWJ:s-06868882YICH8L2OVKGM,aws,IN,,
3072,io-heavy,m6i.xlarge,2,3.7056,0.029645,ap-southeast-1,aws-emr:ap-southeast-1:j-3D8A480SMGQ68:s-06754601L7AMPGLGD8CM,aws,SG,,
3072,memory-heavy,m5.xlarge,4,2.347267,0.030045,ap-south-1,aws-emr:j-1HY6L5Y793MDY:s-08279122TGIX1UE7QM33,aws,IN,,
3072,io-heavy,m5.xlarge,4,2.973017,0.038055,ap-south-1,aws-emr:j-2LPK16O22LT8Z:s-094441638C6RTXNYXBSN,aws,IN,,
10,cpu-heavy,m5a.xlarge,2,1.1093,0.007987,ap-southeast-1,aws-emr:ap-southeast-1:j-34ZRDWTY0U3YO:s-04041655OGLWNW6S0DL,aws,SG,,
10,cpu-heavy,m5a.xlarge,2,1.041533,0.003854,ap-south-1,aws-emr:ap-south-1:j-1Y4RT1M539P7Z:s-052769136K5G6DAZ6V8D,aws,IN,,
10,cpu-heavy,c5.xlarge,2,0.972867,0.006356,ap-southeast-1,aws-emr:ap-southeast-1:j-3EF4GZ0BPHQXK:s-01402203JKBBL00TMATS,aws,SG,,
10,cpu-heavy,m5a.xlarge,4,1.274567,0.009432,ap-south-1,aws-emr:ap-south-1:j-XG2K8B5EJ5H6:s-03727092I7E6BWO0OKWV,aws,IN,,
10,cpu-heavy,c6i.xlarge,2,0.672683,0.004395,ap-southeast-1,aws-emr:ap-southeast-1:j-2TS0G8M9FF9KM:s-0381770Z3LQ8KS11DIB,aws,SG,,
10,cpu-heavy,m6i.xlarge,2,0.67135,0.00452,ap-south-1,aws-emr:ap-south-1:j-V8Y13IL4QT96:s-0949383USWYOQYGSLEJ,aws,IN,,
10,memory-heavy,m5a.xlarge,2,1.175467,0.008463,ap-southeast-1,aws-emr:ap-southeast-1:j-33SZ0E4DDTG12:s-0699635VDNI2LBVOKL6,aws,SG,,
10,cpu-heavy,m6i.xlarge,4,0.804917,0.01084,ap-south-1,aws-emr:ap-south-1:j-3V5MYEXJ9GMYZ:s-0704766BUZ9P20ZNK0L,aws,IN,,
10,memory-heavy,c5.xlarge,2,0.872617,0.005701,ap-southeast-1,aws-emr:ap-southeast-1:j-2VKER4JWQNVTR:s-0132129PK4BSA1PYUOG,aws,SG,,
10,cpu-heavy,m5.xlarge,2,0.839933,0.005656,ap-south-1,aws-emr:ap-south-1:j-2NZK8E5IXD68K:s-03481612PLQK2MFRMSLD,aws,IN,,
10,cpu-heavy,c5.xlarge,2,0.73865,0.004186,ap-south-1,aws-emr:ap-south-1:j-3MLPRBZ5EJND6:s-035017125IMDCWY0JOBA,aws,IN,,
10,memory-heavy,c6i.xlarge,2,0.705317,0.004608,ap-southeast-1,aws-emr:ap-southeast-1:j-II0PPMQAN009:s-03498012MV2QCSZVCUZF,aws,SG,,
10,cpu-heavy,m5.xlarge,4,1.007233,0.013564,ap-south-1,aws-emr:ap-south-1:j-1CQ33DB16APT4:s-0529469ZJGMYC5BS52P,aws,IN,,
10,cpu-heavy,c5.xlarge,4,0.906733,0.010276,ap-south-1,aws-emr:ap-south-1:j-ZVXHX9FZ1MP0:s-06473631ZXAGLV3ZNWPI,aws,IN,,
10,io-heavy,m5a.xlarge,2,1.27535,0.009183,ap-southeast-1,aws-emr:ap-southeast-1:j-VT4YFU5KIGTJ:s-092885915RRIF9VQD3KD,aws,SG,,
10,memory-heavy,m5.xlarge,2,1.041217,0.007011,ap-south-1,aws-emr:ap-south-1:j-CFWI4YX0JPKO:s-0886664YWJFSDL59BRE,aws,IN,,
10,cpu-heavy,c5a.xlarge,2,0.705383,0.00221,ap-south-1,aws-emr:ap-south-1:j-IOYQ2X9Q1VJL:s-001216617LZE7JK4XP63,aws,IN,,
10,io-heavy,c5.xlarge,2,0.905067,0.005913,ap-southeast-1,aws-emr:ap-southeast-1:j-15UOHNBOJ3SHF:s-04048152K7XCW5STF5GS,aws,SG,,
10,memory-heavy,m5.xlarge,4,1.105833,0.014892,ap-south-1,aws-emr:ap-south-1:j-J4AFL6Y38OAU:s-09156832X5OM58A3I5KU,aws,IN,,
10,cpu-heavy,c5a.xlarge,4,0.77225,0.004839,ap-south-1,aws-emr:ap-south-1:j-2IG2TH46L3M5:s-08261703RKDQ1LL62P0X,aws,IN,,
10,io-heavy,c6i.xlarge,2,0.83875,0.00548,ap-southeast-1,aws-emr:ap-southeast-1:j-2GK6UJVLCY90F:s-0403705I1ZCC9KUEIWS,aws,SG,,
10,cpu-heavy,c6i.xlarge,2,0.6385,0.003618,ap-south-1,aws-emr:ap-south-1:j-VTZMYEEF1G0I:s-0012032P2146U2WL22F,aws,IN,,
10,io-heavy,m5.xlarge,2,0.87395,0.005885,ap-south-1,aws-emr:ap-south-1:j-X3I6M8K1VZ2V:s-07539432TQX0OD2BIQBE,aws,IN,,
100,cpu-heavy,m5.xlarge,2,0.973067,0.007785,ap-southeast-1,aws-emr:ap-southeast-1:j-7A1Q3IUPF8L0:s-06793391A3T2IHLK9VYA,aws,SG,,
10,cpu-heavy,c6i.xlarge,4,0.772467,0.008755,ap-south-1,aws-emr:ap-south-1:j-2B3MJAP0H3UVP:s-09980832NJAL8K7Z25BC,aws,IN,,
10,io-heavy,m5.xlarge,4,1.073383,0.014455,ap-south-1,aws-emr:ap-south-1:j-3BRB7MVY0BXZL:s-03482212JQQJGFZGIF9E,aws,IN,,
100,cpu-heavy,m5a.xlarge,2,1.207433,0.008694,ap-southeast-1,aws-emr:ap-southeast-1:j-3OQE2QH0I3V6M:s-0926064H9FDH7PBCSDN,aws,SG,,
100,cpu-heavy,m5.xlarge,2,0.907,0.006107,ap-south-1,aws-emr:ap-south-1:j-APVIAVY3VCW9:s-09176739CSDTEDRQQDY,aws,IN,,
10,memory-heavy,m5a.xlarge,2,1.107733,0.004099,ap-south-1,aws-emr:ap-south-1:j-28J9H4F4VZ7MB:s-03994422XH71424Y7MSS,aws,IN,,
100,cpu-heavy,c5.xlarge,2,0.872717,0.005702,ap-southeast-1,aws-emr:ap-southeast-1:j-3ZGK37BS3D4J:s-01740391GXWT01W29RSR,aws,SG,,
10,memory-heavy,m5a.xlarge,4,1.375833,0.010181,ap-south-1,aws-emr:ap-south-1:j-2STW5HU2OH1TW:s-07065451Z941LT3PD3J4,aws,IN,,
100,cpu-heavy,m5.xlarge,4,1.039883,0.014004,ap-south-1,aws-emr:ap-south-1:j-24ARDDZVLQSGG:s-07480501HHBVVRC037L1,aws,IN,,
100,cpu-heavy,c6i.xlarge,2,1.00555,0.00657,ap-southeast-1,aws-emr:ap-southeast-1:j-NZDHRB3S4TDD:s-015380919C4FHL7NARHE,aws,SG,,
10,memory-heavy,m6i.xlarge,2,0.671117,0.004519,ap-south-1,aws-emr:ap-south-1:j-3MDE7WYQJ58C2:s-077279916M715GH74TV5,aws,IN,,
100,memory-heavy,m5.xlarge,2,0.972417,0.006548,ap-south-1,aws-emr:ap-south-1:j-10IQRADXNWY8V:s-0602566XOR30UH58KPR,aws,IN,,
100,memory-heavy,m5.xlarge,2,1.0057,0.008046,ap-southeast-1,aws-emr:ap-southeast-1:j-3D1MYYTLF2M5M:s-01252821ZO23JL16TQFH,aws,SG,,
10,memory-heavy,m6i.xlarge,4,0.8728,0.011754,ap-south-1,aws-emr:ap-south-1:j-3H89X6HZ8JQYW:s-08884111X0PINYFS5XFS,aws,IN,,
100,memory-heavy,m5.xlarge,4,1.106967,0.014907,ap-south-1,aws-emr:ap-south-1:j-F475AAYBPXQU:s-07040193AA7SBLFMBL2D,aws,IN,,
100,memory-heavy,m5a.xlarge,2,1.274833,0.009179,ap-southeast-1,aws-emr:ap-southeast-1:j-3N31G8YXRHCD9:s-038134334AFOY5RWT21O,aws,SG,,
10,memory-heavy,c5.xlarge,2,0.7727,0.004379,ap-south-1,aws-emr:ap-south-1:j-3P9WM82IDXS3N:s-0942649PXZCALBUP9GL,aws,IN,,
100,io-heavy,m5.xlarge,2,0.9737,0.006556,ap-south-1,aws-emr:ap-south-1:j-2T7PG995XS5U9:s-0169560NW3YWYLM30GZ,aws,IN,,
100,memory-heavy,c5.xlarge,2,0.905783,0.005918,ap-southeast-1,aws-emr:ap-southeast-1:j-3T3Y4UC96Q0BC:s-0678137GBT63URI92YN,aws,SG,,
10,memory-heavy,c5.xlarge,4,0.8728,0.009892,ap-south-1,aws-emr:ap-south-1:j-16V7SM9F4BEBQ:s-034825819SA0H895P71T,aws,IN,,
100,memory-heavy,c6i.xlarge,2,0.771167,0.005038,ap-southeast-1,aws-emr:ap-southeast-1:j-24OLDO4I7S0MV:s-06684435HJ1B2DGIDX2,aws,SG,,
100,io-heavy,m5.xlarge,4,1.14005,0.015353,ap-south-1,aws-emr:ap-south-1:j-IIMZLR7B34R2:s-03724343EBISPIBRN4OF,aws,IN,,
10,memory-heavy,c5a.xlarge,2,0.739583,0.002317,ap-south-1,aws-emr:ap-south-1:j-62TY3XZ5XP5E:s-034863613MYM5TAGVWM9,aws,IN,,
100,io-heavy,m5.xlarge,2,1.106333,0.008851,ap-southeast-1,aws-emr:ap-southeast-1:j-O8VQFMYGQCR2:s-01909842BMT54J482AZR,aws,SG,,
500,cpu-heavy,m5.xlarge,2,1.439617,0.009693,ap-south-1,aws-emr:ap-south-1:j-2MW5AZ8S7UNE6:s-09536761JHOTJZWGXF7B,aws,IN,,
10,memory-heavy,c5a.xlarge,4,0.838583,0.005255,ap-south-1,aws-emr:ap-south-1:j-3V38PCKCQO7SN:s-00325681JS7U3OHS097P,aws,IN,,
100,io-heavy,m5a.xlarge,2,1.37695,0.009914,ap-southeast-1,aws-emr:ap-southeast-1:j-180VHKYBN6NCG:s-06755243CSHOSA79TQ2M,aws,SG,,
500,cpu-heavy,m5.xlarge,4,1.30855,0.017622,ap-south-1,aws-emr:ap-south-1:j-UKGH8UVYS5J8:s-09278881EID8OEIXCM3E,aws,IN,,
10,memory-heavy,c6i.xlarge,2,0.67185,0.003807,ap-south-1,aws-emr:ap-south-1:j-3QTX312OKFWG2:s-05149182UEHFU2TKL64T,aws,IN,,
100,io-heavy,c5.xlarge,2,1.0049,0.006565,ap-southeast-1,aws-emr:ap-southeast-1:j-1S6QMES1L8DGA:s-092581411CHELS0A4Q1Y,aws,SG,,
500,memory-heavy,m5.xlarge,2,1.306517,0.008797,ap-south-1,aws-emr:ap-south-1:j-1TQKKI0GDO54Q:s-02718992Y8ODFD1OBI4F,aws,IN,,
10,memory-heavy,c6i.xlarge,4,0.805983,0.009134,ap-south-1,aws-emr:ap-south-1:j-3F2S7OUZ8FNMM:s-059012326JRYWUCYVFHX,aws,IN,,
100,io-heavy,c6i.xlarge,2,0.904467,0.005909,ap-southeast-1,aws-emr:ap-southeast-1:j-1Z1I7HMZ9TWLN:s-04044272OEJAOIN2QSV7,aws,SG,,
500,memory-heavy,m5.xlarge,4,1.306033,0.017588,ap-south-1,aws-emr:ap-south-1:j-242W8PDJ43RZY:s-0976697MT7XUG7K16AW,aws,IN,,
10,io-heavy,m5a.xlarge,2,1.109633,0.004106,ap-south-1,aws-emr:ap-south-1:j-12DDWM2CZT4SK:s-070630843I9FBBKTB3G,aws,IN,,
500,cpu-heavy,m5.xlarge,2,1.307433,0.010459,ap-southeast-1,aws-emr:ap-southeast-1:j-H9XBCX9F6B7J:s-01714751PQXM2S31D8AS,aws,SG,,
500,io-heavy,m5.xlarge,2,1.406167,0.009468,ap-south-1,aws-emr:ap-south-1:j-32TLZ6F93VDCW:s-0372553VMHDARPASSS7,aws,IN,,
10,io-heavy,m5a.xlarge,4,1.342683,0.009936,ap-south-1,aws-emr:ap-south-1:j-10VF9UFBBXY5U:s-09282661ISFJ58ACDRQV,aws,IN,,
500,cpu-heavy,m5a.xlarge,2,1.674817,0.012059,ap-southeast-1,aws-emr:ap-southeast-1:j-UEMRYBXBTJRF:s-01539372HACU8762BG5,aws,SG,,
500,io-heavy,m5.xlarge,4,1.410717,0.018998,ap-south-1,aws-emr:ap-south-1:j-31NICETG7GMXY:s-03967443FYMLSXKQAIQI,aws,IN,,
10,io-heavy,m6i.xlarge,2,0.705683,0.004752,ap-south-1,aws-emr:ap-south-1:j-2UFIWENRXCFLK:s-0705544BEKAYXXISKLU,aws,IN,,
500,cpu-heavy,c5.xlarge,2,1.307083,0.00854,ap-southeast-1,aws-emr:ap-southeast-1:j-3DY3CG8F5IRGE:s-038353412IPZBK2XV0ZO,aws,SG,,
10,io-heavy,m6i.xlarge,4,0.871317,0.011734,ap-south-1,aws-emr:ap-south-1:j-4FMGMAPUCGN3:s-01237602YSAQZKJE5X4Q,aws,IN,,
1024,cpu-heavy,m5.xlarge,2,1.807267,0.012169,ap-south-1,aws-emr:ap-south-1:j-213QYU5GNRR85:s-1002044YFDXRE1AW5NM,aws,IN,,
500,cpu-heavy,c6i.xlarge,2,1.038767,0.006787,ap-southeast-1,aws-emr:ap-southeast-1:j-2U4F7D0VSNU98:s-07015352RDYSRKVJSI8U,aws,SG,,
10,io-heavy,c5.xlarge,2,0.8051,0.004562,ap-south-1,aws-emr:ap-south-1:j-WF7PZN1MQ3VR:s-0538835222ZSQS70DLSV,aws,IN,,
1024,cpu-heavy,m5.xlarge,4,1.4406,0.0194,ap-south-1,aws-emr:ap-south-1:j-D76HS3339VYK:s-055058930T6JJDPLSQRJ,aws,IN,,
500,memory-heavy,m5.xlarge,2,1.373533,0.010988,ap-southeast-1,aws-emr:ap-southeast-1:j-3KGJJQ630PKZR:s-01537551NH55EFUFVTOZ,aws,SG,,
10,io-heavy,c5.xlarge,4,0.873667,0.009902,ap-south-1,aws-emr:ap-south-1:j-OD6ZIUQXPB1J:s-099565928TUMH50PH5L2,aws,IN,,
1024,memory-heavy,m5.xlarge,2,1.807017,0.012167,ap-south-1,aws-emr:ap-south-1:j-2LDDM4L2IEN57:s-06024841C8WKZDDZ373A,aws,IN,,
10,io-heavy,c5a.xlarge,2,0.739817,0.002318,ap-south-1,aws-emr:ap-south-1:j-TGHO35HUKMGJ:s-0550612BTI0JCKQYC8W,aws,IN,,
500,memory-heavy,m5a.xlarge,2,1.775367,0.012783,ap-southeast-1,aws-emr:ap-southeast-1:j-3E1I6YDT3T1H9:s-038253636HH5QHQPUYVS,aws,SG,,
1024,memory-heavy,m5.xlarge,4,1.44085,0.019403,ap-south-1,aws-emr:ap-south-1:j-HXSAQ7XGFRX8:s-03705821PG9ZSWUU26D6,aws,IN,,
10,io-heavy,c5a.xlarge,4,0.80575,0.005049,ap-south-1,aws-emr:ap-south-1:j-S9R0FUEM70FS:s-0538824B78IDP7HC3GH,aws,IN,,
500,memory-heavy,c5.xlarge,2,1.273017,0.008317,ap-southeast-1,aws-emr:ap-southeast-1:j-13D59YO3BC0V3:s-03830322JTOBTR87Y14M,aws,SG,,
1024,io-heavy,m5.xlarge,2,2.0403,0.013738,ap-south-1,aws-emr:ap-south-1:j-VMQXM7Q5XMSU:s-027753611KA7GYDSL8FU,aws,IN,,
10,io-heavy,c6i.xlarge,2,0.705583,0.003998,ap-south-1,aws-emr:ap-south-1:j-GDSDTLFH8UU0:s-03491242P8I57WU49YVQ,aws,IN,,
500,memory-heavy,c6i.xlarge,2,1.074283,0.007019,ap-southeast-1,aws-emr:ap-southeast-1:j-2RSK4HCDDSMBP:s-01260633VMFBLFY2FDPM,aws,SG,,
10,io-heavy,c6i.xlarge,4,0.805017,0.009124,ap-south-1,aws-emr:ap-south-1:j-W5GTIJ83OSNU:s-03726782AJZVKHDA75MO,aws,IN,,
1024,io-heavy,m5.xlarge,4,1.605917,0.021626,ap-south-1,aws-emr:ap-south-1:j-21ZE3JJ2YQFAN:s-05550321P669PDP1G9QB,aws,IN,,
500,io-heavy,m5a.xlarge,2,2.0413,0.014697,ap-southeast-1,aws-emr:ap-southeast-1:j-15RD457U4S2GW:s-042364419HS0PNBKJN79,aws,SG,,
100,cpu-heavy,m5a.xlarge,2,1.208167,0.00447,ap-south-1,aws-emr:ap-south-1:j-1MTTOPSSIE0L9:s-07433953CN5IERAYARXT,aws,IN,,
2048,cpu-heavy,m5.xlarge,2,2.60765,0.017558,ap-south-1,aws-emr:ap-south-1:j-3ROB8CK419SC4:s-09343013L9DY1ZWDIN10,aws,IN,,
500,io-heavy,c5.xlarge,2,1.507167,0.009847,ap-southeast-1,aws-emr:ap-southeast-1:j-2MGPANPFWDGV7:s-0176654190VOS0GJ0YBD,aws,SG,,
100,cpu-heavy,m5a.xlarge,4,1.34155,0.009927,ap-south-1,aws-emr:ap-south-1:j-2IXYPVU8T5HG5:s-07072053PHTEWSRQYU33,aws,IN,,
2048,cpu-heavy,m5.xlarge,4,1.905683,0.025663,ap-south-1,aws-emr:ap-south-1:j-3LMV8OPR1EIFK:s-07727522A49ISQTWXGFE,aws,IN,,
500,io-heavy,c6i.xlarge,2,1.304833,0.008525,ap-southeast-1,aws-emr:ap-southeast-1:j-2JY3BRQ1X6AL0:s-0677944330MAV6QFDQ20,aws,SG,,
100,cpu-heavy,m6i.xlarge,2,0.706033,0.004754,ap-south-1,aws-emr:ap-south-1:j-3SQVBV381WZW4:s-03718692B35ANHOW17AX,aws,IN,,
1024,cpu-heavy,m5.xlarge,2,1.973383,0.015787,ap-southeast-1,aws-emr:ap-southeast-1:j-1D6YAFPIQL1IG:s-092620917GWFF6YVX0A5,aws,SG,,
2048,memory-heavy,m5.xlarge,2,2.740267,0.018451,ap-south-1,aws-emr:ap-south-1:j-2CC76WQ2Y1N4G:s-0827659TILP7RMOZ2QS,aws,IN,,
100,cpu-heavy,m6i.xlarge,4,0.838883,0.011297,ap-south-1,aws-emr:ap-south-1:j-DBTJ17N80O0P:s-0935436CRTPQY0X4TGG,aws,IN,,
1024,cpu-heavy,m5a.xlarge,2,2.408517,0.017341,ap-southeast-1,aws-emr:ap-southeast-1:j-SP4QGJPP14ZX:s-09104952C2ETZ5MWE6PL,aws,SG,,
2048,memory-heavy,m5.xlarge,4,1.939667,0.026121,ap-south-1,aws-emr:ap-south-1:j-3D48QO9T3LSY9:s-091589313WT887UPFMPM,aws,IN,,
100,cpu-heavy,c5.xlarge,2,0.805667,0.004565,ap-south-1,aws-emr:ap-south-1:j-1PLN1GR4KGUQI:s-04993921NJPZFFJZHHG9,aws,IN,,
1024,cpu-heavy,c5.xlarge,2,1.606633,0.010497,ap-southeast-1,aws-emr:ap-southeast-1:j-2S3L38QZ3BFTZ:s-0928508BG3KXR34X3W6,aws,SG,,
100,cpu-heavy,c5.xlarge,4,0.9061,0.010269,ap-south-1,aws-emr:ap-south-1:j-20VT4BEBUKMDF:s-03726882HHA56WT3VWCC,aws,IN,,
2048,io-heavy,m5.xlarge,2,3.106517,0.020917,ap-south-1,aws-emr:ap-south-1:j-VM7X6V92P97R:s-0348591165JDXTVMOERQ,aws,IN,,
1024,cpu-heavy,c6i.xlarge,2,1.4722,0.009618,ap-southeast-1,aws-emr:ap-southeast-1:j-CQX8V7EIH6PF:s-03816833JW3ICV2T51LL,aws,SG,,
100,cpu-heavy,c5a.xlarge,2,0.772483,0.00242,ap-south-1,aws-emr:ap-south-1:j-1ZF1IIRTS89S1:s-05146451DTSRDMWOTMH5,aws,IN,,
2048,io-heavy,m5.xlarge,4,2.1728,0.02926,ap-south-1,aws-emr:ap-south-1:j-30C9OFSVMGVBT:s-037137917V0U7T5LGOR7,aws,IN,,
100,cpu-heavy,c5a.xlarge,4,0.804983,0.005045,ap-south-1,aws-emr:ap-south-1:j-ZUM91FUDB8R:s-082609914T3Q6JVYSHTC,aws,IN,,
1024,memory-heavy,m5a.xlarge,2,2.609,0.018785,ap-southeast-1,aws-emr:ap-southeast-1:j-1VBIQ1D0VG3JA:s-0162667LC8IOAQIIO0G,aws,SG,,
3072,cpu-heavy,m5.xlarge,2,3.572967,0.024058,ap-south-1,aws-emr:ap-south-1:j-3CYMOQBFKJ60V:s-0559909BFGN7GOKD1C5,aws,IN,,
100,cpu-heavy,c6i.xlarge,2,0.705167,0.003996,ap-south-1,aws-emr:ap-south-1:j-13GCX13GC15IQ:s-095025293VC6MU3QUTO,aws,IN,,
1024,memory-heavy,c5.xlarge,2,1.772983,0.011583,ap-southeast-1,aws-emr:ap-southeast-1:j-23AT1SHLH0VND:s-0191805NU9WKC2GV5MH,aws,SG,,
100,cpu-heavy,c6i.xlarge,4,0.771817,0.008747,ap-south-1,aws-emr:ap-south-1:j-2CZCKUQ0YRG7:s-0906927K5YJ81AB5KVF,aws,IN,,
3072,cpu-heavy,m5.xlarge,4,2.273267,0.030613,ap-south-1,aws-emr:ap-south-1:j-5ZEPNVZGBJQB:s-0944174WHAOLSQZXGRS,aws,IN,,
1024,memory-heavy,c6i.xlarge,2,1.5054,0.009835,ap-southeast-1,aws-emr:ap-southeast-1:j-1THZ87QQADJP:s-03824402BPD4RQIW6CKE,aws,SG,,
100,memory-heavy,m5a.xlarge,2,1.241567,0.004594,ap-south-1,aws-emr:ap-south-1:j-1DLSCNZO7SQYU:s-05207202ME0XHI5QHNGN,aws,IN,,
3072,memory-heavy,m5.xlarge,2,3.773233,0.025406,ap-south-1,aws-emr:ap-south-1:j-LLK9TIP51JEA:s-055051734XMZZDGMH3YX,aws,IN,,
1024,io-heavy,m5a.xlarge,2,2.9091,0.020946,ap-southeast-1,aws-emr:ap-southeast-1:j-20OH6FB9KJ54A:s-01668801VZIBL60GZW7K,aws,SG,,
100,memory-heavy,m5a.xlarge,4,1.410417,0.010437,ap-south-1,aws-emr:ap-south-1:j-9S1V8VVP93RW:s-09176081B1VF2ZG6XXQC,aws,IN,,
1024,io-heavy,c5.xlarge,2,2.07285,0.013543,ap-southeast-1,aws-emr:ap-southeast-1:j-3K73YL2W5Y5V:s-01377452URBOWDGSWLRI,aws,SG,,
3072,memory-heavy,m5.xlarge,4,2.44215,0.032888,ap-south-1,aws-emr:ap-south-1:j-22GBO2UCG3I56:s-037133327WB6HGBW21E,aws,IN,,
100,memory-heavy,m6i.xlarge,2,0.771417,0.005194,ap-south-1,aws-emr:ap-south-1:j-1A3OCSTLGVPTE:s-05718122UAPQ6EOZDPTN,aws,IN,,
1024,io-heavy,c6i.xlarge,2,1.8052,0.011794,ap-southeast-1,aws-emr:ap-southeast-1:j-3VU15ZSZLLLK:s-00560922H9CKHYGUBIFP,aws,SG,,
100,memory-heavy,m6i.xlarge,4,0.905283,0.012191,ap-south-1,aws-emr:ap-south-1:j-Y80IHLTVG9JX:s-02067241KUR9WFFZG29T,aws,IN,,
3072,io-heavy,m5.xlarge,2,4.33955,0.02922,ap-south-1,aws-emr:ap-south-1:j-ELIU2FWJMAJZ:s-07979098F03Q11NNY6N,aws,IN,,
2048,cpu-heavy,m5.xlarge,2,2.840867,0.022727,ap-southeast-1,aws-emr:ap-southeast-1:j-PB1A0IO40YSK:s-06783578KUN9757O3XM,aws,SG,,
100,memory-heavy,c5.xlarge,2,1.073683,0.006084,ap-south-1,aws-emr:ap-south-1:j-YQCX04VZZFIA:s-09008412ME5NV8KMOK6A,aws,IN,,
3072,io-heavy,m5.xlarge,4,2.706683,0.03645,ap-south-1,aws-emr:ap-south-1:j-2LHISPBPOD0P6:s-03927653LR6D4SQ7ZJV2,aws,IN,,
100,memory-heavy,c5.xlarge,4,0.938883,0.010641,ap-south-1,aws-emr:ap-south-1:j-FYI2YZN7E4MK:s-08924841PJ0KVEPQH2I2,aws,IN,,
2048,cpu-heavy,m5.xlarge,4,1.9405,0.031048,ap-southeast-1,aws-emr:ap-southeast-1:j-HL9D5KEQQHTS:s-03940772LISV5A0TK9D1,aws,SG,,
100,memory-heavy,c5a.xlarge,2,0.80565,0.002524,ap-south-1,aws-emr:ap-south-1:j-1F7BDWC86B9E2:s-0368948JLKX1JEHJUSO,aws,IN,,
5120,cpu-heavy,m5.xlarge,2,5.307567,0.035738,ap-south-1,aws-emr:ap-south-1:j-ZX9COF83P318:s-0349800280415XE1T32K,aws,IN,,
2048,cpu-heavy,m5a.xlarge,2,3.77795,0.027201,ap-southeast-1,aws-emr:ap-southeast-1:j-3QAU43QTCENJU:s-05256661TCGWX2Y1CIMA,aws,SG,,
100,memory-heavy,c5a.xlarge,4,0.872317,0.005467,ap-south-1,aws-emr:ap-south-1:j-T3KCD2WYAJIR:s-034890726Q59NKUM63UP,aws,IN,,
100,memory-heavy,c6i.xlarge,2,0.738467,0.004185,ap-south-1,aws-emr:ap-south-1:j-2WKGIQ7YH3C9W:s-09157352HCW7AM83J0MK,aws,IN,,
2048,cpu-heavy,m5a.xlarge,4,2.40885,0.034687,ap-southeast-1,aws-emr:ap-southeast-1:j-M36RZ87WJQK4:s-01443191VS3I30MV3NFK,aws,SG,,
5120,cpu-heavy,m5.xlarge,4,3.10595,0.041827,ap-south-1,aws-emr:ap-south-1:j-RAORN4UX1E0V:s-03725423KSWL2D9MHSI5,aws,IN,,
100,memory-heavy,c6i.xlarge,4,0.938533,0.010637,ap-south-1,aws-emr:ap-south-1:j-1PEQY4N4SH4VJ:s-09445663O8XCIO4C8ZNB,aws,IN,,
2048,cpu-heavy,c5.xlarge,2,2.640733,0.017253,ap-southeast-1,aws-emr:ap-southeast-1:j-3IT1577QXBZXE:s-0134631367PC8LQNFQGP,aws,SG,,
5120,memory-heavy,m5.xlarge,2,5.606183,0.037748,ap-south-1,aws-emr:ap-south-1:j-1BRKNXYKE45NA:s-01935422BVMHKBCFNMY1,aws,IN,,
100,io-heavy,m5a.xlarge,2,1.275283,0.004719,ap-south-1,aws-emr:ap-south-1:j-2DSCHBD9FWS25:s-08896492XK52DZ3BO7J5,aws,IN,,
2048,cpu-heavy,c5.xlarge,4,1.506283,0.019682,ap-southeast-1,aws-emr:ap-southeast-1:j-BPTCEQA55XVH:s-067839431GWM2A49YW4S,aws,SG,,
5120,memory-heavy,m5.xlarge,4,3.2081,0.043202,ap-south-1,aws-emr:ap-south-1:j-2FPP13H5X73GE:s-05290063VUA5RY2EHWYK,aws,IN,,
2048,cpu-heavy,c5a.xlarge,2,2.405267,0.014111,ap-southeast-1,aws-emr:ap-southeast-1:j-3O4PZIGMKZ1ZQ:s-04345523378RWSLMGE1M,aws,SG,,
100,io-heavy,m5a.xlarge,4,1.408383,0.010422,ap-south-1,aws-emr:ap-south-1:j-25K45YHBI7312:s-03721203R3BUNBTJPFAM,aws,IN,,
2048,cpu-heavy,c5a.xlarge,4,1.472067,0.017272,ap-southeast-1,aws-emr:ap-southeast-1:j-35UC53BOKFELT:s-09285323S8PEQA9AHJXE,aws,SG,,
100,io-heavy,m6i.xlarge,2,0.805483,0.005424,ap-south-1,aws-emr:ap-south-1:j-TX5BX4J68JYM:s-05145701ORCABXQ2YMC9,aws,IN,,
100,io-heavy,m6i.xlarge,4,0.904817,0.012185,ap-south-1,aws-emr:ap-south-1:j-2U3YLQOFGTP6C:s-0803669WLVMIBW6EJWE,aws,IN,,
5120,io-heavy,m5.xlarge,2,6.8406,0.04606,ap-south-1,aws-emr:ap-south-1:j-21ONYU09G4QRB:s-09978791KLAJY9H89EJL,aws,IN,,
2048,cpu-heavy,c6i.xlarge,2,2.172233,0.014192,ap-southeast-1,aws-emr:ap-southeast-1:j-2YG4B0FS1Z786:s-01228971VJR9ROBFTU3E,aws,SG,,
100,io-heavy,c5.xlarge,2,0.9054,0.005131,ap-south-1,aws-emr:ap-south-1:j-3SAM24WNDA2OT:s-09105582ATIP3V3UAY87,aws,IN,,
2048,cpu-heavy,c6i.xlarge,4,1.37135,0.017919,ap-southeast-1,aws-emr:ap-southeast-1:j-2R21FMUZ8WBEF:s-03825331X9WZWEB43SEG,aws,SG,,
5120,io-heavy,m5.xlarge,4,4.139283,0.055742,ap-south-1,aws-emr:ap-south-1:j-1Y9HPGT6SCPC0:s-02274621KZ51BI1TPBU1,aws,IN,,
100,io-heavy,c5.xlarge,4,0.905167,0.010259,ap-south-1,aws-emr:ap-south-1:j-2RH74C9B06Z3F:s-0950139MJ8VWWTTML55,aws,IN,,
2048,memory-heavy,m5.xlarge,2,2.805683,0.022445,ap-southeast-1,aws-emr:ap-southeast-1:j-2FVIIZHAD9XF3:s-0659867DL86W2JJD6K3,aws,SG,,
100,io-heavy,c5a.xlarge,2,0.838367,0.002627,ap-south-1,aws-emr:ap-south-1:j-2YG56I52361KT:s-00114333D3JZGQ94LQ9R,aws,IN,,
2048,memory-heavy,m5.xlarge,4,2.0399,0.032638,ap-southeast-1,aws-emr:ap-southeast-1:j-1RHB643VW9ZVP:s-0178908RELDGT8WH3L9,aws,SG,,
100,io-heavy,c5a.xlarge,4,0.840933,0.00527,ap-south-1,aws-emr:ap-south-1:j-12ZVPERLLWC2X:s-036747638VHPVR206FDJ,aws,IN,,
100,io-heavy,c6i.xlarge,2,0.771883,0.004374,ap-south-1,aws-emr:ap-south-1:j-18F1B82UVLIFY:s-0925930TFHXOCKOA98A,aws,IN,,
2048,memory-heavy,m5a.xlarge,2,3.775167,0.027181,ap-southeast-1,aws-emr:ap-southeast-1:j-KK4QPB8PO2G2:s-09291202PP53DWBPIJ61,aws,SG,,
100,io-heavy,c6i.xlarge,4,0.805217,0.009126,ap-south-1,aws-emr:ap-south-1:j-WW07GTVCMFS2:s-093423028LBHYXBF0C73,aws,IN,,
2048,memory-heavy,m5a.xlarge,4,2.6089,0.037568,ap-southeast-1,aws-emr:ap-southeast-1:j-90D1IQO7JF5X:s-0660554FN26IJA1JCG5,aws,SG,,
500,cpu-heavy,m5a.xlarge,2,1.60815,0.00595,ap-south-1,aws-emr:ap-south-1:j-1M191E46LLBNB:s-037212739UALJYZT96ZR,aws,IN,,
2048,memory-heavy,c5.xlarge,2,2.63965,0.017246,ap-southeast-1,aws-emr:ap-southeast-1:j-3LVKYOHTHSB8A:s-01765741WTHM7ALZ9VA8,aws,SG,,
500,cpu-heavy,m5a.xlarge,4,1.54155,0.011407,ap-south-1,aws-emr:ap-south-1:j-2QX5EIG6KTEJQ:s-03497863AJZ9RPWCLNKC,aws,IN,,
2048,memory-heavy,c5.xlarge,4,1.538383,0.020102,ap-southeast-1,aws-emr:ap-southeast-1:j-1LEU6NCZ03PRU:s-0655684JP62ZG9NDPOF,aws,SG,,
500,cpu-heavy,m6i.xlarge,2,0.972233,0.006546,ap-south-1,aws-emr:ap-south-1:j-2TCT7E6N61LK3:s-037090625DCSEYONPVAK,aws,IN,,
500,cpu-heavy,m6i.xlarge,4,0.9723,0.013094,ap-south-1,aws-emr:ap-south-1:j-1FL4N1G22LNUK:s-09411901GXIPI5SRQX0A,aws,IN,,
2048,memory-heavy,c5a.xlarge,2,2.439567,0.014312,ap-southeast-1,aws-emr:ap-southeast-1:j-3FNDM6XI3AY0Y:s-01492202M3QSILTHHBF8,aws,SG,,
500,cpu-heavy,c5.xlarge,2,1.139267,0.006456,ap-south-1,aws-emr:ap-south-1:j-37CJO2WLXKQ1R:s-00323583OB6SYO3LEIHZ,aws,IN,,
2048,memory-heavy,c5a.xlarge,4,1.471967,0.017271,ap-southeast-1,aws-emr:ap-southeast-1:j-28Z4OO4M360MS:s-01907771VOQ4AT6H5TE9,aws,SG,,
500,cpu-heavy,c5.xlarge,4,0.972817,0.011025,ap-south-1,aws-emr:ap-south-1:j-2ZDS9W6SNKNYW:s-081409736CNBEJ7XGU1E,aws,IN,,
2048,memory-heavy,c6i.xlarge,2,2.206183,0.014414,ap-southeast-1,aws-emr:ap-southeast-1:j-3D4XU08Y1SPRO:s-09289051EWC49DKZDPCU,aws,SG,,
500,cpu-heavy,c5a.xlarge,2,1.105517,0.003464,ap-south-1,aws-emr:ap-south-1:j-1FYPL7EOQ5G31:s-0393043R3LM046BEKU5,aws,IN,,
2048,memory-heavy,c6i.xlarge,4,1.371367,0.017919,ap-southeast-1,aws-emr:ap-southeast-1:j-3TJVMW151QHA8:s-0867985O6VBARU4YFQI,aws,SG,,
500,cpu-heavy,c5a.xlarge,4,0.905617,0.005675,ap-south-1,aws-emr:ap-south-1:j-U6S18G1HVTZZ:s-05246252H1Y6WTV6GE4R,aws,IN,,
2048,io-heavy,m5.xlarge,2,3.60765,0.028861,ap-southeast-1,aws-emr:ap-southeast-1:j-2RI1AUL5JBVLU:s-03820093SCYBFNS3OOLM,aws,SG,,
500,cpu-heavy,c6i.xlarge,2,1.004633,0.005693,ap-south-1,aws-emr:ap-south-1:j-1PMAHK5LS1UB0:s-034883816KBMTTARGBNR,aws,IN,,
500,cpu-heavy,c6i.xlarge,4,1.0721,0.01215,ap-south-1,aws-emr:ap-south-1:j-208WMKHYX7T5L:s-05976793DL6EGI48G39V,aws,IN,,
2048,io-heavy,m5.xlarge,4,2.540883,0.040654,ap-southeast-1,aws-emr:ap-southeast-1:j-460YU0RP417D:s-03819403RP7UOG994RTA,aws,SG,,
500,memory-heavy,m5a.xlarge,2,1.809217,0.006694,ap-south-1,aws-emr:ap-south-1:j-2BINWYVL6WVUQ:s-061478034YCO0YUL9LOO,aws,IN,,
2048,io-heavy,m5a.xlarge,2,4.641133,0.033416,ap-southeast-1,aws-emr:ap-southeast-1:j-281P4HQOSRK0M:s-0381897ESLGBAQZZXL1,aws,SG,,
500,memory-heavy,m5a.xlarge,4,1.67685,0.012409,ap-south-1,aws-emr:ap-south-1:j-12I7LAA1QKE6Y:s-07724352TO55W6H4AX19,aws,IN,,
2048,io-heavy,m5a.xlarge,4,3.14485,0.045286,ap-southeast-1,aws-emr:ap-southeast-1:j-3JY5LAFCKH75E:s-0679129AW7U9FU0CM2I,aws,SG,,
500,memory-heavy,m6i.xlarge,2,1.006083,0.006774,ap-south-1,aws-emr:ap-south-1:j-22HZZJPA1B209:s-0927891FX3YFK1WA2GD,aws,IN,,
500,memory-heavy,m6i.xlarge,4,1.03915,0.013994,ap-south-1,aws-emr:ap-south-1:j-2ATWIQR1GHJP6:s-03716187SI5UFABAXBE,aws,IN,,
2048,io-heavy,c5.xlarge,2,3.43985,0.022474,ap-southeast-1,aws-emr:ap-southeast-1:j-1YCM5IN92A532:s-03841661XHEYVA0DB4L0,aws,SG,,
500,memory-heavy,c5.xlarge,2,1.372167,0.007776,ap-south-1,aws-emr:ap-south-1:j-1S10P2HCUQ4EP:s-010174333W7ESQA0TV86,aws,IN,,
2048,io-heavy,c5.xlarge,4,2.072967,0.027087,ap-southeast-1,aws-emr:ap-southeast-1:j-3R0IIG1XW4172:s-09289843UL29VRU5AHDQ,aws,SG,,
500,memory-heavy,c5.xlarge,4,1.172667,0.01329,ap-south-1,aws-emr:ap-south-1:j-37QC8TTVZKYF1:s-04429371EO6U01XIQSQO,aws,IN,,
2048,io-heavy,c5a.xlarge,2,3.305133,0.01939,ap-southeast-1,aws-emr:ap-southeast-1:j-1ISK3UQ7DVIAM:s-03823661BGDU9T4UYZMF,aws,SG,,
500,memory-heavy,c5a.xlarge,2,1.105533,0.003464,ap-south-1,aws-emr:ap-south-1:j-5TI5TT53J6DC:s-037111934SZBTCTIVGH9,aws,IN,,
500,memory-heavy,c5a.xlarge,4,0.9727,0.006096,ap-south-1,aws-emr:ap-south-1:j-1XA5HZEO13CRV:s-0509082QNOLZJZ8YFF,aws,IN,,
2048,io-heavy,c5a.xlarge,4,1.7727,0.0208,ap-southeast-1,aws-emr:ap-southeast-1:j-22SPO3MKE3E5H:s-03818551IL5RR7RDIVIQ,aws,SG,,
500,memory-heavy,c6i.xlarge,2,1.005833,0.0057,ap-south-1,aws-emr:ap-south-1:j-7TAFGQ8ARQSA:s-0169166JQGB6H4XUDEE,aws,IN,,
2048,io-heavy,c6i.xlarge,2,3.00435,0.019628,ap-southeast-1,aws-emr:ap-southeast-1:j-2KPQCPFB4153R:s-09063211VN8Z76VSTQXM,aws,SG,,
500,memory-heavy,c6i.xlarge,4,0.905367,0.010261,ap-south-1,aws-emr:ap-south-1:j-32SPDOQ0IW5O0:s-053101430PUXVZPMCWIX,aws,IN,,
2048,io-heavy,c6i.xlarge,4,1.9727,0.025777,ap-southeast-1,aws-emr:ap-southeast-1:j-1D0IBGSD04H7I:s-0403565J0A4T89XI405,aws,SG,,
500,io-heavy,m5a.xlarge,2,1.909433,0.007065,ap-south-1,aws-emr:ap-south-1:j-8K7EA2FOS4M8:s-0371129173DYCX66KXDK,aws,IN,,
3072,cpu-heavy,m5.xlarge,2,3.84265,0.030741,ap-southeast-1,aws-emr:ap-southeast-1:j-31LT8LOXVDEQC:s-06555453O236JIRTVF41,aws,SG,,
500,io-heavy,m5a.xlarge,4,1.809617,0.013391,ap-south-1,aws-emr:ap-south-1:j-2UL8QYKHAOZ2W:s-03490111UCYALY7OJMJZ,aws,IN,,
3072,cpu-heavy,m5.xlarge,4,2.3729,0.037966,ap-southeast-1,aws-emr:ap-southeast-1:j-3PTC5Z7JLWNRZ:s-038170817Q6UO0WF9K1J,aws,SG,,
500,io-heavy,m6i.xlarge,2,1.138533,0.007666,ap-south-1,aws-emr:ap-south-1:j-1OEUS2OY18C2I:s-09074423974KDA8X2SQC,aws,IN,,
500,io-heavy,m6i.xlarge,4,1.138817,0.015336,ap-south-1,aws-emr:ap-south-1:j-36M2AMNY2WADA:s-03716292DQW94EK6QGG5,aws,IN,,
3072,cpu-heavy,m5a.xlarge,2,4.944383,0.0356,ap-southeast-1,aws-emr:ap-southeast-1:j-1NBWW93PUOJ5J:s-03823882XRQ9BGLG0H0J,aws,SG,,
500,io-heavy,c5.xlarge,2,1.3066,0.007404,ap-south-1,aws-emr:ap-south-1:j-2PIY1VLY0414H:s-0896228LI2NJDIQNFEA,aws,IN,,
3072,cpu-heavy,m5a.xlarge,4,2.975683,0.04285,ap-southeast-1,aws-emr:ap-southeast-1:j-2R6ZG3MCV4G2Q:s-0928214E2STVEO3ML7K,aws,SG,,
500,io-heavy,c5.xlarge,4,1.172367,0.013287,ap-south-1,aws-emr:ap-south-1:j-39XXNG6PV4TTE:s-09471739LV49TYZV5D3,aws,IN,,
3072,cpu-heavy,c5.xlarge,2,3.473467,0.022693,ap-southeast-1,aws-emr:ap-southeast-1:j-39LPFEHUUY626:s-0000245NWJH4S99CZFN,aws,SG,,
500,io-heavy,c5a.xlarge,2,1.20605,0.003779,ap-south-1,aws-emr:ap-south-1:j-2C903VFAB5SQR:s-09155033GOBVIYB3QI6D,aws,IN,,
500,io-heavy,c5a.xlarge,4,1.004967,0.006298,ap-south-1,aws-emr:ap-south-1:j-W281Y79OT2SX:s-02598751M0N53F06P9YL,aws,IN,,
3072,cpu-heavy,c5.xlarge,4,1.939467,0.025342,ap-southeast-1,aws-emr:ap-southeast-1:j-3APAQYJ6KMM9W:s-0697165IBR6GLRO4BGW,aws,SG,,
500,io-heavy,c6i.xlarge,2,1.171733,0.00664,ap-south-1,aws-emr:ap-south-1:j-C8TV3ZRCDA5D:s-0897347236WT3IFSQLF7,aws,IN,,
3072,cpu-heavy,c5a.xlarge,2,3.372333,0.019784,ap-southeast-1,aws-emr:ap-southeast-1:j-1IQ9T9039DC5M:s-01535902IQPGB0O1FOTB,aws,SG,,
500,io-heavy,c6i.xlarge,4,1.172083,0.013284,ap-south-1,aws-emr:ap-south-1:j-4B8BW5JE3B5P:s-07188452I0SA074ECXVG,aws,IN,,
3072,cpu-heavy,c5a.xlarge,4,1.8722,0.021967,ap-southeast-1,aws-emr:ap-southeast-1:j-1WX3CDNT49NQ4:s-09259782L5ZB3ZWPZL1Y,aws,SG,,
1024,cpu-heavy,m5a.xlarge,2,2.37405,0.008784,ap-south-1,aws-emr:ap-south-1:j-16VLY520NR6GF:s-01933662RUKEPBH354TA,aws,IN,,
3072,cpu-heavy,c6i.xlarge,2,3.006217,0.019641,ap-southeast-1,aws-emr:ap-southeast-1:j-2AZ32THWBI984:s-03814052YYYBIVLKBN2,aws,SG,,
3072,cpu-heavy,c6i.xlarge,4,1.77415,0.023182,ap-southeast-1,aws-emr:ap-southeast-1:j-3N62GTA6KUIR1:s-092035318E0JGCBFTD17,aws,SG,,
1024,cpu-heavy,m5a.xlarge,4,1.843583,0.013643,ap-south-1,aws-emr:ap-south-1:j-27NLC37K8MRT1:s-07068903SYVRUA8JCBDF,aws,IN,,
1024,cpu-heavy,m6i.xlarge,2,1.373667,0.009249,ap-south-1,aws-emr:ap-south-1:j-1XDW2ADQEBBUU:s-0348877WEEMZLP0EH5U,aws,IN,,
3072,memory-heavy,m5.xlarge,2,3.774883,0.030199,ap-southeast-1,aws-emr:ap-southeast-1:j-S28WZAQN426:s-0404419WARCCKHDTG44,aws,SG,,
1024,cpu-heavy,m6i.xlarge,4,1.105533,0.014888,ap-south-1,aws-emr:ap-south-1:j-3CZ6U72EK1XM4:s-02462492XTN98NTPP2AK,aws,IN,,
3072,memory-heavy,m5.xlarge,4,2.538933,0.040623,ap-southeast-1,aws-emr:ap-southeast-1:j-324WFP57UZC5F:s-040378616Z4II751ELPB,aws,SG,,
1024,cpu-heavy,c5.xlarge,2,1.638283,0.009284,ap-south-1,aws-emr:ap-south-1:j-5T989F3XEHEY:s-10304892C0C7Z7TX7UCB,aws,IN,,
1024,cpu-heavy,c5.xlarge,4,1.24305,0.014088,ap-south-1,aws-emr:ap-south-1:j-3LAAH8YQXQI4R:s-05527311H6C7S66QXC3L,aws,IN,,
3072,memory-heavy,m5a.xlarge,2,5.2432,0.037751,ap-southeast-1,aws-emr:ap-southeast-1:j-CF6TFW8BN5XM:s-06761811LGJAF3COOZ1R,aws,SG,,
1024,cpu-heavy,c5a.xlarge,2,1.471833,0.004612,ap-south-1,aws-emr:ap-south-1:j-2NYWX4R911PA3:s-094436612PE2VXLJ4N6M,aws,IN,,
3072,memory-heavy,m5a.xlarge,4,3.076367,0.0443,ap-southeast-1,aws-emr:ap-southeast-1:j-1LRCEFS40VW90:s-0678948ROGXUA3YB3N9,aws,SG,,
1024,cpu-heavy,c5a.xlarge,4,1.17255,0.007348,ap-south-1,aws-emr:ap-south-1:j-2EPQ1THN4SHQY:s-05495291BC9H88YE4NN4,aws,IN,,
1024,cpu-heavy,c6i.xlarge,2,1.33875,0.007586,ap-south-1,aws-emr:ap-south-1:j-ZR5BKI919T81:s-08622671WBFOG4N50N4P,aws,IN,,
3072,memory-heavy,c5.xlarge,2,3.706767,0.024218,ap-southeast-1,aws-emr:ap-southeast-1:j-3JZHFIFNS1L7F:s-0153545YZMQHXFN2HPY,aws,SG,,
1024,cpu-heavy,c6i.xlarge,2,1.33975,0.007592,ap-south-1,aws-emr:ap-south-1:j-3ASIZ5I2EQVQP:s-09421921FPMQ18LX3CVN,aws,IN,,
1024,cpu-heavy,c6i.xlarge,4,1.071483,0.012143,ap-south-1,aws-emr:ap-south-1:j-1TJF03T31NIGP:s-07050692PHYM39XZJ2BW,aws,IN,,
1024,cpu-heavy,c6i.xlarge,4,1.239283,0.014045,ap-south-1,aws-emr:ap-south-1:j-F5EUSHMWJ60G:s-0801764T527S6ZXR6A6,aws,IN,,
3072,memory-heavy,c5.xlarge,4,1.839817,0.02404,ap-southeast-1,aws-emr:ap-southeast-1:j-1B0J6GVFG42GF:s-04218401YLEWT6SJYE2T,aws,SG,,
1024,memory-heavy,c6i.xlarge,2,1.404633,0.00796,ap-south-1,aws-emr:ap-south-1:j-27XEV3TN290FR:s-057149030UE9VOR1ZM2R,aws,IN,,
1024,memory-heavy,m5a.xlarge,2,2.444817,0.009046,ap-south-1,aws-emr:ap-south-1:j-1QRGESNREMOR9:s-08808091SS3DROOYV7BH,aws,IN,,
3072,memory-heavy,c5a.xlarge,2,3.3067,0.019399,ap-southeast-1,aws-emr:ap-southeast-1:j-2L58M5DD0DQ9K:s-01664311O1TPC8Y4KQL6,aws,SG,,
1024,memory-heavy,c6i.xlarge,4,1.271683,0.014412,ap-south-1,aws-emr:ap-south-1:j-156X8536QJI05:s-0848031314GODYEZWB6M,aws,IN,,
3072,memory-heavy,c5a.xlarge,4,1.773633,0.020811,ap-southeast-1,aws-emr:ap-southeast-1:j-Q59B3QED5LRO:s-016743521EC9AJ9KM9T6,aws,SG,,
1024,memory-heavy,m5a.xlarge,4,1.907767,0.014117,ap-south-1,aws-emr:ap-south-1:j-3H5A29X9MKRHF:s-09731403M9AJ79EHRDPA,aws,IN,,
1024,io-heavy,c6i.xlarge,2,1.537767,0.008714,ap-south-1,aws-emr:ap-south-1:j-1LLFKTHF5WKRL:s-0371916PUY4N5ZTKQXZ,aws,IN,,
1024,memory-heavy,m6i.xlarge,2,1.605817,0.010813,ap-south-1,aws-emr:ap-south-1:j-2KFSXU24LSXW0:s-09222013BVONVWU2R660,aws,IN,,
3072,memory-heavy,c6i.xlarge,2,3.006133,0.01964,ap-southeast-1,aws-emr:ap-southeast-1:j-18MMQHH02MLRH:s-01458059PO4PTG383RT,aws,SG,,
1024,io-heavy,c6i.xlarge,4,1.13975,0.012917,ap-south-1,aws-emr:ap-south-1:j-2FY9FTNH1XMYK:s-022710514H3H0YS6NREY,aws,IN,,
3072,memory-heavy,c6i.xlarge,4,1.642,0.021455,ap-southeast-1,aws-emr:ap-southeast-1:j-36SGNQK3QB5K1:s-0381577G21FQ2RJUKLE,aws,SG,,
1024,memory-heavy,m6i.xlarge,4,1.172483,0.015789,ap-south-1,aws-emr:ap-south-1:j-1AQ89DQFLU8GK:s-02625822LNPXPZVBGZDY,aws,IN,,
1024,memory-heavy,c5.xlarge,2,1.6403,0.009295,ap-south-1,aws-emr:ap-south-1:j-1IB9ZKEFJ5P44:s-03704751A0KL7KJVLWOU,aws,IN,,
2048,cpu-heavy,c6i.xlarge,2,2.372517,0.013444,ap-south-1,aws-emr:ap-south-1:j-3JQFXA4CG7IF4:s-0371757104LV1Y7K4NUN,aws,IN,,
3072,io-heavy,m5.xlarge,2,5.1073,0.040858,ap-southeast-1,aws-emr:ap-southeast-1:j-31LRJCJEFLLGH:s-065926110YHPQLJSRXQB,aws,SG,,
1024,memory-heavy,c5.xlarge,4,1.272517,0.014422,ap-south-1,aws-emr:ap-south-1:j-3BFJ9CC1MMS6I:s-0532382AP50HHFH65IR,aws,IN,,
2048,cpu-heavy,c6i.xlarge,4,1.2396,0.014049,ap-south-1,aws-emr:ap-south-1:j-TRPU2ONF99FK:s-088911029L0QEQ0B0WR6,aws,IN,,
3072,io-heavy,m5.xlarge,4,3.040433,0.048647,ap-southeast-1,aws-emr:ap-southeast-1:j-3VBQ40AVY68WF:s-0063912GCHBW4R48X6O,aws,SG,,
1024,memory-heavy,c5a.xlarge,2,1.538767,0.004821,ap-south-1,aws-emr:ap-south-1:j-3J1GO1X3JH00L:s-09272381G3VHKKG8XZ83,aws,IN,,
2048,memory-heavy,c6i.xlarge,2,2.206583,0.012504,ap-south-1,aws-emr:ap-south-1:j-2MEQDY6Y8GNWW:s-03700963FE6CWI0XEC20,aws,IN,,
1024,memory-heavy,c5a.xlarge,4,1.406083,0.008811,ap-south-1,aws-emr:ap-south-1:j-ARTTWR0D6OAI:s-09686992WCT16PYKE2LU,aws,IN,,
3072,io-heavy,m5a.xlarge,2,6.141867,0.044221,ap-southeast-1,aws-emr:ap-southeast-1:j-2XS2NN0DWGP4F:s-04002641648UG6FTENR4,aws,SG,,
1024,io-heavy,m5a.xlarge,2,2.675367,0.009899,ap-south-1,aws-emr:ap-south-1:j-PF31LF5XTPB8:s-037197527X07L9M5PGIU,aws,IN,,
3072,io-heavy,m5a.xlarge,4,3.6102,0.051987,ap-southeast-1,aws-emr:ap-southeast-1:j-3UPQEKRT27KRE:s-03821632EDJN9H3SOB4O,aws,SG,,
2048,memory-heavy,c6i.xlarge,4,1.272233,0.014419,ap-south-1,aws-emr:ap-south-1:j-1SOCUEOL5KCT7:s-0531397AHYICFVRDC6H,aws,IN,,
1024,io-heavy,m5a.xlarge,4,2.1084,0.015602,ap-south-1,aws-emr:ap-south-1:j-234MK3YRUMGP0:s-06860491OOXR3I5VF69G,aws,IN,,
3072,io-heavy,c5.xlarge,2,4.405583,0.028783,ap-southeast-1,aws-emr:ap-southeast-1:j-3056XG7R6DV44:s-09334622QW40OTLBDGCA,aws,SG,,
2048,io-heavy,c6i.xlarge,2,2.572517,0.014578,ap-south-1,aws-emr:ap-south-1:j-UUOKCZR812ML:s-0909785W4RRC8HI9FEP,aws,IN,,
3072,io-heavy,c5.xlarge,4,2.206367,0.02883,ap-southeast-1,aws-emr:ap-southeast-1:j-18WUI8NYBGL5V:s-0672346HDCNDJVBIFYZ,aws,SG,,
2048,io-heavy,c6i.xlarge,4,1.538883,0.017441,ap-south-1,aws-emr:ap-south-1:j-3182HZYMANDKC:s-03487363BW0SEPWMRXQW,aws,IN,,
3072,cpu-heavy,c6i.xlarge,2,3.071567,0.017406,ap-south-1,aws-emr:ap-south-1:j-3PNCXBMNWY9Z8:s-055363524A4NOESSV54W,aws,IN,,
3072,io-heavy,c5a.xlarge,2,4.105717,0.024087,ap-southeast-1,aws-emr:ap-southeast-1:j-1KK70SPLNVUJS:s-01786643O9MJO1IDGV8T,aws,SG,,
1024,io-heavy,m6i.xlarge,4,1.339133,0.018034,ap-south-1,aws-emr:ap-south-1:j-29HV41UYEO4TZ:s-03718981TXPHY9O3SNG3,aws,IN,,
3072,cpu-heavy,c6i.xlarge,4,1.504883,0.017055,ap-south-1,aws-emr:ap-south-1:j-2T9KFQAHCDDOQ:s-001127912GH056R4O9GX,aws,IN,,
3072,io-heavy,c5a.xlarge,4,2.0387,0.023921,ap-southeast-1,aws-emr:ap-southeast-1:j-2UPTIAS7O1WSC:s-01518362FGBJ4ATNWZX,aws,SG,,
1024,io-heavy,c5.xlarge,2,1.872483,0.010611,ap-south-1,aws-emr:ap-south-1:j-1E4KERBFV07LI:s-103482315FZ0MXA85ZQH,aws,IN,,
3072,memory-heavy,c6i.xlarge,2,2.839083,0.016088,ap-south-1,aws-emr:ap-south-1:j-37ZJM0S03WO59:s-088743731GVP934G8RYH,aws,IN,,
3072,io-heavy,c6i.xlarge,2,3.704933,0.024206,ap-southeast-1,aws-emr:ap-southeast-1:j-KJ9WRM83MRLD:s-012560366MR9CZ2FPOQ,aws,SG,,
1024,io-heavy,c5.xlarge,4,1.30565,0.014797,ap-south-1,aws-emr:ap-south-1:j-1FKIVSF3UCDSA:s-079590363RLDKJRNMGO,aws,IN,,
3072,memory-heavy,c6i.xlarge,4,1.60535,0.018194,ap-south-1,aws-emr:ap-south-1:j-27SU4XN7SUFZF:s-03707573LA6CA142ZY63,aws,IN,,
3072,io-heavy,c6i.xlarge,4,1.906283,0.024909,ap-southeast-1,aws-emr:ap-southeast-1:j-1JF2U380S900M:s-064921228O69Z64XYCQ2,aws,SG,,
1024,io-heavy,c5a.xlarge,2,1.7391,0.005449,ap-south-1,aws-emr:ap-south-1:j-1TATXU2OOXSOZ:s-0924988IJU59R2DVBJ,aws,IN,,
3072,io-heavy,c6i.xlarge,2,3.544033,0.020083,ap-south-1,aws-emr:ap-south-1:j-8732RTNJ0RJQ:s-01206043N653BOJBOESU,aws,IN,,
5120,cpu-heavy,m5a.xlarge,2,7.576717,0.054552,ap-southeast-1,aws-emr:ap-southeast-1:j-S6DTHUO7EB02:s-06784943OMD75H9RCU1B,aws,SG,,
1024,io-heavy,c5a.xlarge,4,1.241767,0.007782,ap-south-1,aws-emr:ap-south-1:j-7T4QZBIZJZC2:s-07118521JEW1GW4HE1H0,aws,IN,,
3072,io-heavy,c6i.xlarge,4,1.805733,0.020465,ap-south-1,aws-emr:ap-south-1:j-1WOS53UUDS1V5:s-059242011TUWQVD9FQRK,aws,IN,,
5120,cpu-heavy,c5.xlarge,2,5.7403,0.037503,ap-southeast-1,aws-emr:ap-southeast-1:j-2OJJ4SIBATLIW:s-06595203TNDEYPKQR9M9,aws,SG,,
2048,cpu-heavy,m5a.xlarge,2,3.713717,0.013741,ap-south-1,aws-emr:ap-south-1:j-28UJCIK6XQ1Z1:s-036930228M7OHOP5XROJ,aws,IN,,
5120,cpu-heavy,c6i.xlarge,2,4.2387,0.024019,ap-south-1,aws-emr:ap-south-1:j-2L2KFUKARFECU:s-03698572C5CB0TZPE6AM,aws,IN,,
5120,cpu-heavy,c6i.xlarge,2,4.50465,0.02943,ap-southeast-1,aws-emr:ap-southeast-1:j-28NTX6QGI1ZEE:s-067929421477JULQA50F,aws,SG,,
2048,cpu-heavy,m5a.xlarge,4,2.308583,0.017084,ap-south-1,aws-emr:ap-south-1:j-2NXF4926N6LGT:s-05321493AV0JCGW6H661,aws,IN,,
5120,cpu-heavy,c6i.xlarge,4,2.3719,0.026882,ap-south-1,aws-emr:ap-south-1:j-2BK36J8H5U59:s-0895516M5LWRMV7LMMX,aws,IN,,
5120,memory-heavy,m5a.xlarge,2,7.776,0.055987,ap-southeast-1,aws-emr:ap-southeast-1:j-3061452FCFA2S:s-03811492K942OZ62CCK2,aws,SG,,
2048,cpu-heavy,m6i.xlarge,2,2.571267,0.017313,ap-south-1,aws-emr:ap-south-1:j-1KGV47KYJY997:s-025934918N03ACGSL8QL,aws,IN,,
5120,memory-heavy,c6i.xlarge,2,4.305667,0.024399,ap-south-1,aws-emr:ap-south-1:j-11EA033Q6R0FW:s-09273141VGER9TXA0Z7D,aws,IN,,
5120,memory-heavy,c5.xlarge,2,5.273183,0.034451,ap-southeast-1,aws-emr:ap-southeast-1:j-2OC5E2Q19HS8Y:s-06721711Z9EDH1HMF45E,aws,SG,,
2048,cpu-heavy,m6i.xlarge,4,1.438,0.019365,ap-south-1,aws-emr:ap-south-1:j-2B064B2THUTBM:s-05532281WAFGKY9T8WR4,aws,IN,,
5120,memory-heavy,c6i.xlarge,4,2.33915,0.02651,ap-south-1,aws-emr:ap-south-1:j-2YVD1V9ER07F3:s-022478815K1RKGBHKEV1,aws,IN,,
2048,cpu-heavy,c5.xlarge,2,2.505583,0.014198,ap-south-1,aws-emr:ap-south-1:j-91A2QRGUUP4S:s-0192811115MGVH8GNI6A,aws,IN,,
5120,memory-heavy,c6i.xlarge,2,4.371883,0.028563,ap-southeast-1,aws-emr:ap-southeast-1:j-1IE39DUL2TCHO:s-069690522Y2LI0ZK96XH,aws,SG,,
5120,io-heavy,c6i.xlarge,2,5.4049,0.030628,ap-south-1,aws-emr:ap-south-1:j-G9Q4393JUZRK:s-04985432AZ7G9QRO6GFY,aws,IN,,
2048,cpu-heavy,c5.xlarge,4,1.438617,0.016304,ap-south-1,aws-emr:ap-south-1:j-1PS68STE8Y6VC:s-05130911M7192C6Y290Q,aws,IN,,
5120,io-heavy,m5a.xlarge,2,9.8097,0.07063,ap-southeast-1,aws-emr:ap-southeast-1:j-6KSGIUQY8U31:s-0679093VB6RM7HEA9X1,aws,SG,,
5120,io-heavy,c6i.xlarge,4,2.3392,0.026511,ap-south-1,aws-emr:ap-south-1:j-35M0LRNI04PRH:s-08194651LCDIPGKBVXHB,aws,IN,,
2048,cpu-heavy,c5a.xlarge,2,2.505417,0.00785,ap-south-1,aws-emr:ap-south-1:j-1C6YBDB5G5AQJ:s-08871932HX45BYPF0V6V,aws,IN,,
5120,io-heavy,c5.xlarge,2,7.374,0.048177,ap-southeast-1,aws-emr:ap-southeast-1:j-G39DCU4LKFGD:s-03829361S05FR6230WJO,aws,SG,,
5120,io-heavy,c5a.xlarge,2,6.405533,0.037579,ap-southeast-1,aws-emr:ap-southeast-1:j-10X5B9YDV1UVA:s-04246551JXPT1EMSQJ1A,aws,SG,,
2048,cpu-heavy,c5a.xlarge,4,1.572033,0.009851,ap-south-1,aws-emr:ap-south-1:j-36TKEQ3X3X0HX:s-09101633U3XJ2L5U8UFO,aws,IN,,
5120,io-heavy,c6i.xlarge,2,5.83905,0.038148,ap-southeast-1,aws-emr:ap-southeast-1:j-5KKOQ3QS2WJT:s-06492576LXJQGZUMR91,aws,SG,,
2048,memory-heavy,m5a.xlarge,2,3.875483,0.014339,ap-south-1,aws-emr:ap-south-1:j-32XOLA4E1LZND:s-070306617WM1MXY6R1FE,aws,IN,,
2048,memory-heavy,m5a.xlarge,4,2.54255,0.018815,ap-south-1,aws-emr:ap-south-1:j-TJD0A201OS2L:s-08847733CX5DWWYSPOBM,aws,IN,,
2048,memory-heavy,m6i.xlarge,2,2.1383,0.014398,ap-south-1,aws-emr:ap-south-1:j-17F5FZ0827F1Y:s-09167573VY6YK3NL2OKN,aws,IN,,
2048,memory-heavy,m6i.xlarge,4,1.53875,0.020722,ap-south-1,aws-emr:ap-south-1:j-9NPQ8CJWFA29:s-03689312MTOQBO5J9VSU,aws,IN,,
2048,memory-heavy,c5.xlarge,2,2.3729,0.013446,ap-south-1,aws-emr:ap-south-1:j-3Q5874BP4LCT2:s-01190696TAX3XM1YQIA,aws,IN,,
2048,memory-heavy,c5.xlarge,4,1.5391,0.017443,ap-south-1,aws-emr:ap-south-1:j-3O83KG7WFQRRU:s-08868553T6LGIMNHJDFL,aws,IN,,
2048,memory-heavy,c5a.xlarge,2,2.306583,0.007227,ap-south-1,aws-emr:ap-south-1:j-MXMSC1YPSBH6:s-03718407WM4GDLSPL5L,aws,IN,,
2048,memory-heavy,c5a.xlarge,4,1.405333,0.008807,ap-south-1,aws-emr:ap-south-1:j-1NQIO958CZUQY:s-0813309IXWIAH20HHY1,aws,IN,,
2048,io-heavy,m5a.xlarge,2,4.376217,0.016192,ap-south-1,aws-emr:ap-south-1:j-3KXHWWALZ4GC3:s-034868820A7J0MEA88KX,aws,IN,,
2048,io-heavy,m5a.xlarge,4,2.842583,0.021035,ap-south-1,aws-emr:ap-south-1:j-94B78YZ9J2WK:s-0975425FMV6AJ9DG083,aws,IN,,
2048,io-heavy,m6i.xlarge,2,2.671,0.017985,ap-south-1,aws-emr:ap-south-1:j-1WW61162OK5W5:s-09064962U59EBZ1SY8C8,aws,IN,,
2048,io-heavy,m6i.xlarge,4,1.805367,0.024312,ap-south-1,aws-emr:ap-south-1:j-G1X1ZWDD4BRN:s-0921330L5F11WXRR4CS,aws,IN,,
2048,io-heavy,c5.xlarge,2,2.972833,0.016846,ap-south-1,aws-emr:ap-south-1:j-35JIPSW3XRSYY:s-09181163UEZ4CK9XUX61,aws,IN,,
2048,io-heavy,c5.xlarge,4,1.673233,0.018963,ap-south-1,aws-emr:ap-south-1:j-H1T7V14881H1:s-081923530PSHG7DNKS21,aws,IN,,
2048,io-heavy,c5a.xlarge,2,2.80665,0.008794,ap-south-1,aws-emr:ap-south-1:j-9P1DOT4OYC3W:s-0348588AHSLSA0ZJZ8U,aws,IN,,
2048,io-heavy,c5a.xlarge,4,1.538333,0.00964,ap-south-1,aws-emr:ap-south-1:j-1ZB8TLV6S84KP:s-069609718BFK6JZO7DZU,aws,IN,,
3072,cpu-heavy,m5a.xlarge,2,4.741583,0.017544,ap-south-1,aws-emr:ap-south-1:j-3I0I68E2GDU00:s-034848031EX1ZL3UJWNU,aws,IN,,
3072,cpu-heavy,m5a.xlarge,4,2.807467,0.020775,ap-south-1,aws-emr:ap-south-1:j-PY5Q9BJR29H9:s-09678822141ZPZ3XZP3J,aws,IN,,
3072,cpu-heavy,m6i.xlarge,2,2.973267,0.02002,ap-south-1,aws-emr:ap-south-1:j-3FF3YGEUHKOLA:s-06852601TGRMI4A03KEX,aws,IN,,
3072,cpu-heavy,m6i.xlarge,4,1.837967,0.024751,ap-south-1,aws-emr:ap-south-1:j-MQCY1516UMG8:s-08883122XFOWOO481WYG,aws,IN,,
3072,cpu-heavy,c5.xlarge,2,3.0397,0.017225,ap-south-1,aws-emr:ap-south-1:j-1ADLCJEH1BV4G:s-037210826U8KY1S04HRZ,aws,IN,,
3072,cpu-heavy,c5.xlarge,4,1.772383,0.020087,ap-south-1,aws-emr:ap-south-1:j-1D2YAASXCLYWE:s-03500752UQFMPIL1X011,aws,IN,,
3072,cpu-heavy,c5a.xlarge,2,3.0384,0.00952,ap-south-1,aws-emr:ap-south-1:j-1ZOPJEL2FX0JI:s-03706526DVC8JQ0PNA7,aws,IN,,
3072,cpu-heavy,c5a.xlarge,4,1.57235,0.009853,ap-south-1,aws-emr:ap-south-1:j-1CS7NSGELC1DA:s-03709152R5Z4NA2TXF8F,aws,IN,,
3072,memory-heavy,m5a.xlarge,2,5.04415,0.018663,ap-south-1,aws-emr:ap-south-1:j-77K557GVPAP3:s-01304261HY2UT8Y2K3AV,aws,IN,,
3072,memory-heavy,m5a.xlarge,4,3.042483,0.022514,ap-south-1,aws-emr:ap-south-1:j-1895N5UQJEOA6:s-0916414V8QTOCHUPVO,aws,IN,,
3072,memory-heavy,m6i.xlarge,2,2.83995,0.019122,ap-south-1,aws-emr:ap-south-1:j-5WN0NLCS4ESH:s-00742873M0W2ISIDYA2R,aws,IN,,
3072,memory-heavy,m6i.xlarge,4,1.8727,0.025219,ap-south-1,aws-emr:ap-south-1:j-AIF5H0RJW7RW:s-0795373Y9QKANBDLR01,aws,IN,,
3072,memory-heavy,c5.xlarge,2,3.172683,0.017979,ap-south-1,aws-emr:ap-south-1:j-1X12ZPNBAHTYZ:s-040390729244KUZUKXPC,aws,IN,,
3072,memory-heavy,c5.xlarge,4,1.839933,0.020853,ap-south-1,aws-emr:ap-south-1:j-27SGMOSL67I31:s-09164162XZGZC0ROI8NK,aws,IN,,
3072,memory-heavy,c5a.xlarge,2,3.139283,0.009836,ap-south-1,aws-emr:ap-south-1:j-7FL9AOL9WU03:s-0361095JKV43J6KNWEE,aws,IN,,
3072,memory-heavy,c5a.xlarge,4,1.639383,0.010273,ap-south-1,aws-emr:ap-south-1:j-27YYHXLNNYE9W:s-09266792VWTT8J8HUQRQ,aws,IN,,
3072,io-heavy,m5a.xlarge,2,5.908833,0.021863,ap-south-1,aws-emr:ap-south-1:j-1LAO6JA0NL7R1:s-0704611VK9I6IYAJMUK,aws,IN,,
3072,io-heavy,m5a.xlarge,4,3.442417,0.025474,ap-south-1,aws-emr:ap-south-1:j-2KGIU7TX4DA8W:s-089086423RJIUZXSUZCO,aws,IN,,
3072,io-heavy,m6i.xlarge,2,3.272717,0.022036,ap-south-1,aws-emr:ap-south-1:j-UBDC2YOKDE5Q:s-051088930NOBTXXT8I4T,aws,IN,,
3072,io-heavy,m6i.xlarge,4,2.1391,0.028807,ap-south-1,aws-emr:ap-south-1:j-13XADLY7R4DHF:s-10387822BTFXQ631KYWL,aws,IN,,
3072,io-heavy,c5.xlarge,2,3.772217,0.021376,ap-south-1,aws-emr:ap-south-1:j-2AN3WM4C8522O:s-09396913NX5EDSBR49E7,aws,IN,,
3072,io-heavy,c5.xlarge,4,2.139617,0.024249,ap-south-1,aws-emr:ap-south-1:j-3MBW8JFJA4WL4:s-03975102J1NN3QSKFAJW,aws,IN,,
3072,io-heavy,c5a.xlarge,2,3.8051,0.011923,ap-south-1,aws-emr:ap-south-1:j-3I5YX10ZBZRO9:s-03751973N7Y0D0UDL3N4,aws,IN,,
3072,io-heavy,c5a.xlarge,4,1.9061,0.011945,ap-south-1,aws-emr:ap-south-1:j-3NIKW0U4Q599J:s-03695771C63IKM6TOB6E,aws,IN,,
5120,cpu-heavy,m5a.xlarge,2,7.24195,0.026795,ap-south-1,aws-emr:ap-south-1:j-WLCT7NKDV0RL:s-082411124956GNVVU7BQ,aws,IN,,
5120,cpu-heavy,m5a.xlarge,4,3.798233,0.028107,ap-south-1,aws-emr:ap-south-1:j-3VMCDY95DEOD:s-060220425507USWN74VA,aws,IN,,
5120,cpu-heavy,m6i.xlarge,2,4.1057,0.027645,ap-south-1,aws-emr:ap-south-1:j-26CKKB4LCFMLW:s-0916084XHJ782KDX3WN,aws,IN,,
5120,cpu-heavy,m6i.xlarge,4,2.338183,0.031488,ap-south-1,aws-emr:ap-south-1:j-1UH0067CDQ7SE:s-0689151EZVNX5TIHXJK,aws,IN,,
5120,cpu-heavy,c5.xlarge,2,4.605717,0.026099,ap-south-1,aws-emr:ap-south-1:j-O0YX0UYWA72Y:s-09262884IQWREGX4AW3,aws,IN,,
5120,cpu-heavy,c5.xlarge,4,2.339417,0.026513,ap-south-1,aws-emr:ap-south-1:j-3B4H25LB0F618:s-08876082KJEZY053WLIM,aws,IN,,
5120,cpu-heavy,c5a.xlarge,2,4.572133,0.014326,ap-south-1,aws-emr:ap-south-1:j-3NEKS9OUAMTQP:s-05139611C0T71P51A78F,aws,IN,,
5120,cpu-heavy,c5a.xlarge,4,2.2061,0.013825,ap-south-1,aws-emr:ap-south-1:j-YYOTCGM20WOV:s-086072613ZZ2WD4XQO4,aws,IN,,
5120,memory-heavy,m5a.xlarge,2,7.241583,0.026794,ap-south-1,aws-emr:ap-south-1:j-68A3M32NOS6Y:s-036975136KGLSQV33RAU,aws,IN,,
5120,memory-heavy,m5a.xlarge,4,4.17555,0.030899,ap-south-1,aws-emr:ap-south-1:j-3JUGXMQAOPGUC:s-0370026WSM4VY5ARWDK,aws,IN,,
5120,memory-heavy,m6i.xlarge,2,4.2726,0.028769,ap-south-1,aws-emr:ap-south-1:j-2GCWPBWHGS1BV:s-036913431TB82JHPELIV,aws,IN,,
5120,memory-heavy,m6i.xlarge,4,2.604567,0.035075,ap-south-1,aws-emr:ap-south-1:j-2KSY2HBTDGH7C:s-02063263EYP32795667Q,aws,IN,,
5120,memory-heavy,c5.xlarge,2,4.772967,0.027047,ap-south-1,aws-emr:ap-south-1:j-7SBKGQDK9C5X:s-07083382KQ8Q6W0GXK7Y,aws,IN,,
5120,memory-heavy,c5.xlarge,4,2.540917,0.028797,ap-south-1,aws-emr:ap-south-1:j-R8KPWLWYUKPC:s-09165841MR5HCE18BM7N,aws,IN,,
5120,memory-heavy,c5a.xlarge,2,4.738467,0.014847,ap-south-1,aws-emr:ap-south-1:j-4VDPKOBS1Z8M:s-03713403TM1EIJ1BVOIF,aws,IN,,
5120,memory-heavy,c5a.xlarge,4,2.271983,0.014238,ap-south-1,aws-emr:ap-south-1:j-25WY26V0NI32V:s-00105143I32M5SG7HJ4R,aws,IN,,
5120,io-heavy,m5a.xlarge,2,9.343017,0.034569,ap-south-1,aws-emr:ap-south-1:j-2HNLYVUTUDFJS:s-09714623Q560KNZIRP5Y,aws,IN,,
5120,io-heavy,m5a.xlarge,4,4.774433,0.035331,ap-south-1,aws-emr:ap-south-1:j-J87KPVIJ9K1X:s-09148691MDZSQJO1F5TG,aws,IN,,
5120,io-heavy,m6i.xlarge,2,5.2413,0.035291,ap-south-1,aws-emr:ap-south-1:j-13LAF5ORI2JL:s-00283293AZWPDJ74CEGW,aws,IN,,
5120,io-heavy,m6i.xlarge,4,3.405933,0.045867,ap-south-1,aws-emr:ap-south-1:j-2ZEIO61ZX7GGC:s-09103143HYH4GWZYQ78Z,aws,IN,,
5120,io-heavy,c5.xlarge,2,6.40755,0.036309,ap-south-1,aws-emr:ap-south-1:j-1FY8BCTDI9FX5:s-0142707N59O5YAVI8I9,aws,IN,,
5120,io-heavy,c5.xlarge,4,2.9398,0.033318,ap-south-1,aws-emr:ap-south-1:j-13BZ8VAZBI6RW:s-03721252O87CKZGX9B01,aws,IN,,
5120,io-heavy,c5a.xlarge,2,6.1057,0.019131,ap-south-1,aws-emr:ap-south-1:j-2SIRL8UK011QF:s-039041815HP0ZV5I7HQX,aws,IN,,
5120,io-heavy,c5a.xlarge,4,2.739417,0.017167,ap-south-1,aws-emr:ap-south-1:j-2UP8SZ9QBFONN:s-07113203RQWMX58TVHG4,aws,IN,,
1024,io-heavy,m6i.xlarge,2,1.57255,0.010589,ap-south-1,aws-emr:ap-south-1:j-2IXMC8FMP2MAR:s-03716413OYPN3Y9OUAJ1,aws,IN,,
100,memory-heavy,m5a.xlarge,2,1.210283,0.004478,ap-south-1,aws-emr:ap-south-1:j-2LS0603PPNZ5A:s-03702523VA7JC9OT4QQ3,aws,IN,,
1024,io-heavy,c6i.xlarge,4,1.137583,0.012893,ap-south-1,aws-emr:ap-south-1:j-1POCOLLNQMJCX:s-00097991U58O3TKMFVTQ,aws,IN,,
10,io-heavy,c6i.xlarge,4,0.771883,0.008748,ap-south-1,aws-emr:ap-south-1:j-3UWK5A909DW9K:s-09289373NO34I54RSM75,aws,IN,,
10,cpu-heavy,m5.xlarge,4,0.974117,0.013118,ap-south-1,aws-emr:ap-south-1:j-39S9QKJYN14TZ:s-036933437VISRDTKAEPD,aws,IN,,
1024,cpu-heavy,m5a.xlarge,4,1.8092,0.013388,ap-south-1,aws-emr:ap-south-1:j-1I7E1D8LIQF38:s-0592598272SCR6SBHMAH,aws,IN,,
10,io-heavy,m5a.xlarge,2,1.14255,0.004227,ap-south-1,aws-emr:ap-south-1:j-FIYIZBOGU1AV:s-0889959JO7LDBV71U81,aws,IN,,
10,io-heavy,m5a.xlarge,2,1.10835,0.004101,ap-south-1,aws-emr:ap-south-1:j-3IG3TR49ZKET8:s-0369528212QYYKYFD7GX,aws,IN,,
500,memory-heavy,c6i.xlarge,2,1.0713,0.006071,ap-south-1,aws-emr:ap-south-1:j-14M8E0T0WGU0V:s-0371994XTXCZ23OXK0M,aws,IN,,
1024,cpu-heavy,m6i.xlarge,2,1.372317,0.00924,ap-south-1,aws-emr:ap-south-1:j-1V4CHGFKB26AA:s-09097201LC749SFB3385,aws,IN,,
3072,io-heavy,m5a.xlarge,2,5.94215,0.021986,ap-south-1,aws-emr:ap-south-1:j-VMFU8H344P4Y:s-07083063ULVNWQQTID7X,aws,IN,,
500,memory-heavy,c6i.xlarge,4,0.9045,0.010251,ap-south-1,aws-emr:ap-south-1:j-SXIAGWKQS4IS:s-0916118L39PD1OMN0HD,aws,IN,,
100,memory-heavy,c6i.xlarge,4,0.80585,0.009133,ap-south-1,aws-emr:ap-south-1:j-YAFNP8DPYT8T:s-0893835245E79ELQM0SW,aws,IN,,
10,memory-heavy,m6i.xlarge,4,1.005283,0.013538,ap-south-1,aws-emr:ap-south-1:j-JZGB89QLA3WS:s-03692223FHUBXLIDGMGV,aws,IN,,
100,cpu-heavy,c5.xlarge,4,0.906067,0.010269,ap-south-1,aws-emr:ap-south-1:j-20LG20KBYRSTQ:s-037542538OSB391WLRGY,aws,IN,,
500,cpu-heavy,m5a.xlarge,4,1.576017,0.011663,ap-south-1,aws-emr:ap-south-1:j-17Z70SV2TTP9Y:s-03710312HFTNBSK98A44,aws,IN,,
500,io-heavy,c5.xlarge,4,1.106917,0.012545,ap-south-1,aws-emr:ap-south-1:j-2BMBIRM6HCSE0:s-09237181LR6IXGA7ZRKV,aws,IN,,
10,memory-heavy,c5a.xlarge,4,0.838967,0.005258,ap-south-1,aws-emr:ap-south-1:j-3IL0I4AK1I602:s-06881293VKCYCDQ2SJUT,aws,IN,,
500,memory-heavy,c6i.xlarge,4,0.874633,0.009913,ap-south-1,aws-emr:ap-south-1:j-1SSD7XCEMGFFR:s-02685642CEFTFXI96VGL,aws,IN,,
10,cpu-heavy,c5a.xlarge,2,0.705417,0.00221,ap-south-1,aws-emr:ap-south-1:j-15JN8YCF0LGY3:s-00145592G5GVTDRJXE73,aws,IN,,
10,io-heavy,c5.xlarge,4,0.906817,0.010277,ap-south-1,aws-emr:ap-south-1:j-2ZJW9IT8P158H:s-07782238R00WO46LQWS,aws,IN,,
500,memory-heavy,c5a.xlarge,2,1.205267,0.003777,ap-south-1,aws-emr:ap-south-1:j-3A6N7OFX3BYJJ:s-03743481G91E8LO4OJYF,aws,IN,,
10,io-heavy,m6i.xlarge,2,0.70505,0.004747,ap-south-1,aws-emr:ap-south-1:j-I0YJHSDTH1PG:s-067189723A3CAVKDBFFP,aws,IN,,
2048,cpu-heavy,m5.xlarge,4,1.90725,0.025684,ap-south-1,aws-emr:ap-south-1:j-12GGUKN5RG481:s-02748057945H6REJXEK,aws,IN,,
100,cpu-heavy,m5.xlarge,4,1.0068,0.013558,ap-south-1,aws-emr:ap-south-1:j-SLDCTMHAI5QC:s-03736042L22ENJ0DP9D2,aws,IN,,
10,cpu-heavy,c5.xlarge,4,0.87325,0.009897,ap-south-1,aws-emr:ap-south-1:j-3Q9CNKOD3RM8O:s-0370021PNMHQGO0PYR2,aws,IN,,
1024,cpu-heavy,m6i.xlarge,4,1.072483,0.014443,ap-south-1,aws-emr:ap-south-1:j-ROPINRI0MSY7:s-0917185197PBM5WRJVX2,aws,IN,,
100,cpu-heavy,m6i.xlarge,4,0.872067,0.011744,ap-south-1,aws-emr:ap-south-1:j-1X54XAKIH98OV:s-07074891CXLJOFAUZ4RC,aws,IN,,
2048,memory-heavy,m5.xlarge,4,2.039783,0.027469,ap-south-1,aws-emr:ap-south-1:j-1FGVMDR4EP8EZ:s-00733321QZE25DF3LX8S,aws,IN,,
1024,memory-heavy,c5.xlarge,4,1.339633,0.015183,ap-south-1,aws-emr:ap-south-1:j-3CNEYHNJDR0JP:s-07772311XO3XZ0HXZ0WS,aws,IN,,
500,memory-heavy,c6i.xlarge,2,1.043667,0.005914,ap-south-1,aws-emr:ap-south-1:j-1BQ6LAZ9WYRLH:s-09775173U3D86LN37NHV,aws,IN,,
100,cpu-heavy,m6i.xlarge,2,0.772167,0.005199,ap-south-1,aws-emr:ap-south-1:j-1BOFCKA02R55H:s-1007261VNO4BEWXZ94M,aws,IN,,
500,io-heavy,m5.xlarge,4,1.407717,0.018957,ap-south-1,aws-emr:ap-south-1:j-1KB7D1BB1BYUF:s-0596720XD4H4MHCZBBO,aws,IN,,
500,cpu-heavy,c5a.xlarge,4,1.004683,0.006296,ap-south-1,aws-emr:ap-south-1:j-1F4FMRW6O12ZZ:s-0893593Z7W3X29594GP,aws,IN,,
2048,cpu-heavy,m6i.xlarge,2,2.105583,0.014178,ap-south-1,aws-emr:ap-south-1:j-3MZVDC7EDDTDB:s-0128779QZCATNSQOJ1S,aws,IN,,
100,cpu-heavy,c5.xlarge,2,0.872783,0.004946,ap-south-1,aws-emr:ap-south-1:j-14OLIKSSTY2X4:s-04209481I74UM3PI8C39,aws,IN,,
1024,io-heavy,m5a.xlarge,2,2.6419,0.009775,ap-south-1,aws-emr:ap-south-1:j-3CWK19NWA4VRR:s-09246671KG01KV61ZFP0,aws,IN,,
10,cpu-heavy,c5.xlarge,4,1.110183,0.012582,ap-south-1,aws-emr:ap-south-1:j-3NDLVO61HPN0L:s-08869633R3ZTALYA9GJO,aws,IN,,
100,cpu-heavy,m5.xlarge,4,1.072733,0.014446,ap-south-1,aws-emr:ap-south-1:j-3GDTBJ2WTIX8C:s-04209331BZ3RHG2R0GHG,aws,IN,,
2048,memory-heavy,c5.xlarge,4,1.5729,0.017826,ap-south-1,aws-emr:ap-south-1:j-198SAO6MQFISO:s-0723731R1IB256S8L9X,aws,IN,,
10,io-heavy,m6i.xlarge,4,0.872833,0.011754,ap-south-1,aws-emr:ap-south-1:j-63YA9MEM8MD5:s-02684982WA61XXFQCVG2,aws,IN,,
100,memory-heavy,c6i.xlarge,4,0.805083,0.009124,ap-south-1,aws-emr:ap-south-1:j-3TRBSLDSOKO3J:s-06169053DTJ8WQQ7PO9Q,aws,IN,,
100,io-heavy,m5.xlarge,2,0.9743,0.00656,ap-south-1,aws-emr:ap-south-1:j-24DCUP2XOEGH7:s-06090542DLXVR2CBKU2,aws,IN,,
500,memory-heavy,m5.xlarge,2,1.343167,0.009044,ap-south-1,aws-emr:ap-south-1:j-8H3LFCO14B6:s-0939580OOQ1YN1RT510,aws,IN,,
500,io-heavy,m6i.xlarge,2,1.171583,0.007889,ap-south-1,aws-emr:ap-south-1:j-3GKRC3N6IONGM:s-0928640208B86M1J5JEM,aws,IN,,
1024,io-heavy,m5.xlarge,2,2.440383,0.016432,ap-south-1,aws-emr:ap-south-1:j-Q1DIY16AJRYP:s-05299322NKN3QOHFRD51,aws,IN,,
10,memory-heavy,m6i.xlarge,4,0.8388,0.011296,ap-south-1,aws-emr:ap-south-1:j-28MMNY1VEW0AW:s-0627013BLFH6BEFE27I,aws,IN,,
10,io-heavy,m5a.xlarge,2,1.142083,0.004226,ap-south-1,aws-emr:ap-south-1:j-3DLQ2JPFMQDSM:s-08874243KBQ79C2FWI9F,aws,IN,,
100,cpu-heavy,c5.xlarge,4,0.83965,0.009516,ap-south-1,aws-emr:ap-south-1:j-3AGW9F2Y720OG:s-09148493ZVF8XLMZXYO,aws,IN,,
500,memory-heavy,c5.xlarge,2,1.242633,0.007042,ap-south-1,aws-emr:ap-south-1:j-U9GEX0HG8QU5:s-06753892JZBHF2004CMK,aws,IN,,
100,memory-heavy,c6i.xlarge,2,0.772117,0.004375,ap-south-1,aws-emr:ap-south-1:j-MQ6VGUQ9U3BG:s-07858823Q1TIMO45TYVI,aws,IN,,
500,io-heavy,c6i.xlarge,4,0.938183,0.010633,ap-south-1,aws-emr:ap-south-1:j-2GEAT15I5S8SZ:s-01286891VKPOIK5LQKOC,aws,IN,,
100,cpu-heavy,m6i.xlarge,2,0.7388,0.004975,ap-south-1,aws-emr:ap-south-1:j-3SOAE3JSB32WQ:s-0928408A48TM9PP9KLV,aws,IN,,
10,io-heavy,m5a.xlarge,2,1.207833,0.008696,ap-southeast-1,aws-emr:ap-southeast-1:j-1I7MO283ZD41F:s-06765681Z0WN4VFUT5MU,aws,SG,,
2048,cpu-heavy,m6i.xlarge,4,1.572367,0.025158,ap-southeast-1,aws-emr:ap-southeast-1:j-3IXTDK9K5R63N:s-067623624A8URLALIOWY,aws,SG,,
2048,memory-heavy,c6i.xlarge,2,2.037817,0.011548,ap-south-1,aws-emr:ap-south-1:j-1P4C4KOGPZ78Z:s-08908812J9MWQJR9LZJA,aws,IN,,
500,io-heavy,m5.xlarge,4,1.37305,0.01849,ap-south-1,aws-emr:ap-south-1:j-2FYD3EU0PC7K8:s-05446091ISJVHSD5T5ET,aws,IN,,
10,io-heavy,c6i.xlarge,2,0.7044,0.003992,ap-south-1,aws-emr:ap-south-1:j-2HKPZ2OBKYIDN:s-0915598304ZFB73JSR4O,aws,IN,,
5120,memory-heavy,m5.xlarge,4,3.306067,0.044522,ap-south-1,aws-emr:ap-south-1:j-8Z18533HEBH9:s-07444851Z4ASVWYTMZ8D,aws,IN,,
100,memory-heavy,c5.xlarge,4,0.97275,0.011025,ap-south-1,aws-emr:ap-south-1:j-DAF7I42QYYEB:s-012867795NPYZHIPOU,aws,IN,,
10,memory-heavy,m5a.xlarge,2,1.174567,0.008457,ap-southeast-1,aws-emr:ap-southeast-1:j-3JTP6SPTUM084:s-053752838ZPPF1AL0H37,aws,SG,,
1024,memory-heavy,m5a.xlarge,2,2.544633,0.018321,ap-southeast-1,aws-emr:ap-southeast-1:j-1V3PVS7EJSSK5:s-01608123TQOX1KRXYU3R,aws,SG,,
10,io-heavy,c6i.xlarge,2,0.838467,0.005478,ap-southeast-1,aws-emr:ap-southeast-1:j-2AOTIEEAH10RB:s-06970152H8SBM7N2HYM,aws,SG,,
100,io-heavy,c5a.xlarge,2,0.871483,0.002731,ap-south-1,aws-emr:ap-south-1:j-64WFDU9ADU5U:s-05914992P5OLVNGQXNKX,aws,IN,,
2048,memory-heavy,m5.xlarge,4,1.939483,0.026118,ap-south-1,aws-emr:ap-south-1:j-3B7DTAWQIPT6L:s-0376269EIQI84BMH2QI,aws,IN,,
500,cpu-heavy,m5a.xlarge,4,1.54125,0.022194,ap-southeast-1,aws-emr:ap-southeast-1:j-1PYXHXJBV3HY0:s-04053071TEYSMIN49NH0,aws,SG,,
100,cpu-heavy,m6i.xlarge,4,0.905317,0.012192,ap-south-1,aws-emr:ap-south-1:j-2TM2D6VZ96DP1:s-091574026HK40E0422NF,aws,IN,,
10,io-heavy,m5a.xlarge,2,1.37455,0.009897,ap-southeast-1,aws-emr:ap-southeast-1:j-1C0Y6WNH0N87A:s-09258333JMSLSOV57KMY,aws,SG,,
2048,io-heavy,m6i.xlarge,4,1.8053,0.024311,ap-south-1,aws-emr:ap-south-1:j-1O6QX60H3N0C1:s-093645825039MMFTXEB9,aws,IN,,
10,cpu-heavy,c5.xlarge,4,0.906933,0.011851,ap-southeast-1,aws-emr:ap-southeast-1:j-1BWEK6D5FZL43:s-01250422MF6SYABEQADQ,aws,SG,,
10,io-heavy,c6i.xlarge,4,0.805117,0.009125,ap-south-1,aws-emr:ap-south-1:j-1K396APRWSNKA:s-019224749PPDF01HBZ2,aws,IN,,
100,memory-heavy,m6i.xlarge,2,0.771733,0.005196,ap-south-1,aws-emr:ap-south-1:j-1TI3Q7K1NSIME:s-0885153LRR4T44AXZE2,aws,IN,,
100,io-heavy,c5a.xlarge,2,0.972883,0.005708,ap-southeast-1,aws-emr:ap-southeast-1:j-17CAB08OYDYDJ:s-06771932PIRO1FXZKDGI,aws,SG,,
2048,cpu-heavy,c5.xlarge,4,1.573133,0.020556,ap-southeast-1,aws-emr:ap-southeast-1:j-ZKCC2HM16C87:s-0381239179G6Y8VUY4U2,aws,SG,,
500,memory-heavy,m5.xlarge,4,1.2746,0.017165,ap-south-1,aws-emr:ap-south-1:j-1GOP5NO6WBEG8:s-09475952XSRKF8H5J7OZ,aws,IN,,
10,memory-heavy,c5a.xlarge,2,0.80565,0.004726,ap-southeast-1,aws-emr:ap-southeast-1:j-3AIE29BQ2K4IY:s-0926433285TEE09SF43F,aws,SG,,
100,memory-heavy,c6i.xlarge,2,0.8062,0.005267,ap-southeast-1,aws-emr:ap-southeast-1:j-2Z74ZIRAEA5KB:s-084033521TLUCQDZ05KI,aws,SG,,
10,io-heavy,m5a.xlarge,4,1.309333,0.009689,ap-south-1,aws-emr:ap-south-1:j-3HAGIEQS58TVY:s-02517231JLFEAJ1OJEI2,aws,IN,,
500,io-heavy,c6i.xlarge,2,1.305917,0.008532,ap-southeast-1,aws-emr:ap-southeast-1:j-1Z85V8F5KDFJO:s-04035631A3CY3IHZ8RWX,aws,SG,,
10,io-heavy,m5a.xlarge,2,1.175783,0.00435,ap-south-1,aws-emr:ap-south-1:j-20S5ZKWVI7CD5:s-00089923IE3GGAA2KB32,aws,IN,,
100,cpu-heavy,c5a.xlarge,2,0.771617,0.002418,ap-south-1,aws-emr:ap-south-1:j-6S980JR27OF7:s-0950443Q0A9JCSJGRXD,aws,IN,,
10,memory-heavy,m5a.xlarge,4,1.4767,0.021264,ap-southeast-1,aws-emr:ap-southeast-1:j-3VRC4OUI6XHVY:s-01731763D4YKCBFRALJF,aws,SG,,
100,io-heavy,m6i.xlarge,2,0.972233,0.007778,ap-southeast-1,aws-emr:ap-southeast-1:j-3IS1X8TT40I0K:s-0402033IIPOTDW4DHN,aws,SG,,
500,cpu-heavy,m6i.xlarge,2,1.00695,0.00678,ap-south-1,aws-emr:ap-south-1:j-1QYP26Z6PGV2U:s-0376487KNFFML9GQRKU,aws,IN,,
500,io-heavy,m5.xlarge,2,1.473033,0.009918,ap-south-1,aws-emr:ap-south-1:j-1S9UBY26G9D1J:s-0899079193YLQ58JHDGC,aws,IN,,
10,io-heavy,m5.xlarge,2,1.139483,0.009116,ap-southeast-1,aws-emr:ap-southeast-1:j-OGOJHZBC35FR:s-07026983K0V4GBYWKOUE,aws,SG,,
100,memory-heavy,c6i.xlarge,2,0.805117,0.00526,ap-southeast-1,aws-emr:ap-southeast-1:j-2ZMEL6UBT19EQ:s-0665034139U6CHAB8G6H,aws,SG,,
100,cpu-heavy,c6i.xlarge,4,0.77235,0.008753,ap-south-1,aws-emr:ap-south-1:j-6G7BPDY40W9O:s-05243553TR717DJ2QVFR,aws,IN,,
2048,io-heavy,m5.xlarge,4,2.240483,0.030172,ap-south-1,aws-emr:ap-south-1:j-2PVQJYEHGG1JZ:s-0402199K8433H8CBYJV,aws,IN,,
500,io-heavy,m5a.xlarge,4,1.807483,0.026028,ap-southeast-1,aws-emr:ap-southeast-1:j-25FPCBK1H43D:s-04038221Q3F3G8JTBAG5,aws,SG,,
10,io-heavy,m6i.xlarge,4,0.9384,0.015014,ap-southeast-1,aws-emr:ap-southeast-1:j-8T7TUYGZR63W:s-040476620AOJHIS0BBP3,aws,SG,,
10,memory-heavy,m5.xlarge,4,1.106633,0.017706,ap-southeast-1,aws-emr:ap-southeast-1:j-295WFBLXISRFM:s-01521843F1SE7WGMENM4,aws,SG,,
500,memory-heavy,m5.xlarge,2,1.50585,0.010139,ap-south-1,aws-emr:ap-south-1:j-1AZ2RODNROKLP:s-07770428ECORKZZZO26,aws,IN,,
100,memory-heavy,c5.xlarge,2,0.839467,0.004757,ap-south-1,aws-emr:ap-south-1:j-KLJSXCCWBMQ6:s-0914803LXLQ5XX1VKS9,aws,IN,,
100,io-heavy,m5.xlarge,4,1.106183,0.014897,ap-south-1,aws-emr:ap-south-1:j-1MAAMZXKGI7P2:s-00137971VG4LW4SCO4QM,aws,IN,,
1024,io-heavy,m5.xlarge,4,1.873217,0.029971,ap-southeast-1,aws-emr:ap-southeast-1:j-38DW6N6KM57HL:s-0405103BS42VCLI4ZWT,aws,SG,,
500,memory-heavy,m6i.xlarge,2,1.0719,0.008575,ap-southeast-1,aws-emr:ap-southeast-1:j-394976QMA6FUC:s-092723812VWFGQNHOCIO,aws,SG,,
10,cpu-heavy,c5.xlarge,4,0.8729,0.009893,ap-south-1,aws-emr:ap-south-1:j-3J28F03LNX75:s-0913977266OHYTGL49IF,aws,IN,,
10,io-heavy,m5.xlarge,2,0.873667,0.005883,ap-south-1,aws-emr:ap-south-1:j-MNBICUQMQY1Q:s-037575748PD22LP4QPS,aws,IN,,
10,cpu-heavy,c6i.xlarge,4,0.839117,0.010964,ap-southeast-1,aws-emr:ap-southeast-1:j-NS87TU48RRFQ:s-0061335WVQYYM8C8V1X,aws,SG,,
10,cpu-heavy,m5.xlarge,4,1.03955,0.016633,ap-southeast-1,aws-emr:ap-southeast-1:j-2TK09FWH4KXLL:s-040546610JO10ZIWK51L,aws,SG,,
500,memory-heavy,c5a.xlarge,4,0.972317,0.006093,ap-south-1,aws-emr:ap-south-1:j-O7P42UBEN7ON:s-0707095172G571O2B98L,aws,IN,,
10,io-heavy,c5a.xlarge,2,0.7717,0.002418,ap-south-1,aws-emr:ap-south-1:j-17APPFQJH990T:s-06797163VDLU05OPXC8C,aws,IN,,
10,io-heavy,m5.xlarge,2,0.9733,0.007786,ap-southeast-1,aws-emr:ap-southeast-1:j-2WHP4ZL93X8YA:s-01464441DRRVABB101VN,aws,SG,,
10,io-heavy,c5a.xlarge,2,0.871683,0.005114,ap-southeast-1,aws-emr:ap-southeast-1:j-2SBKP4BHG8TUB:s-04047691RI12FZXESYBA,aws,SG,,
100,cpu-heavy,c5.xlarge,4,0.973083,0.012715,ap-southeast-1,aws-emr:ap-southeast-1:j-N2K110HDO77J:s-04047223NOZ3YND02QXS,aws,SG,,
10,cpu-heavy,m6i.xlarge,4,0.839167,0.013427,ap-southeast-1,aws-emr:ap-southeast-1:j-1F27L3HY5CKPY:s-09269731C49MGJO8O16U,aws,SG,,
1024,io-heavy,c5a.xlarge,2,1.705467,0.005344,ap-south-1,aws-emr:ap-south-1:j-1JLQLLPDQWNBV:s-093929927U4M7IU378RJ,aws,IN,,
100,memory-heavy,m5a.xlarge,4,1.374233,0.010169,ap-south-1,aws-emr:ap-south-1:j-303XF6RS4FF43:s-0808787Z8I4OWTEO1RM,aws,IN,,
10,memory-heavy,m6i.xlarge,2,0.705067,0.004747,ap-south-1,aws-emr:ap-south-1:j-QCG0RWXJDU1U:s-01416832D247SBXKQ8AT,aws,IN,,
1024,cpu-heavy,m6i.xlarge,4,1.105933,0.014893,ap-south-1,aws-emr:ap-south-1:j-UPD7TQYY7KJF:s-10070921E6L4UO1BL1TD,aws,IN,,
10,io-heavy,c5.xlarge,2,0.90655,0.005923,ap-southeast-1,aws-emr:ap-southeast-1:j-2NUK2C4PTCEQZ:s-01701471T450AGXUYW8A,aws,SG,,
100,memory-heavy,m5.xlarge,4,1.139417,0.018231,ap-southeast-1,aws-emr:ap-southeast-1:j-3RZHOXF7MM01H:s-0927416IW56ZAH1MRLR,aws,SG,,
100,memory-heavy,c5.xlarge,2,0.872783,0.004946,ap-south-1,aws-emr:ap-south-1:j-1WZFXP9BPHQQ3:s-05554151AY6GYQ51HNE1,aws,IN,,
100,cpu-heavy,c5a.xlarge,4,0.805367,0.005047,ap-south-1,aws-emr:ap-south-1:j-1OE42TMS5KOLR:s-03705741DV8LHHA2J8FP,aws,IN,,
10,io-heavy,m5.xlarge,2,0.872583,0.005875,ap-south-1,aws-emr:ap-south-1:j-375UUYUJQX30D:s-09331402Y6USC7D8HQA6,aws,IN,,
10,cpu-heavy,m5.xlarge,2,0.84,0.005656,ap-south-1,aws-emr:ap-south-1:j-2USTG7G4VP17U:s-086782217328R9G2IB1E,aws,IN,,
1024,cpu-heavy,c5a.xlarge,2,1.605417,0.009418,ap-southeast-1,aws-emr:ap-southeast-1:j-X0IIZRLJI81M:s-01300027LD5RF4DXMZ1,aws,SG,,
10,io-heavy,m5a.xlarge,4,1.410233,0.020307,ap-southeast-1,aws-emr:ap-southeast-1:j-1FDDTGCYOSL7O:s-06765253V3D0G2PDO66W,aws,SG,,
10,cpu-heavy,c5.xlarge,2,0.77285,0.004379,ap-south-1,aws-emr:ap-south-1:j-4BDO95JNY5SJ:s-0758736IL8MJ3FJZARK,aws,IN,,
1024,cpu-heavy,m5.xlarge,4,1.40635,0.018939,ap-south-1,aws-emr:ap-south-1:j-1MN0C3ORI7H8G:s-0369505IXYMWVTDBN4A,aws,IN,,
500,cpu-heavy,m5.xlarge,2,1.306467,0.010452,ap-southeast-1,aws-emr:ap-southeast-1:j-3MZQB928FNQA1:s-01695393MNUGZJJR6P9S,aws,SG,,
500,memory-heavy,c5a.xlarge,2,1.171533,0.006873,ap-southeast-1,aws-emr:ap-southeast-1:j-2CE3V7IUDLPOX:s-03811711J6EE9VFX2LX2,aws,SG,,
10,memory-heavy,m5a.xlarge,4,1.310317,0.009696,ap-south-1,aws-emr:ap-south-1:j-Q0J8U4KH26XC:s-075006918N6X007M7NQB,aws,IN,,
10,cpu-heavy,m6i.xlarge,2,0.638833,0.004301,ap-south-1,aws-emr:ap-south-1:j-39DMO1ZTB0WR9:s-025144538MF1LTAXQ3HP,aws,IN,,
10,cpu-heavy,c6i.xlarge,4,0.804633,0.010514,ap-southeast-1,aws-emr:ap-southeast-1:j-FIS94EIU8NR9:s-01656251MGT5A8598YYK,aws,SG,,
500,memory-heavy,m6i.xlarge,2,1.10535,0.008843,ap-southeast-1,aws-emr:ap-southeast-1:j-YDYLU4Q30LZ4:s-04029271UCEO7N15LH1Z,aws,SG,,
500,cpu-heavy,c5a.xlarge,4,0.93875,0.005883,ap-south-1,aws-emr:ap-south-1:j-1RLPG1LWPDCNX:s-03888432RJ8Q0RADQV4K,aws,IN,,
100,memory-heavy,c6i.xlarge,4,0.80575,0.009132,ap-south-1,aws-emr:ap-south-1:j-6L92RMQQUS28:s-1037264ZHZ1GJP4SK1L,aws,IN,,
10,cpu-heavy,c6i.xlarge,4,0.804717,0.010515,ap-southeast-1,aws-emr:ap-southeast-1:j-1Y4OUJTZREMZT:s-035980913F7LBEA9SY29,aws,SG,,
500,io-heavy,c5.xlarge,2,1.47445,0.009633,ap-southeast-1,aws-emr:ap-southeast-1:j-M0FV0VW9BGYT:s-04240562G41QVBSBRID5,aws,SG,,
10,io-heavy,m5.xlarge,2,0.906333,0.006103,ap-south-1,aws-emr:ap-south-1:j-1WB638VNYGEXD:s-09110662UALDGMRFFFA7,aws,IN,,
10,io-heavy,c5.xlarge,2,0.8055,0.004564,ap-south-1,aws-emr:ap-south-1:j-BQ7KLFWKB4WL:s-00986063HKO7D09KFNYZ,aws,IN,,
2048,cpu-heavy,m6i.xlarge,2,2.273183,0.018185,ap-southeast-1,aws-emr:ap-southeast-1:j-3C8E73ZOFR2KM:s-06688961835ZDL5HDB4Q,aws,SG,,
10,memory-heavy,c6i.xlarge,4,0.87275,0.011404,ap-southeast-1,aws-emr:ap-southeast-1:j-2POHMGI53LM5C:s-093288517ADKB0SO8VKN,aws,SG,,
100,cpu-heavy,c6i.xlarge,2,0.70515,0.003996,ap-south-1,aws-emr:ap-south-1:j-370EZD7OK7ON:s-07489111MS24Z6KD3EIW,aws,IN,,
500,io-heavy,m5.xlarge,2,1.44105,0.009703,ap-south-1,aws-emr:ap-south-1:j-1O3XP8T60DLQB:s-0939173CML2MH5TNBNR,aws,IN,,
2048,memory-heavy,m6i.xlarge,2,2.23905,0.017912,ap-southeast-1,aws-emr:ap-southeast-1:j-31X4319732OX1:s-09212883J98ZMQ24SCLM,aws,SG,,
3072,io-heavy,c5a.xlarge,4,2.039,0.023924,ap-southeast-1,aws-emr:ap-southeast-1:j-1E4ID3D9TX2ZY:s-09266403U2UJ672PUXK2,aws,SG,,
3072,memory-heavy,m5a.xlarge,4,2.9755,0.022019,ap-south-1,aws-emr:ap-south-1:j-1S0JGPRLCV7UQ:s-09380252P3GCHEB7J39I,aws,IN,,
10,io-heavy,c5a.xlarge,2,0.73825,0.002313,ap-south-1,aws-emr:ap-south-1:j-34H0AOEHBCL33:s-03690783Q8941B77FUQI,aws,IN,,
1024,cpu-heavy,c5a.xlarge,2,1.572317,0.009224,ap-southeast-1,aws-emr:ap-southeast-1:j-2UUX20PO12FKT:s-0697668VJT0N61J7T5B,aws,SG,,
1024,io-heavy,c6i.xlarge,2,1.5716,0.008906,ap-south-1,aws-emr:ap-south-1:j-35S4K6A3V26CM:s-08933031JQ1MSP5F0E05,aws,IN,,
2048,memory-heavy,m5a.xlarge,4,2.60845,0.037562,ap-southeast-1,aws-emr:ap-southeast-1:j-6Y1QJL2F1IOM:s-06687021YJXLV9IESRAL,aws,SG,,
100,io-heavy,m6i.xlarge,4,0.9378,0.012629,ap-south-1,aws-emr:ap-south-1:j-W1P38SVC8IMD:s-08859192OZHK97QSGK7C,aws,IN,,
2048,io-heavy,m6i.xlarge,4,1.971317,0.031541,ap-southeast-1,aws-emr:ap-southeast-1:j-SQV3PY9JEU5Z:s-09262159HQK5NTC6K37,aws,SG,,
10,memory-heavy,c5.xlarge,4,0.9735,0.01272,ap-southeast-1,aws-emr:ap-southeast-1:j-3Q0VHTNN08RGB:s-0677742312H4K79F0K05,aws,SG,,
5120,memory-heavy,m5a.xlarge,2,7.441767,0.027535,ap-south-1,aws-emr:ap-south-1:j-2Y8G0VO3FA0HC:s-08905181YWMFNIBX7WR6,aws,IN,,
1024,io-heavy,c5.xlarge,4,1.306433,0.014806,ap-south-1,aws-emr:ap-south-1:j-EL3LHFN96QLN:s-03703941TSYB9UKN6HT0,aws,IN,,
100,io-heavy,c5a.xlarge,2,0.97265,0.005706,ap-southeast-1,aws-emr:ap-southeast-1:j-TRXUWYAYRHT5:s-0405359227ZAECTXHVDV,aws,SG,,
100,cpu-heavy,c6i.xlarge,2,0.771667,0.005042,ap-southeast-1,aws-emr:ap-southeast-1:j-3JXRX443AK4QC:s-0703742OG7T3I0E8HZX,aws,SG,,
2048,memory-heavy,m6i.xlarge,4,1.5389,0.020724,ap-south-1,aws-emr:ap-south-1:j-3NALO07JU09OR:s-05092113A2PDV48HCXYU,aws,IN,,
10,memory-heavy,m5.xlarge,4,1.1066,0.017706,ap-southeast-1,aws-emr:ap-southeast-1:j-2UR6YHGPQRMKS:s-0404048227O042JJQWC4,aws,SG,,
10,memory-heavy,m5a.xlarge,2,1.175917,0.008467,ap-southeast-1,aws-emr:ap-southeast-1:j-IUV4IQ0UDMRH:s-06833181QMSI5OW0NZ0D,aws,SG,,
500,memory-heavy,m5a.xlarge,2,1.742083,0.006446,ap-south-1,aws-emr:ap-south-1:j-15VC0P2962SEF:s-09358772744BP4THTM3B,aws,IN,,
500,memory-heavy,m6i.xlarge,4,1.105483,0.017688,ap-southeast-1,aws-emr:ap-southeast-1:j-1Y2WUAN9TW3C0:s-01463618ZAKI48F80PO,aws,SG,,
1024,memory-heavy,m6i.xlarge,4,1.172317,0.015787,ap-south-1,aws-emr:ap-south-1:j-2I6K6R6CW7DSN:s-0937658KQB3S4T09F0U,aws,IN,,
10,cpu-heavy,m5.xlarge,4,1.073133,0.01717,ap-southeast-1,aws-emr:ap-southeast-1:j-W4Q8E0Y93CZS:s-04041283T5JOJHRHMLKS,aws,SG,,
10,cpu-heavy,c5a.xlarge,4,0.83895,0.009844,ap-southeast-1,aws-emr:ap-southeast-1:j-A2SHAYKTD7EC:s-092712321DG4Q0SFY1TD,aws,SG,,
2048,cpu-heavy,m5.xlarge,4,2.274383,0.030628,ap-south-1,aws-emr:ap-south-1:j-263D5EQUEN2GP:s-05481811CMGDI1I4F4AA,aws,IN,,
10,io-heavy,m5a.xlarge,2,1.075567,0.00398,ap-south-1,aws-emr:ap-south-1:j-2PP24F6Z4W6QQ:s-03687821EM76AY8RPMKU,aws,IN,,
2048,cpu-heavy,m5a.xlarge,4,2.408433,0.034681,ap-southeast-1,aws-emr:ap-southeast-1:j-2O323UFL1HH6U:s-01326222O6WZAGL6U2Q4,aws,SG,,
10,memory-heavy,m5.xlarge,4,1.10675,0.017708,ap-southeast-1,aws-emr:ap-southeast-1:j-1G0Y83UZ4MCX2:s-03817843T348JV08DANF,aws,SG,,
500,memory-heavy,m5.xlarge,4,1.272317,0.017134,ap-south-1,aws-emr:ap-south-1:j-CF735X2F2OMX:s-0669559OTHYSTRHSJWF,aws,IN,,
500,cpu-heavy,c5.xlarge,2,1.105683,0.006266,ap-south-1,aws-emr:ap-south-1:j-VTJNOOMCWG0B:s-0886400ZBWET1RCKJPW,aws,IN,,
1024,cpu-heavy,m5.xlarge,2,1.84045,0.014724,ap-southeast-1,aws-emr:ap-southeast-1:j-2GKGPT8YWFMRW:s-06775533UICTJMN29D8V,aws,SG,,
500,cpu-heavy,c6i.xlarge,2,0.938533,0.005318,ap-south-1,aws-emr:ap-south-1:j-1O7VZ89E7QW90:s-1014868897VJ0Q1YTYS,aws,IN,,
100,memory-heavy,m5a.xlarge,4,1.408333,0.010422,ap-south-1,aws-emr:ap-south-1:j-2ODECOI4QDUUZ:s-03753601XKE5UJM56UY7,aws,IN,,
10,io-heavy,c6i.xlarge,4,0.8723,0.011398,ap-southeast-1,aws-emr:ap-southeast-1:j-1RS6HK6HED3GH:s-006323025Y6XYEJZ59D9,aws,SG,,
500,cpu-heavy,c5a.xlarge,2,1.1063,0.00649,ap-southeast-1,aws-emr:ap-southeast-1:j-3JLVSYGI5MLS5:s-06664442W1MDEYURKX6K,aws,SG,,
10,io-heavy,m5.xlarge,4,1.13945,0.018231,ap-southeast-1,aws-emr:ap-southeast-1:j-1XDTB1527EUPH:s-012980822KOUJCA1D9KW,aws,SG,,
3072,memory-heavy,c5.xlarge,4,1.8397,0.02085,ap-south-1,aws-emr:ap-south-1:j-1UC8HSB2FPI64:s-052846615X6CSYS5R3P2,aws,IN,,
10,cpu-heavy,m5a.xlarge,2,1.043167,0.00386,ap-south-1,aws-emr:ap-south-1:j-2ZBOF8B6HK7PP:s-1014860IYBRMGDN7NM,aws,IN,,
100,memory-heavy,m6i.xlarge,4,1.272033,0.020353,ap-southeast-1,aws-emr:ap-southeast-1:j-OWYQG1JR9UJ8:s-09280493UN5WYD2P0VIQ,aws,SG,,
500,io-heavy,c6i.xlarge,2,1.105,0.006262,ap-south-1,aws-emr:ap-south-1:j-4VFZHK8CEPMZ:s-03885371KTCXUIVLRFOZ,aws,IN,,
100,memory-heavy,c5.xlarge,4,1.006633,0.013153,ap-southeast-1,aws-emr:ap-southeast-1:j-3ASVDHSBGY5H3:s-0031990XXK1CK2W3C61,aws,SG,,
2048,cpu-heavy,c5a.xlarge,2,2.1722,0.006806,ap-south-1,aws-emr:ap-south-1:j-2FCKUF0LHCKEZ:s-02114801QZER81RR4DN6,aws,IN,,
10,cpu-heavy,c5a.xlarge,2,0.705717,0.002211,ap-south-1,aws-emr:ap-south-1:j-281KR9MHVQT11:s-03269571H9FOYIBN50TA,aws,IN,,
100,io-heavy,c5.xlarge,2,1.639567,0.010712,ap-southeast-1,aws-emr:ap-southeast-1:j-1NQQ81VDL1OIZ:s-00632091BU21E86Y9BLM,aws,SG,,
10,memory-heavy,m6i.xlarge,2,0.739183,0.005913,ap-southeast-1,aws-emr:ap-southeast-1:j-R241WY6RE6BS:s-06564642FUWPC37M513K,aws,SG,,
10,cpu-heavy,m5a.xlarge,2,1.0441,0.003863,ap-south-1,aws-emr:ap-south-1:j-1271FRZSGMLO2:s-08857613PPY5T3H7MW1X,aws,IN,,
500,io-heavy,m6i.xlarge,2,1.272133,0.010177,ap-southeast-1,aws-emr:ap-southeast-1:j-3HHIXT6O81JKC:s-0650419B9CVRJL687X2,aws,SG,,
100,cpu-heavy,c5a.xlarge,2,0.77175,0.002418,ap-south-1,aws-emr:ap-south-1:j-20A0F6X9R34KA:s-0847039NPRFPGX48SOD,aws,IN,,
10,cpu-heavy,c5.xlarge,4,0.906933,0.010279,ap-south-1,aws-emr:ap-south-1:j-2DIZ62CMT36GT:s-05611877O9AB9SZJFNJ,aws,IN,,
500,cpu-heavy,c5.xlarge,4,1.0399,0.013588,ap-southeast-1,aws-emr:ap-southeast-1:j-369VU8236GJJU:s-01729183RMKESQ0X5W4,aws,SG,,
100,io-heavy,m6i.xlarge,2,1.5041,0.012033,ap-southeast-1,aws-emr:ap-southeast-1:j-3S3KUP3WA6CTA:s-0380933L2OUNOMR9BW9,aws,SG,,
10,memory-heavy,m5.xlarge,4,1.072833,0.014447,ap-south-1,aws-emr:ap-south-1:j-2RBUSQ92YVBAR:s-07101942BTM0HG1QB4SN,aws,IN,,
10,cpu-heavy,c6i.xlarge,2,0.706217,0.004614,ap-southeast-1,aws-emr:ap-southeast-1:j-1TCC7RBT5QXTY:s-015545132VQ24736S9O6,aws,SG,,
500,io-heavy,m5.xlarge,4,1.4066,0.018942,ap-south-1,aws-emr:ap-south-1:j-26OE3DAB8PLDT:s-03885641P5ZX7G2NLC8V,aws,IN,,
100,cpu-heavy,m5.xlarge,2,0.906517,0.006104,ap-south-1,aws-emr:ap-south-1:j-PS09QJ3BTOL8:s-03688162OFZG0R75UBYT,aws,IN,,
100,cpu-heavy,c6i.xlarge,4,0.804967,0.010518,ap-southeast-1,aws-emr:ap-southeast-1:j-4TEREINZOWJ4:s-07027422BSW8I60FVJ16,aws,SG,,
10,memory-heavy,m5.xlarge,4,1.17345,0.018775,ap-southeast-1,aws-emr:ap-southeast-1:j-1VASB8J6CCEXF:s-04042881RU23TWFFG7JQ,aws,SG,,
10,memory-heavy,m5a.xlarge,4,1.2746,0.009432,ap-south-1,aws-emr:ap-south-1:j-3TAZ620LB99IB:s-07073341T0WZU6YP80G0,aws,IN,,
10,io-heavy,c5a.xlarge,4,0.83835,0.005254,ap-south-1,aws-emr:ap-south-1:j-2Z2TASHVD0H6D:s-05294532ZJ89J7LEOE4E,aws,IN,,
10,memory-heavy,c6i.xlarge,2,0.772417,0.005046,ap-southeast-1,aws-emr:ap-southeast-1:j-4P5379MM13L8:s-07012882L74Q9V7MMSGF,aws,SG,,
500,io-heavy,m5a.xlarge,4,1.908517,0.027483,ap-southeast-1,aws-emr:ap-southeast-1:j-38ZE72DPPZ1Q2:s-0141187A8Y4RKT385HT,aws,SG,,
10,io-heavy,m5.xlarge,4,1.108633,0.01493,ap-south-1,aws-emr:ap-south-1:j-39U3UBC1HYG2R:s-060795349QC4CVYS4XQ,aws,IN,,
100,cpu-heavy,c5a.xlarge,2,0.772267,0.00242,ap-south-1,aws-emr:ap-south-1:j-3OCQQ6YMGMD84:s-09391252V0RJ5C2WY35G,aws,IN,,
10,memory-heavy,m5.xlarge,2,0.906733,0.007254,ap-southeast-1,aws-emr:ap-southeast-1:j-2836DZ3T4RZ6R:s-0165272AUC1PGIAKQSO,aws,SG,,
10,memory-heavy,m5.xlarge,2,0.939467,0.007516,ap-southeast-1,aws-emr:ap-southeast-1:j-2YX3BVLWNPZN5:s-05217804OQYX7RKIQDH,aws,SG,,
10,memory-heavy,c5a.xlarge,4,0.805617,0.005049,ap-south-1,aws-emr:ap-south-1:j-1YH0DYKZSPT1Z:s-00162623EQKOCPE6DG2L,aws,IN,,
10,cpu-heavy,c5.xlarge,2,0.8397,0.005486,ap-southeast-1,aws-emr:ap-southeast-1:j-EY4RARWG4BN2:s-070243726KJTR62LLTX,aws,SG,,
500,cpu-heavy,c5.xlarge,4,1.006217,0.011404,ap-south-1,aws-emr:ap-south-1:j-9IAU837P40G4:s-03699802DXSTODFUT2AS,aws,IN,,
100,cpu-heavy,m6i.xlarge,2,0.737683,0.004967,ap-south-1,aws-emr:ap-south-1:j-1XK9W7Q6H6CTT:s-0376432PKCHNO5BWBCB,aws,IN,,
10,io-heavy,c6i.xlarge,2,0.83895,0.005481,ap-southeast-1,aws-emr:ap-southeast-1:j-3IZSG0AH6ELUS:s-06619491GYBXZBTKZ7H6,aws,SG,,
500,cpu-heavy,m5a.xlarge,4,1.541217,0.011405,ap-south-1,aws-emr:ap-south-1:j-LR8H7LUE25JZ:s-0625708M17D0KZV8ZH9,aws,IN,,
3072,memory-heavy,m6i.xlarge,4,1.938017,0.031008,ap-southeast-1,aws-emr:ap-southeast-1:j-2V7IK2ZZWQXPF:s-06833841S9NFISN11BD9,aws,SG,,
100,io-heavy,m5.xlarge,2,1.006933,0.00678,ap-south-1,aws-emr:ap-south-1:j-2IJ9U2SPH7Q8Y:s-08323372MRU2OAZ5FV33,aws,IN,,
3072,cpu-heavy,m6i.xlarge,4,1.906317,0.030501,ap-southeast-1,aws-emr:ap-southeast-1:j-1WW44PWZ93WN4:s-00303362R20JAYRGTYC5,aws,SG,,
10,cpu-heavy,c5a.xlarge,2,0.671933,0.002105,ap-south-1,aws-emr:ap-south-1:j-2HEVGSXTCOINC:s-10401721Z4L6FSFBP8WY,aws,IN,,
500,memory-heavy,m5.xlarge,4,1.373783,0.021981,ap-southeast-1,aws-emr:ap-southeast-1:j-13D4D44PO2WCO:s-06769861PA223HX4M2YI,aws,SG,,
10,cpu-heavy,c6i.xlarge,2,0.638583,0.003619,ap-south-1,aws-emr:ap-south-1:j-2B45OUZFHPLFY:s-09135033QMDVURMYZO2S,aws,IN,,
100,memory-heavy,m5a.xlarge,4,1.442417,0.020771,ap-southeast-1,aws-emr:ap-southeast-1:j-2RNQLMOP0PIVI:s-015222024QWZSAD4WB0A,aws,SG,,
1024,memory-heavy,c5a.xlarge,4,1.172217,0.007346,ap-south-1,aws-emr:ap-south-1:j-LZ9B1XG5RCKR:s-037047434IHF7DMKX8GL,aws,IN,,
100,cpu-heavy,m5.xlarge,2,0.939783,0.006328,ap-south-1,aws-emr:ap-south-1:j-39VX3PHXKTOTH:s-10091953KRULIMV9W48C,aws,IN,,
1024,io-heavy,c5a.xlarge,4,1.37175,0.016095,ap-southeast-1,aws-emr:ap-southeast-1:j-3N6YIX3C0X7A0:s-06975843GKF8N0U4Z81B,aws,SG,,
500,memory-heavy,c5.xlarge,4,1.039783,0.011784,ap-south-1,aws-emr:ap-south-1:j-2C5OE3W52BZXD:s-0531474213QD7JF0MCXI,aws,IN,,
500,cpu-heavy,c5a.xlarge,4,1.005667,0.0118,ap-southeast-1,aws-emr:ap-southeast-1:j-1T588EPVDGGLI:s-06752954SP6616UEQ9V,aws,SG,,
2048,memory-heavy,m6i.xlarge,2,2.0726,0.013956,ap-south-1,aws-emr:ap-south-1:j-2LPU8ULRC8FAO:s-03764661J5OGPF5TDX2Q,aws,IN,,
10,memory-heavy,c6i.xlarge,4,0.8049,0.010517,ap-southeast-1,aws-emr:ap-southeast-1:j-A8TW8U5JK84Z:s-0537437R0SAJZNI9X0H,aws,SG,,
100,memory-heavy,c6i.xlarge,4,0.906617,0.011846,ap-southeast-1,aws-emr:ap-southeast-1:j-H5ACI6WJYR6M:s-06677922B01YQJFF5UOQ,aws,SG,,
500,cpu-heavy,c5.xlarge,2,1.138833,0.006453,ap-south-1,aws-emr:ap-south-1:j-31288BT0DPGYH:s-05091513RCYNEFW969R3,aws,IN,,
10,cpu-heavy,m5.xlarge,2,0.872117,0.006977,ap-southeast-1,aws-emr:ap-southeast-1:j-XJDDFPAILLTZ:s-067885923YZYZ9TQI0F1,aws,SG,,
100,memory-heavy,m5.xlarge,4,1.108833,0.014932,ap-south-1,aws-emr:ap-south-1:j-26OZWDF1RDBQ9:s-0903564YN23SBHV9AA9,aws,IN,,
1024,memory-heavy,m5.xlarge,2,1.973,0.015784,ap-southeast-1,aws-emr:ap-southeast-1:j-13QS6PO233BSH:s-04050492WRNSV0ICXJVQ,aws,SG,,
500,cpu-heavy,m5a.xlarge,2,1.642417,0.006077,ap-south-1,aws-emr:ap-south-1:j-3S246H85F6FR:s-0098377ULAZHB6YYXAI,aws,IN,,
10,memory-heavy,m6i.xlarge,2,0.738683,0.005909,ap-southeast-1,aws-emr:ap-southeast-1:j-1GP8ZYCLPWESL:s-09327292VWLCF8ZU69BD,aws,SG,,
1024,cpu-heavy,m6i.xlarge,4,1.072283,0.01444,ap-south-1,aws-emr:ap-south-1:j-31WDT7A9IT755:s-05434611EOL3QYDMGGFF,aws,IN,,
1024,io-heavy,m6i.xlarge,2,1.838717,0.01471,ap-southeast-1,aws-emr:ap-southeast-1:j-1G5TB6LRIRHN1:s-0666294ALD6F3SMVJSJ,aws,SG,,
10,memory-heavy,c6i.xlarge,2,0.705783,0.003999,ap-south-1,aws-emr:ap-south-1:j-FVD0Z5HZW3VY:s-09237773M4WX2P074ESV,aws,IN,,
10,memory-heavy,m6i.xlarge,4,0.90525,0.014484,ap-southeast-1,aws-emr:ap-southeast-1:j-SK4D6H274D8W:s-01323081EAVPWCJV3C7N,aws,SG,,
1024,cpu-heavy,c5.xlarge,4,1.272083,0.014417,ap-southeast-1,aws-emr:ap-south-1:j-1FWGTLTY9PGG7:s-09142291JB76XWRQDTJZ,aws,SG,,
2048,memory-heavy,m6i.xlarge,4,1.605783,0.025693,ap-southeast-1,aws-emr:ap-southeast-1:j-2IECZI1QUY7XC:s-0438014QQYTPHT5YU1C,aws,SG,,
10,io-heavy,c6i.xlarge,4,0.871267,0.011385,ap-southeast-1,aws-emr:ap-southeast-1:j-2WHHAN1VQMPJG:s-017224911MCY7Z5B8XF7,aws,SG,,
3072,memory-heavy,m5.xlarge,2,3.77265,0.030181,ap-southeast-1,aws-emr:ap-southeast-1:j-37VEZW6K4IFQ0:s-04226511U4XJIVLB5EHF,aws,SG,,
10,memory-heavy,c5.xlarge,4,0.940167,0.012285,ap-southeast-1,aws-emr:ap-southeast-1:j-28PDKY53Z5ADH:s-0933861HQE7VO2EYN8V,aws,SG,,
100,io-heavy,m5.xlarge,4,1.2404,0.019846,ap-southeast-1,aws-emr:ap-southeast-1:j-3LGV7ARJNOI42:s-04041061YU4RGM4CEMLJ,aws,SG,,
500,cpu-heavy,m5.xlarge,2,1.306167,0.010449,ap-southeast-1,aws-emr:ap-southeast-1:j-R1H32SRE5IS7:s-0405027PBESIJ2YTL6E,aws,SG,,
10,cpu-heavy,c5a.xlarge,2,0.771933,0.004529,ap-southeast-1,aws-emr:ap-southeast-1:j-N1YHDDGJPFHE:s-00258641K35R963FIFY2,aws,SG,,
10,cpu-heavy,m5.xlarge,4,1.106567,0.017705,ap-southeast-1,aws-emr:ap-southeast-1:j-17C8HNTZ60P1K:s-06475131Y71N6PLFWCP1,aws,SG,,
2048,memory-heavy,m5a.xlarge,4,2.57585,0.037092,ap-southeast-1,aws-emr:ap-southeast-1:j-2VPHSOO5UFCCW:s-0694989RZXJUERMONKH,aws,SG,,
500,cpu-heavy,m5.xlarge,2,1.311117,0.010489,ap-southeast-1,aws-emr:ap-southeast-1:j-44DP6JVI8GHM:s-0677022195RPQR3J4ORO,aws,SG,,
500,memory-heavy,c5.xlarge,4,1.106633,0.01446,ap-southeast-1,aws-emr:ap-southeast-1:j-1K80I3Q1H6WZ9:s-05579202F7RRO64QETOE,aws,SG,,
5120,io-heavy,c6i.xlarge,2,5.972033,0.039017,ap-southeast-1,aws-emr:ap-southeast-1:j-5VFOKAOMA7FD:s-03814152E4Z7093UDKW1,aws,SG,,
2048,io-heavy,m6i.xlarge,2,2.90505,0.02324,ap-southeast-1,aws-emr:ap-southeast-1:j-2KLED6Z4C1D0P:s-04054252T42LNC0WIH2D,aws,SG,,
10,memory-heavy,c5.xlarge,4,0.940717,0.012292,ap-southeast-1,aws-emr:ap-southeast-1:j-3TY2HUI41728X:s-0301436129ENLBDT35NE,aws,SG,,
500,io-heavy,m6i.xlarge,2,1.3051,0.010441,ap-southeast-1,aws-emr:ap-southeast-1:j-1RYEQMG9KYLZW:s-0404433CCX6YWERC174,aws,SG,,
1024,io-heavy,m5a.xlarge,4,2.175233,0.031323,ap-southeast-1,aws-emr:ap-southeast-1:j-I68B49NDRPMX:s-0180020WMPCCZ354J0D,aws,SG,,
3072,io-heavy,m5a.xlarge,4,3.7421,0.053886,ap-southeast-1,aws-emr:ap-southeast-1:j-AT6YKFFOFNBM:s-05577141NUQWR4R48PBE,aws,SG,,
10,cpu-heavy,m6i.xlarge,4,1.173717,0.018779,ap-southeast-1,aws-emr:ap-southeast-1:j-3ST542NUY2G7T:s-092636315WKVU7QYK7JI,aws,SG,,
500,io-heavy,m6i.xlarge,4,1.238633,0.019818,ap-southeast-1,aws-emr:ap-southeast-1:j-3HWBTTWHYA91B:s-07021007M2OPX2WTKZD,aws,SG,,
3072,io-heavy,m6i.xlarge,4,2.240233,0.035844,ap-southeast-1,aws-emr:ap-southeast-1:j-3IIZ14OMYVZZH:s-06909613DKDWIUDIQVYJ,aws,SG,,
500,memory-heavy,c5.xlarge,4,1.173767,0.015337,ap-southeast-1,aws-emr:ap-southeast-1:j-2WUUZ7KK2O4EK:s-03183282C3GTHEKMGLGR,aws,SG,,
10,io-heavy,m6i.xlarge,4,0.904917,0.014479,ap-southeast-1,aws-emr:ap-southeast-1:j-NAO433FNKFMF:s-01889142KNCGYBKCYEY6,aws,SG,,
1024,memory-heavy,c5.xlarge,2,1.706283,0.011148,ap-southeast-1,aws-emr:ap-southeast-1:j-BO204KOHMD12:s-01326061E1BTKF71O722,aws,SG,,
3072,cpu-heavy,c5.xlarge,2,3.874283,0.025312,ap-southeast-1,aws-emr:ap-southeast-1:j-2T0F4969DT4JY:s-01665002EH7D4LMT36Q0,aws,SG,,
500,io-heavy,m6i.xlarge,4,1.271517,0.020344,ap-southeast-1,aws-emr:ap-southeast-1:j-22HENHXILFJDY:s-018004413PSYQXUI7UTU,aws,SG,,
10,io-heavy,m6i.xlarge,2,0.8388,0.00671,ap-southeast-1,aws-emr:ap-southeast-1:j-1EXYMF153B9H2:s-069317431ES9UEQOW6D5,aws,SG,,
10,cpu-heavy,c5a.xlarge,4,0.872567,0.010238,ap-southeast-1,aws-emr:ap-southeast-1:j-MGTT99ELH032:s-037112533PUURZ8AOC8F,aws,SG,,
500,cpu-heavy,c5.xlarge,4,1.072883,0.014019,ap-southeast-1,aws-emr:ap-southeast-1:j-WTR7AXI40COH:s-04054893HJPXZMBBE55U,aws,SG,,
100,io-heavy,c5.xlarge,2,1.0731,0.007011,ap-southeast-1,aws-emr:ap-southeast-1:j-2H7CZRR4TUT2N:s-0405480NUZ9BVWLZYJ4,aws,SG,,
10,memory-heavy,c5a.xlarge,4,0.87205,0.010232,ap-southeast-1,aws-emr:ap-southeast-1:j-26RQXARO5UP8R:s-067618419HWNA8XSU5NI,aws,SG,,
500,io-heavy,m6i.xlarge,2,1.4722,0.011778,ap-southeast-1,aws-emr:ap-southeast-1:j-3SLFJLQRBFB43:s-038215532VX3Q6FH81KV,aws,SG,,
3072,memory-heavy,m5a.xlarge,2,5.2426,0.037747,ap-southeast-1,aws-emr:ap-southeast-1:j-11XRDYJ8P1FD:s-0667684D0KUOQBMAHT6,aws,SG,,
100,cpu-heavy,c5.xlarge,2,0.905083,0.005913,ap-southeast-1,aws-emr:ap-southeast-1:j-2TFJAUABT4Y4R:s-09275912O14TCKN0GYEI,aws,SG,,
1024,cpu-heavy,c5.xlarge,2,1.672683,0.010928,ap-southeast-1,aws-emr:ap-southeast-1:j-2WRYXXVS6Z9RH:s-01234063KIT3KKWICADM,aws,SG,,
100,io-heavy,m6i.xlarge,4,1.039033,0.016625,ap-southeast-1,aws-emr:ap-southeast-1:j-1V0KMTS6YVXIM:s-0676899ASDSGI3X4882,aws,SG,,
500,io-heavy,m5a.xlarge,4,1.84475,0.026564,ap-southeast-1,aws-emr:ap-southeast-1:j-23BZ1NHDFQH9L:s-0135577J9ZRAIGY822S,aws,SG,,
10,io-heavy,m6i.xlarge,2,0.839617,0.006717,ap-southeast-1,aws-emr:ap-southeast-1:j-21XWBF3NISIX0:s-071527520E0OW41B648N,aws,SG,,
500,memory-heavy,c5.xlarge,2,1.210383,0.007908,ap-southeast-1,aws-emr:ap-southeast-1:j-1LOG1JSLUDPIB:s-0926953QJ21DHZNNFVM,aws,SG,,
10,cpu-heavy,c5a.xlarge,2,0.738583,0.004333,ap-southeast-1,aws-emr:ap-southeast-1:j-2TJ7Q30XN5G93:s-07020124MSXGYC79L7F,aws,SG,,
10,cpu-heavy,m5a.xlarge,2,1.07515,0.007741,ap-southeast-1,aws-emr:ap-southeast-1:j-11KPNWQCVQ07S:s-09193722149F5W1ZTS3G,aws,SG,,
100,io-heavy,c5.xlarge,2,1.106833,0.007231,ap-southeast-1,aws-emr:ap-southeast-1:j-3MVJXMFZOT1SQ:s-04378833MU5E8YLY621V,aws,SG,,
500,io-heavy,c5a.xlarge,4,1.172167,0.013753,ap-southeast-1,aws-emr:ap-southeast-1:j-3O2GA02I8LSPK:s-09211513T9O8ALGN7RFK,aws,SG,,
1024,memory-heavy,m5a.xlarge,4,2.04225,0.029408,ap-southeast-1,aws-emr:ap-southeast-1:j-17RKKZGHPYZG4:s-06762311D1VM9POH67UR,aws,SG,,
100,memory-heavy,m5a.xlarge,2,1.2745,0.009176,ap-southeast-1,aws-emr:ap-southeast-1:j-1CCA6BWEVKZKR:s-0661726A9BWDEXJNQI5,aws,SG,,
10,memory-heavy,c5.xlarge,2,0.905617,0.005917,ap-southeast-1,aws-emr:ap-southeast-1:j-ZUQUMD43LA34:s-0025752YBAAYCIZD5GP,aws,SG,,
10,cpu-heavy,m5a.xlarge,2,1.207867,0.008697,ap-southeast-1,aws-emr:ap-southeast-1:j-1LVPATRG5B12A:s-09281923SIRLG84Y3VRK,aws,SG,,
10,io-heavy,c5.xlarge,2,0.905983,0.005919,ap-southeast-1,aws-emr:ap-southeast-1:j-1HH0O4JWT0SCV:s-04036411A95PP62KAUL0,aws,SG,,
100,io-heavy,c5.xlarge,2,1.005217,0.006567,ap-southeast-1,aws-emr:ap-southeast-1:j-1GM4KI67VU9LV:s-0404343H0CID17WI0JE,aws,SG,,
3072,memory-heavy,c5.xlarge,4,1.807067,0.023612,ap-southeast-1,aws-emr:ap-southeast-1:j-BSDD2W0KU971:s-0925865H4OK0QAH79S3,aws,SG,,
100,cpu-heavy,c5a.xlarge,2,0.871933,0.005115,ap-southeast-1,aws-emr:ap-southeast-1:j-2ZJFCX7AE0QSS:s-0137873FVX0H4BJYU9Q,aws,SG,,
10,cpu-heavy,m6i.xlarge,4,0.838617,0.013418,ap-southeast-1,aws-emr:ap-southeast-1:j-2SKSB9FH69GVT:s-07022381WEAE4TL2ZIMV,aws,SG,,
10,io-heavy,c6i.xlarge,2,0.805233,0.005261,ap-southeast-1,aws-emr:ap-southeast-1:j-3JJEBYNUX9A3:s-067840327L6T11M1FGBR,aws,SG,,
10,memory-heavy,m6i.xlarge,4,0.905033,0.014481,ap-southeast-1,aws-emr:ap-southeast-1:j-2V7B76D4P0T6Y:s-07020782ZP9LXJBSUUVF,aws,SG,,