Date,Cloud,Region,Electricity_Zone,Carbon_Intensity_gCO2eq_per_kWh,Emission_Factor_Type,Is_Estimated,Estimation_Method,Created_At,Updated_At
2025-11-01T00:00:00.000Z,AWS,ap-south-1,IN-WE,646,lifecycle,False,,2025-11-11T11:12:49.840Z,2025-11-17T09:26:42.387Z
2025-11-02T00:00:00.000Z,AWS,ap-south-1,IN-WE,656,lifecycle,False,,2025-11-11T11:12:49.840Z,2025-11-17T09:26:42.387Z
2025-11-03T00:00:00.000Z,AWS,ap-south-1,IN-WE,637,lifecycle,False,,2025-11-07T00:01:21.379Z,2025-11-17T09:26:42.387Z
2025-11-04T00:00:00.000Z,AWS,ap-south-1,IN-WE,647,lifecycle,False,,2025-11-07T00:01:21.379Z,2026-06-30T15:24:04.205Z
2025-11-05T00:00:00.000Z,AWS,ap-south-1,IN-WE,666,lifecycle,False,,2025-11-07T00:01:21.379Z,2025-11-17T09:26:42.387Z
2025-11-06T00:00:00.000Z,AWS,ap-south-1,IN-WE,665,lifecycle,False,,2025-11-07T00:01:21.379Z,2025-11-17T09:26:42.387Z
2025-11-07T00:00:00.000Z,AWS,ap-south-1,IN-WE,655,lifecycle,False,,2025-11-07T00:01:21.379Z,2025-11-17T09:26:42.387Z
2025-11-08T00:00:00.000Z,AWS,ap-south-1,IN-WE,656,lifecycle,False,,2025-11-08T00:01:10.574Z,2025-11-17T09:26:42.387Z
2025-11-09T00:00:00.000Z,AWS,ap-south-1,IN-WE,663,lifecycle,False,,2025-11-09T00:01:13.200Z,2026-02-09T12:14:46.679Z
2025-11-10T00:00:00.000Z,AWS,ap-south-1,IN-WE,688,lifecycle,True,TIME_SLICER_AVERAGE,2025-11-10T00:01:00.828Z,2026-06-17T07:52:45.855Z
2025-11-11T00:00:00.000Z,AWS,ap-south-1,IN-WE,675,lifecycle,False,,2025-11-11T00:01:53.304Z,2026-07-09T08:18:23.737Z
2025-11-12T00:00:00.000Z,AWS,ap-south-1,IN-WE,663,lifecycle,False,,2025-11-12T00:01:40.418Z,2026-02-23T19:08:17.320Z
2025-11-13T00:00:00.000Z,AWS,ap-south-1,IN-WE,661,lifecycle,False,,2025-11-14T00:01:10.506Z,2025-11-17T09:26:42.387Z
2025-11-14T00:00:00.000Z,AWS,ap-south-1,IN-WE,664,lifecycle,False,,2025-11-14T00:01:10.506Z,2025-11-17T09:26:42.387Z
2025-11-15T00:00:00.000Z,AWS,ap-south-1,IN-WE,652,lifecycle,False,,2025-11-15T00:00:48.692Z,2025-11-17T09:26:42.387Z
2025-11-16T00:00:00.000Z,AWS,ap-south-1,IN-WE,637,lifecycle,False,,2025-11-16T00:01:08.512Z,2025-11-19T00:03:18.292Z
2025-11-17T00:00:00.000Z,AWS,ap-south-1,IN-WE,649,lifecycle,False,,2025-11-17T00:01:02.127Z,2025-11-20T00:02:14.262Z
2025-11-18T00:00:00.000Z,AWS,ap-south-1,IN-WE,654,lifecycle,False,,2025-11-18T00:01:13.651Z,2026-07-16T08:29:09.378Z
2025-11-19T00:00:00.000Z,AWS,ap-south-1,IN-WE,668,lifecycle,False,,2025-11-19T00:03:18.292Z,2025-11-22T00:02:54.890Z
2025-11-20T00:00:00.000Z,AWS,ap-south-1,IN-WE,666,lifecycle,False,,2025-11-20T00:02:14.262Z,2026-01-27T14:44:14.307Z
2025-11-21T00:00:00.000Z,AWS,ap-south-1,IN-WE,661,lifecycle,False,,2025-11-21T00:02:49.426Z,2026-01-27T14:44:14.307Z
2025-11-22T00:00:00.000Z,AWS,ap-south-1,IN-WE,672,lifecycle,False,,2025-11-22T00:02:54.890Z,2026-01-27T14:44:14.307Z
2025-11-23T00:00:00.000Z,AWS,ap-south-1,IN-WE,679,lifecycle,False,,2025-11-23T00:01:40.369Z,2026-01-27T14:44:14.307Z
2025-11-24T00:00:00.000Z,AWS,ap-south-1,IN-WE,664,lifecycle,False,,2025-11-24T00:03:21.934Z,2025-11-27T00:03:51.092Z
2025-11-25T00:00:00.000Z,AWS,ap-south-1,IN-WE,665,lifecycle,False,,2025-11-25T00:02:44.749Z,2026-07-23T08:25:26.312Z
2025-11-26T00:00:00.000Z,AWS,ap-south-1,IN-WE,670,lifecycle,False,,2025-11-26T00:02:46.667Z,2026-03-01T10:10:07.518Z
2025-11-27T00:00:00.000Z,AWS,ap-south-1,IN-WE,668,lifecycle,False,,2025-11-27T00:03:51.092Z,2025-11-30T00:03:58.533Z
2025-11-28T00:00:00.000Z,AWS,ap-south-1,IN-WE,670,lifecycle,False,,2025-11-28T00:01:19.034Z,2025-11-30T15:34:07.515Z
2025-11-29T00:00:00.000Z,AWS,ap-south-1,IN-WE,678,lifecycle,False,,2025-11-29T00:04:03.897Z,2025-12-02T00:02:51.200Z
2025-11-30T00:00:00.000Z,AWS,ap-south-1,IN-WE,690,lifecycle,False,,2025-11-30T00:03:58.533Z,2025-12-03T00:03:14.524Z
2025-12-01T00:00:00.000Z,AWS,ap-south-1,IN-WE,691,lifecycle,False,,2025-12-01T00:04:01.307Z,2025-12-04T00:01:20.713Z
2025-12-02T00:00:00.000Z,AWS,ap-south-1,IN-WE,676,lifecycle,False,,2025-12-02T00:02:51.200Z,2026-07-30T08:26:54.678Z
2025-12-03T00:00:00.000Z,AWS,ap-south-1,IN-WE,650,lifecycle,False,,2025-12-03T00:03:14.524Z,2025-12-06T00:02:47.513Z
2025-12-04T00:00:00.000Z,AWS,ap-south-1,IN-WE,650,lifecycle,False,,2025-12-04T00:01:20.713Z,2025-12-07T00:03:49.557Z
2025-12-05T00:00:00.000Z,AWS,ap-south-1,IN-WE,643,lifecycle,False,,2025-12-05T00:02:50.260Z,2025-12-08T00:02:34.534Z
2025-12-06T00:00:00.000Z,AWS,ap-south-1,IN-WE,658,lifecycle,False,,2025-12-06T00:02:47.513Z,2025-12-09T00:02:59.558Z
2025-12-07T00:00:00.000Z,AWS,ap-south-1,IN-WE,664,lifecycle,False,,2025-12-07T00:03:49.557Z,2026-04-01T12:10:52.130Z
2025-12-08T00:00:00.000Z,AWS,ap-south-1,IN-WE,650,lifecycle,False,,2025-12-08T00:02:34.534Z,2025-12-11T00:01:22.436Z
2025-12-09T00:00:00.000Z,AWS,ap-south-1,IN-WE,654,lifecycle,False,,2025-12-09T00:02:59.558Z,2026-07-30T08:26:54.678Z
2025-12-10T00:00:00.000Z,AWS,ap-south-1,IN-WE,670,lifecycle,False,,2025-12-10T00:03:32.988Z,2026-01-27T14:44:14.307Z
2025-12-11T00:00:00.000Z,AWS,ap-south-1,IN-WE,679,lifecycle,False,,2025-12-11T00:01:22.436Z,2025-12-14T00:01:25.150Z
2025-12-12T00:00:00.000Z,AWS,ap-south-1,IN-WE,683,lifecycle,False,,2025-12-11T14:23:25.169Z,2025-12-15T00:01:27.499Z
2025-12-13T00:00:00.000Z,AWS,ap-south-1,IN-WE,682,lifecycle,False,,2025-12-11T14:23:25.169Z,2025-12-16T00:02:30.703Z
2025-12-14T00:00:00.000Z,AWS,ap-south-1,IN-WE,669,lifecycle,False,,2025-12-11T14:23:25.169Z,2025-12-17T00:03:23.971Z
2025-12-15T00:00:00.000Z,AWS,ap-south-1,IN-WE,659,lifecycle,False,,2025-12-11T14:23:25.169Z,2025-12-18T00:01:21.823Z
2025-12-16T00:00:00.000Z,AWS,ap-south-1,IN-WE,658,lifecycle,False,,2025-12-11T14:23:25.169Z,2025-12-19T00:01:22.858Z
2025-12-17T00:00:00.000Z,AWS,ap-south-1,IN-WE,676,lifecycle,False,,2025-12-11T14:23:25.169Z,2025-12-20T00:01:56.631Z
2025-12-18T00:00:00.000Z,AWS,ap-south-1,IN-WE,678,lifecycle,False,,2025-12-11T14:23:25.169Z,2025-12-21T00:01:55.345Z
2025-12-19T00:00:00.000Z,AWS,ap-south-1,IN-WE,682,lifecycle,False,,2025-12-11T14:23:25.169Z,2026-06-17T07:52:45.855Z
2025-12-20T00:00:00.000Z,AWS,ap-south-1,IN-WE,686,lifecycle,False,,2025-12-11T14:23:25.169Z,2026-06-17T07:52:45.855Z
2025-12-21T00:00:00.000Z,AWS,ap-south-1,IN-WE,684,lifecycle,False,,2025-12-11T14:23:25.169Z,2025-12-24T00:02:47.067Z
2025-12-22T00:00:00.000Z,AWS,ap-south-1,IN-WE,666,lifecycle,False,,2025-12-11T14:23:25.169Z,2026-06-17T17:51:30.774Z
2025-12-23T00:00:00.000Z,AWS,ap-south-1,IN-WE,649,lifecycle,False,,2025-12-11T14:23:25.169Z,2025-12-26T00:01:47.160Z
2025-12-24T00:00:00.000Z,AWS,ap-south-1,IN-WE,655,lifecycle,False,,2025-12-11T14:23:25.169Z,2025-12-27T00:01:24.780Z
2025-12-25T00:00:00.000Z,AWS,ap-south-1,IN-WE,676,lifecycle,False,,2025-12-11T14:23:25.169Z,2026-01-08T23:13:17.501Z
2025-12-26T00:00:00.000Z,AWS,ap-south-1,IN-WE,681,lifecycle,False,,2025-12-11T14:23:25.169Z,2025-12-29T00:01:18.254Z
2025-12-27T00:00:00.000Z,AWS,ap-south-1,IN-WE,684,lifecycle,False,,2025-12-11T14:23:25.169Z,2025-12-30T00:01:18.501Z
2025-12-28T00:00:00.000Z,AWS,ap-south-1,IN-WE,681,lifecycle,False,,2025-12-11T14:23:25.169Z,2025-12-31T00:01:09.411Z
2025-12-29T00:00:00.000Z,AWS,ap-south-1,IN-WE,688,lifecycle,False,,2025-12-11T14:23:25.169Z,2026-06-30T15:24:04.205Z
2025-12-30T00:00:00.000Z,AWS,ap-south-1,IN-WE,698,lifecycle,False,,2025-12-11T14:23:25.169Z,2026-01-27T14:44:14.307Z
2025-12-31T00:00:00.000Z,AWS,ap-south-1,IN-WE,699,lifecycle,False,,2025-12-11T14:23:25.169Z,2026-01-27T14:44:14.307Z
2026-01-01T00:00:00.000Z,AWS,ap-south-1,IN-WE,678,lifecycle,False,,2026-01-01T00:03:02.861Z,2026-01-04T00:01:29.748Z
2026-01-02T00:00:00.000Z,AWS,ap-south-1,IN-WE,666,lifecycle,False,,2026-01-01T01:09:16.367Z,2026-05-01T11:09:36.847Z
2026-01-03T00:00:00.000Z,AWS,ap-south-1,IN-WE,673,lifecycle,False,,2026-01-01T01:09:16.367Z,2026-02-02T12:06:20.958Z
2026-01-04T00:00:00.000Z,AWS,ap-south-1,IN-WE,672,lifecycle,False,,2026-01-01T01:09:16.367Z,2026-02-02T12:06:20.958Z
2026-01-05T00:00:00.000Z,AWS,ap-south-1,IN-WE,673,lifecycle,False,,2026-01-01T01:09:16.367Z,2026-07-08T08:20:02.594Z
2026-01-06T00:00:00.000Z,AWS,ap-south-1,IN-WE,653,lifecycle,False,,2026-01-01T01:09:16.367Z,2026-02-02T12:06:20.958Z
2026-01-07T00:00:00.000Z,AWS,ap-south-1,IN-WE,644,lifecycle,False,,2026-01-01T01:09:16.367Z,2026-02-02T12:06:20.958Z
2026-01-08T00:00:00.000Z,AWS,ap-south-1,IN-WE,654,lifecycle,False,,2026-01-01T01:09:16.367Z,2026-02-02T12:06:20.958Z
2026-01-09T00:00:00.000Z,AWS,ap-south-1,IN-WE,649,lifecycle,False,,2026-01-01T01:09:16.367Z,2026-02-02T12:06:20.958Z
2026-01-10T00:00:00.000Z,AWS,ap-south-1,IN-WE,646,lifecycle,False,,2026-01-01T01:09:16.367Z,2026-02-02T12:06:20.958Z
2026-01-11T00:00:00.000Z,AWS,ap-south-1,IN-WE,637,lifecycle,False,,2026-01-01T01:09:16.367Z,2026-02-02T12:06:20.958Z
2026-01-12T00:00:00.000Z,AWS,ap-south-1,IN-WE,656,lifecycle,False,,2026-01-01T01:09:16.367Z,2026-07-15T07:56:27.264Z
2026-01-13T00:00:00.000Z,AWS,ap-south-1,IN-WE,663,lifecycle,False,,2026-01-01T01:09:16.367Z,2026-01-16T00:01:14.482Z
2026-01-14T00:00:00.000Z,AWS,ap-south-1,IN-WE,686,lifecycle,False,,2026-01-01T01:09:16.367Z,2026-01-17T00:01:10.709Z
2026-01-15T00:00:00.000Z,AWS,ap-south-1,IN-WE,686,lifecycle,False,,2026-01-01T01:09:16.367Z,2026-01-18T00:03:09.666Z
2026-01-16T00:00:00.000Z,AWS,ap-south-1,IN-WE,685,lifecycle,False,,2026-01-01T01:09:16.367Z,2026-01-19T00:01:26.573Z
2026-01-17T00:00:00.000Z,AWS,ap-south-1,IN-WE,684,lifecycle,False,,2026-01-01T01:09:16.367Z,2026-01-20T00:03:09.373Z
2026-01-18T00:00:00.000Z,AWS,ap-south-1,IN-WE,683,lifecycle,False,,2026-01-01T01:09:16.367Z,2026-01-21T00:04:14.830Z
2026-01-19T00:00:00.000Z,AWS,ap-south-1,IN-WE,692,lifecycle,False,,2026-01-01T01:09:16.367Z,2026-07-22T07:59:40.281Z
2026-01-20T00:00:00.000Z,AWS,ap-south-1,IN-WE,685,lifecycle,False,,2026-01-01T01:09:16.367Z,2026-01-23T00:03:24.003Z
2026-01-21T00:00:00.000Z,AWS,ap-south-1,IN-WE,681,lifecycle,False,,2026-01-01T01:09:16.367Z,2026-01-24T00:02:30.451Z
2026-01-22T00:00:00.000Z,AWS,ap-south-1,IN-WE,675,lifecycle,False,,2026-01-01T01:09:16.367Z,2026-01-25T00:03:06.300Z
2026-01-23T00:00:00.000Z,AWS,ap-south-1,IN-WE,665,lifecycle,False,,2026-01-01T01:09:16.367Z,2026-01-26T00:01:11.158Z
2026-01-24T00:00:00.000Z,AWS,ap-south-1,IN-WE,633,lifecycle,False,,2026-01-01T01:09:16.367Z,2026-01-27T00:02:29.132Z
2026-01-25T00:00:00.000Z,AWS,ap-south-1,IN-WE,640,lifecycle,False,,2026-01-01T01:09:16.367Z,2026-03-01T10:09:46.121Z
2026-01-26T00:00:00.000Z,AWS,ap-south-1,IN-WE,664,lifecycle,False,,2026-01-01T01:09:16.367Z,2026-07-29T08:25:53.395Z
2026-01-27T00:00:00.000Z,AWS,ap-south-1,IN-WE,652,lifecycle,False,,2026-01-01T01:09:16.367Z,2026-01-29T12:03:20.046Z
2026-01-28T00:00:00.000Z,AWS,ap-south-1,IN-WE,640,lifecycle,False,,2026-01-01T01:09:16.367Z,2026-02-02T12:06:20.958Z
2026-01-29T00:00:00.000Z,AWS,ap-south-1,IN-WE,642,lifecycle,False,,2026-01-01T01:09:16.367Z,2026-01-31T12:01:20.353Z
2026-01-30T00:00:00.000Z,AWS,ap-south-1,IN-WE,670,lifecycle,False,,2026-01-01T01:09:16.367Z,2026-06-16T08:38:52.092Z
2026-01-31T00:00:00.000Z,AWS,ap-south-1,IN-WE,678,lifecycle,False,,2026-01-01T01:09:16.367Z,2026-06-16T08:38:52.092Z
2026-02-01T00:00:00.000Z,AWS,ap-south-1,IN-WE,672,lifecycle,False,,2026-01-01T01:09:16.367Z,2026-06-01T11:07:32.987Z
2026-02-02T00:00:00.000Z,AWS,ap-south-1,IN-WE,661,lifecycle,False,,2026-01-01T01:09:16.367Z,2026-07-29T08:25:53.395Z
2026-02-03T00:00:00.000Z,AWS,ap-south-1,IN-WE,654,lifecycle,False,,2026-01-01T01:09:16.367Z,2026-06-23T07:46:12.056Z
2026-02-04T00:00:00.000Z,AWS,ap-south-1,IN-WE,649,lifecycle,True,TIME_SLICER_AVERAGE,2026-01-01T01:09:16.367Z,2026-06-23T07:46:12.056Z
2026-02-05T00:00:00.000Z,AWS,ap-south-1,IN-WE,668,lifecycle,True,TIME_SLICER_AVERAGE,2026-01-01T01:09:16.367Z,2026-06-23T07:46:12.056Z
2026-02-06T00:00:00.000Z,AWS,ap-south-1,IN-WE,674,lifecycle,False,,2026-01-01T01:09:16.367Z,2026-02-08T12:03:45.929Z
2026-02-07T00:00:00.000Z,AWS,ap-south-1,IN-WE,669,lifecycle,False,,2026-01-01T01:09:16.367Z,2026-02-09T12:03:15.884Z
2026-02-08T00:00:00.000Z,AWS,ap-south-1,IN-WE,668,lifecycle,False,,2026-01-01T01:09:16.367Z,2026-02-10T12:07:34.754Z
2026-02-09T00:00:00.000Z,AWS,ap-south-1,IN-WE,667,lifecycle,False,,2026-01-01T01:09:16.367Z,2026-02-11T12:07:02.742Z
2026-02-10T00:00:00.000Z,AWS,ap-south-1,IN-WE,667,lifecycle,False,,2026-01-01T01:09:16.367Z,2026-02-12T12:08:17.417Z
2026-02-11T00:00:00.000Z,AWS,ap-south-1,IN-WE,642,lifecycle,False,,2026-01-01T01:09:16.367Z,2026-02-13T12:06:26.601Z
2026-02-12T00:00:00.000Z,AWS,ap-south-1,IN-WE,654,lifecycle,False,,2026-01-01T01:09:16.367Z,2026-02-14T12:07:04.266Z
2026-02-13T00:00:00.000Z,AWS,ap-south-1,IN-WE,670,lifecycle,False,,2026-01-01T01:09:16.367Z,2026-02-15T12:07:31.078Z
2026-02-14T00:00:00.000Z,AWS,ap-south-1,IN-WE,673,lifecycle,False,,2026-01-01T01:09:16.367Z,2026-02-16T12:08:47.480Z
2026-02-15T00:00:00.000Z,AWS,ap-south-1,IN-WE,664,lifecycle,False,,2026-01-01T01:09:16.367Z,2026-06-23T07:46:12.056Z
2026-02-16T00:00:00.000Z,AWS,ap-south-1,IN-WE,659,lifecycle,False,,2026-01-01T01:09:16.367Z,2026-02-18T12:08:34.403Z
2026-02-17T00:00:00.000Z,AWS,ap-south-1,IN-WE,656,lifecycle,False,,2026-01-01T01:09:16.367Z,2026-03-01T10:09:46.121Z
2026-02-18T00:00:00.000Z,AWS,ap-south-1,IN-WE,655,lifecycle,False,,2026-01-01T01:09:16.367Z,2026-02-20T12:06:07.948Z
2026-02-19T00:00:00.000Z,AWS,ap-south-1,IN-WE,643,lifecycle,False,,2026-01-01T01:09:16.367Z,2026-02-21T12:05:51.005Z
2026-02-20T00:00:00.000Z,AWS,ap-south-1,IN-WE,649,lifecycle,False,,2026-01-01T01:09:16.367Z,2026-02-22T12:06:43.657Z
2026-02-21T00:00:00.000Z,AWS,ap-south-1,IN-WE,674,lifecycle,False,,2026-01-01T01:09:16.367Z,2026-02-23T12:07:28.517Z
2026-02-22T00:00:00.000Z,AWS,ap-south-1,IN-WE,673,lifecycle,False,,2026-01-01T01:09:16.367Z,2026-06-30T07:24:15.472Z
2026-02-23T00:00:00.000Z,AWS,ap-south-1,IN-WE,680,lifecycle,False,,2026-01-01T01:09:16.367Z,2026-03-06T15:08:30.569Z
2026-02-24T00:00:00.000Z,AWS,ap-south-1,IN-WE,674,lifecycle,False,,2026-01-01T01:09:16.367Z,2026-02-26T10:07:06.655Z
2026-02-25T00:00:00.000Z,AWS,ap-south-1,IN-WE,666,lifecycle,False,,2026-01-01T01:09:16.367Z,2026-02-27T10:06:05.674Z
2026-02-26T00:00:00.000Z,AWS,ap-south-1,IN-WE,658,lifecycle,False,,2026-01-01T01:09:16.367Z,2026-02-28T12:06:58.329Z
2026-02-27T00:00:00.000Z,AWS,ap-south-1,IN-WE,651,lifecycle,False,,2026-01-01T01:09:16.367Z,2026-06-22T08:13:35.720Z
2026-02-28T00:00:00.000Z,AWS,ap-south-1,IN-WE,658,lifecycle,False,,2026-01-01T01:09:16.367Z,2026-06-22T08:13:35.720Z
2026-03-01T00:00:00.000Z,AWS,ap-south-1,IN-WE,664,lifecycle,False,,2026-01-01T01:09:16.367Z,2026-07-07T08:17:56.580Z
2026-03-02T00:00:00.000Z,AWS,ap-south-1,IN-WE,667,lifecycle,False,,2026-01-01T01:09:16.367Z,2026-03-04T12:07:27.517Z
2026-03-03T00:00:00.000Z,AWS,ap-south-1,IN-WE,662,lifecycle,False,,2026-01-01T01:09:16.367Z,2026-05-01T11:09:36.847Z
2026-03-04T00:00:00.000Z,AWS,ap-south-1,IN-WE,644,lifecycle,False,,2026-01-01T01:09:16.367Z,2026-06-15T08:30:57.299Z
2026-03-05T00:00:00.000Z,AWS,ap-south-1,IN-WE,641,lifecycle,False,,2026-01-01T01:09:16.367Z,2026-03-07T12:07:42.763Z
2026-03-06T00:00:00.000Z,AWS,ap-south-1,IN-WE,654,lifecycle,False,,2026-01-01T01:09:16.367Z,2026-03-08T12:06:39.933Z
2026-03-07T00:00:00.000Z,AWS,ap-south-1,IN-WE,672,lifecycle,False,,2026-01-01T01:09:16.367Z,2026-03-09T12:06:50.249Z
2026-03-08T00:00:00.000Z,AWS,ap-south-1,IN-WE,665,lifecycle,False,,2026-01-01T01:09:16.367Z,2026-07-14T08:17:53.865Z
2026-03-09T00:00:00.000Z,AWS,ap-south-1,IN-WE,663,lifecycle,False,,2026-01-01T01:09:16.367Z,2026-03-11T12:06:43.172Z
2026-03-10T00:00:00.000Z,AWS,ap-south-1,IN-WE,655,lifecycle,False,,2026-01-01T01:09:16.367Z,2026-03-12T12:08:10.000Z
2026-03-11T00:00:00.000Z,AWS,ap-south-1,IN-WE,653,lifecycle,False,,2026-01-01T01:09:16.367Z,2026-03-13T10:11:58.568Z
2026-03-12T00:00:00.000Z,AWS,ap-south-1,IN-WE,659,lifecycle,False,,2026-01-01T01:09:16.367Z,2026-06-10T03:15:34.913Z
2026-03-13T00:00:00.000Z,AWS,ap-south-1,IN-WE,649,lifecycle,False,,2026-01-01T01:09:16.367Z,2026-06-11T03:15:28.520Z
2026-03-14T00:00:00.000Z,AWS,ap-south-1,IN-WE,634,lifecycle,False,,2026-01-01T01:09:16.367Z,2026-06-15T08:30:57.299Z
2026-03-15T00:00:00.000Z,AWS,ap-south-1,IN-WE,638,lifecycle,False,,2026-01-01T01:09:16.367Z,2026-07-21T08:20:08.374Z
2026-03-16T00:00:00.000Z,AWS,ap-south-1,IN-WE,642,lifecycle,False,,2026-01-01T01:09:16.367Z,2026-03-18T12:06:56.579Z
2026-03-17T00:00:00.000Z,AWS,ap-south-1,IN-WE,657,lifecycle,False,,2026-01-01T01:09:16.367Z,2026-03-19T10:10:33.545Z
2026-03-18T00:00:00.000Z,AWS,ap-south-1,IN-WE,660,lifecycle,False,,2026-01-01T01:09:16.367Z,2026-03-20T10:07:00.552Z
2026-03-19T00:00:00.000Z,AWS,ap-south-1,IN-WE,671,lifecycle,False,,2026-01-01T01:09:16.367Z,2026-03-21T12:07:02.865Z
2026-03-20T00:00:00.000Z,AWS,ap-south-1,IN-WE,667,lifecycle,False,,2026-01-01T01:09:16.367Z,2026-03-22T12:06:38.918Z
2026-03-21T00:00:00.000Z,AWS,ap-south-1,IN-WE,662,lifecycle,False,,2026-01-01T01:09:16.367Z,2026-03-23T10:07:42.431Z
2026-03-22T00:00:00.000Z,AWS,ap-south-1,IN-WE,650,lifecycle,False,,2026-01-01T01:09:16.367Z,2026-07-28T08:27:55.431Z
2026-03-23T00:00:00.000Z,AWS,ap-south-1,IN-WE,645,lifecycle,False,,2026-01-01T01:09:16.367Z,2026-03-25T12:10:12.491Z
2026-03-24T00:00:00.000Z,AWS,ap-south-1,IN-WE,656,lifecycle,False,,2026-01-01T01:09:16.367Z,2026-03-26T12:09:27.532Z
2026-03-25T00:00:00.000Z,AWS,ap-south-1,IN-WE,648,lifecycle,False,,2026-01-01T01:09:16.367Z,2026-05-01T11:09:36.847Z
2026-03-26T00:00:00.000Z,AWS,ap-south-1,IN-WE,643,lifecycle,False,,2026-01-01T01:09:16.367Z,2026-03-28T12:10:18.893Z
2026-03-27T00:00:00.000Z,AWS,ap-south-1,IN-WE,622,lifecycle,False,,2026-01-01T01:09:16.367Z,2026-03-29T12:07:20.622Z
2026-03-28T00:00:00.000Z,AWS,ap-south-1,IN-WE,601,lifecycle,False,,2026-01-01T01:09:16.367Z,2026-03-30T12:07:24.285Z
2026-03-29T00:00:00.000Z,AWS,ap-south-1,IN-WE,623,lifecycle,False,,2026-01-01T01:09:16.367Z,2026-07-28T08:27:55.431Z
2026-03-30T00:00:00.000Z,AWS,ap-south-1,IN-WE,645,lifecycle,False,,2026-01-01T01:09:16.367Z,2026-06-22T08:13:35.720Z
2026-03-31T00:00:00.000Z,AWS,ap-south-1,IN-WE,653,lifecycle,False,,2026-01-01T01:09:16.367Z,2026-06-22T08:13:35.720Z
2026-04-01T00:00:00.000Z,AWS,ap-south-1,IN-WE,661,lifecycle,False,,2026-01-01T01:09:16.367Z,2026-04-03T12:07:41.907Z
2026-04-02T00:00:00.000Z,AWS,ap-south-1,IN-WE,661,lifecycle,False,,2026-01-01T01:09:16.367Z,2026-06-01T11:07:32.987Z
2026-04-03T00:00:00.000Z,AWS,ap-south-1,IN-WE,653,lifecycle,False,,2026-01-01T01:09:16.367Z,2026-04-05T11:06:41.160Z
2026-04-04T00:00:00.000Z,AWS,ap-south-1,IN-WE,642,lifecycle,False,,2026-01-01T01:09:16.367Z,2026-04-06T11:06:49.690Z
2026-04-05T00:00:00.000Z,AWS,ap-south-1,IN-WE,633,lifecycle,False,,2026-01-01T01:09:16.367Z,2026-04-07T12:06:24.727Z
2026-04-06T00:00:00.000Z,AWS,ap-south-1,IN-WE,612,lifecycle,False,,2026-01-01T01:09:16.367Z,2026-04-08T12:07:46.732Z
2026-04-07T00:00:00.000Z,AWS,ap-south-1,IN-WE,599,lifecycle,False,,2026-01-01T01:09:16.367Z,2026-04-09T10:07:57.553Z
2026-04-08T00:00:00.000Z,AWS,ap-south-1,IN-WE,628,lifecycle,False,,2026-01-01T01:09:16.367Z,2026-04-10T12:06:10.683Z
2026-04-09T00:00:00.000Z,AWS,ap-south-1,IN-WE,640,lifecycle,False,,2026-01-01T01:09:16.367Z,2026-04-11T10:06:07.463Z
2026-04-10T00:00:00.000Z,AWS,ap-south-1,IN-WE,637,lifecycle,False,,2026-01-01T01:09:16.367Z,2026-04-12T11:06:57.019Z
2026-04-11T00:00:00.000Z,AWS,ap-south-1,IN-WE,626,lifecycle,False,,2026-01-01T01:09:16.367Z,2026-06-22T08:13:35.720Z
2026-04-12T00:00:00.000Z,AWS,ap-south-1,IN-WE,628,lifecycle,False,,2026-01-01T01:09:16.367Z,2026-04-14T11:06:50.785Z
2026-04-13T00:00:00.000Z,AWS,ap-south-1,IN-WE,618,lifecycle,False,,2026-01-01T01:09:16.367Z,2026-04-15T11:05:55.885Z
2026-04-14T00:00:00.000Z,AWS,ap-south-1,IN-WE,614,lifecycle,False,,2026-01-01T01:09:16.367Z,2026-04-16T12:12:08.976Z
2026-04-15T00:00:00.000Z,AWS,ap-south-1,IN-WE,625,lifecycle,False,,2026-01-01T01:09:16.367Z,2026-04-17T12:07:06.162Z
2026-04-16T00:00:00.000Z,AWS,ap-south-1,IN-WE,634,lifecycle,False,,2026-01-01T01:09:16.367Z,2026-04-18T11:06:11.686Z
2026-04-17T00:00:00.000Z,AWS,ap-south-1,IN-WE,627,lifecycle,False,,2026-01-01T01:09:16.367Z,2026-04-19T12:05:59.073Z
2026-04-18T00:00:00.000Z,AWS,ap-south-1,IN-WE,637,lifecycle,False,,2026-01-01T01:09:16.367Z,2026-06-29T08:38:03.141Z
2026-04-19T00:00:00.000Z,AWS,ap-south-1,IN-WE,633,lifecycle,False,,2026-01-01T01:09:16.367Z,2026-04-21T12:09:34.936Z
2026-04-20T00:00:00.000Z,AWS,ap-south-1,IN-WE,637,lifecycle,False,,2026-01-01T01:09:16.367Z,2026-04-22T12:07:40.240Z
2026-04-21T00:00:00.000Z,AWS,ap-south-1,IN-WE,625,lifecycle,False,,2026-01-01T01:09:16.367Z,2026-04-23T11:07:06.690Z
2026-04-22T00:00:00.000Z,AWS,ap-south-1,IN-WE,624,lifecycle,False,,2026-01-01T01:09:16.367Z,2026-04-24T12:12:21.407Z
2026-04-23T00:00:00.000Z,AWS,ap-south-1,IN-WE,623,lifecycle,False,,2026-01-01T01:09:16.367Z,2026-04-25T12:09:43.371Z
2026-04-24T00:00:00.000Z,AWS,ap-south-1,IN-WE,626,lifecycle,False,,2026-01-01T01:09:16.367Z,2026-06-01T11:07:32.987Z
2026-04-25T00:00:00.000Z,AWS,ap-south-1,IN-WE,628,lifecycle,False,,2026-01-01T01:09:16.367Z,2026-06-30T15:22:06.867Z
2026-04-26T00:00:00.000Z,AWS,ap-south-1,IN-WE,626,lifecycle,False,,2026-01-01T01:09:16.367Z,2026-04-28T12:10:28.278Z
2026-04-27T00:00:00.000Z,AWS,ap-south-1,IN-WE,609,lifecycle,False,,2026-01-01T01:09:16.367Z,2026-04-29T12:07:01.278Z
2026-04-28T00:00:00.000Z,AWS,ap-south-1,IN-WE,606,lifecycle,False,,2026-01-01T01:09:16.367Z,2026-04-30T11:11:01.173Z
2026-04-29T00:00:00.000Z,AWS,ap-south-1,IN-WE,605,lifecycle,False,,2026-01-01T01:09:16.367Z,2026-06-21T07:45:03.047Z
2026-04-30T00:00:00.000Z,AWS,ap-south-1,IN-WE,595,lifecycle,False,,2026-01-01T01:09:16.367Z,2026-06-21T07:45:03.047Z
2026-05-01T00:00:00.000Z,AWS,ap-south-1,IN-WE,601,lifecycle,False,,2026-01-01T01:09:16.367Z,2026-05-03T12:12:10.067Z
2026-05-02T00:00:00.000Z,AWS,ap-south-1,IN-WE,592,lifecycle,False,,2026-01-01T01:09:16.367Z,2026-07-13T08:18:51.066Z
2026-05-03T00:00:00.000Z,AWS,ap-south-1,IN-WE,591,lifecycle,False,,2026-01-01T01:09:16.367Z,2026-06-14T07:43:05.589Z
2026-05-04T00:00:00.000Z,AWS,ap-south-1,IN-WE,612,lifecycle,False,,2026-01-01T01:09:16.367Z,2026-05-06T12:06:47.815Z
2026-05-05T00:00:00.000Z,AWS,ap-south-1,IN-WE,638,lifecycle,False,,2026-01-01T01:09:16.367Z,2026-05-07T12:08:11.867Z
2026-05-06T00:00:00.000Z,AWS,ap-south-1,IN-WE,643,lifecycle,False,,2026-01-01T01:09:16.367Z,2026-05-08T12:07:45.819Z
2026-05-07T00:00:00.000Z,AWS,ap-south-1,IN-WE,635,lifecycle,False,,2026-01-01T01:09:16.367Z,2026-05-09T12:12:11.159Z
2026-05-08T00:00:00.000Z,AWS,ap-south-1,IN-WE,632,lifecycle,False,,2026-01-01T01:09:16.367Z,2026-05-10T11:07:46.215Z
2026-05-09T00:00:00.000Z,AWS,ap-south-1,IN-WE,630,lifecycle,False,,2026-01-01T01:09:16.367Z,2026-07-20T08:19:12.615Z
2026-05-10T00:00:00.000Z,AWS,ap-south-1,IN-WE,619,lifecycle,False,,2026-01-01T01:09:16.367Z,2026-05-12T10:13:21.764Z
2026-05-11T00:00:00.000Z,AWS,ap-south-1,IN-WE,622,lifecycle,False,,2026-01-01T01:09:16.367Z,2026-06-11T02:50:20.511Z
2026-05-12T00:00:00.000Z,AWS,ap-south-1,IN-WE,629,lifecycle,False,,2026-01-01T01:09:16.367Z,2026-05-14T11:08:10.663Z
2026-05-13T00:00:00.000Z,AWS,ap-south-1,IN-WE,621,lifecycle,False,,2026-01-01T01:09:16.367Z,2026-06-14T07:43:05.589Z
2026-05-14T00:00:00.000Z,AWS,ap-south-1,IN-WE,617,lifecycle,False,,2026-01-01T01:09:16.367Z,2026-05-16T12:06:44.770Z
2026-05-15T00:00:00.000Z,AWS,ap-south-1,IN-WE,620,lifecycle,False,,2026-01-01T01:09:16.367Z,2026-05-17T09:13:26.032Z
2026-05-16T00:00:00.000Z,AWS,ap-south-1,IN-WE,627,lifecycle,False,,2026-01-01T01:09:16.367Z,2026-07-27T08:27:49.480Z
2026-05-17T00:00:00.000Z,AWS,ap-south-1,IN-WE,626,lifecycle,False,,2026-01-01T01:09:16.367Z,2026-05-19T12:06:47.524Z
2026-05-18T00:00:00.000Z,AWS,ap-south-1,IN-WE,625,lifecycle,False,,2026-01-01T01:09:16.367Z,2026-05-20T11:09:29.412Z
2026-05-19T00:00:00.000Z,AWS,ap-south-1,IN-WE,609,lifecycle,False,,2026-01-01T01:09:16.367Z,2026-05-21T10:06:35.340Z
2026-05-20T00:00:00.000Z,AWS,ap-south-1,IN-WE,609,lifecycle,False,,2026-01-01T01:09:16.367Z,2026-05-22T11:07:07.877Z
2026-05-21T00:00:00.000Z,AWS,ap-south-1,IN-WE,627,lifecycle,False,,2026-01-01T01:09:16.367Z,2026-05-23T12:07:02.917Z
2026-05-22T00:00:00.000Z,AWS,ap-south-1,IN-WE,624,lifecycle,False,,2026-01-01T01:09:16.367Z,2026-05-24T12:10:23.261Z
2026-05-23T00:00:00.000Z,AWS,ap-south-1,IN-WE,608,lifecycle,False,,2026-01-01T01:09:16.367Z,2026-07-27T08:27:49.480Z
2026-05-24T00:00:00.000Z,AWS,ap-south-1,IN-WE,594,lifecycle,False,,2026-01-01T01:09:16.367Z,2026-05-26T10:12:02.950Z
2026-05-25T00:00:00.000Z,AWS,ap-south-1,IN-WE,596,lifecycle,False,,2026-01-01T01:09:16.367Z,2026-06-14T07:43:05.589Z
2026-05-26T00:00:00.000Z,AWS,ap-south-1,IN-WE,602,lifecycle,False,,2026-01-01T01:09:16.367Z,2026-05-28T12:15:55.110Z
2026-05-27T00:00:00.000Z,AWS,ap-south-1,IN-WE,601,lifecycle,False,,2026-01-01T01:09:16.367Z,2026-05-29T12:07:51.949Z
2026-05-28T00:00:00.000Z,AWS,ap-south-1,IN-WE,581,lifecycle,False,,2026-01-01T01:09:16.367Z,2026-05-30T12:10:17.012Z
2026-05-29T00:00:00.000Z,AWS,ap-south-1,IN-WE,580,lifecycle,False,,2026-01-01T01:09:16.367Z,2026-05-31T09:10:30.423Z
2026-05-30T00:00:00.000Z,AWS,ap-south-1,IN-WE,597,lifecycle,False,,2026-01-01T01:09:16.367Z,2026-06-21T07:45:03.047Z
2026-05-31T00:00:00.000Z,AWS,ap-south-1,IN-WE,621,lifecycle,False,,2026-01-01T01:09:16.367Z,2026-06-21T07:45:03.047Z
2026-06-01T00:00:00.000Z,AWS,ap-south-1,IN-WE,639,lifecycle,False,,2026-01-01T01:09:16.367Z,2026-06-03T10:09:44.867Z
2026-06-02T00:00:00.000Z,AWS,ap-south-1,IN-WE,650,lifecycle,False,,2026-01-01T01:09:16.367Z,2026-06-04T12:08:43.173Z
2026-06-03T00:00:00.000Z,AWS,ap-south-1,IN-WE,636,lifecycle,False,,2026-01-01T01:09:16.367Z,2026-06-10T02:47:47.676Z
2026-06-04T00:00:00.000Z,AWS,ap-south-1,IN-WE,607,lifecycle,False,,2026-01-01T01:09:16.367Z,2026-06-12T03:10:00.343Z
2026-06-05T00:00:00.000Z,AWS,ap-south-1,IN-WE,618,lifecycle,False,,2026-01-01T01:09:16.367Z,2026-06-15T03:12:23.761Z
2026-06-06T00:00:00.000Z,AWS,ap-south-1,IN-WE,626,lifecycle,False,,2026-01-01T01:09:16.367Z,2026-06-08T11:08:11.862Z
2026-06-07T00:00:00.000Z,AWS,ap-south-1,IN-WE,621,lifecycle,False,,2026-01-01T01:09:16.367Z,2026-06-09T11:08:29.226Z
2026-06-08T00:00:00.000Z,AWS,ap-south-1,IN-WE,603,lifecycle,False,,2026-01-01T01:09:16.367Z,2026-06-10T11:10:12.920Z
2026-06-09T00:00:00.000Z,AWS,ap-south-1,IN-WE,588,lifecycle,False,,2026-01-01T01:09:16.367Z,2026-06-11T12:15:19.270Z
2026-06-10T00:00:00.000Z,AWS,ap-south-1,IN-WE,584,lifecycle,False,,2026-01-01T01:09:16.367Z,2026-06-12T11:16:04.324Z
2026-06-11T00:00:00.000Z,AWS,ap-south-1,IN-WE,580,lifecycle,False,,2026-01-01T01:09:16.367Z,2026-06-13T10:02:15.862Z
2026-06-12T00:00:00.000Z,AWS,ap-south-1,IN-WE,589,lifecycle,False,,2026-01-01T01:09:16.367Z,2026-06-22T03:00:32.719Z
2026-06-13T00:00:00.000Z,AWS,ap-south-1,IN-WE,596,lifecycle,False,,2026-01-01T01:09:16.367Z,2026-06-15T11:17:38.426Z
2026-06-14T00:00:00.000Z,AWS,ap-south-1,IN-WE,590,lifecycle,False,,2026-01-01T01:09:16.367Z,2026-06-16T21:48:45.327Z
2026-06-15T00:00:00.000Z,AWS,ap-south-1,IN-WE,600,lifecycle,False,,2026-01-01T01:09:16.367Z,2026-06-18T00:13:17.602Z
2026-06-16T00:00:00.000Z,AWS,ap-south-1,IN-WE,621,lifecycle,False,,2026-01-01T01:09:16.367Z,2026-06-19T00:12:02.824Z
2026-06-17T00:00:00.000Z,AWS,ap-south-1,IN-WE,619,lifecycle,False,,2026-01-01T01:09:16.367Z,2026-06-20T00:16:25.429Z
2026-06-18T00:00:00.000Z,AWS,ap-south-1,IN-WE,625,lifecycle,False,,2026-01-01T01:09:16.367Z,2026-06-21T00:14:13.027Z
2026-06-19T00:00:00.000Z,AWS,ap-south-1,IN-WE,628,lifecycle,False,,2026-01-01T01:09:16.367Z,2026-06-29T03:07:16.901Z
2026-06-20T00:00:00.000Z,AWS,ap-south-1,IN-WE,633,lifecycle,False,,2026-01-01T01:09:16.367Z,2026-06-23T00:01:52.433Z
2026-06-21T00:00:00.000Z,AWS,ap-south-1,IN-WE,629,lifecycle,False,,2026-01-01T01:09:16.367Z,2026-06-24T00:05:34.136Z
2026-06-22T00:00:00.000Z,AWS,ap-south-1,IN-WE,627,lifecycle,False,,2026-01-01T01:09:16.367Z,2026-06-25T00:04:56.514Z
2026-06-23T00:00:00.000Z,AWS,ap-south-1,IN-WE,609,lifecycle,False,,2026-01-01T01:09:16.367Z,2026-06-26T00:05:38.213Z
2026-06-24T00:00:00.000Z,AWS,ap-south-1,IN-WE,611,lifecycle,False,,2026-01-01T01:09:16.367Z,2026-06-27T00:02:35.756Z
2026-06-25T00:00:00.000Z,AWS,ap-south-1,IN-WE,620,lifecycle,False,,2026-01-01T01:09:16.367Z,2026-06-28T00:05:09.491Z
2026-06-26T00:00:00.000Z,AWS,ap-south-1,IN-WE,644,lifecycle,False,,2026-01-01T01:09:16.367Z,2026-07-06T02:59:02.671Z
2026-06-27T00:00:00.000Z,AWS,ap-south-1,IN-WE,643,lifecycle,False,,2026-01-01T01:09:16.367Z,2026-06-30T00:04:47.592Z
2026-06-28T00:00:00.000Z,AWS,ap-south-1,IN-WE,630,lifecycle,False,,2026-01-01T01:09:16.367Z,2026-06-30T15:22:06.867Z
2026-06-29T00:00:00.000Z,AWS,ap-south-1,IN-WE,617,lifecycle,False,,2026-01-01T01:09:16.367Z,2026-07-02T00:02:02.994Z
2026-06-30T00:00:00.000Z,AWS,ap-south-1,IN-WE,622,lifecycle,False,,2026-01-01T01:09:16.367Z,2026-07-03T00:05:28.636Z
2026-07-01T00:00:00.000Z,AWS,ap-south-1,IN-WE,629,lifecycle,False,,2026-01-01T01:09:16.367Z,2026-07-04T00:01:20.203Z
2026-07-02T00:00:00.000Z,AWS,ap-south-1,IN-WE,627,lifecycle,False,,2026-01-01T01:09:16.367Z,2026-07-05T00:01:33.763Z
2026-07-03T00:00:00.000Z,AWS,ap-south-1,IN-WE,619,lifecycle,False,,2026-01-01T01:09:16.367Z,2026-07-13T03:16:02.260Z
2026-07-04T00:00:00.000Z,AWS,ap-south-1,IN-WE,615,lifecycle,False,,2026-01-01T01:09:16.367Z,2026-07-07T00:01:48.740Z
2026-07-05T00:00:00.000Z,AWS,ap-south-1,IN-WE,617,lifecycle,False,,2026-01-01T01:09:16.367Z,2026-07-08T00:02:22.923Z
2026-07-06T00:00:00.000Z,AWS,ap-south-1,IN-WE,615,lifecycle,False,,2026-01-01T01:09:16.367Z,2026-07-09T00:02:30.756Z
2026-07-07T00:00:00.000Z,AWS,ap-south-1,IN-WE,630,lifecycle,False,,2026-01-01T01:09:16.367Z,2026-07-10T00:01:15.539Z
2026-07-08T00:00:00.000Z,AWS,ap-south-1,IN-WE,593,lifecycle,False,,2026-01-01T01:09:16.367Z,2026-07-10T07:33:22.578Z
2026-07-09T00:00:00.000Z,AWS,ap-south-1,IN-WE,575,lifecycle,False,,2026-01-01T01:09:16.367Z,2026-07-12T00:02:08.474Z
2026-07-10T00:00:00.000Z,AWS,ap-south-1,IN-WE,559,lifecycle,False,,2026-01-01T01:09:16.367Z,2026-07-20T03:37:59.216Z
2026-07-11T00:00:00.000Z,AWS,ap-south-1,IN-WE,557,lifecycle,False,,2026-01-01T01:09:16.367Z,2026-07-14T00:01:53.027Z
2026-07-12T00:00:00.000Z,AWS,ap-south-1,IN-WE,558,lifecycle,False,,2026-01-01T01:09:16.367Z,2026-07-15T00:01:20.325Z
2026-07-13T00:00:00.000Z,AWS,ap-south-1,IN-WE,552,lifecycle,False,,2026-01-01T01:09:16.367Z,2026-07-16T00:01:06.871Z
2026-07-14T00:00:00.000Z,AWS,ap-south-1,IN-WE,577,lifecycle,False,,2026-01-01T01:09:16.367Z,2026-07-17T00:01:27.202Z
2025-11-01T00:00:00.000Z,AWS,ap-southeast-1,SG,477,lifecycle,False,,2025-11-11T11:12:49.840Z,2026-01-27T14:44:14.307Z
2025-11-02T00:00:00.000Z,AWS,ap-southeast-1,SG,485,lifecycle,False,,2025-11-11T11:12:49.840Z,2026-02-23T19:08:17.320Z
2025-11-03T00:00:00.000Z,AWS,ap-southeast-1,SG,486,lifecycle,False,,2025-11-07T00:01:21.379Z,2026-02-23T19:08:17.320Z
2025-11-04T00:00:00.000Z,AWS,ap-southeast-1,SG,482,lifecycle,False,,2025-11-07T00:01:21.379Z,2026-06-30T15:24:04.205Z
2025-11-05T00:00:00.000Z,AWS,ap-southeast-1,SG,483,lifecycle,False,,2025-11-07T00:01:21.379Z,2026-02-23T19:08:17.320Z
2025-11-06T00:00:00.000Z,AWS,ap-southeast-1,SG,477,lifecycle,False,,2025-11-07T00:01:21.379Z,2026-02-23T19:08:17.320Z
2025-11-07T00:00:00.000Z,AWS,ap-southeast-1,SG,478,lifecycle,False,,2025-11-07T00:01:21.379Z,2026-02-23T19:08:17.320Z
2025-11-08T00:00:00.000Z,AWS,ap-southeast-1,SG,477,lifecycle,False,,2025-11-08T00:01:10.574Z,2026-02-23T19:08:17.320Z
2025-11-09T00:00:00.000Z,AWS,ap-southeast-1,SG,483,lifecycle,False,,2025-11-09T00:01:13.200Z,2026-02-23T19:08:17.320Z
2025-11-10T00:00:00.000Z,AWS,ap-southeast-1,SG,481,lifecycle,False,,2025-11-10T00:01:00.828Z,2026-02-23T19:08:17.320Z
2025-11-11T00:00:00.000Z,AWS,ap-southeast-1,SG,483,lifecycle,False,,2025-11-11T00:01:53.304Z,2026-07-09T08:18:23.737Z
2025-11-12T00:00:00.000Z,AWS,ap-southeast-1,SG,486,lifecycle,False,,2025-11-12T00:01:40.418Z,2026-02-23T19:08:17.320Z
2025-11-13T00:00:00.000Z,AWS,ap-southeast-1,SG,489,lifecycle,False,,2025-11-13T00:01:16.572Z,2026-02-23T19:08:17.320Z
2025-11-14T00:00:00.000Z,AWS,ap-southeast-1,SG,484,lifecycle,False,,2025-11-14T00:01:10.506Z,2026-02-23T19:08:17.320Z
2025-11-15T00:00:00.000Z,AWS,ap-southeast-1,SG,479,lifecycle,False,,2025-11-15T00:00:48.692Z,2026-01-27T14:44:14.307Z
2025-11-16T00:00:00.000Z,AWS,ap-southeast-1,SG,486,lifecycle,False,,2025-11-16T00:01:08.512Z,2026-02-23T19:08:17.320Z
2025-11-17T00:00:00.000Z,AWS,ap-southeast-1,SG,482,lifecycle,False,,2025-11-17T00:01:02.127Z,2026-02-23T19:08:17.320Z
2025-11-18T00:00:00.000Z,AWS,ap-southeast-1,SG,484,lifecycle,False,,2025-11-18T00:01:13.651Z,2026-07-16T08:29:09.378Z
2025-11-19T00:00:00.000Z,AWS,ap-southeast-1,SG,481,lifecycle,False,,2025-11-19T00:03:18.292Z,2026-02-23T19:08:17.320Z
2025-11-20T00:00:00.000Z,AWS,ap-southeast-1,SG,485,lifecycle,False,,2025-11-20T00:02:14.262Z,2026-02-23T19:08:17.320Z
2025-11-21T00:00:00.000Z,AWS,ap-southeast-1,SG,484,lifecycle,False,,2025-11-21T00:02:49.426Z,2026-02-23T19:08:17.320Z
2025-11-22T00:00:00.000Z,AWS,ap-southeast-1,SG,482,lifecycle,False,,2025-11-22T00:02:54.890Z,2026-02-23T19:08:17.320Z
2025-11-23T00:00:00.000Z,AWS,ap-southeast-1,SG,477,lifecycle,False,,2025-11-23T00:01:40.369Z,2026-02-23T19:08:17.320Z
2025-11-24T00:00:00.000Z,AWS,ap-southeast-1,SG,482,lifecycle,False,,2025-11-24T00:03:21.934Z,2026-02-23T19:08:17.320Z
2025-11-25T00:00:00.000Z,AWS,ap-southeast-1,SG,484,lifecycle,False,,2025-11-25T00:02:44.749Z,2026-07-23T08:25:26.312Z
2025-11-26T00:00:00.000Z,AWS,ap-southeast-1,SG,479,lifecycle,False,,2025-11-26T00:02:46.667Z,2026-03-01T10:10:07.518Z
2025-11-27T00:00:00.000Z,AWS,ap-southeast-1,SG,484,lifecycle,False,,2025-11-27T00:03:51.092Z,2026-01-27T14:44:14.307Z
2025-11-28T00:00:00.000Z,AWS,ap-southeast-1,SG,489,lifecycle,False,,2025-11-28T00:01:19.034Z,2026-01-27T14:44:14.307Z
2025-11-29T00:00:00.000Z,AWS,ap-southeast-1,SG,477,lifecycle,False,,2025-11-29T00:04:03.897Z,2026-01-27T14:44:14.307Z
2025-11-30T00:00:00.000Z,AWS,ap-southeast-1,SG,482,lifecycle,False,,2025-11-30T00:03:58.533Z,2026-01-27T14:44:14.307Z
2025-12-01T00:00:00.000Z,AWS,ap-southeast-1,SG,484,lifecycle,False,,2025-12-01T00:04:01.307Z,2026-01-27T14:44:14.307Z
2025-12-02T00:00:00.000Z,AWS,ap-southeast-1,SG,492,lifecycle,False,,2025-12-02T00:02:51.200Z,2026-07-30T08:26:54.678Z
2025-12-03T00:00:00.000Z,AWS,ap-southeast-1,SG,481,lifecycle,False,,2025-12-03T00:03:14.524Z,2026-01-27T14:44:14.307Z
2025-12-04T00:00:00.000Z,AWS,ap-southeast-1,SG,488,lifecycle,False,,2025-12-04T00:01:20.713Z,2026-01-27T14:44:14.307Z
2025-12-05T00:00:00.000Z,AWS,ap-southeast-1,SG,479,lifecycle,False,,2025-12-05T00:02:50.260Z,2026-01-27T14:44:14.307Z
2025-12-06T00:00:00.000Z,AWS,ap-southeast-1,SG,478,lifecycle,False,,2025-12-06T00:02:47.513Z,2026-01-27T14:44:14.307Z
2025-12-07T00:00:00.000Z,AWS,ap-southeast-1,SG,479,lifecycle,False,,2025-12-07T00:03:49.557Z,2026-04-01T12:10:52.130Z
2025-12-08T00:00:00.000Z,AWS,ap-southeast-1,SG,484,lifecycle,False,,2025-12-08T00:02:34.534Z,2026-04-01T12:10:52.130Z
2025-12-09T00:00:00.000Z,AWS,ap-southeast-1,SG,482,lifecycle,False,,2025-12-09T00:02:59.558Z,2026-07-30T08:26:54.678Z
2025-12-10T00:00:00.000Z,AWS,ap-southeast-1,SG,485,lifecycle,False,,2025-12-10T00:03:32.988Z,2026-04-01T12:10:52.130Z
2025-12-11T00:00:00.000Z,AWS,ap-southeast-1,SG,488,lifecycle,False,,2025-12-11T00:01:22.436Z,2026-04-01T12:10:52.130Z
2025-12-12T00:00:00.000Z,AWS,ap-southeast-1,SG,484,lifecycle,False,,2025-12-11T14:23:25.169Z,2026-04-01T12:10:52.130Z
2025-12-13T00:00:00.000Z,AWS,ap-southeast-1,SG,484,lifecycle,False,,2025-12-11T14:23:25.169Z,2026-04-01T12:10:52.130Z
2025-12-14T00:00:00.000Z,AWS,ap-southeast-1,SG,485,lifecycle,False,,2025-12-11T14:23:25.169Z,2026-04-01T12:10:52.130Z
2025-12-15T00:00:00.000Z,AWS,ap-southeast-1,SG,491,lifecycle,False,,2025-12-11T14:23:25.169Z,2026-04-01T12:10:52.130Z
2025-12-16T00:00:00.000Z,AWS,ap-southeast-1,SG,488,lifecycle,False,,2025-12-11T14:23:25.169Z,2026-04-01T12:10:52.130Z
2025-12-17T00:00:00.000Z,AWS,ap-southeast-1,SG,488,lifecycle,False,,2025-12-11T14:23:25.169Z,2026-04-01T12:10:52.130Z
2025-12-18T00:00:00.000Z,AWS,ap-southeast-1,SG,480,lifecycle,False,,2025-12-11T14:23:25.169Z,2026-04-01T12:10:52.130Z
2025-12-19T00:00:00.000Z,AWS,ap-southeast-1,SG,486,lifecycle,False,,2025-12-11T14:23:25.169Z,2026-04-01T12:10:52.130Z
2025-12-20T00:00:00.000Z,AWS,ap-southeast-1,SG,481,lifecycle,False,,2025-12-11T14:23:25.169Z,2026-04-01T12:10:52.130Z
2025-12-21T00:00:00.000Z,AWS,ap-southeast-1,SG,477,lifecycle,False,,2025-12-11T14:23:25.169Z,2026-04-01T12:10:52.130Z
2025-12-22T00:00:00.000Z,AWS,ap-southeast-1,SG,479,lifecycle,False,,2025-12-11T14:23:25.169Z,2026-06-17T17:51:30.774Z
2025-12-23T00:00:00.000Z,AWS,ap-southeast-1,SG,478,lifecycle,False,,2025-12-11T14:23:25.169Z,2026-01-27T14:44:14.307Z
2025-12-24T00:00:00.000Z,AWS,ap-southeast-1,SG,480,lifecycle,False,,2025-12-11T14:23:25.169Z,2026-01-27T14:44:14.307Z
2025-12-25T00:00:00.000Z,AWS,ap-southeast-1,SG,481,lifecycle,False,,2025-12-11T14:23:25.169Z,2026-01-27T14:44:14.307Z
2025-12-26T00:00:00.000Z,AWS,ap-southeast-1,SG,483,lifecycle,False,,2025-12-11T14:23:25.169Z,2026-01-27T14:44:14.307Z
2025-12-27T00:00:00.000Z,AWS,ap-southeast-1,SG,483,lifecycle,False,,2025-12-11T14:23:25.169Z,2026-01-27T14:44:14.307Z
2025-12-28T00:00:00.000Z,AWS,ap-southeast-1,SG,486,lifecycle,False,,2025-12-11T14:23:25.169Z,2026-04-01T12:10:52.130Z
2025-12-29T00:00:00.000Z,AWS,ap-southeast-1,SG,483,lifecycle,False,,2025-12-11T14:23:25.169Z,2026-07-01T07:23:31.783Z
2025-12-30T00:00:00.000Z,AWS,ap-southeast-1,SG,478,lifecycle,False,,2025-12-11T14:23:25.169Z,2026-04-01T12:10:52.130Z
2025-12-31T00:00:00.000Z,AWS,ap-southeast-1,SG,483,lifecycle,False,,2025-12-11T14:23:25.169Z,2026-04-01T12:10:52.130Z
2026-01-01T00:00:00.000Z,AWS,ap-southeast-1,SG,485,lifecycle,False,,2026-01-01T00:03:02.861Z,2026-06-16T08:38:52.092Z
2026-01-02T00:00:00.000Z,AWS,ap-southeast-1,SG,481,lifecycle,False,,2026-01-01T01:09:16.367Z,2026-06-16T08:38:52.092Z
2026-01-03T00:00:00.000Z,AWS,ap-southeast-1,SG,481,lifecycle,False,,2026-01-01T01:09:16.367Z,2026-06-16T08:38:52.092Z
2026-01-04T00:00:00.000Z,AWS,ap-southeast-1,SG,475,lifecycle,False,,2026-01-01T01:09:16.367Z,2026-06-16T08:38:52.092Z
2026-01-05T00:00:00.000Z,AWS,ap-southeast-1,SG,483,lifecycle,False,,2026-01-01T01:09:16.367Z,2026-07-08T08:20:02.594Z
2026-01-06T00:00:00.000Z,AWS,ap-southeast-1,SG,485,lifecycle,False,,2026-01-01T01:09:16.367Z,2026-06-16T08:38:52.092Z
2026-01-07T00:00:00.000Z,AWS,ap-southeast-1,SG,486,lifecycle,False,,2026-01-01T01:09:16.367Z,2026-06-16T08:38:52.092Z
2026-01-08T00:00:00.000Z,AWS,ap-southeast-1,SG,483,lifecycle,False,,2026-01-01T01:09:16.367Z,2026-06-16T08:38:52.092Z
2026-01-09T00:00:00.000Z,AWS,ap-southeast-1,SG,484,lifecycle,False,,2026-01-01T01:09:16.367Z,2026-06-16T08:38:52.092Z
2026-01-10T00:00:00.000Z,AWS,ap-southeast-1,SG,480,lifecycle,False,,2026-01-01T01:09:16.367Z,2026-06-16T08:38:52.092Z
2026-01-11T00:00:00.000Z,AWS,ap-southeast-1,SG,480,lifecycle,False,,2026-01-01T01:09:16.367Z,2026-06-16T08:38:52.092Z
2026-01-12T00:00:00.000Z,AWS,ap-southeast-1,SG,478,lifecycle,False,,2026-01-01T01:09:16.367Z,2026-07-15T07:56:27.264Z
2026-01-13T00:00:00.000Z,AWS,ap-southeast-1,SG,481,lifecycle,False,,2026-01-01T01:09:16.367Z,2026-06-16T08:38:52.092Z
2026-01-14T00:00:00.000Z,AWS,ap-southeast-1,SG,482,lifecycle,False,,2026-01-01T01:09:16.367Z,2026-06-16T08:38:52.092Z
2026-01-15T00:00:00.000Z,AWS,ap-southeast-1,SG,483,lifecycle,False,,2026-01-01T01:09:16.367Z,2026-06-16T08:38:52.092Z
2026-01-16T00:00:00.000Z,AWS,ap-southeast-1,SG,481,lifecycle,False,,2026-01-01T01:09:16.367Z,2026-06-16T08:38:52.092Z
2026-01-17T00:00:00.000Z,AWS,ap-southeast-1,SG,480,lifecycle,False,,2026-01-01T01:09:16.367Z,2026-06-16T08:38:52.092Z
2026-01-18T00:00:00.000Z,AWS,ap-southeast-1,SG,476,lifecycle,False,,2026-01-01T01:09:16.367Z,2026-06-16T08:38:52.092Z
2026-01-19T00:00:00.000Z,AWS,ap-southeast-1,SG,479,lifecycle,False,,2026-01-01T01:09:16.367Z,2026-07-22T07:59:40.281Z
2026-01-20T00:00:00.000Z,AWS,ap-southeast-1,SG,480,lifecycle,False,,2026-01-01T01:09:16.367Z,2026-06-16T08:38:52.092Z
2026-01-21T00:00:00.000Z,AWS,ap-southeast-1,SG,479,lifecycle,False,,2026-01-01T01:09:16.367Z,2026-06-16T08:38:52.092Z
2026-01-22T00:00:00.000Z,AWS,ap-southeast-1,SG,478,lifecycle,False,,2026-01-01T01:09:16.367Z,2026-06-16T08:38:52.092Z
2026-01-23T00:00:00.000Z,AWS,ap-southeast-1,SG,479,lifecycle,False,,2026-01-01T01:09:16.367Z,2026-06-16T08:38:52.092Z
2026-01-24T00:00:00.000Z,AWS,ap-southeast-1,SG,477,lifecycle,False,,2026-01-01T01:09:16.367Z,2026-06-16T08:38:52.092Z
2026-01-25T00:00:00.000Z,AWS,ap-southeast-1,SG,479,lifecycle,False,,2026-01-01T01:09:16.367Z,2026-06-16T08:38:52.092Z
2026-01-26T00:00:00.000Z,AWS,ap-southeast-1,SG,477,lifecycle,False,,2026-01-01T01:09:16.367Z,2026-07-29T08:25:53.395Z
2026-01-27T00:00:00.000Z,AWS,ap-southeast-1,SG,480,lifecycle,True,TIME_SLICER_AVERAGE,2026-01-01T01:09:16.367Z,2026-06-16T08:38:52.092Z
2026-01-28T00:00:00.000Z,AWS,ap-southeast-1,SG,475,lifecycle,True,TIME_SLICER_AVERAGE,2026-01-01T01:09:16.367Z,2026-06-16T08:38:52.092Z
2026-01-29T00:00:00.000Z,AWS,ap-southeast-1,SG,475,lifecycle,True,TIME_SLICER_AVERAGE,2026-01-01T01:09:16.367Z,2026-06-16T08:38:52.092Z
2026-01-30T00:00:00.000Z,AWS,ap-southeast-1,SG,476,lifecycle,True,TIME_SLICER_AVERAGE,2026-01-01T01:09:16.367Z,2026-07-29T08:25:53.395Z
2026-01-31T00:00:00.000Z,AWS,ap-southeast-1,SG,472,lifecycle,True,TIME_SLICER_AVERAGE,2026-01-01T01:09:16.367Z,2026-07-29T08:25:53.395Z
2026-02-01T00:00:00.000Z,AWS,ap-southeast-1,SG,474,lifecycle,True,TIME_SLICER_AVERAGE,2026-01-01T01:09:16.367Z,2026-07-29T08:25:53.395Z
2026-02-02T00:00:00.000Z,AWS,ap-southeast-1,SG,478,lifecycle,True,TIME_SLICER_AVERAGE,2026-01-01T01:09:16.367Z,2026-07-29T08:25:53.395Z
2026-02-03T00:00:00.000Z,AWS,ap-southeast-1,SG,480,lifecycle,True,TIME_SLICER_AVERAGE,2026-01-01T01:09:16.367Z,2026-07-28T08:27:55.431Z
2026-02-04T00:00:00.000Z,AWS,ap-southeast-1,SG,480,lifecycle,True,TIME_SLICER_AVERAGE,2026-01-01T01:09:16.367Z,2026-07-28T08:27:55.431Z
2026-02-05T00:00:00.000Z,AWS,ap-southeast-1,SG,481,lifecycle,True,TIME_SLICER_AVERAGE,2026-01-01T01:09:16.367Z,2026-07-28T08:27:55.431Z
2026-02-06T00:00:00.000Z,AWS,ap-southeast-1,SG,481,lifecycle,True,TIME_SLICER_AVERAGE,2026-01-01T01:09:16.367Z,2026-07-28T08:27:55.431Z
2026-02-07T00:00:00.000Z,AWS,ap-southeast-1,SG,481,lifecycle,True,TIME_SLICER_AVERAGE,2026-01-01T01:09:16.367Z,2026-07-28T08:27:55.431Z
2026-02-08T00:00:00.000Z,AWS,ap-southeast-1,SG,480,lifecycle,True,TIME_SLICER_AVERAGE,2026-01-01T01:09:16.367Z,2026-07-28T08:27:55.431Z
2026-02-09T00:00:00.000Z,AWS,ap-southeast-1,SG,481,lifecycle,True,TIME_SLICER_AVERAGE,2026-01-01T01:09:16.367Z,2026-07-28T08:27:55.431Z
2026-02-10T00:00:00.000Z,AWS,ap-southeast-1,SG,481,lifecycle,True,TIME_SLICER_AVERAGE,2026-01-01T01:09:16.367Z,2026-07-28T08:27:55.431Z
2026-02-11T00:00:00.000Z,AWS,ap-southeast-1,SG,481,lifecycle,True,TIME_SLICER_AVERAGE,2026-01-01T01:09:16.367Z,2026-07-28T08:27:55.431Z
2026-02-12T00:00:00.000Z,AWS,ap-southeast-1,SG,481,lifecycle,True,TIME_SLICER_AVERAGE,2026-01-01T01:09:16.367Z,2026-07-28T08:27:55.431Z
2026-02-13T00:00:00.000Z,AWS,ap-southeast-1,SG,481,lifecycle,True,TIME_SLICER_AVERAGE,2026-01-01T01:09:16.367Z,2026-07-28T08:27:55.431Z
2026-02-14T00:00:00.000Z,AWS,ap-southeast-1,SG,481,lifecycle,True,TIME_SLICER_AVERAGE,2026-01-01T01:09:16.367Z,2026-07-28T08:27:55.431Z
2026-02-15T00:00:00.000Z,AWS,ap-southeast-1,SG,481,lifecycle,True,TIME_SLICER_AVERAGE,2026-01-01T01:09:16.367Z,2026-07-28T08:27:55.431Z
2026-02-16T00:00:00.000Z,AWS,ap-southeast-1,SG,481,lifecycle,True,TIME_SLICER_AVERAGE,2026-01-01T01:09:16.367Z,2026-07-28T08:27:55.431Z
2026-02-17T00:00:00.000Z,AWS,ap-southeast-1,SG,481,lifecycle,True,TIME_SLICER_AVERAGE,2026-01-01T01:09:16.367Z,2026-07-28T08:27:55.431Z
2026-02-18T00:00:00.000Z,AWS,ap-southeast-1,SG,480,lifecycle,True,TIME_SLICER_AVERAGE,2026-01-01T01:09:16.367Z,2026-07-28T08:27:55.431Z
2026-02-19T00:00:00.000Z,AWS,ap-southeast-1,SG,481,lifecycle,True,TIME_SLICER_AVERAGE,2026-01-01T01:09:16.367Z,2026-07-28T08:27:55.431Z
2026-02-20T00:00:00.000Z,AWS,ap-southeast-1,SG,480,lifecycle,True,TIME_SLICER_AVERAGE,2026-01-01T01:09:16.367Z,2026-07-28T08:27:55.431Z
2026-02-21T00:00:00.000Z,AWS,ap-southeast-1,SG,481,lifecycle,True,TIME_SLICER_AVERAGE,2026-01-01T01:09:16.367Z,2026-07-28T08:27:55.431Z
2026-02-22T00:00:00.000Z,AWS,ap-southeast-1,SG,481,lifecycle,True,TIME_SLICER_AVERAGE,2026-01-01T01:09:16.367Z,2026-07-28T08:27:55.431Z
2026-02-23T00:00:00.000Z,AWS,ap-southeast-1,SG,481,lifecycle,True,TIME_SLICER_AVERAGE,2026-01-01T01:09:16.367Z,2026-07-28T08:27:55.431Z
2026-02-24T00:00:00.000Z,AWS,ap-southeast-1,SG,481,lifecycle,True,TIME_SLICER_AVERAGE,2026-01-01T01:09:16.367Z,2026-07-28T08:27:55.431Z
2026-02-25T00:00:00.000Z,AWS,ap-southeast-1,SG,481,lifecycle,True,TIME_SLICER_AVERAGE,2026-01-01T01:09:16.367Z,2026-07-28T08:27:55.431Z
2026-02-26T00:00:00.000Z,AWS,ap-southeast-1,SG,481,lifecycle,True,TIME_SLICER_AVERAGE,2026-01-01T01:09:16.367Z,2026-07-28T08:27:55.431Z
2026-02-27T00:00:00.000Z,AWS,ap-southeast-1,SG,481,lifecycle,True,TIME_SLICER_AVERAGE,2026-01-01T01:09:16.367Z,2026-07-28T08:27:55.431Z
2026-02-28T00:00:00.000Z,AWS,ap-southeast-1,SG,481,lifecycle,True,TIME_SLICER_AVERAGE,2026-01-01T01:09:16.367Z,2026-07-28T08:27:55.431Z
2026-03-01T00:00:00.000Z,AWS,ap-southeast-1,SG,481,lifecycle,True,TIME_SLICER_AVERAGE,2026-01-01T01:09:16.367Z,2026-07-28T08:27:55.431Z
2026-03-02T00:00:00.000Z,AWS,ap-southeast-1,SG,480,lifecycle,True,TIME_SLICER_AVERAGE,2026-01-01T01:09:16.367Z,2026-07-28T08:27:55.431Z
2026-03-03T00:00:00.000Z,AWS,ap-southeast-1,SG,480,lifecycle,True,TIME_SLICER_AVERAGE,2026-01-01T01:09:16.367Z,2026-07-28T08:27:55.431Z
2026-03-04T00:00:00.000Z,AWS,ap-southeast-1,SG,480,lifecycle,True,TIME_SLICER_AVERAGE,2026-01-01T01:09:16.367Z,2026-07-28T08:27:55.431Z
2026-03-05T00:00:00.000Z,AWS,ap-southeast-1,SG,480,lifecycle,True,TIME_SLICER_AVERAGE,2026-01-01T01:09:16.367Z,2026-07-28T08:27:55.431Z
2026-03-06T00:00:00.000Z,AWS,ap-southeast-1,SG,480,lifecycle,True,TIME_SLICER_AVERAGE,2026-01-01T01:09:16.367Z,2026-07-28T08:27:55.431Z
2026-03-07T00:00:00.000Z,AWS,ap-southeast-1,SG,480,lifecycle,True,TIME_SLICER_AVERAGE,2026-01-01T01:09:16.367Z,2026-07-28T08:27:55.431Z
2026-03-08T00:00:00.000Z,AWS,ap-southeast-1,SG,480,lifecycle,True,TIME_SLICER_AVERAGE,2026-01-01T01:09:16.367Z,2026-07-28T08:27:55.431Z
2026-03-09T00:00:00.000Z,AWS,ap-southeast-1,SG,480,lifecycle,True,TIME_SLICER_AVERAGE,2026-01-01T01:09:16.367Z,2026-07-28T08:27:55.431Z
2026-03-10T00:00:00.000Z,AWS,ap-southeast-1,SG,480,lifecycle,True,TIME_SLICER_AVERAGE,2026-01-01T01:09:16.367Z,2026-07-28T08:27:55.431Z
2026-03-11T00:00:00.000Z,AWS,ap-southeast-1,SG,480,lifecycle,True,TIME_SLICER_AVERAGE,2026-01-01T01:09:16.367Z,2026-07-28T08:27:55.431Z
2026-03-12T00:00:00.000Z,AWS,ap-southeast-1,SG,480,lifecycle,True,TIME_SLICER_AVERAGE,2026-01-01T01:09:16.367Z,2026-07-28T08:27:55.431Z
2026-03-13T00:00:00.000Z,AWS,ap-southeast-1,SG,480,lifecycle,True,TIME_SLICER_AVERAGE,2026-01-01T01:09:16.367Z,2026-07-28T08:27:55.431Z
2026-03-14T00:00:00.000Z,AWS,ap-southeast-1,SG,480,lifecycle,True,TIME_SLICER_AVERAGE,2026-01-01T01:09:16.367Z,2026-07-28T08:27:55.431Z
2026-03-15T00:00:00.000Z,AWS,ap-southeast-1,SG,480,lifecycle,True,TIME_SLICER_AVERAGE,2026-01-01T01:09:16.367Z,2026-07-28T08:27:55.431Z
2026-03-16T00:00:00.000Z,AWS,ap-southeast-1,SG,480,lifecycle,True,TIME_SLICER_AVERAGE,2026-01-01T01:09:16.367Z,2026-07-28T08:27:55.431Z
2026-03-17T00:00:00.000Z,AWS,ap-southeast-1,SG,480,lifecycle,True,TIME_SLICER_AVERAGE,2026-01-01T01:09:16.367Z,2026-07-28T08:27:55.431Z
2026-03-18T00:00:00.000Z,AWS,ap-southeast-1,SG,480,lifecycle,True,TIME_SLICER_AVERAGE,2026-01-01T01:09:16.367Z,2026-07-28T08:27:55.431Z
2026-03-19T00:00:00.000Z,AWS,ap-southeast-1,SG,480,lifecycle,True,TIME_SLICER_AVERAGE,2026-01-01T01:09:16.367Z,2026-07-28T08:27:55.431Z
2026-03-20T00:00:00.000Z,AWS,ap-southeast-1,SG,480,lifecycle,True,TIME_SLICER_AVERAGE,2026-01-01T01:09:16.367Z,2026-07-28T08:27:55.431Z
2026-03-21T00:00:00.000Z,AWS,ap-southeast-1,SG,480,lifecycle,True,TIME_SLICER_AVERAGE,2026-01-01T01:09:16.367Z,2026-07-28T08:27:55.431Z
2026-03-22T00:00:00.000Z,AWS,ap-southeast-1,SG,480,lifecycle,True,TIME_SLICER_AVERAGE,2026-01-01T01:09:16.367Z,2026-07-28T08:27:55.431Z
2026-03-23T00:00:00.000Z,AWS,ap-southeast-1,SG,481,lifecycle,True,TIME_SLICER_AVERAGE,2026-01-01T01:09:16.367Z,2026-07-06T08:18:06.680Z
2026-03-24T00:00:00.000Z,AWS,ap-southeast-1,SG,481,lifecycle,True,TIME_SLICER_AVERAGE,2026-01-01T01:09:16.367Z,2026-07-06T08:18:06.680Z
2026-03-25T00:00:00.000Z,AWS,ap-southeast-1,SG,481,lifecycle,True,TIME_SLICER_AVERAGE,2026-01-01T01:09:16.367Z,2026-07-06T08:18:06.680Z
2026-03-26T00:00:00.000Z,AWS,ap-southeast-1,SG,481,lifecycle,True,TIME_SLICER_AVERAGE,2026-01-01T01:09:16.367Z,2026-07-06T08:18:06.680Z
2026-03-27T00:00:00.000Z,AWS,ap-southeast-1,SG,480,lifecycle,True,TIME_SLICER_AVERAGE,2026-01-01T01:09:16.367Z,2026-07-06T08:18:06.680Z
2026-03-28T00:00:00.000Z,AWS,ap-southeast-1,SG,481,lifecycle,True,TIME_SLICER_AVERAGE,2026-01-01T01:09:16.367Z,2026-07-06T08:18:06.680Z
2026-03-29T00:00:00.000Z,AWS,ap-southeast-1,SG,482,lifecycle,True,TIME_SLICER_AVERAGE,2026-01-01T01:09:16.367Z,2026-07-28T08:27:55.431Z
2026-03-30T00:00:00.000Z,AWS,ap-southeast-1,SG,481,lifecycle,True,TIME_SLICER_AVERAGE,2026-01-01T01:09:16.367Z,2026-07-06T08:18:06.680Z
2026-03-31T00:00:00.000Z,AWS,ap-southeast-1,SG,481,lifecycle,True,TIME_SLICER_AVERAGE,2026-01-01T01:09:16.367Z,2026-07-06T08:18:06.680Z
2026-04-01T00:00:00.000Z,AWS,ap-southeast-1,SG,480,lifecycle,True,TIME_SLICER_AVERAGE,2026-01-01T01:09:16.367Z,2026-07-06T08:18:06.680Z
2026-04-02T00:00:00.000Z,AWS,ap-southeast-1,SG,481,lifecycle,True,TIME_SLICER_AVERAGE,2026-01-01T01:09:16.367Z,2026-07-06T08:18:06.680Z
2026-04-03T00:00:00.000Z,AWS,ap-southeast-1,SG,480,lifecycle,True,TIME_SLICER_AVERAGE,2026-01-01T01:09:16.367Z,2026-07-06T08:18:06.680Z
2026-04-04T00:00:00.000Z,AWS,ap-southeast-1,SG,481,lifecycle,True,TIME_SLICER_AVERAGE,2026-01-01T01:09:16.367Z,2026-07-06T08:18:06.680Z
2026-04-05T00:00:00.000Z,AWS,ap-southeast-1,SG,480,lifecycle,True,TIME_SLICER_AVERAGE,2026-01-01T01:09:16.367Z,2026-07-13T08:18:51.066Z
2026-04-06T00:00:00.000Z,AWS,ap-southeast-1,SG,480,lifecycle,True,TIME_SLICER_AVERAGE,2026-01-01T01:09:16.367Z,2026-07-13T08:18:51.066Z
2026-04-07T00:00:00.000Z,AWS,ap-southeast-1,SG,480,lifecycle,True,TIME_SLICER_AVERAGE,2026-01-01T01:09:16.367Z,2026-07-13T08:18:51.066Z
2026-04-08T00:00:00.000Z,AWS,ap-southeast-1,SG,480,lifecycle,True,TIME_SLICER_AVERAGE,2026-01-01T01:09:16.367Z,2026-07-13T08:18:51.066Z
2026-04-09T00:00:00.000Z,AWS,ap-southeast-1,SG,480,lifecycle,True,TIME_SLICER_AVERAGE,2026-01-01T01:09:16.367Z,2026-07-13T08:18:51.066Z
2026-04-10T00:00:00.000Z,AWS,ap-southeast-1,SG,480,lifecycle,True,TIME_SLICER_AVERAGE,2026-01-01T01:09:16.367Z,2026-07-13T08:18:51.066Z
2026-04-11T00:00:00.000Z,AWS,ap-southeast-1,SG,480,lifecycle,True,TIME_SLICER_AVERAGE,2026-01-01T01:09:16.367Z,2026-07-13T08:18:51.066Z
2026-04-12T00:00:00.000Z,AWS,ap-southeast-1,SG,480,lifecycle,True,TIME_SLICER_AVERAGE,2026-01-01T01:09:16.367Z,2026-07-13T08:18:51.066Z
2026-04-13T00:00:00.000Z,AWS,ap-southeast-1,SG,480,lifecycle,True,TIME_SLICER_AVERAGE,2026-01-01T01:09:16.367Z,2026-07-06T08:18:06.680Z
2026-04-14T00:00:00.000Z,AWS,ap-southeast-1,SG,480,lifecycle,True,TIME_SLICER_AVERAGE,2026-01-01T01:09:16.367Z,2026-07-06T08:18:06.680Z
2026-04-15T00:00:00.000Z,AWS,ap-southeast-1,SG,480,lifecycle,True,TIME_SLICER_AVERAGE,2026-01-01T01:09:16.367Z,2026-07-06T08:18:06.680Z
2026-04-16T00:00:00.000Z,AWS,ap-southeast-1,SG,480,lifecycle,True,TIME_SLICER_AVERAGE,2026-01-01T01:09:16.367Z,2026-07-06T08:18:06.680Z
2026-04-17T00:00:00.000Z,AWS,ap-southeast-1,SG,480,lifecycle,True,TIME_SLICER_AVERAGE,2026-01-01T01:09:16.367Z,2026-07-06T08:18:06.680Z
2026-04-18T00:00:00.000Z,AWS,ap-southeast-1,SG,480,lifecycle,True,TIME_SLICER_AVERAGE,2026-01-01T01:09:16.367Z,2026-07-06T08:18:06.680Z
2026-04-19T00:00:00.000Z,AWS,ap-southeast-1,SG,480,lifecycle,True,TIME_SLICER_AVERAGE,2026-01-01T01:09:16.367Z,2026-07-06T08:18:06.680Z
2026-04-20T00:00:00.000Z,AWS,ap-southeast-1,SG,480,lifecycle,True,TIME_SLICER_AVERAGE,2026-01-01T01:09:16.367Z,2026-07-13T08:18:51.066Z
2026-04-21T00:00:00.000Z,AWS,ap-southeast-1,SG,480,lifecycle,True,TIME_SLICER_AVERAGE,2026-01-01T01:09:16.367Z,2026-07-13T08:18:51.066Z
2026-04-22T00:00:00.000Z,AWS,ap-southeast-1,SG,480,lifecycle,True,TIME_SLICER_AVERAGE,2026-01-01T01:09:16.367Z,2026-07-13T08:18:51.066Z
2026-04-23T00:00:00.000Z,AWS,ap-southeast-1,SG,480,lifecycle,True,TIME_SLICER_AVERAGE,2026-01-01T01:09:16.367Z,2026-07-13T08:18:51.066Z
2026-04-24T00:00:00.000Z,AWS,ap-southeast-1,SG,480,lifecycle,True,TIME_SLICER_AVERAGE,2026-01-01T01:09:16.367Z,2026-07-13T08:18:51.066Z
2026-04-25T00:00:00.000Z,AWS,ap-southeast-1,SG,480,lifecycle,True,TIME_SLICER_AVERAGE,2026-01-01T01:09:16.367Z,2026-07-13T08:18:51.066Z
2026-04-26T00:00:00.000Z,AWS,ap-southeast-1,SG,480,lifecycle,True,TIME_SLICER_AVERAGE,2026-01-01T01:09:16.367Z,2026-07-13T08:18:51.066Z
2026-04-27T00:00:00.000Z,AWS,ap-southeast-1,SG,480,lifecycle,True,TIME_SLICER_AVERAGE,2026-01-01T01:09:16.367Z,2026-06-21T07:45:03.047Z
2026-04-28T00:00:00.000Z,AWS,ap-southeast-1,SG,480,lifecycle,True,TIME_SLICER_AVERAGE,2026-01-01T01:09:16.367Z,2026-06-21T07:45:03.047Z
2026-04-29T00:00:00.000Z,AWS,ap-southeast-1,SG,480,lifecycle,True,TIME_SLICER_AVERAGE,2026-01-01T01:09:16.367Z,2026-07-06T08:18:06.680Z
2026-04-30T00:00:00.000Z,AWS,ap-southeast-1,SG,480,lifecycle,True,TIME_SLICER_AVERAGE,2026-01-01T01:09:16.367Z,2026-06-21T07:45:03.047Z
2026-05-01T00:00:00.000Z,AWS,ap-southeast-1,SG,480,lifecycle,True,TIME_SLICER_AVERAGE,2026-01-01T01:09:16.367Z,2026-06-21T07:45:03.047Z
2026-05-02T00:00:00.000Z,AWS,ap-southeast-1,SG,479,lifecycle,True,TIME_SLICER_AVERAGE,2026-01-01T01:09:16.367Z,2026-07-13T08:18:51.066Z
2026-05-03T00:00:00.000Z,AWS,ap-southeast-1,SG,480,lifecycle,True,TIME_SLICER_AVERAGE,2026-01-01T01:09:16.367Z,2026-07-13T08:18:51.066Z
2026-05-04T00:00:00.000Z,AWS,ap-southeast-1,SG,480,lifecycle,True,TIME_SLICER_AVERAGE,2026-01-01T01:09:16.367Z,2026-07-13T08:18:51.066Z
2026-05-05T00:00:00.000Z,AWS,ap-southeast-1,SG,480,lifecycle,True,TIME_SLICER_AVERAGE,2026-01-01T01:09:16.367Z,2026-07-13T08:18:51.066Z
2026-05-06T00:00:00.000Z,AWS,ap-southeast-1,SG,480,lifecycle,True,TIME_SLICER_AVERAGE,2026-01-01T01:09:16.367Z,2026-07-12T07:52:36.151Z
2026-05-07T00:00:00.000Z,AWS,ap-southeast-1,SG,480,lifecycle,True,TIME_SLICER_AVERAGE,2026-01-01T01:09:16.367Z,2026-07-12T07:52:36.151Z
2026-05-08T00:00:00.000Z,AWS,ap-southeast-1,SG,480,lifecycle,True,TIME_SLICER_AVERAGE,2026-01-01T01:09:16.367Z,2026-07-12T07:52:36.151Z
2026-05-09T00:00:00.000Z,AWS,ap-southeast-1,SG,480,lifecycle,True,TIME_SLICER_AVERAGE,2026-01-01T01:09:16.367Z,2026-07-20T08:19:12.615Z
2026-05-10T00:00:00.000Z,AWS,ap-southeast-1,SG,480,lifecycle,True,TIME_SLICER_AVERAGE,2026-01-01T01:09:16.367Z,2026-07-12T07:52:36.151Z
2026-05-11T00:00:00.000Z,AWS,ap-southeast-1,SG,480,lifecycle,True,TIME_SLICER_AVERAGE,2026-01-01T01:09:16.367Z,2026-06-21T07:45:03.047Z
2026-05-12T00:00:00.000Z,AWS,ap-southeast-1,SG,480,lifecycle,True,TIME_SLICER_AVERAGE,2026-01-01T01:09:16.367Z,2026-06-21T07:45:03.047Z
2026-05-13T00:00:00.000Z,AWS,ap-southeast-1,SG,480,lifecycle,True,TIME_SLICER_AVERAGE,2026-01-01T01:09:16.367Z,2026-06-21T07:45:03.047Z
2026-05-14T00:00:00.000Z,AWS,ap-southeast-1,SG,480,lifecycle,True,TIME_SLICER_AVERAGE,2026-01-01T01:09:16.367Z,2026-06-21T07:45:03.047Z
2026-05-15T00:00:00.000Z,AWS,ap-southeast-1,SG,480,lifecycle,True,TIME_SLICER_AVERAGE,2026-01-01T01:09:16.367Z,2026-06-21T07:45:03.047Z
2026-05-16T00:00:00.000Z,AWS,ap-southeast-1,SG,480,lifecycle,True,TIME_SLICER_AVERAGE,2026-01-01T01:09:16.367Z,2026-07-27T08:27:49.480Z
2026-05-17T00:00:00.000Z,AWS,ap-southeast-1,SG,480,lifecycle,True,TIME_SLICER_AVERAGE,2026-01-01T01:09:16.367Z,2026-07-05T07:19:39.743Z
2026-05-18T00:00:00.000Z,AWS,ap-southeast-1,SG,480,lifecycle,True,TIME_SLICER_AVERAGE,2026-01-01T01:09:16.367Z,2026-07-12T07:52:36.151Z
2026-05-19T00:00:00.000Z,AWS,ap-southeast-1,SG,480,lifecycle,True,TIME_SLICER_AVERAGE,2026-01-01T01:09:16.367Z,2026-07-12T07:52:36.151Z
2026-05-20T00:00:00.000Z,AWS,ap-southeast-1,SG,480,lifecycle,True,TIME_SLICER_AVERAGE,2026-01-01T01:09:16.367Z,2026-07-12T07:52:36.151Z
2026-05-21T00:00:00.000Z,AWS,ap-southeast-1,SG,480,lifecycle,True,TIME_SLICER_AVERAGE,2026-01-01T01:09:16.367Z,2026-07-12T07:52:36.151Z
2026-05-22T00:00:00.000Z,AWS,ap-southeast-1,SG,480,lifecycle,True,TIME_SLICER_AVERAGE,2026-01-01T01:09:16.367Z,2026-07-12T07:52:36.151Z
2026-05-23T00:00:00.000Z,AWS,ap-southeast-1,SG,480,lifecycle,True,TIME_SLICER_AVERAGE,2026-01-01T01:09:16.367Z,2026-07-27T08:27:49.480Z
2026-05-24T00:00:00.000Z,AWS,ap-southeast-1,SG,480,lifecycle,True,TIME_SLICER_AVERAGE,2026-01-01T01:09:16.367Z,2026-07-12T07:52:36.151Z
2026-05-25T00:00:00.000Z,AWS,ap-southeast-1,SG,480,lifecycle,True,TIME_SLICER_AVERAGE,2026-01-01T01:09:16.367Z,2026-07-12T07:52:36.151Z
2026-05-26T00:00:00.000Z,AWS,ap-southeast-1,SG,480,lifecycle,True,TIME_SLICER_AVERAGE,2026-01-01T01:09:16.367Z,2026-07-12T07:52:36.151Z
2026-05-27T00:00:00.000Z,AWS,ap-southeast-1,SG,480,lifecycle,True,TIME_SLICER_AVERAGE,2026-01-01T01:09:16.367Z,2026-07-12T07:52:36.151Z
2026-05-28T00:00:00.000Z,AWS,ap-southeast-1,SG,480,lifecycle,True,TIME_SLICER_AVERAGE,2026-01-01T01:09:16.367Z,2026-07-12T07:52:36.151Z
2026-05-29T00:00:00.000Z,AWS,ap-southeast-1,SG,480,lifecycle,True,TIME_SLICER_AVERAGE,2026-01-01T01:09:16.367Z,2026-07-12T07:52:36.151Z
2026-05-30T00:00:00.000Z,AWS,ap-southeast-1,SG,480,lifecycle,True,TIME_SLICER_AVERAGE,2026-01-01T01:09:16.367Z,2026-07-12T07:52:36.151Z
2026-05-31T00:00:00.000Z,AWS,ap-southeast-1,SG,480,lifecycle,True,TIME_SLICER_AVERAGE,2026-01-01T01:09:16.367Z,2026-07-12T07:52:36.151Z
2026-06-01T00:00:00.000Z,AWS,ap-southeast-1,SG,480,lifecycle,True,TIME_SLICER_AVERAGE,2026-01-01T01:09:16.367Z,2026-07-05T07:19:39.743Z
2026-06-02T00:00:00.000Z,AWS,ap-southeast-1,SG,480,lifecycle,True,TIME_SLICER_AVERAGE,2026-01-01T01:09:16.367Z,2026-07-19T07:51:14.865Z
2026-06-03T00:00:00.000Z,AWS,ap-southeast-1,SG,480,lifecycle,True,TIME_SLICER_AVERAGE,2026-01-01T01:09:16.367Z,2026-07-19T07:51:14.865Z
2026-06-04T00:00:00.000Z,AWS,ap-southeast-1,SG,480,lifecycle,True,TIME_SLICER_AVERAGE,2026-01-01T01:09:16.367Z,2026-07-19T07:51:14.865Z
2026-06-05T00:00:00.000Z,AWS,ap-southeast-1,SG,480,lifecycle,True,TIME_SLICER_AVERAGE,2026-01-01T01:09:16.367Z,2026-07-19T07:51:14.865Z
2026-06-06T00:00:00.000Z,AWS,ap-southeast-1,SG,480,lifecycle,True,TIME_SLICER_AVERAGE,2026-01-01T01:09:16.367Z,2026-07-19T07:51:14.865Z
2026-06-07T00:00:00.000Z,AWS,ap-southeast-1,SG,480,lifecycle,True,TIME_SLICER_AVERAGE,2026-01-01T01:09:16.367Z,2026-07-19T07:51:14.865Z
2026-06-08T00:00:00.000Z,AWS,ap-southeast-1,SG,480,lifecycle,True,TIME_SLICER_AVERAGE,2026-01-01T01:09:16.367Z,2026-07-19T07:51:14.865Z
2026-06-09T00:00:00.000Z,AWS,ap-southeast-1,SG,480,lifecycle,True,TIME_SLICER_AVERAGE,2026-01-01T01:09:16.367Z,2026-07-19T07:51:14.865Z
2026-06-10T00:00:00.000Z,AWS,ap-southeast-1,SG,480,lifecycle,True,TIME_SLICER_AVERAGE,2026-01-01T01:09:16.367Z,2026-07-19T07:51:14.865Z
2026-06-11T00:00:00.000Z,AWS,ap-southeast-1,SG,480,lifecycle,True,TIME_SLICER_AVERAGE,2026-01-01T01:09:16.367Z,2026-07-19T07:51:14.865Z
2026-06-12T00:00:00.000Z,AWS,ap-southeast-1,SG,480,lifecycle,True,TIME_SLICER_AVERAGE,2026-01-01T01:09:16.367Z,2026-07-19T07:51:14.865Z
2026-06-13T00:00:00.000Z,AWS,ap-southeast-1,SG,480,lifecycle,True,TIME_SLICER_AVERAGE,2026-01-01T01:09:16.367Z,2026-07-19T07:51:14.865Z
2026-06-14T00:00:00.000Z,AWS,ap-southeast-1,SG,480,lifecycle,True,TIME_SLICER_AVERAGE,2026-01-01T01:09:16.367Z,2026-07-19T07:51:14.865Z
2026-06-15T00:00:00.000Z,AWS,ap-southeast-1,SG,480,lifecycle,True,TIME_SLICER_AVERAGE,2026-01-01T01:09:16.367Z,2026-07-19T07:51:14.865Z
2026-06-16T00:00:00.000Z,AWS,ap-southeast-1,SG,480,lifecycle,True,TIME_SLICER_AVERAGE,2026-01-01T01:09:16.367Z,2026-07-19T07:51:14.865Z
2026-06-17T00:00:00.000Z,AWS,ap-southeast-1,SG,480,lifecycle,True,TIME_SLICER_AVERAGE,2026-01-01T01:09:16.367Z,2026-07-19T07:51:14.865Z
2026-06-18T00:00:00.000Z,AWS,ap-southeast-1,SG,480,lifecycle,True,TIME_SLICER_AVERAGE,2026-01-01T01:09:16.367Z,2026-07-19T07:51:14.865Z
2026-06-19T00:00:00.000Z,AWS,ap-southeast-1,SG,480,lifecycle,True,TIME_SLICER_AVERAGE,2026-01-01T01:09:16.367Z,2026-07-19T07:51:14.865Z
2026-06-20T00:00:00.000Z,AWS,ap-southeast-1,SG,480,lifecycle,True,TIME_SLICER_AVERAGE,2026-01-01T01:09:16.367Z,2026-07-19T07:51:14.865Z
2026-06-21T00:00:00.000Z,AWS,ap-southeast-1,SG,480,lifecycle,True,TIME_SLICER_AVERAGE,2026-01-01T01:09:16.367Z,2026-07-05T07:19:39.743Z
2026-06-22T00:00:00.000Z,AWS,ap-southeast-1,SG,479,lifecycle,True,TIME_SLICER_AVERAGE,2026-01-01T01:09:16.367Z,2026-06-24T03:15:16.070Z
2026-06-23T00:00:00.000Z,AWS,ap-southeast-1,SG,480,lifecycle,True,TIME_SLICER_AVERAGE,2026-01-01T01:09:16.367Z,2026-07-19T07:51:14.865Z
2026-06-24T00:00:00.000Z,AWS,ap-southeast-1,SG,480,lifecycle,True,TIME_SLICER_AVERAGE,2026-01-01T01:09:16.367Z,2026-07-19T07:51:14.865Z
2026-06-25T00:00:00.000Z,AWS,ap-southeast-1,SG,480,lifecycle,True,TIME_SLICER_AVERAGE,2026-01-01T01:09:16.367Z,2026-07-19T07:51:14.865Z
2026-06-26T00:00:00.000Z,AWS,ap-southeast-1,SG,480,lifecycle,True,TIME_SLICER_AVERAGE,2026-01-01T01:09:16.367Z,2026-07-19T07:51:14.865Z
2026-06-27T00:00:00.000Z,AWS,ap-southeast-1,SG,480,lifecycle,True,TIME_SLICER_AVERAGE,2026-01-01T01:09:16.367Z,2026-06-29T03:07:16.901Z
2026-06-28T00:00:00.000Z,AWS,ap-southeast-1,SG,481,lifecycle,True,TIME_SLICER_AVERAGE,2026-01-01T01:09:16.367Z,2026-06-30T03:10:22.983Z
2026-06-29T00:00:00.000Z,AWS,ap-southeast-1,SG,480,lifecycle,True,TIME_SLICER_AVERAGE,2026-01-01T01:09:16.367Z,2026-07-01T03:13:00.375Z
2026-06-30T00:00:00.000Z,AWS,ap-southeast-1,SG,480,lifecycle,True,TIME_SLICER_AVERAGE,2026-01-01T01:09:16.367Z,2026-07-03T00:05:28.636Z
2026-07-01T00:00:00.000Z,AWS,ap-southeast-1,SG,480,lifecycle,True,TIME_SLICER_AVERAGE,2026-01-01T01:09:16.367Z,2026-07-03T03:00:27.009Z
2026-07-02T00:00:00.000Z,AWS,ap-southeast-1,SG,480,lifecycle,True,TIME_SLICER_AVERAGE,2026-01-01T01:09:16.367Z,2026-07-04T02:59:23.373Z
2026-07-03T00:00:00.000Z,AWS,ap-southeast-1,SG,480,lifecycle,True,TIME_SLICER_AVERAGE,2026-01-01T01:09:16.367Z,2026-07-13T03:16:02.260Z
2026-07-04T00:00:00.000Z,AWS,ap-southeast-1,SG,480,lifecycle,True,TIME_SLICER_AVERAGE,2026-01-01T01:09:16.367Z,2026-07-06T02:59:02.671Z
2026-07-05T00:00:00.000Z,AWS,ap-southeast-1,SG,480,lifecycle,True,TIME_SLICER_AVERAGE,2026-01-01T01:09:16.367Z,2026-07-07T03:05:18.469Z
2026-07-06T00:00:00.000Z,AWS,ap-southeast-1,SG,480,lifecycle,True,TIME_SLICER_AVERAGE,2026-01-01T01:09:16.367Z,2026-07-08T03:16:50.979Z
2026-07-07T00:00:00.000Z,AWS,ap-southeast-1,SG,480,lifecycle,True,TIME_SLICER_AVERAGE,2026-01-01T01:09:16.367Z,2026-07-09T03:17:25.391Z
2026-07-08T00:00:00.000Z,AWS,ap-southeast-1,SG,480,lifecycle,True,TIME_SLICER_AVERAGE,2026-01-01T01:09:16.367Z,2026-07-10T03:18:55.461Z
2026-07-09T00:00:00.000Z,AWS,ap-southeast-1,SG,480,lifecycle,True,TIME_SLICER_AVERAGE,2026-01-01T01:09:16.367Z,2026-07-11T02:58:46.976Z
2026-07-10T00:00:00.000Z,AWS,ap-southeast-1,SG,480,lifecycle,True,TIME_SLICER_AVERAGE,2026-01-01T01:09:16.367Z,2026-07-20T03:37:59.216Z
2026-07-11T00:00:00.000Z,AWS,ap-southeast-1,SG,480,lifecycle,True,TIME_SLICER_AVERAGE,2026-01-01T01:09:16.367Z,2026-07-13T03:16:02.260Z
2026-07-12T00:00:00.000Z,AWS,ap-southeast-1,SG,480,lifecycle,True,TIME_SLICER_AVERAGE,2026-01-01T01:09:16.367Z,2026-07-14T03:01:09.172Z
2026-07-13T00:00:00.000Z,AWS,ap-southeast-1,SG,480,lifecycle,True,TIME_SLICER_AVERAGE,2026-01-01T01:09:16.367Z,2026-07-15T02:59:08.395Z
2026-07-14T00:00:00.000Z,AWS,ap-southeast-1,SG,480,lifecycle,True,TIME_SLICER_AVERAGE,2026-01-01T01:09:16.367Z,2026-07-16T03:18:20.784Z
2025-11-01T00:00:00.000Z,Azure,Central India,IN-WE,646,lifecycle,False,,2025-11-11T11:12:49.840Z,2025-11-17T09:26:42.387Z
2025-11-02T00:00:00.000Z,Azure,Central India,IN-WE,656,lifecycle,False,,2025-11-11T11:12:49.840Z,2025-11-17T09:26:42.387Z
2025-11-03T00:00:00.000Z,Azure,Central India,IN-WE,637,lifecycle,False,,2025-11-07T00:01:21.379Z,2025-11-17T09:26:42.387Z
2025-11-04T00:00:00.000Z,Azure,Central India,IN-WE,647,lifecycle,False,,2025-11-07T00:01:21.379Z,2026-06-30T15:24:04.205Z
2025-11-05T00:00:00.000Z,Azure,Central India,IN-WE,666,lifecycle,False,,2025-11-07T00:01:21.379Z,2025-11-17T09:26:42.387Z
2025-11-06T00:00:00.000Z,Azure,Central India,IN-WE,665,lifecycle,False,,2025-11-07T00:01:21.379Z,2025-11-17T09:26:42.387Z
2025-11-07T00:00:00.000Z,Azure,Central India,IN-WE,655,lifecycle,False,,2025-11-07T00:01:21.379Z,2025-11-17T09:26:42.387Z
2025-11-08T00:00:00.000Z,Azure,Central India,IN-WE,656,lifecycle,False,,2025-11-08T00:01:10.574Z,2025-11-17T09:26:42.387Z
2025-11-09T00:00:00.000Z,Azure,Central India,IN-WE,663,lifecycle,False,,2025-11-09T00:01:13.200Z,2026-02-09T12:14:46.679Z
2025-11-10T00:00:00.000Z,Azure,Central India,IN-WE,688,lifecycle,True,TIME_SLICER_AVERAGE,2025-11-10T00:01:00.828Z,2026-06-17T07:52:45.855Z
2025-11-11T00:00:00.000Z,Azure,Central India,IN-WE,675,lifecycle,False,,2025-11-11T00:01:53.304Z,2026-07-09T08:18:23.737Z
2025-11-12T00:00:00.000Z,Azure,Central India,IN-WE,663,lifecycle,False,,2025-11-12T00:01:40.418Z,2026-02-23T19:08:17.320Z
2025-11-13T00:00:00.000Z,Azure,Central India,IN-WE,661,lifecycle,False,,2025-11-14T00:01:10.506Z,2025-11-17T09:26:42.387Z
2025-11-14T00:00:00.000Z,Azure,Central India,IN-WE,664,lifecycle,False,,2025-11-14T00:01:10.506Z,2025-11-17T09:26:42.387Z
2025-11-15T00:00:00.000Z,Azure,Central India,IN-WE,652,lifecycle,False,,2025-11-15T00:00:48.692Z,2025-11-17T09:26:42.387Z
2025-11-16T00:00:00.000Z,Azure,Central India,IN-WE,637,lifecycle,False,,2025-11-16T00:01:08.512Z,2025-11-19T00:03:18.292Z
2025-11-17T00:00:00.000Z,Azure,Central India,IN-WE,649,lifecycle,False,,2025-11-17T00:01:02.127Z,2025-11-20T00:02:14.262Z
2025-11-18T00:00:00.000Z,Azure,Central India,IN-WE,654,lifecycle,False,,2025-11-18T00:01:13.651Z,2026-07-16T08:29:09.378Z
2025-11-19T00:00:00.000Z,Azure,Central India,IN-WE,668,lifecycle,False,,2025-11-19T00:03:18.292Z,2025-11-22T00:02:54.890Z
2025-11-20T00:00:00.000Z,Azure,Central India,IN-WE,666,lifecycle,False,,2025-11-20T00:02:14.262Z,2026-01-27T14:44:14.307Z
2025-11-21T00:00:00.000Z,Azure,Central India,IN-WE,661,lifecycle,False,,2025-11-21T00:02:49.426Z,2026-01-27T14:44:14.307Z
2025-11-22T00:00:00.000Z,Azure,Central India,IN-WE,672,lifecycle,False,,2025-11-22T00:02:54.890Z,2026-01-27T14:44:14.307Z
2025-11-23T00:00:00.000Z,Azure,Central India,IN-WE,679,lifecycle,False,,2025-11-23T00:01:40.369Z,2026-01-27T14:44:14.307Z
2025-11-24T00:00:00.000Z,Azure,Central India,IN-WE,664,lifecycle,False,,2025-11-24T00:03:21.934Z,2025-11-27T00:03:51.092Z
2025-11-25T00:00:00.000Z,Azure,Central India,IN-WE,665,lifecycle,False,,2025-11-25T00:02:44.749Z,2026-07-23T08:25:26.312Z
2025-11-26T00:00:00.000Z,Azure,Central India,IN-WE,670,lifecycle,False,,2025-11-26T00:02:46.667Z,2026-03-01T10:10:07.518Z
2025-11-27T00:00:00.000Z,Azure,Central India,IN-WE,668,lifecycle,False,,2025-11-27T00:03:51.092Z,2025-11-30T00:03:58.533Z
2025-11-28T00:00:00.000Z,Azure,Central India,IN-WE,670,lifecycle,False,,2025-11-28T00:01:19.034Z,2025-11-30T15:34:07.515Z
2025-11-29T00:00:00.000Z,Azure,Central India,IN-WE,678,lifecycle,False,,2025-11-29T00:04:03.897Z,2025-12-02T00:02:51.200Z
2025-11-30T00:00:00.000Z,Azure,Central India,IN-WE,690,lifecycle,False,,2025-11-30T00:03:58.533Z,2025-12-03T00:03:14.524Z
2025-12-01T00:00:00.000Z,Azure,Central India,IN-WE,691,lifecycle,False,,2025-12-01T00:04:01.307Z,2025-12-04T00:01:20.713Z
2025-12-02T00:00:00.000Z,Azure,Central India,IN-WE,676,lifecycle,False,,2025-12-02T00:02:51.200Z,2026-07-30T08:26:54.678Z
2025-12-03T00:00:00.000Z,Azure,Central India,IN-WE,650,lifecycle,False,,2025-12-03T00:03:14.524Z,2025-12-06T00:02:47.513Z
2025-12-04T00:00:00.000Z,Azure,Central India,IN-WE,650,lifecycle,False,,2025-12-04T00:01:20.713Z,2025-12-07T00:03:49.557Z
2025-12-05T00:00:00.000Z,Azure,Central India,IN-WE,643,lifecycle,False,,2025-12-05T00:02:50.260Z,2025-12-08T00:02:34.534Z
2025-12-06T00:00:00.000Z,Azure,Central India,IN-WE,658,lifecycle,False,,2025-12-06T00:02:47.513Z,2025-12-09T00:02:59.558Z
2025-12-07T00:00:00.000Z,Azure,Central India,IN-WE,664,lifecycle,False,,2025-12-07T00:03:49.557Z,2026-04-01T12:10:52.130Z
2025-12-08T00:00:00.000Z,Azure,Central India,IN-WE,650,lifecycle,False,,2025-12-08T00:02:34.534Z,2025-12-11T00:01:22.436Z
2025-12-09T00:00:00.000Z,Azure,Central India,IN-WE,654,lifecycle,False,,2025-12-09T00:02:59.558Z,2026-07-30T08:26:54.678Z
2025-12-10T00:00:00.000Z,Azure,Central India,IN-WE,670,lifecycle,False,,2025-12-10T00:03:32.988Z,2026-01-27T14:44:14.307Z
2025-12-11T00:00:00.000Z,Azure,Central India,IN-WE,679,lifecycle,False,,2025-12-11T00:01:22.436Z,2025-12-14T00:01:25.150Z
2025-12-12T00:00:00.000Z,Azure,Central India,IN-WE,683,lifecycle,False,,2025-12-11T14:23:25.169Z,2025-12-15T00:01:27.499Z
2025-12-13T00:00:00.000Z,Azure,Central India,IN-WE,682,lifecycle,False,,2025-12-11T14:23:25.169Z,2025-12-16T00:02:30.703Z
2025-12-14T00:00:00.000Z,Azure,Central India,IN-WE,669,lifecycle,False,,2025-12-11T14:23:25.169Z,2025-12-17T00:03:23.971Z
2025-12-15T00:00:00.000Z,Azure,Central India,IN-WE,659,lifecycle,False,,2025-12-11T14:23:25.169Z,2025-12-18T00:01:21.823Z
2025-12-16T00:00:00.000Z,Azure,Central India,IN-WE,658,lifecycle,False,,2025-12-11T14:23:25.169Z,2025-12-19T00:01:22.858Z
2025-12-17T00:00:00.000Z,Azure,Central India,IN-WE,676,lifecycle,False,,2025-12-11T14:23:25.169Z,2025-12-20T00:01:56.631Z
2025-12-18T00:00:00.000Z,Azure,Central India,IN-WE,678,lifecycle,False,,2025-12-11T14:23:25.169Z,2025-12-21T00:01:55.345Z
2025-12-19T00:00:00.000Z,Azure,Central India,IN-WE,682,lifecycle,False,,2025-12-11T14:23:25.169Z,2026-06-17T07:52:45.855Z
2025-12-20T00:00:00.000Z,Azure,Central India,IN-WE,686,lifecycle,False,,2025-12-11T14:23:25.169Z,2026-06-17T07:52:45.855Z
2025-12-21T00:00:00.000Z,Azure,Central India,IN-WE,684,lifecycle,False,,2025-12-11T14:23:25.169Z,2025-12-24T00:02:47.067Z
2025-12-22T00:00:00.000Z,Azure,Central India,IN-WE,666,lifecycle,False,,2025-12-11T14:23:25.169Z,2026-06-17T17:51:30.774Z
2025-12-23T00:00:00.000Z,Azure,Central India,IN-WE,649,lifecycle,False,,2025-12-11T14:23:25.169Z,2025-12-26T00:01:47.160Z
2025-12-24T00:00:00.000Z,Azure,Central India,IN-WE,655,lifecycle,False,,2025-12-11T14:23:25.169Z,2025-12-27T00:01:24.780Z
2025-12-25T00:00:00.000Z,Azure,Central India,IN-WE,676,lifecycle,False,,2025-12-11T14:23:25.169Z,2026-01-08T23:13:17.501Z
2025-12-26T00:00:00.000Z,Azure,Central India,IN-WE,681,lifecycle,False,,2025-12-11T14:23:25.169Z,2025-12-29T00:01:18.254Z
2025-12-27T00:00:00.000Z,Azure,Central India,IN-WE,684,lifecycle,False,,2025-12-11T14:23:25.169Z,2025-12-30T00:01:18.501Z
2025-12-28T00:00:00.000Z,Azure,Central India,IN-WE,681,lifecycle,False,,2025-12-11T14:23:25.169Z,2025-12-31T00:01:09.411Z
2025-12-29T00:00:00.000Z,Azure,Central India,IN-WE,688,lifecycle,False,,2025-12-11T14:23:25.169Z,2026-06-30T15:24:04.205Z
2025-12-30T00:00:00.000Z,Azure,Central India,IN-WE,698,lifecycle,False,,2025-12-11T14:23:25.169Z,2026-01-27T14:44:14.307Z
2025-12-31T00:00:00.000Z,Azure,Central India,IN-WE,699,lifecycle,False,,2025-12-11T14:23:25.169Z,2026-01-27T14:44:14.307Z
2026-01-01T00:00:00.000Z,Azure,Central India,IN-WE,678,lifecycle,False,,2026-01-01T00:03:02.861Z,2026-01-04T00:01:29.748Z
2026-01-02T00:00:00.000Z,Azure,Central India,IN-WE,666,lifecycle,False,,2026-01-01T01:09:16.367Z,2026-05-01T11:09:36.847Z
2026-01-03T00:00:00.000Z,Azure,Central India,IN-WE,673,lifecycle,False,,2026-01-01T01:09:16.367Z,2026-02-02T12:06:20.958Z
2026-01-04T00:00:00.000Z,Azure,Central India,IN-WE,672,lifecycle,False,,2026-01-01T01:09:16.367Z,2026-02-02T12:06:20.958Z
2026-01-05T00:00:00.000Z,Azure,Central India,IN-WE,673,lifecycle,False,,2026-01-01T01:09:16.367Z,2026-07-08T08:20:02.594Z
2026-01-06T00:00:00.000Z,Azure,Central India,IN-WE,653,lifecycle,False,,2026-01-01T01:09:16.367Z,2026-02-02T12:06:20.958Z
2026-01-07T00:00:00.000Z,Azure,Central India,IN-WE,644,lifecycle,False,,2026-01-01T01:09:16.367Z,2026-02-02T12:06:20.958Z
2026-01-08T00:00:00.000Z,Azure,Central India,IN-WE,654,lifecycle,False,,2026-01-01T01:09:16.367Z,2026-02-02T12:06:20.958Z
2026-01-09T00:00:00.000Z,Azure,Central India,IN-WE,649,lifecycle,False,,2026-01-01T01:09:16.367Z,2026-02-02T12:06:20.958Z
2026-01-10T00:00:00.000Z,Azure,Central India,IN-WE,646,lifecycle,False,,2026-01-01T01:09:16.367Z,2026-02-02T12:06:20.958Z
2026-01-11T00:00:00.000Z,Azure,Central India,IN-WE,637,lifecycle,False,,2026-01-01T01:09:16.367Z,2026-02-02T12:06:20.958Z
2026-01-12T00:00:00.000Z,Azure,Central India,IN-WE,656,lifecycle,False,,2026-01-01T01:09:16.367Z,2026-07-15T07:56:27.264Z
2026-01-13T00:00:00.000Z,Azure,Central India,IN-WE,663,lifecycle,False,,2026-01-01T01:09:16.367Z,2026-01-16T00:01:14.482Z
2026-01-14T00:00:00.000Z,Azure,Central India,IN-WE,686,lifecycle,False,,2026-01-01T01:09:16.367Z,2026-01-17T00:01:10.709Z
2026-01-15T00:00:00.000Z,Azure,Central India,IN-WE,686,lifecycle,False,,2026-01-01T01:09:16.367Z,2026-01-18T00:03:09.666Z
2026-01-16T00:00:00.000Z,Azure,Central India,IN-WE,685,lifecycle,False,,2026-01-01T01:09:16.367Z,2026-01-19T00:01:26.573Z
2026-01-17T00:00:00.000Z,Azure,Central India,IN-WE,684,lifecycle,False,,2026-01-01T01:09:16.367Z,2026-01-20T00:03:09.373Z
2026-01-18T00:00:00.000Z,Azure,Central India,IN-WE,683,lifecycle,False,,2026-01-01T01:09:16.367Z,2026-01-21T00:04:14.830Z
2026-01-19T00:00:00.000Z,Azure,Central India,IN-WE,692,lifecycle,False,,2026-01-01T01:09:16.367Z,2026-07-22T07:59:40.281Z
2026-01-20T00:00:00.000Z,Azure,Central India,IN-WE,685,lifecycle,False,,2026-01-01T01:09:16.367Z,2026-01-23T00:03:24.003Z
2026-01-21T00:00:00.000Z,Azure,Central India,IN-WE,681,lifecycle,False,,2026-01-01T01:09:16.367Z,2026-01-24T00:02:30.451Z
2026-01-22T00:00:00.000Z,Azure,Central India,IN-WE,675,lifecycle,False,,2026-01-01T01:09:16.367Z,2026-01-25T00:03:06.300Z
2026-01-23T00:00:00.000Z,Azure,Central India,IN-WE,665,lifecycle,False,,2026-01-01T01:09:16.367Z,2026-01-26T00:01:11.158Z
2026-01-24T00:00:00.000Z,Azure,Central India,IN-WE,633,lifecycle,False,,2026-01-01T01:09:16.367Z,2026-01-27T00:02:29.132Z
2026-01-25T00:00:00.000Z,Azure,Central India,IN-WE,640,lifecycle,False,,2026-01-01T01:09:16.367Z,2026-03-01T10:09:46.121Z
2026-01-26T00:00:00.000Z,Azure,Central India,IN-WE,664,lifecycle,False,,2026-01-01T01:09:16.367Z,2026-07-29T08:25:53.395Z
2026-01-27T00:00:00.000Z,Azure,Central India,IN-WE,652,lifecycle,False,,2026-01-01T01:09:16.367Z,2026-01-29T12:03:20.046Z
2026-01-28T00:00:00.000Z,Azure,Central India,IN-WE,640,lifecycle,False,,2026-01-01T01:09:16.367Z,2026-02-02T12:06:20.958Z
2026-01-29T00:00:00.000Z,Azure,Central India,IN-WE,642,lifecycle,False,,2026-01-01T01:09:16.367Z,2026-01-31T12:01:20.353Z
2026-01-30T00:00:00.000Z,Azure,Central India,IN-WE,670,lifecycle,False,,2026-01-01T01:09:16.367Z,2026-06-16T08:38:52.092Z
2026-01-31T00:00:00.000Z,Azure,Central India,IN-WE,678,lifecycle,False,,2026-01-01T01:09:16.367Z,2026-06-16T08:38:52.092Z
2026-02-01T00:00:00.000Z,Azure,Central India,IN-WE,672,lifecycle,False,,2026-01-01T01:09:16.367Z,2026-06-01T11:07:32.987Z
2026-02-02T00:00:00.000Z,Azure,Central India,IN-WE,661,lifecycle,False,,2026-01-01T01:09:16.367Z,2026-07-29T08:25:53.395Z
2026-02-03T00:00:00.000Z,Azure,Central India,IN-WE,654,lifecycle,False,,2026-01-01T01:09:16.367Z,2026-06-23T07:46:12.056Z
2026-02-04T00:00:00.000Z,Azure,Central India,IN-WE,649,lifecycle,True,TIME_SLICER_AVERAGE,2026-01-01T01:09:16.367Z,2026-06-23T07:46:12.056Z
2026-02-05T00:00:00.000Z,Azure,Central India,IN-WE,668,lifecycle,True,TIME_SLICER_AVERAGE,2026-01-01T01:09:16.367Z,2026-06-23T07:46:12.056Z
2026-02-06T00:00:00.000Z,Azure,Central India,IN-WE,674,lifecycle,False,,2026-01-01T01:09:16.367Z,2026-02-08T12:03:45.929Z
2026-02-07T00:00:00.000Z,Azure,Central India,IN-WE,669,lifecycle,False,,2026-01-01T01:09:16.367Z,2026-02-09T12:03:15.884Z
2026-02-08T00:00:00.000Z,Azure,Central India,IN-WE,668,lifecycle,False,,2026-01-01T01:09:16.367Z,2026-02-10T12:07:34.754Z
2026-02-09T00:00:00.000Z,Azure,Central India,IN-WE,667,lifecycle,False,,2026-01-01T01:09:16.367Z,2026-02-11T12:07:02.742Z
2026-02-10T00:00:00.000Z,Azure,Central India,IN-WE,667,lifecycle,False,,2026-01-01T01:09:16.367Z,2026-02-12T12:08:17.417Z
2026-02-11T00:00:00.000Z,Azure,Central India,IN-WE,642,lifecycle,False,,2026-01-01T01:09:16.367Z,2026-02-13T12:06:26.601Z
2026-02-12T00:00:00.000Z,Azure,Central India,IN-WE,654,lifecycle,False,,2026-01-01T01:09:16.367Z,2026-02-14T12:07:04.266Z
2026-02-13T00:00:00.000Z,Azure,Central India,IN-WE,670,lifecycle,False,,2026-01-01T01:09:16.367Z,2026-02-15T12:07:31.078Z
2026-02-14T00:00:00.000Z,Azure,Central India,IN-WE,673,lifecycle,False,,2026-01-01T01:09:16.367Z,2026-02-16T12:08:47.480Z
2026-02-15T00:00:00.000Z,Azure,Central India,IN-WE,664,lifecycle,False,,2026-01-01T01:09:16.367Z,2026-06-23T07:46:12.056Z
2026-02-16T00:00:00.000Z,Azure,Central India,IN-WE,659,lifecycle,False,,2026-01-01T01:09:16.367Z,2026-02-18T12:08:34.403Z
2026-02-17T00:00:00.000Z,Azure,Central India,IN-WE,656,lifecycle,False,,2026-01-01T01:09:16.367Z,2026-03-01T10:09:46.121Z
2026-02-18T00:00:00.000Z,Azure,Central India,IN-WE,655,lifecycle,False,,2026-01-01T01:09:16.367Z,2026-02-20T12:06:07.948Z
2026-02-19T00:00:00.000Z,Azure,Central India,IN-WE,643,lifecycle,False,,2026-01-01T01:09:16.367Z,2026-02-21T12:05:51.005Z
2026-02-20T00:00:00.000Z,Azure,Central India,IN-WE,649,lifecycle,False,,2026-01-01T01:09:16.367Z,2026-02-22T12:06:43.657Z
2026-02-21T00:00:00.000Z,Azure,Central India,IN-WE,674,lifecycle,False,,2026-01-01T01:09:16.367Z,2026-02-23T12:07:28.517Z
2026-02-22T00:00:00.000Z,Azure,Central India,IN-WE,673,lifecycle,False,,2026-01-01T01:09:16.367Z,2026-06-30T07:24:15.472Z
2026-02-23T00:00:00.000Z,Azure,Central India,IN-WE,680,lifecycle,False,,2026-01-01T01:09:16.367Z,2026-03-06T15:08:30.569Z
2026-02-24T00:00:00.000Z,Azure,Central India,IN-WE,674,lifecycle,False,,2026-01-01T01:09:16.367Z,2026-02-26T10:07:06.655Z
2026-02-25T00:00:00.000Z,Azure,Central India,IN-WE,666,lifecycle,False,,2026-01-01T01:09:16.367Z,2026-02-27T10:06:05.674Z
2026-02-26T00:00:00.000Z,Azure,Central India,IN-WE,658,lifecycle,False,,2026-01-01T01:09:16.367Z,2026-02-28T12:06:58.329Z
2026-02-27T00:00:00.000Z,Azure,Central India,IN-WE,651,lifecycle,False,,2026-01-01T01:09:16.367Z,2026-06-22T08:13:35.720Z
2026-02-28T00:00:00.000Z,Azure,Central India,IN-WE,658,lifecycle,False,,2026-01-01T01:09:16.367Z,2026-06-22T08:13:35.720Z
2026-03-01T00:00:00.000Z,Azure,Central India,IN-WE,664,lifecycle,False,,2026-01-01T01:09:16.367Z,2026-07-07T08:17:56.580Z
2026-03-02T00:00:00.000Z,Azure,Central India,IN-WE,667,lifecycle,False,,2026-01-01T01:09:16.367Z,2026-03-04T12:07:27.517Z
2026-03-03T00:00:00.000Z,Azure,Central India,IN-WE,662,lifecycle,False,,2026-01-01T01:09:16.367Z,2026-05-01T11:09:36.847Z
2026-03-04T00:00:00.000Z,Azure,Central India,IN-WE,644,lifecycle,False,,2026-01-01T01:09:16.367Z,2026-06-15T08:30:57.299Z
2026-03-05T00:00:00.000Z,Azure,Central India,IN-WE,641,lifecycle,False,,2026-01-01T01:09:16.367Z,2026-03-07T12:07:42.763Z
2026-03-06T00:00:00.000Z,Azure,Central India,IN-WE,654,lifecycle,False,,2026-01-01T01:09:16.367Z,2026-03-08T12:06:39.933Z
2026-03-07T00:00:00.000Z,Azure,Central India,IN-WE,672,lifecycle,False,,2026-01-01T01:09:16.367Z,2026-03-09T12:06:50.249Z
2026-03-08T00:00:00.000Z,Azure,Central India,IN-WE,665,lifecycle,False,,2026-01-01T01:09:16.367Z,2026-07-14T08:17:53.865Z
2026-03-09T00:00:00.000Z,Azure,Central India,IN-WE,663,lifecycle,False,,2026-01-01T01:09:16.367Z,2026-03-11T12:06:43.172Z
2026-03-10T00:00:00.000Z,Azure,Central India,IN-WE,655,lifecycle,False,,2026-01-01T01:09:16.367Z,2026-03-12T12:08:10.000Z
2026-03-11T00:00:00.000Z,Azure,Central India,IN-WE,653,lifecycle,False,,2026-01-01T01:09:16.367Z,2026-03-13T10:11:58.568Z
2026-03-12T00:00:00.000Z,Azure,Central India,IN-WE,659,lifecycle,False,,2026-01-01T01:09:16.367Z,2026-06-10T03:15:34.913Z
2026-03-13T00:00:00.000Z,Azure,Central India,IN-WE,649,lifecycle,False,,2026-01-01T01:09:16.367Z,2026-06-11T03:15:28.520Z
2026-03-14T00:00:00.000Z,Azure,Central India,IN-WE,634,lifecycle,False,,2026-01-01T01:09:16.367Z,2026-06-15T08:30:57.299Z
2026-03-15T00:00:00.000Z,Azure,Central India,IN-WE,638,lifecycle,False,,2026-01-01T01:09:16.367Z,2026-07-21T08:20:08.374Z
2026-03-16T00:00:00.000Z,Azure,Central India,IN-WE,642,lifecycle,False,,2026-01-01T01:09:16.367Z,2026-03-18T12:06:56.579Z
2026-03-17T00:00:00.000Z,Azure,Central India,IN-WE,657,lifecycle,False,,2026-01-01T01:09:16.367Z,2026-03-19T10:10:33.545Z
2026-03-18T00:00:00.000Z,Azure,Central India,IN-WE,660,lifecycle,False,,2026-01-01T01:09:16.367Z,2026-03-20T10:07:00.552Z
2026-03-19T00:00:00.000Z,Azure,Central India,IN-WE,671,lifecycle,False,,2026-01-01T01:09:16.367Z,2026-03-21T12:07:02.865Z
2026-03-20T00:00:00.000Z,Azure,Central India,IN-WE,667,lifecycle,False,,2026-01-01T01:09:16.367Z,2026-03-22T12:06:38.918Z
2026-03-21T00:00:00.000Z,Azure,Central India,IN-WE,662,lifecycle,False,,2026-01-01T01:09:16.367Z,2026-03-23T10:07:42.431Z
2026-03-22T00:00:00.000Z,Azure,Central India,IN-WE,650,lifecycle,False,,2026-01-01T01:09:16.367Z,2026-07-28T08:27:55.431Z
2026-03-23T00:00:00.000Z,Azure,Central India,IN-WE,645,lifecycle,False,,2026-01-01T01:09:16.367Z,2026-03-25T12:10:12.491Z
2026-03-24T00:00:00.000Z,Azure,Central India,IN-WE,656,lifecycle,False,,2026-01-01T01:09:16.367Z,2026-03-26T12:09:27.532Z
2026-03-25T00:00:00.000Z,Azure,Central India,IN-WE,648,lifecycle,False,,2026-01-01T01:09:16.367Z,2026-05-01T11:09:36.847Z
2026-03-26T00:00:00.000Z,Azure,Central India,IN-WE,643,lifecycle,False,,2026-01-01T01:09:16.367Z,2026-03-28T12:10:18.893Z
2026-03-27T00:00:00.000Z,Azure,Central India,IN-WE,622,lifecycle,False,,2026-01-01T01:09:16.367Z,2026-03-29T12:07:20.622Z
2026-03-28T00:00:00.000Z,Azure,Central India,IN-WE,601,lifecycle,False,,2026-01-01T01:09:16.367Z,2026-03-30T12:07:24.285Z
2026-03-29T00:00:00.000Z,Azure,Central India,IN-WE,623,lifecycle,False,,2026-01-01T01:09:16.367Z,2026-07-28T08:27:55.431Z
2026-03-30T00:00:00.000Z,Azure,Central India,IN-WE,645,lifecycle,False,,2026-01-01T01:09:16.367Z,2026-06-22T08:13:35.720Z
2026-03-31T00:00:00.000Z,Azure,Central India,IN-WE,653,lifecycle,False,,2026-01-01T01:09:16.367Z,2026-06-22T08:13:35.720Z
2026-04-01T00:00:00.000Z,Azure,Central India,IN-WE,661,lifecycle,False,,2026-01-01T01:09:16.367Z,2026-04-03T12:07:41.907Z
2026-04-02T00:00:00.000Z,Azure,Central India,IN-WE,661,lifecycle,False,,2026-01-01T01:09:16.367Z,2026-06-01T11:07:32.987Z
2026-04-03T00:00:00.000Z,Azure,Central India,IN-WE,653,lifecycle,False,,2026-01-01T01:09:16.367Z,2026-04-05T11:06:41.160Z
2026-04-04T00:00:00.000Z,Azure,Central India,IN-WE,642,lifecycle,False,,2026-01-01T01:09:16.367Z,2026-04-06T11:06:49.690Z
2026-04-05T00:00:00.000Z,Azure,Central India,IN-WE,633,lifecycle,False,,2026-01-01T01:09:16.367Z,2026-04-07T12:06:24.727Z
2026-04-06T00:00:00.000Z,Azure,Central India,IN-WE,612,lifecycle,False,,2026-01-01T01:09:16.367Z,2026-04-08T12:07:46.732Z
2026-04-07T00:00:00.000Z,Azure,Central India,IN-WE,599,lifecycle,False,,2026-01-01T01:09:16.367Z,2026-04-09T10:07:57.553Z
2026-04-08T00:00:00.000Z,Azure,Central India,IN-WE,628,lifecycle,False,,2026-01-01T01:09:16.367Z,2026-04-10T12:06:10.683Z
2026-04-09T00:00:00.000Z,Azure,Central India,IN-WE,640,lifecycle,False,,2026-01-01T01:09:16.367Z,2026-04-11T10:06:07.463Z
2026-04-10T00:00:00.000Z,Azure,Central India,IN-WE,637,lifecycle,False,,2026-01-01T01:09:16.367Z,2026-04-12T11:06:57.019Z
2026-04-11T00:00:00.000Z,Azure,Central India,IN-WE,626,lifecycle,False,,2026-01-01T01:09:16.367Z,2026-06-22T08:13:35.720Z
2026-04-12T00:00:00.000Z,Azure,Central India,IN-WE,628,lifecycle,False,,2026-01-01T01:09:16.367Z,2026-04-14T11:06:50.785Z
2026-04-13T00:00:00.000Z,Azure,Central India,IN-WE,618,lifecycle,False,,2026-01-01T01:09:16.367Z,2026-04-15T11:05:55.885Z
2026-04-14T00:00:00.000Z,Azure,Central India,IN-WE,614,lifecycle,False,,2026-01-01T01:09:16.367Z,2026-04-16T12:12:08.976Z
2026-04-15T00:00:00.000Z,Azure,Central India,IN-WE,625,lifecycle,False,,2026-01-01T01:09:16.367Z,2026-04-17T12:07:06.162Z
2026-04-16T00:00:00.000Z,Azure,Central India,IN-WE,634,lifecycle,False,,2026-01-01T01:09:16.367Z,2026-04-18T11:06:11.686Z
2026-04-17T00:00:00.000Z,Azure,Central India,IN-WE,627,lifecycle,False,,2026-01-01T01:09:16.367Z,2026-04-19T12:05:59.073Z
2026-04-18T00:00:00.000Z,Azure,Central India,IN-WE,637,lifecycle,False,,2026-01-01T01:09:16.367Z,2026-06-29T08:38:03.141Z
2026-04-19T00:00:00.000Z,Azure,Central India,IN-WE,633,lifecycle,False,,2026-01-01T01:09:16.367Z,2026-04-21T12:09:34.936Z
2026-04-20T00:00:00.000Z,Azure,Central India,IN-WE,637,lifecycle,False,,2026-01-01T01:09:16.367Z,2026-04-22T12:07:40.240Z
2026-04-21T00:00:00.000Z,Azure,Central India,IN-WE,625,lifecycle,False,,2026-01-01T01:09:16.367Z,2026-04-23T11:07:06.690Z
2026-04-22T00:00:00.000Z,Azure,Central India,IN-WE,624,lifecycle,False,,2026-01-01T01:09:16.367Z,2026-04-24T12:12:21.407Z
2026-04-23T00:00:00.000Z,Azure,Central India,IN-WE,623,lifecycle,False,,2026-01-01T01:09:16.367Z,2026-04-25T12:09:43.371Z
2026-04-24T00:00:00.000Z,Azure,Central India,IN-WE,626,lifecycle,False,,2026-01-01T01:09:16.367Z,2026-06-01T11:07:32.987Z
2026-04-25T00:00:00.000Z,Azure,Central India,IN-WE,628,lifecycle,False,,2026-01-01T01:09:16.367Z,2026-06-30T15:22:06.867Z
2026-04-26T00:00:00.000Z,Azure,Central India,IN-WE,626,lifecycle,False,,2026-01-01T01:09:16.367Z,2026-04-28T12:10:28.278Z
2026-04-27T00:00:00.000Z,Azure,Central India,IN-WE,609,lifecycle,False,,2026-01-01T01:09:16.367Z,2026-04-29T12:07:01.278Z
2026-04-28T00:00:00.000Z,Azure,Central India,IN-WE,606,lifecycle,False,,2026-01-01T01:09:16.367Z,2026-04-30T11:11:01.173Z
2026-04-29T00:00:00.000Z,Azure,Central India,IN-WE,605,lifecycle,False,,2026-01-01T01:09:16.367Z,2026-06-21T07:45:03.047Z
2026-04-30T00:00:00.000Z,Azure,Central India,IN-WE,595,lifecycle,False,,2026-01-01T01:09:16.367Z,2026-06-21T07:45:03.047Z
2026-05-01T00:00:00.000Z,Azure,Central India,IN-WE,601,lifecycle,False,,2026-01-01T01:09:16.367Z,2026-05-03T12:12:10.067Z
2026-05-02T00:00:00.000Z,Azure,Central India,IN-WE,592,lifecycle,False,,2026-01-01T01:09:16.367Z,2026-07-13T08:18:51.066Z
2026-05-03T00:00:00.000Z,Azure,Central India,IN-WE,591,lifecycle,False,,2026-01-01T01:09:16.367Z,2026-06-14T07:43:05.589Z
2026-05-04T00:00:00.000Z,Azure,Central India,IN-WE,612,lifecycle,False,,2026-01-01T01:09:16.367Z,2026-05-06T12:06:47.815Z
2026-05-05T00:00:00.000Z,Azure,Central India,IN-WE,638,lifecycle,False,,2026-01-01T01:09:16.367Z,2026-05-07T12:08:11.867Z
2026-05-06T00:00:00.000Z,Azure,Central India,IN-WE,643,lifecycle,False,,2026-01-01T01:09:16.367Z,2026-05-08T12:07:45.819Z
2026-05-07T00:00:00.000Z,Azure,Central India,IN-WE,635,lifecycle,False,,2026-01-01T01:09:16.367Z,2026-05-09T12:12:11.159Z
2026-05-08T00:00:00.000Z,Azure,Central India,IN-WE,632,lifecycle,False,,2026-01-01T01:09:16.367Z,2026-05-10T11:07:46.215Z
2026-05-09T00:00:00.000Z,Azure,Central India,IN-WE,630,lifecycle,False,,2026-01-01T01:09:16.367Z,2026-07-20T08:19:12.615Z
2026-05-10T00:00:00.000Z,Azure,Central India,IN-WE,619,lifecycle,False,,2026-01-01T01:09:16.367Z,2026-05-12T10:13:21.764Z
2026-05-11T00:00:00.000Z,Azure,Central India,IN-WE,622,lifecycle,False,,2026-01-01T01:09:16.367Z,2026-06-11T02:50:20.511Z
2026-05-12T00:00:00.000Z,Azure,Central India,IN-WE,629,lifecycle,False,,2026-01-01T01:09:16.367Z,2026-05-14T11:08:10.663Z
2026-05-13T00:00:00.000Z,Azure,Central India,IN-WE,621,lifecycle,False,,2026-01-01T01:09:16.367Z,2026-06-14T07:43:05.589Z
2026-05-14T00:00:00.000Z,Azure,Central India,IN-WE,617,lifecycle,False,,2026-01-01T01:09:16.367Z,2026-05-16T12:06:44.770Z
2026-05-15T00:00:00.000Z,Azure,Central India,IN-WE,620,lifecycle,False,,2026-01-01T01:09:16.367Z,2026-05-17T09:13:26.032Z
2026-05-16T00:00:00.000Z,Azure,Central India,IN-WE,627,lifecycle,False,,2026-01-01T01:09:16.367Z,2026-07-27T08:27:49.480Z
2026-05-17T00:00:00.000Z,Azure,Central India,IN-WE,626,lifecycle,False,,2026-01-01T01:09:16.367Z,2026-05-19T12:06:47.524Z
2026-05-18T00:00:00.000Z,Azure,Central India,IN-WE,625,lifecycle,False,,2026-01-01T01:09:16.367Z,2026-05-20T11:09:29.412Z
2026-05-19T00:00:00.000Z,Azure,Central India,IN-WE,609,lifecycle,False,,2026-01-01T01:09:16.367Z,2026-05-21T10:06:35.340Z
2026-05-20T00:00:00.000Z,Azure,Central India,IN-WE,609,lifecycle,False,,2026-01-01T01:09:16.367Z,2026-05-22T11:07:07.877Z
2026-05-21T00:00:00.000Z,Azure,Central India,IN-WE,627,lifecycle,False,,2026-01-01T01:09:16.367Z,2026-05-23T12:07:02.917Z
2026-05-22T00:00:00.000Z,Azure,Central India,IN-WE,624,lifecycle,False,,2026-01-01T01:09:16.367Z,2026-05-24T12:10:23.261Z
2026-05-23T00:00:00.000Z,Azure,Central India,IN-WE,608,lifecycle,False,,2026-01-01T01:09:16.367Z,2026-07-27T08:27:49.480Z
2026-05-24T00:00:00.000Z,Azure,Central India,IN-WE,594,lifecycle,False,,2026-01-01T01:09:16.367Z,2026-05-26T10:12:02.950Z
2026-05-25T00:00:00.000Z,Azure,Central India,IN-WE,596,lifecycle,False,,2026-01-01T01:09:16.367Z,2026-06-14T07:43:05.589Z
2026-05-26T00:00:00.000Z,Azure,Central India,IN-WE,602,lifecycle,False,,2026-01-01T01:09:16.367Z,2026-05-28T12:15:55.110Z
2026-05-27T00:00:00.000Z,Azure,Central India,IN-WE,601,lifecycle,False,,2026-01-01T01:09:16.367Z,2026-05-29T12:07:51.949Z
2026-05-28T00:00:00.000Z,Azure,Central India,IN-WE,581,lifecycle,False,,2026-01-01T01:09:16.367Z,2026-05-30T12:10:17.012Z
2026-05-29T00:00:00.000Z,Azure,Central India,IN-WE,580,lifecycle,False,,2026-01-01T01:09:16.367Z,2026-05-31T09:10:30.423Z
2026-05-30T00:00:00.000Z,Azure,Central India,IN-WE,597,lifecycle,False,,2026-01-01T01:09:16.367Z,2026-06-21T07:45:03.047Z
2026-05-31T00:00:00.000Z,Azure,Central India,IN-WE,621,lifecycle,False,,2026-01-01T01:09:16.367Z,2026-06-21T07:45:03.047Z
2026-06-01T00:00:00.000Z,Azure,Central India,IN-WE,639,lifecycle,False,,2026-01-01T01:09:16.367Z,2026-06-03T10:09:44.867Z
2026-06-02T00:00:00.000Z,Azure,Central India,IN-WE,650,lifecycle,False,,2026-01-01T01:09:16.367Z,2026-06-04T12:08:43.173Z
2026-06-03T00:00:00.000Z,Azure,Central India,IN-WE,636,lifecycle,False,,2026-01-01T01:09:16.367Z,2026-06-10T02:47:47.676Z
2026-06-04T00:00:00.000Z,Azure,Central India,IN-WE,607,lifecycle,False,,2026-01-01T01:09:16.367Z,2026-06-12T03:10:00.343Z
2026-06-05T00:00:00.000Z,Azure,Central India,IN-WE,618,lifecycle,False,,2026-01-01T01:09:16.367Z,2026-06-15T03:12:23.761Z
2026-06-06T00:00:00.000Z,Azure,Central India,IN-WE,626,lifecycle,False,,2026-01-01T01:09:16.367Z,2026-06-08T11:08:11.862Z
2026-06-07T00:00:00.000Z,Azure,Central India,IN-WE,621,lifecycle,False,,2026-01-01T01:09:16.367Z,2026-06-09T11:08:29.226Z
2026-06-08T00:00:00.000Z,Azure,Central India,IN-WE,603,lifecycle,False,,2026-01-01T01:09:16.367Z,2026-06-10T11:10:12.920Z
2026-06-09T00:00:00.000Z,Azure,Central India,IN-WE,588,lifecycle,False,,2026-01-01T01:09:16.367Z,2026-06-11T12:15:19.270Z
2026-06-10T00:00:00.000Z,Azure,Central India,IN-WE,584,lifecycle,False,,2026-01-01T01:09:16.367Z,2026-06-12T11:16:04.324Z
2026-06-11T00:00:00.000Z,Azure,Central India,IN-WE,580,lifecycle,False,,2026-01-01T01:09:16.367Z,2026-06-13T10:02:15.862Z
2026-06-12T00:00:00.000Z,Azure,Central India,IN-WE,589,lifecycle,False,,2026-01-01T01:09:16.367Z,2026-06-22T03:00:32.719Z
2026-06-13T00:00:00.000Z,Azure,Central India,IN-WE,596,lifecycle,False,,2026-01-01T01:09:16.367Z,2026-06-15T11:17:38.426Z
2026-06-14T00:00:00.000Z,Azure,Central India,IN-WE,590,lifecycle,False,,2026-01-01T01:09:16.367Z,2026-06-16T21:48:45.327Z
2026-06-15T00:00:00.000Z,Azure,Central India,IN-WE,600,lifecycle,False,,2026-01-01T01:09:16.367Z,2026-06-18T00:13:17.602Z
2026-06-16T00:00:00.000Z,Azure,Central India,IN-WE,621,lifecycle,False,,2026-01-01T01:09:16.367Z,2026-06-19T00:12:02.824Z
2026-06-17T00:00:00.000Z,Azure,Central India,IN-WE,619,lifecycle,False,,2026-01-01T01:09:16.367Z,2026-06-20T00:16:25.429Z
2026-06-18T00:00:00.000Z,Azure,Central India,IN-WE,625,lifecycle,False,,2026-01-01T01:09:16.367Z,2026-06-21T00:14:13.027Z
2026-06-19T00:00:00.000Z,Azure,Central India,IN-WE,628,lifecycle,False,,2026-01-01T01:09:16.367Z,2026-06-29T03:07:16.901Z
2026-06-20T00:00:00.000Z,Azure,Central India,IN-WE,633,lifecycle,False,,2026-01-01T01:09:16.367Z,2026-06-23T00:01:52.433Z
2026-06-21T00:00:00.000Z,Azure,Central India,IN-WE,629,lifecycle,False,,2026-01-01T01:09:16.367Z,2026-06-24T00:05:34.136Z
2026-06-22T00:00:00.000Z,Azure,Central India,IN-WE,627,lifecycle,False,,2026-01-01T01:09:16.367Z,2026-06-25T00:04:56.514Z
2026-06-23T00:00:00.000Z,Azure,Central India,IN-WE,609,lifecycle,False,,2026-01-01T01:09:16.367Z,2026-06-26T00:05:38.213Z
2026-06-24T00:00:00.000Z,Azure,Central India,IN-WE,611,lifecycle,False,,2026-01-01T01:09:16.367Z,2026-06-27T00:02:35.756Z
2026-06-25T00:00:00.000Z,Azure,Central India,IN-WE,620,lifecycle,False,,2026-01-01T01:09:16.367Z,2026-06-28T00:05:09.491Z
2026-06-26T00:00:00.000Z,Azure,Central India,IN-WE,644,lifecycle,False,,2026-01-01T01:09:16.367Z,2026-07-06T02:59:02.671Z
2026-06-27T00:00:00.000Z,Azure,Central India,IN-WE,643,lifecycle,False,,2026-01-01T01:09:16.367Z,2026-06-30T00:04:47.592Z
2026-06-28T00:00:00.000Z,Azure,Central India,IN-WE,630,lifecycle,False,,2026-01-01T01:09:16.367Z,2026-06-30T15:22:06.867Z
2026-06-29T00:00:00.000Z,Azure,Central India,IN-WE,617,lifecycle,False,,2026-01-01T01:09:16.367Z,2026-07-02T00:02:02.994Z
2026-06-30T00:00:00.000Z,Azure,Central India,IN-WE,622,lifecycle,False,,2026-01-01T01:09:16.367Z,2026-07-03T00:05:28.636Z
2026-07-01T00:00:00.000Z,Azure,Central India,IN-WE,629,lifecycle,False,,2026-01-01T01:09:16.367Z,2026-07-04T00:01:20.203Z
2026-07-02T00:00:00.000Z,Azure,Central India,IN-WE,627,lifecycle,False,,2026-01-01T01:09:16.367Z,2026-07-05T00:01:33.763Z
2026-07-03T00:00:00.000Z,Azure,Central India,IN-WE,619,lifecycle,False,,2026-01-01T01:09:16.367Z,2026-07-13T03:16:02.260Z
2026-07-04T00:00:00.000Z,Azure,Central India,IN-WE,615,lifecycle,False,,2026-01-01T01:09:16.367Z,2026-07-07T00:01:48.740Z
2026-07-05T00:00:00.000Z,Azure,Central India,IN-WE,617,lifecycle,False,,2026-01-01T01:09:16.367Z,2026-07-08T00:02:22.923Z
2026-07-06T00:00:00.000Z,Azure,Central India,IN-WE,615,lifecycle,False,,2026-01-01T01:09:16.367Z,2026-07-09T00:02:30.756Z
2026-07-07T00:00:00.000Z,Azure,Central India,IN-WE,630,lifecycle,False,,2026-01-01T01:09:16.367Z,2026-07-10T00:01:15.539Z
2026-07-08T00:00:00.000Z,Azure,Central India,IN-WE,593,lifecycle,False,,2026-01-01T01:09:16.367Z,2026-07-10T07:33:22.578Z
2026-07-09T00:00:00.000Z,Azure,Central India,IN-WE,575,lifecycle,False,,2026-01-01T01:09:16.367Z,2026-07-12T00:02:08.474Z
2026-07-10T00:00:00.000Z,Azure,Central India,IN-WE,559,lifecycle,False,,2026-01-01T01:09:16.367Z,2026-07-20T03:37:59.216Z
2026-07-11T00:00:00.000Z,Azure,Central India,IN-WE,557,lifecycle,False,,2026-01-01T01:09:16.367Z,2026-07-14T00:01:53.027Z
2026-07-12T00:00:00.000Z,Azure,Central India,IN-WE,558,lifecycle,False,,2026-01-01T01:09:16.367Z,2026-07-15T00:01:20.325Z
2026-07-13T00:00:00.000Z,Azure,Central India,IN-WE,552,lifecycle,False,,2026-01-01T01:09:16.367Z,2026-07-16T00:01:06.871Z
2026-07-14T00:00:00.000Z,Azure,Central India,IN-WE,577,lifecycle,False,,2026-01-01T01:09:16.367Z,2026-07-17T00:01:27.202Z
2025-11-01T00:00:00.000Z,Azure,Southeast Asia,SG,477,lifecycle,False,,2025-11-11T11:12:49.840Z,2026-01-27T14:44:14.307Z
2025-11-02T00:00:00.000Z,Azure,Southeast Asia,SG,485,lifecycle,False,,2025-11-11T11:12:49.840Z,2026-02-23T19:08:17.320Z
2025-11-03T00:00:00.000Z,Azure,Southeast Asia,SG,486,lifecycle,False,,2025-11-07T00:01:21.379Z,2026-02-23T19:08:17.320Z
2025-11-04T00:00:00.000Z,Azure,Southeast Asia,SG,482,lifecycle,False,,2025-11-07T00:01:21.379Z,2026-06-30T15:24:04.205Z
2025-11-05T00:00:00.000Z,Azure,Southeast Asia,SG,483,lifecycle,False,,2025-11-07T00:01:21.379Z,2026-02-23T19:08:17.320Z
2025-11-06T00:00:00.000Z,Azure,Southeast Asia,SG,477,lifecycle,False,,2025-11-07T00:01:21.379Z,2026-02-23T19:08:17.320Z
2025-11-07T00:00:00.000Z,Azure,Southeast Asia,SG,478,lifecycle,False,,2025-11-07T00:01:21.379Z,2026-02-23T19:08:17.320Z
2025-11-08T00:00:00.000Z,Azure,Southeast Asia,SG,477,lifecycle,False,,2025-11-08T00:01:10.574Z,2026-02-23T19:08:17.320Z
2025-11-09T00:00:00.000Z,Azure,Southeast Asia,SG,483,lifecycle,False,,2025-11-09T00:01:13.200Z,2026-02-23T19:08:17.320Z
2025-11-10T00:00:00.000Z,Azure,Southeast Asia,SG,481,lifecycle,False,,2025-11-10T00:01:00.828Z,2026-02-23T19:08:17.320Z
2025-11-11T00:00:00.000Z,Azure,Southeast Asia,SG,483,lifecycle,False,,2025-11-11T00:01:53.304Z,2026-07-09T08:18:23.737Z
2025-11-12T00:00:00.000Z,Azure,Southeast Asia,SG,486,lifecycle,False,,2025-11-12T00:01:40.418Z,2026-02-23T19:08:17.320Z
2025-11-13T00:00:00.000Z,Azure,Southeast Asia,SG,489,lifecycle,False,,2025-11-13T00:01:16.572Z,2026-02-23T19:08:17.320Z
2025-11-14T00:00:00.000Z,Azure,Southeast Asia,SG,484,lifecycle,False,,2025-11-14T00:01:10.506Z,2026-02-23T19:08:17.320Z
2025-11-15T00:00:00.000Z,Azure,Southeast Asia,SG,479,lifecycle,False,,2025-11-15T00:00:48.692Z,2026-01-27T14:44:14.307Z
2025-11-16T00:00:00.000Z,Azure,Southeast Asia,SG,486,lifecycle,False,,2025-11-16T00:01:08.512Z,2026-02-23T19:08:17.320Z
2025-11-17T00:00:00.000Z,Azure,Southeast Asia,SG,482,lifecycle,False,,2025-11-17T00:01:02.127Z,2026-02-23T19:08:17.320Z
2025-11-18T00:00:00.000Z,Azure,Southeast Asia,SG,484,lifecycle,False,,2025-11-18T00:01:13.651Z,2026-07-16T08:29:09.378Z
2025-11-19T00:00:00.000Z,Azure,Southeast Asia,SG,481,lifecycle,False,,2025-11-19T00:03:18.292Z,2026-02-23T19:08:17.320Z
2025-11-20T00:00:00.000Z,Azure,Southeast Asia,SG,485,lifecycle,False,,2025-11-20T00:02:14.262Z,2026-02-23T19:08:17.320Z
2025-11-21T00:00:00.000Z,Azure,Southeast Asia,SG,484,lifecycle,False,,2025-11-21T00:02:49.426Z,2026-02-23T19:08:17.320Z
2025-11-22T00:00:00.000Z,Azure,Southeast Asia,SG,482,lifecycle,False,,2025-11-22T00:02:54.890Z,2026-02-23T19:08:17.320Z
2025-11-23T00:00:00.000Z,Azure,Southeast Asia,SG,477,lifecycle,False,,2025-11-23T00:01:40.369Z,2026-02-23T19:08:17.320Z
2025-11-24T00:00:00.000Z,Azure,Southeast Asia,SG,482,lifecycle,False,,2025-11-24T00:03:21.934Z,2026-02-23T19:08:17.320Z
2025-11-25T00:00:00.000Z,Azure,Southeast Asia,SG,484,lifecycle,False,,2025-11-25T00:02:44.749Z,2026-07-23T08:25:26.312Z
2025-11-26T00:00:00.000Z,Azure,Southeast Asia,SG,479,lifecycle,False,,2025-11-26T00:02:46.667Z,2026-03-01T10:10:07.518Z
2025-11-27T00:00:00.000Z,Azure,Southeast Asia,SG,484,lifecycle,False,,2025-11-27T00:03:51.092Z,2026-01-27T14:44:14.307Z
2025-11-28T00:00:00.000Z,Azure,Southeast Asia,SG,489,lifecycle,False,,2025-11-28T00:01:19.034Z,2026-01-27T14:44:14.307Z
2025-11-29T00:00:00.000Z,Azure,Southeast Asia,SG,477,lifecycle,False,,2025-11-29T00:04:03.897Z,2026-01-27T14:44:14.307Z
2025-11-30T00:00:00.000Z,Azure,Southeast Asia,SG,482,lifecycle,False,,2025-11-30T00:03:58.533Z,2026-01-27T14:44:14.307Z
2025-12-01T00:00:00.000Z,Azure,Southeast Asia,SG,484,lifecycle,False,,2025-12-01T00:04:01.307Z,2026-01-27T14:44:14.307Z
2025-12-02T00:00:00.000Z,Azure,Southeast Asia,SG,492,lifecycle,False,,2025-12-02T00:02:51.200Z,2026-07-30T08:26:54.678Z
2025-12-03T00:00:00.000Z,Azure,Southeast Asia,SG,481,lifecycle,False,,2025-12-03T00:03:14.524Z,2026-01-27T14:44:14.307Z
2025-12-04T00:00:00.000Z,Azure,Southeast Asia,SG,488,lifecycle,False,,2025-12-04T00:01:20.713Z,2026-01-27T14:44:14.307Z
2025-12-05T00:00:00.000Z,Azure,Southeast Asia,SG,479,lifecycle,False,,2025-12-05T00:02:50.260Z,2026-01-27T14:44:14.307Z
2025-12-06T00:00:00.000Z,Azure,Southeast Asia,SG,478,lifecycle,False,,2025-12-06T00:02:47.513Z,2026-01-27T14:44:14.307Z
2025-12-07T00:00:00.000Z,Azure,Southeast Asia,SG,479,lifecycle,False,,2025-12-07T00:03:49.557Z,2026-04-01T12:10:52.130Z
2025-12-08T00:00:00.000Z,Azure,Southeast Asia,SG,484,lifecycle,False,,2025-12-08T00:02:34.534Z,2026-04-01T12:10:52.130Z
2025-12-09T00:00:00.000Z,Azure,Southeast Asia,SG,482,lifecycle,False,,2025-12-09T00:02:59.558Z,2026-07-30T08:26:54.678Z
2025-12-10T00:00:00.000Z,Azure,Southeast Asia,SG,485,lifecycle,False,,2025-12-10T00:03:32.988Z,2026-04-01T12:10:52.130Z
2025-12-11T00:00:00.000Z,Azure,Southeast Asia,SG,488,lifecycle,False,,2025-12-11T00:01:22.436Z,2026-04-01T12:10:52.130Z
2025-12-12T00:00:00.000Z,Azure,Southeast Asia,SG,484,lifecycle,False,,2025-12-11T14:23:25.169Z,2026-04-01T12:10:52.130Z
2025-12-13T00:00:00.000Z,Azure,Southeast Asia,SG,484,lifecycle,False,,2025-12-11T14:23:25.169Z,2026-04-01T12:10:52.130Z
2025-12-14T00:00:00.000Z,Azure,Southeast Asia,SG,485,lifecycle,False,,2025-12-11T14:23:25.169Z,2026-04-01T12:10:52.130Z
2025-12-15T00:00:00.000Z,Azure,Southeast Asia,SG,491,lifecycle,False,,2025-12-11T14:23:25.169Z,2026-04-01T12:10:52.130Z
2025-12-16T00:00:00.000Z,Azure,Southeast Asia,SG,488,lifecycle,False,,2025-12-11T14:23:25.169Z,2026-04-01T12:10:52.130Z
2025-12-17T00:00:00.000Z,Azure,Southeast Asia,SG,488,lifecycle,False,,2025-12-11T14:23:25.169Z,2026-04-01T12:10:52.130Z
2025-12-18T00:00:00.000Z,Azure,Southeast Asia,SG,480,lifecycle,False,,2025-12-11T14:23:25.169Z,2026-04-01T12:10:52.130Z
2025-12-19T00:00:00.000Z,Azure,Southeast Asia,SG,486,lifecycle,False,,2025-12-11T14:23:25.169Z,2026-04-01T12:10:52.130Z
2025-12-20T00:00:00.000Z,Azure,Southeast Asia,SG,481,lifecycle,False,,2025-12-11T14:23:25.169Z,2026-04-01T12:10:52.130Z
2025-12-21T00:00:00.000Z,Azure,Southeast Asia,SG,477,lifecycle,False,,2025-12-11T14:23:25.169Z,2026-04-01T12:10:52.130Z
2025-12-22T00:00:00.000Z,Azure,Southeast Asia,SG,479,lifecycle,False,,2025-12-11T14:23:25.169Z,2026-06-17T17:51:30.774Z
2025-12-23T00:00:00.000Z,Azure,Southeast Asia,SG,478,lifecycle,False,,2025-12-11T14:23:25.169Z,2026-01-27T14:44:14.307Z
2025-12-24T00:00:00.000Z,Azure,Southeast Asia,SG,480,lifecycle,False,,2025-12-11T14:23:25.169Z,2026-01-27T14:44:14.307Z
2025-12-25T00:00:00.000Z,Azure,Southeast Asia,SG,481,lifecycle,False,,2025-12-11T14:23:25.169Z,2026-01-27T14:44:14.307Z
2025-12-26T00:00:00.000Z,Azure,Southeast Asia,SG,483,lifecycle,False,,2025-12-11T14:23:25.169Z,2026-01-27T14:44:14.307Z
2025-12-27T00:00:00.000Z,Azure,Southeast Asia,SG,483,lifecycle,False,,2025-12-11T14:23:25.169Z,2026-01-27T14:44:14.307Z
2025-12-28T00:00:00.000Z,Azure,Southeast Asia,SG,486,lifecycle,False,,2025-12-11T14:23:25.169Z,2026-04-01T12:10:52.130Z
2025-12-29T00:00:00.000Z,Azure,Southeast Asia,SG,483,lifecycle,False,,2025-12-11T14:23:25.169Z,2026-07-01T07:23:31.783Z
2025-12-30T00:00:00.000Z,Azure,Southeast Asia,SG,478,lifecycle,False,,2025-12-11T14:23:25.169Z,2026-04-01T12:10:52.130Z
2025-12-31T00:00:00.000Z,Azure,Southeast Asia,SG,483,lifecycle,False,,2025-12-11T14:23:25.169Z,2026-04-01T12:10:52.130Z
2026-01-01T00:00:00.000Z,Azure,Southeast Asia,SG,485,lifecycle,False,,2026-01-01T00:03:02.861Z,2026-06-16T08:38:52.092Z
2026-01-02T00:00:00.000Z,Azure,Southeast Asia,SG,481,lifecycle,False,,2026-01-01T01:09:16.367Z,2026-06-16T08:38:52.092Z
2026-01-03T00:00:00.000Z,Azure,Southeast Asia,SG,481,lifecycle,False,,2026-01-01T01:09:16.367Z,2026-06-16T08:38:52.092Z
2026-01-04T00:00:00.000Z,Azure,Southeast Asia,SG,475,lifecycle,False,,2026-01-01T01:09:16.367Z,2026-06-16T08:38:52.092Z
2026-01-05T00:00:00.000Z,Azure,Southeast Asia,SG,483,lifecycle,False,,2026-01-01T01:09:16.367Z,2026-07-08T08:20:02.594Z
2026-01-06T00:00:00.000Z,Azure,Southeast Asia,SG,485,lifecycle,False,,2026-01-01T01:09:16.367Z,2026-06-16T08:38:52.092Z
2026-01-07T00:00:00.000Z,Azure,Southeast Asia,SG,486,lifecycle,False,,2026-01-01T01:09:16.367Z,2026-06-16T08:38:52.092Z
2026-01-08T00:00:00.000Z,Azure,Southeast Asia,SG,483,lifecycle,False,,2026-01-01T01:09:16.367Z,2026-06-16T08:38:52.092Z
2026-01-09T00:00:00.000Z,Azure,Southeast Asia,SG,484,lifecycle,False,,2026-01-01T01:09:16.367Z,2026-06-16T08:38:52.092Z
2026-01-10T00:00:00.000Z,Azure,Southeast Asia,SG,480,lifecycle,False,,2026-01-01T01:09:16.367Z,2026-06-16T08:38:52.092Z
2026-01-11T00:00:00.000Z,Azure,Southeast Asia,SG,480,lifecycle,False,,2026-01-01T01:09:16.367Z,2026-06-16T08:38:52.092Z
2026-01-12T00:00:00.000Z,Azure,Southeast Asia,SG,478,lifecycle,False,,2026-01-01T01:09:16.367Z,2026-07-15T07:56:27.264Z
2026-01-13T00:00:00.000Z,Azure,Southeast Asia,SG,481,lifecycle,False,,2026-01-01T01:09:16.367Z,2026-06-16T08:38:52.092Z
2026-01-14T00:00:00.000Z,Azure,Southeast Asia,SG,482,lifecycle,False,,2026-01-01T01:09:16.367Z,2026-06-16T08:38:52.092Z
2026-01-15T00:00:00.000Z,Azure,Southeast Asia,SG,483,lifecycle,False,,2026-01-01T01:09:16.367Z,2026-06-16T08:38:52.092Z
2026-01-16T00:00:00.000Z,Azure,Southeast Asia,SG,481,lifecycle,False,,2026-01-01T01:09:16.367Z,2026-06-16T08:38:52.092Z
2026-01-17T00:00:00.000Z,Azure,Southeast Asia,SG,480,lifecycle,False,,2026-01-01T01:09:16.367Z,2026-06-16T08:38:52.092Z
2026-01-18T00:00:00.000Z,Azure,Southeast Asia,SG,476,lifecycle,False,,2026-01-01T01:09:16.367Z,2026-06-16T08:38:52.092Z
2026-01-19T00:00:00.000Z,Azure,Southeast Asia,SG,479,lifecycle,False,,2026-01-01T01:09:16.367Z,2026-07-22T07:59:40.281Z
2026-01-20T00:00:00.000Z,Azure,Southeast Asia,SG,480,lifecycle,False,,2026-01-01T01:09:16.367Z,2026-06-16T08:38:52.092Z
2026-01-21T00:00:00.000Z,Azure,Southeast Asia,SG,479,lifecycle,False,,2026-01-01T01:09:16.367Z,2026-06-16T08:38:52.092Z
2026-01-22T00:00:00.000Z,Azure,Southeast Asia,SG,478,lifecycle,False,,2026-01-01T01:09:16.367Z,2026-06-16T08:38:52.092Z
2026-01-23T00:00:00.000Z,Azure,Southeast Asia,SG,479,lifecycle,False,,2026-01-01T01:09:16.367Z,2026-06-16T08:38:52.092Z
2026-01-24T00:00:00.000Z,Azure,Southeast Asia,SG,477,lifecycle,False,,2026-01-01T01:09:16.367Z,2026-06-16T08:38:52.092Z
2026-01-25T00:00:00.000Z,Azure,Southeast Asia,SG,479,lifecycle,False,,2026-01-01T01:09:16.367Z,2026-06-16T08:38:52.092Z
2026-01-26T00:00:00.000Z,Azure,Southeast Asia,SG,477,lifecycle,False,,2026-01-01T01:09:16.367Z,2026-07-29T08:25:53.395Z
2026-01-27T00:00:00.000Z,Azure,Southeast Asia,SG,480,lifecycle,True,TIME_SLICER_AVERAGE,2026-01-01T01:09:16.367Z,2026-06-16T08:38:52.092Z
2026-01-28T00:00:00.000Z,Azure,Southeast Asia,SG,475,lifecycle,True,TIME_SLICER_AVERAGE,2026-01-01T01:09:16.367Z,2026-06-16T08:38:52.092Z
2026-01-29T00:00:00.000Z,Azure,Southeast Asia,SG,475,lifecycle,True,TIME_SLICER_AVERAGE,2026-01-01T01:09:16.367Z,2026-06-16T08:38:52.092Z
2026-01-30T00:00:00.000Z,Azure,Southeast Asia,SG,476,lifecycle,True,TIME_SLICER_AVERAGE,2026-01-01T01:09:16.367Z,2026-07-29T08:25:53.395Z
2026-01-31T00:00:00.000Z,Azure,Southeast Asia,SG,472,lifecycle,True,TIME_SLICER_AVERAGE,2026-01-01T01:09:16.367Z,2026-07-29T08:25:53.395Z
2026-02-01T00:00:00.000Z,Azure,Southeast Asia,SG,474,lifecycle,True,TIME_SLICER_AVERAGE,2026-01-01T01:09:16.367Z,2026-07-29T08:25:53.395Z
2026-02-02T00:00:00.000Z,Azure,Southeast Asia,SG,478,lifecycle,True,TIME_SLICER_AVERAGE,2026-01-01T01:09:16.367Z,2026-07-29T08:25:53.395Z
2026-02-03T00:00:00.000Z,Azure,Southeast Asia,SG,480,lifecycle,True,TIME_SLICER_AVERAGE,2026-01-01T01:09:16.367Z,2026-07-28T08:27:55.431Z
2026-02-04T00:00:00.000Z,Azure,Southeast Asia,SG,480,lifecycle,True,TIME_SLICER_AVERAGE,2026-01-01T01:09:16.367Z,2026-07-28T08:27:55.431Z
2026-02-05T00:00:00.000Z,Azure,Southeast Asia,SG,481,lifecycle,True,TIME_SLICER_AVERAGE,2026-01-01T01:09:16.367Z,2026-07-28T08:27:55.431Z
2026-02-06T00:00:00.000Z,Azure,Southeast Asia,SG,481,lifecycle,True,TIME_SLICER_AVERAGE,2026-01-01T01:09:16.367Z,2026-07-28T08:27:55.431Z
2026-02-07T00:00:00.000Z,Azure,Southeast Asia,SG,481,lifecycle,True,TIME_SLICER_AVERAGE,2026-01-01T01:09:16.367Z,2026-07-28T08:27:55.431Z
2026-02-08T00:00:00.000Z,Azure,Southeast Asia,SG,480,lifecycle,True,TIME_SLICER_AVERAGE,2026-01-01T01:09:16.367Z,2026-07-28T08:27:55.431Z
2026-02-09T00:00:00.000Z,Azure,Southeast Asia,SG,481,lifecycle,True,TIME_SLICER_AVERAGE,2026-01-01T01:09:16.367Z,2026-07-28T08:27:55.431Z
2026-02-10T00:00:00.000Z,Azure,Southeast Asia,SG,481,lifecycle,True,TIME_SLICER_AVERAGE,2026-01-01T01:09:16.367Z,2026-07-28T08:27:55.431Z
2026-02-11T00:00:00.000Z,Azure,Southeast Asia,SG,481,lifecycle,True,TIME_SLICER_AVERAGE,2026-01-01T01:09:16.367Z,2026-07-28T08:27:55.431Z
2026-02-12T00:00:00.000Z,Azure,Southeast Asia,SG,481,lifecycle,True,TIME_SLICER_AVERAGE,2026-01-01T01:09:16.367Z,2026-07-28T08:27:55.431Z
2026-02-13T00:00:00.000Z,Azure,Southeast Asia,SG,481,lifecycle,True,TIME_SLICER_AVERAGE,2026-01-01T01:09:16.367Z,2026-07-28T08:27:55.431Z
2026-02-14T00:00:00.000Z,Azure,Southeast Asia,SG,481,lifecycle,True,TIME_SLICER_AVERAGE,2026-01-01T01:09:16.367Z,2026-07-28T08:27:55.431Z
2026-02-15T00:00:00.000Z,Azure,Southeast Asia,SG,481,lifecycle,True,TIME_SLICER_AVERAGE,2026-01-01T01:09:16.367Z,2026-07-28T08:27:55.431Z
2026-02-16T00:00:00.000Z,Azure,Southeast Asia,SG,481,lifecycle,True,TIME_SLICER_AVERAGE,2026-01-01T01:09:16.367Z,2026-07-28T08:27:55.431Z
2026-02-17T00:00:00.000Z,Azure,Southeast Asia,SG,481,lifecycle,True,TIME_SLICER_AVERAGE,2026-01-01T01:09:16.367Z,2026-07-28T08:27:55.431Z
2026-02-18T00:00:00.000Z,Azure,Southeast Asia,SG,480,lifecycle,True,TIME_SLICER_AVERAGE,2026-01-01T01:09:16.367Z,2026-07-28T08:27:55.431Z
2026-02-19T00:00:00.000Z,Azure,Southeast Asia,SG,481,lifecycle,True,TIME_SLICER_AVERAGE,2026-01-01T01:09:16.367Z,2026-07-28T08:27:55.431Z
2026-02-20T00:00:00.000Z,Azure,Southeast Asia,SG,480,lifecycle,True,TIME_SLICER_AVERAGE,2026-01-01T01:09:16.367Z,2026-07-28T08:27:55.431Z
2026-02-21T00:00:00.000Z,Azure,Southeast Asia,SG,481,lifecycle,True,TIME_SLICER_AVERAGE,2026-01-01T01:09:16.367Z,2026-07-28T08:27:55.431Z
2026-02-22T00:00:00.000Z,Azure,Southeast Asia,SG,481,lifecycle,True,TIME_SLICER_AVERAGE,2026-01-01T01:09:16.367Z,2026-07-28T08:27:55.431Z
2026-02-23T00:00:00.000Z,Azure,Southeast Asia,SG,481,lifecycle,True,TIME_SLICER_AVERAGE,2026-01-01T01:09:16.367Z,2026-07-28T08:27:55.431Z
2026-02-24T00:00:00.000Z,Azure,Southeast Asia,SG,481,lifecycle,True,TIME_SLICER_AVERAGE,2026-01-01T01:09:16.367Z,2026-07-28T08:27:55.431Z
2026-02-25T00:00:00.000Z,Azure,Southeast Asia,SG,481,lifecycle,True,TIME_SLICER_AVERAGE,2026-01-01T01:09:16.367Z,2026-07-28T08:27:55.431Z
2026-02-26T00:00:00.000Z,Azure,Southeast Asia,SG,481,lifecycle,True,TIME_SLICER_AVERAGE,2026-01-01T01:09:16.367Z,2026-07-28T08:27:55.431Z
2026-02-27T00:00:00.000Z,Azure,Southeast Asia,SG,481,lifecycle,True,TIME_SLICER_AVERAGE,2026-01-01T01:09:16.367Z,2026-07-28T08:27:55.431Z
2026-02-28T00:00:00.000Z,Azure,Southeast Asia,SG,481,lifecycle,True,TIME_SLICER_AVERAGE,2026-01-01T01:09:16.367Z,2026-07-28T08:27:55.431Z
2026-03-01T00:00:00.000Z,Azure,Southeast Asia,SG,481,lifecycle,True,TIME_SLICER_AVERAGE,2026-01-01T01:09:16.367Z,2026-07-28T08:27:55.431Z
2026-03-02T00:00:00.000Z,Azure,Southeast Asia,SG,480,lifecycle,True,TIME_SLICER_AVERAGE,2026-01-01T01:09:16.367Z,2026-07-28T08:27:55.431Z
2026-03-03T00:00:00.000Z,Azure,Southeast Asia,SG,480,lifecycle,True,TIME_SLICER_AVERAGE,2026-01-01T01:09:16.367Z,2026-07-28T08:27:55.431Z
2026-03-04T00:00:00.000Z,Azure,Southeast Asia,SG,480,lifecycle,True,TIME_SLICER_AVERAGE,2026-01-01T01:09:16.367Z,2026-07-28T08:27:55.431Z
2026-03-05T00:00:00.000Z,Azure,Southeast Asia,SG,480,lifecycle,True,TIME_SLICER_AVERAGE,2026-01-01T01:09:16.367Z,2026-07-28T08:27:55.431Z
2026-03-06T00:00:00.000Z,Azure,Southeast Asia,SG,480,lifecycle,True,TIME_SLICER_AVERAGE,2026-01-01T01:09:16.367Z,2026-07-28T08:27:55.431Z
2026-03-07T00:00:00.000Z,Azure,Southeast Asia,SG,480,lifecycle,True,TIME_SLICER_AVERAGE,2026-01-01T01:09:16.367Z,2026-07-28T08:27:55.431Z
2026-03-08T00:00:00.000Z,Azure,Southeast Asia,SG,480,lifecycle,True,TIME_SLICER_AVERAGE,2026-01-01T01:09:16.367Z,2026-07-28T08:27:55.431Z
2026-03-09T00:00:00.000Z,Azure,Southeast Asia,SG,480,lifecycle,True,TIME_SLICER_AVERAGE,2026-01-01T01:09:16.367Z,2026-07-28T08:27:55.431Z
2026-03-10T00:00:00.000Z,Azure,Southeast Asia,SG,480,lifecycle,True,TIME_SLICER_AVERAGE,2026-01-01T01:09:16.367Z,2026-07-28T08:27:55.431Z
2026-03-11T00:00:00.000Z,Azure,Southeast Asia,SG,480,lifecycle,True,TIME_SLICER_AVERAGE,2026-01-01T01:09:16.367Z,2026-07-28T08:27:55.431Z
2026-03-12T00:00:00.000Z,Azure,Southeast Asia,SG,480,lifecycle,True,TIME_SLICER_AVERAGE,2026-01-01T01:09:16.367Z,2026-07-28T08:27:55.431Z
2026-03-13T00:00:00.000Z,Azure,Southeast Asia,SG,480,lifecycle,True,TIME_SLICER_AVERAGE,2026-01-01T01:09:16.367Z,2026-07-28T08:27:55.431Z
2026-03-14T00:00:00.000Z,Azure,Southeast Asia,SG,480,lifecycle,True,TIME_SLICER_AVERAGE,2026-01-01T01:09:16.367Z,2026-07-28T08:27:55.431Z
2026-03-15T00:00:00.000Z,Azure,Southeast Asia,SG,480,lifecycle,True,TIME_SLICER_AVERAGE,2026-01-01T01:09:16.367Z,2026-07-28T08:27:55.431Z
2026-03-16T00:00:00.000Z,Azure,Southeast Asia,SG,480,lifecycle,True,TIME_SLICER_AVERAGE,2026-01-01T01:09:16.367Z,2026-07-28T08:27:55.431Z
2026-03-17T00:00:00.000Z,Azure,Southeast Asia,SG,480,lifecycle,True,TIME_SLICER_AVERAGE,2026-01-01T01:09:16.367Z,2026-07-28T08:27:55.431Z
2026-03-18T00:00:00.000Z,Azure,Southeast Asia,SG,480,lifecycle,True,TIME_SLICER_AVERAGE,2026-01-01T01:09:16.367Z,2026-07-28T08:27:55.431Z
2026-03-19T00:00:00.000Z,Azure,Southeast Asia,SG,480,lifecycle,True,TIME_SLICER_AVERAGE,2026-01-01T01:09:16.367Z,2026-07-28T08:27:55.431Z
2026-03-20T00:00:00.000Z,Azure,Southeast Asia,SG,480,lifecycle,True,TIME_SLICER_AVERAGE,2026-01-01T01:09:16.367Z,2026-07-28T08:27:55.431Z
2026-03-21T00:00:00.000Z,Azure,Southeast Asia,SG,480,lifecycle,True,TIME_SLICER_AVERAGE,2026-01-01T01:09:16.367Z,2026-07-28T08:27:55.431Z
2026-03-22T00:00:00.000Z,Azure,Southeast Asia,SG,480,lifecycle,True,TIME_SLICER_AVERAGE,2026-01-01T01:09:16.367Z,2026-07-28T08:27:55.431Z
2026-03-23T00:00:00.000Z,Azure,Southeast Asia,SG,481,lifecycle,True,TIME_SLICER_AVERAGE,2026-01-01T01:09:16.367Z,2026-07-06T08:18:06.680Z
2026-03-24T00:00:00.000Z,Azure,Southeast Asia,SG,481,lifecycle,True,TIME_SLICER_AVERAGE,2026-01-01T01:09:16.367Z,2026-07-06T08:18:06.680Z
2026-03-25T00:00:00.000Z,Azure,Southeast Asia,SG,481,lifecycle,True,TIME_SLICER_AVERAGE,2026-01-01T01:09:16.367Z,2026-07-06T08:18:06.680Z
2026-03-26T00:00:00.000Z,Azure,Southeast Asia,SG,481,lifecycle,True,TIME_SLICER_AVERAGE,2026-01-01T01:09:16.367Z,2026-07-06T08:18:06.680Z
2026-03-27T00:00:00.000Z,Azure,Southeast Asia,SG,480,lifecycle,True,TIME_SLICER_AVERAGE,2026-01-01T01:09:16.367Z,2026-07-06T08:18:06.680Z
2026-03-28T00:00:00.000Z,Azure,Southeast Asia,SG,481,lifecycle,True,TIME_SLICER_AVERAGE,2026-01-01T01:09:16.367Z,2026-07-06T08:18:06.680Z
2026-03-29T00:00:00.000Z,Azure,Southeast Asia,SG,482,lifecycle,True,TIME_SLICER_AVERAGE,2026-01-01T01:09:16.367Z,2026-07-28T08:27:55.431Z
2026-03-30T00:00:00.000Z,Azure,Southeast Asia,SG,481,lifecycle,True,TIME_SLICER_AVERAGE,2026-01-01T01:09:16.367Z,2026-07-06T08:18:06.680Z
2026-03-31T00:00:00.000Z,Azure,Southeast Asia,SG,481,lifecycle,True,TIME_SLICER_AVERAGE,2026-01-01T01:09:16.367Z,2026-07-06T08:18:06.680Z
2026-04-01T00:00:00.000Z,Azure,Southeast Asia,SG,480,lifecycle,True,TIME_SLICER_AVERAGE,2026-01-01T01:09:16.367Z,2026-07-06T08:18:06.680Z
2026-04-02T00:00:00.000Z,Azure,Southeast Asia,SG,481,lifecycle,True,TIME_SLICER_AVERAGE,2026-01-01T01:09:16.367Z,2026-07-06T08:18:06.680Z
2026-04-03T00:00:00.000Z,Azure,Southeast Asia,SG,480,lifecycle,True,TIME_SLICER_AVERAGE,2026-01-01T01:09:16.367Z,2026-07-06T08:18:06.680Z
2026-04-04T00:00:00.000Z,Azure,Southeast Asia,SG,481,lifecycle,True,TIME_SLICER_AVERAGE,2026-01-01T01:09:16.367Z,2026-07-06T08:18:06.680Z
2026-04-05T00:00:00.000Z,Azure,Southeast Asia,SG,480,lifecycle,True,TIME_SLICER_AVERAGE,2026-01-01T01:09:16.367Z,2026-07-13T08:18:51.066Z
2026-04-06T00:00:00.000Z,Azure,Southeast Asia,SG,480,lifecycle,True,TIME_SLICER_AVERAGE,2026-01-01T01:09:16.367Z,2026-07-13T08:18:51.066Z
2026-04-07T00:00:00.000Z,Azure,Southeast Asia,SG,480,lifecycle,True,TIME_SLICER_AVERAGE,2026-01-01T01:09:16.367Z,2026-07-13T08:18:51.066Z
2026-04-08T00:00:00.000Z,Azure,Southeast Asia,SG,480,lifecycle,True,TIME_SLICER_AVERAGE,2026-01-01T01:09:16.367Z,2026-07-13T08:18:51.066Z
2026-04-09T00:00:00.000Z,Azure,Southeast Asia,SG,480,lifecycle,True,TIME_SLICER_AVERAGE,2026-01-01T01:09:16.367Z,2026-07-13T08:18:51.066Z
2026-04-10T00:00:00.000Z,Azure,Southeast Asia,SG,480,lifecycle,True,TIME_SLICER_AVERAGE,2026-01-01T01:09:16.367Z,2026-07-13T08:18:51.066Z
2026-04-11T00:00:00.000Z,Azure,Southeast Asia,SG,480,lifecycle,True,TIME_SLICER_AVERAGE,2026-01-01T01:09:16.367Z,2026-07-13T08:18:51.066Z
2026-04-12T00:00:00.000Z,Azure,Southeast Asia,SG,480,lifecycle,True,TIME_SLICER_AVERAGE,2026-01-01T01:09:16.367Z,2026-07-13T08:18:51.066Z
2026-04-13T00:00:00.000Z,Azure,Southeast Asia,SG,480,lifecycle,True,TIME_SLICER_AVERAGE,2026-01-01T01:09:16.367Z,2026-07-06T08:18:06.680Z
2026-04-14T00:00:00.000Z,Azure,Southeast Asia,SG,480,lifecycle,True,TIME_SLICER_AVERAGE,2026-01-01T01:09:16.367Z,2026-07-06T08:18:06.680Z
2026-04-15T00:00:00.000Z,Azure,Southeast Asia,SG,480,lifecycle,True,TIME_SLICER_AVERAGE,2026-01-01T01:09:16.367Z,2026-07-06T08:18:06.680Z
2026-04-16T00:00:00.000Z,Azure,Southeast Asia,SG,480,lifecycle,True,TIME_SLICER_AVERAGE,2026-01-01T01:09:16.367Z,2026-07-06T08:18:06.680Z
2026-04-17T00:00:00.000Z,Azure,Southeast Asia,SG,480,lifecycle,True,TIME_SLICER_AVERAGE,2026-01-01T01:09:16.367Z,2026-07-06T08:18:06.680Z
2026-04-18T00:00:00.000Z,Azure,Southeast Asia,SG,480,lifecycle,True,TIME_SLICER_AVERAGE,2026-01-01T01:09:16.367Z,2026-07-06T08:18:06.680Z
2026-04-19T00:00:00.000Z,Azure,Southeast Asia,SG,480,lifecycle,True,TIME_SLICER_AVERAGE,2026-01-01T01:09:16.367Z,2026-07-06T08:18:06.680Z
2026-04-20T00:00:00.000Z,Azure,Southeast Asia,SG,480,lifecycle,True,TIME_SLICER_AVERAGE,2026-01-01T01:09:16.367Z,2026-07-13T08:18:51.066Z
2026-04-21T00:00:00.000Z,Azure,Southeast Asia,SG,480,lifecycle,True,TIME_SLICER_AVERAGE,2026-01-01T01:09:16.367Z,2026-07-13T08:18:51.066Z
2026-04-22T00:00:00.000Z,Azure,Southeast Asia,SG,480,lifecycle,True,TIME_SLICER_AVERAGE,2026-01-01T01:09:16.367Z,2026-07-13T08:18:51.066Z
2026-04-23T00:00:00.000Z,Azure,Southeast Asia,SG,480,lifecycle,True,TIME_SLICER_AVERAGE,2026-01-01T01:09:16.367Z,2026-07-13T08:18:51.066Z
2026-04-24T00:00:00.000Z,Azure,Southeast Asia,SG,480,lifecycle,True,TIME_SLICER_AVERAGE,2026-01-01T01:09:16.367Z,2026-07-13T08:18:51.066Z
2026-04-25T00:00:00.000Z,Azure,Southeast Asia,SG,480,lifecycle,True,TIME_SLICER_AVERAGE,2026-01-01T01:09:16.367Z,2026-07-13T08:18:51.066Z
2026-04-26T00:00:00.000Z,Azure,Southeast Asia,SG,480,lifecycle,True,TIME_SLICER_AVERAGE,2026-01-01T01:09:16.367Z,2026-07-13T08:18:51.066Z
2026-04-27T00:00:00.000Z,Azure,Southeast Asia,SG,480,lifecycle,True,TIME_SLICER_AVERAGE,2026-01-01T01:09:16.367Z,2026-06-21T07:45:03.047Z
2026-04-28T00:00:00.000Z,Azure,Southeast Asia,SG,480,lifecycle,True,TIME_SLICER_AVERAGE,2026-01-01T01:09:16.367Z,2026-06-21T07:45:03.047Z
2026-04-29T00:00:00.000Z,Azure,Southeast Asia,SG,480,lifecycle,True,TIME_SLICER_AVERAGE,2026-01-01T01:09:16.367Z,2026-07-06T08:18:06.680Z
2026-04-30T00:00:00.000Z,Azure,Southeast Asia,SG,480,lifecycle,True,TIME_SLICER_AVERAGE,2026-01-01T01:09:16.367Z,2026-06-21T07:45:03.047Z
2026-05-01T00:00:00.000Z,Azure,Southeast Asia,SG,480,lifecycle,True,TIME_SLICER_AVERAGE,2026-01-01T01:09:16.367Z,2026-06-21T07:45:03.047Z
2026-05-02T00:00:00.000Z,Azure,Southeast Asia,SG,479,lifecycle,True,TIME_SLICER_AVERAGE,2026-01-01T01:09:16.367Z,2026-07-13T08:18:51.066Z
2026-05-03T00:00:00.000Z,Azure,Southeast Asia,SG,480,lifecycle,True,TIME_SLICER_AVERAGE,2026-01-01T01:09:16.367Z,2026-07-13T08:18:51.066Z
2026-05-04T00:00:00.000Z,Azure,Southeast Asia,SG,480,lifecycle,True,TIME_SLICER_AVERAGE,2026-01-01T01:09:16.367Z,2026-07-13T08:18:51.066Z
2026-05-05T00:00:00.000Z,Azure,Southeast Asia,SG,480,lifecycle,True,TIME_SLICER_AVERAGE,2026-01-01T01:09:16.367Z,2026-07-13T08:18:51.066Z
2026-05-06T00:00:00.000Z,Azure,Southeast Asia,SG,480,lifecycle,True,TIME_SLICER_AVERAGE,2026-01-01T01:09:16.367Z,2026-07-12T07:52:36.151Z
2026-05-07T00:00:00.000Z,Azure,Southeast Asia,SG,480,lifecycle,True,TIME_SLICER_AVERAGE,2026-01-01T01:09:16.367Z,2026-07-12T07:52:36.151Z
2026-05-08T00:00:00.000Z,Azure,Southeast Asia,SG,480,lifecycle,True,TIME_SLICER_AVERAGE,2026-01-01T01:09:16.367Z,2026-07-12T07:52:36.151Z
2026-05-09T00:00:00.000Z,Azure,Southeast Asia,SG,480,lifecycle,True,TIME_SLICER_AVERAGE,2026-01-01T01:09:16.367Z,2026-07-20T08:19:12.615Z
2026-05-10T00:00:00.000Z,Azure,Southeast Asia,SG,480,lifecycle,True,TIME_SLICER_AVERAGE,2026-01-01T01:09:16.367Z,2026-07-12T07:52:36.151Z
2026-05-11T00:00:00.000Z,Azure,Southeast Asia,SG,480,lifecycle,True,TIME_SLICER_AVERAGE,2026-01-01T01:09:16.367Z,2026-06-21T07:45:03.047Z
2026-05-12T00:00:00.000Z,Azure,Southeast Asia,SG,480,lifecycle,True,TIME_SLICER_AVERAGE,2026-01-01T01:09:16.367Z,2026-06-21T07:45:03.047Z
2026-05-13T00:00:00.000Z,Azure,Southeast Asia,SG,480,lifecycle,True,TIME_SLICER_AVERAGE,2026-01-01T01:09:16.367Z,2026-06-21T07:45:03.047Z
2026-05-14T00:00:00.000Z,Azure,Southeast Asia,SG,480,lifecycle,True,TIME_SLICER_AVERAGE,2026-01-01T01:09:16.367Z,2026-06-21T07:45:03.047Z
2026-05-15T00:00:00.000Z,Azure,Southeast Asia,SG,480,lifecycle,True,TIME_SLICER_AVERAGE,2026-01-01T01:09:16.367Z,2026-06-21T07:45:03.047Z
2026-05-16T00:00:00.000Z,Azure,Southeast Asia,SG,480,lifecycle,True,TIME_SLICER_AVERAGE,2026-01-01T01:09:16.367Z,2026-07-27T08:27:49.480Z
2026-05-17T00:00:00.000Z,Azure,Southeast Asia,SG,480,lifecycle,True,TIME_SLICER_AVERAGE,2026-01-01T01:09:16.367Z,2026-07-05T07:19:39.743Z
2026-05-18T00:00:00.000Z,Azure,Southeast Asia,SG,480,lifecycle,True,TIME_SLICER_AVERAGE,2026-01-01T01:09:16.367Z,2026-07-12T07:52:36.151Z
2026-05-19T00:00:00.000Z,Azure,Southeast Asia,SG,480,lifecycle,True,TIME_SLICER_AVERAGE,2026-01-01T01:09:16.367Z,2026-07-12T07:52:36.151Z
2026-05-20T00:00:00.000Z,Azure,Southeast Asia,SG,480,lifecycle,True,TIME_SLICER_AVERAGE,2026-01-01T01:09:16.367Z,2026-07-12T07:52:36.151Z
2026-05-21T00:00:00.000Z,Azure,Southeast Asia,SG,480,lifecycle,True,TIME_SLICER_AVERAGE,2026-01-01T01:09:16.367Z,2026-07-12T07:52:36.151Z
2026-05-22T00:00:00.000Z,Azure,Southeast Asia,SG,480,lifecycle,True,TIME_SLICER_AVERAGE,2026-01-01T01:09:16.367Z,2026-07-12T07:52:36.151Z
2026-05-23T00:00:00.000Z,Azure,Southeast Asia,SG,480,lifecycle,True,TIME_SLICER_AVERAGE,2026-01-01T01:09:16.367Z,2026-07-27T08:27:49.480Z
2026-05-24T00:00:00.000Z,Azure,Southeast Asia,SG,480,lifecycle,True,TIME_SLICER_AVERAGE,2026-01-01T01:09:16.367Z,2026-07-12T07:52:36.151Z
2026-05-25T00:00:00.000Z,Azure,Southeast Asia,SG,480,lifecycle,True,TIME_SLICER_AVERAGE,2026-01-01T01:09:16.367Z,2026-07-12T07:52:36.151Z
2026-05-26T00:00:00.000Z,Azure,Southeast Asia,SG,480,lifecycle,True,TIME_SLICER_AVERAGE,2026-01-01T01:09:16.367Z,2026-07-12T07:52:36.151Z
2026-05-27T00:00:00.000Z,Azure,Southeast Asia,SG,480,lifecycle,True,TIME_SLICER_AVERAGE,2026-01-01T01:09:16.367Z,2026-07-12T07:52:36.151Z
2026-05-28T00:00:00.000Z,Azure,Southeast Asia,SG,480,lifecycle,True,TIME_SLICER_AVERAGE,2026-01-01T01:09:16.367Z,2026-07-12T07:52:36.151Z
2026-05-29T00:00:00.000Z,Azure,Southeast Asia,SG,480,lifecycle,True,TIME_SLICER_AVERAGE,2026-01-01T01:09:16.367Z,2026-07-12T07:52:36.151Z
2026-05-30T00:00:00.000Z,Azure,Southeast Asia,SG,480,lifecycle,True,TIME_SLICER_AVERAGE,2026-01-01T01:09:16.367Z,2026-07-12T07:52:36.151Z
2026-05-31T00:00:00.000Z,Azure,Southeast Asia,SG,480,lifecycle,True,TIME_SLICER_AVERAGE,2026-01-01T01:09:16.367Z,2026-07-12T07:52:36.151Z
2026-06-01T00:00:00.000Z,Azure,Southeast Asia,SG,480,lifecycle,True,TIME_SLICER_AVERAGE,2026-01-01T01:09:16.367Z,2026-07-05T07:19:39.743Z
2026-06-02T00:00:00.000Z,Azure,Southeast Asia,SG,480,lifecycle,True,TIME_SLICER_AVERAGE,2026-01-01T01:09:16.367Z,2026-07-19T07:51:14.865Z
2026-06-03T00:00:00.000Z,Azure,Southeast Asia,SG,480,lifecycle,True,TIME_SLICER_AVERAGE,2026-01-01T01:09:16.367Z,2026-07-19T07:51:14.865Z
2026-06-04T00:00:00.000Z,Azure,Southeast Asia,SG,480,lifecycle,True,TIME_SLICER_AVERAGE,2026-01-01T01:09:16.367Z,2026-07-19T07:51:14.865Z
2026-06-05T00:00:00.000Z,Azure,Southeast Asia,SG,480,lifecycle,True,TIME_SLICER_AVERAGE,2026-01-01T01:09:16.367Z,2026-07-19T07:51:14.865Z
2026-06-06T00:00:00.000Z,Azure,Southeast Asia,SG,480,lifecycle,True,TIME_SLICER_AVERAGE,2026-01-01T01:09:16.367Z,2026-07-19T07:51:14.865Z
2026-06-07T00:00:00.000Z,Azure,Southeast Asia,SG,480,lifecycle,True,TIME_SLICER_AVERAGE,2026-01-01T01:09:16.367Z,2026-07-19T07:51:14.865Z
2026-06-08T00:00:00.000Z,Azure,Southeast Asia,SG,480,lifecycle,True,TIME_SLICER_AVERAGE,2026-01-01T01:09:16.367Z,2026-07-19T07:51:14.865Z
2026-06-09T00:00:00.000Z,Azure,Southeast Asia,SG,480,lifecycle,True,TIME_SLICER_AVERAGE,2026-01-01T01:09:16.367Z,2026-07-19T07:51:14.865Z
2026-06-10T00:00:00.000Z,Azure,Southeast Asia,SG,480,lifecycle,True,TIME_SLICER_AVERAGE,2026-01-01T01:09:16.367Z,2026-07-19T07:51:14.865Z
2026-06-11T00:00:00.000Z,Azure,Southeast Asia,SG,480,lifecycle,True,TIME_SLICER_AVERAGE,2026-01-01T01:09:16.367Z,2026-07-19T07:51:14.865Z
2026-06-12T00:00:00.000Z,Azure,Southeast Asia,SG,480,lifecycle,True,TIME_SLICER_AVERAGE,2026-01-01T01:09:16.367Z,2026-07-19T07:51:14.865Z
2026-06-13T00:00:00.000Z,Azure,Southeast Asia,SG,480,lifecycle,True,TIME_SLICER_AVERAGE,2026-01-01T01:09:16.367Z,2026-07-19T07:51:14.865Z
2026-06-14T00:00:00.000Z,Azure,Southeast Asia,SG,480,lifecycle,True,TIME_SLICER_AVERAGE,2026-01-01T01:09:16.367Z,2026-07-19T07:51:14.865Z
2026-06-15T00:00:00.000Z,Azure,Southeast Asia,SG,480,lifecycle,True,TIME_SLICER_AVERAGE,2026-01-01T01:09:16.367Z,2026-07-19T07:51:14.865Z
2026-06-16T00:00:00.000Z,Azure,Southeast Asia,SG,480,lifecycle,True,TIME_SLICER_AVERAGE,2026-01-01T01:09:16.367Z,2026-07-19T07:51:14.865Z
2026-06-17T00:00:00.000Z,Azure,Southeast Asia,SG,480,lifecycle,True,TIME_SLICER_AVERAGE,2026-01-01T01:09:16.367Z,2026-07-19T07:51:14.865Z
2026-06-18T00:00:00.000Z,Azure,Southeast Asia,SG,480,lifecycle,True,TIME_SLICER_AVERAGE,2026-01-01T01:09:16.367Z,2026-07-19T07:51:14.865Z
2026-06-19T00:00:00.000Z,Azure,Southeast Asia,SG,480,lifecycle,True,TIME_SLICER_AVERAGE,2026-01-01T01:09:16.367Z,2026-07-19T07:51:14.865Z
2026-06-20T00:00:00.000Z,Azure,Southeast Asia,SG,480,lifecycle,True,TIME_SLICER_AVERAGE,2026-01-01T01:09:16.367Z,2026-07-19T07:51:14.865Z
2026-06-21T00:00:00.000Z,Azure,Southeast Asia,SG,480,lifecycle,True,TIME_SLICER_AVERAGE,2026-01-01T01:09:16.367Z,2026-07-05T07:19:39.743Z
2026-06-22T00:00:00.000Z,Azure,Southeast Asia,SG,479,lifecycle,True,TIME_SLICER_AVERAGE,2026-01-01T01:09:16.367Z,2026-06-24T03:15:16.070Z
2026-06-23T00:00:00.000Z,Azure,Southeast Asia,SG,480,lifecycle,True,TIME_SLICER_AVERAGE,2026-01-01T01:09:16.367Z,2026-07-19T07:51:14.865Z
2026-06-24T00:00:00.000Z,Azure,Southeast Asia,SG,480,lifecycle,True,TIME_SLICER_AVERAGE,2026-01-01T01:09:16.367Z,2026-07-19T07:51:14.865Z
2026-06-25T00:00:00.000Z,Azure,Southeast Asia,SG,480,lifecycle,True,TIME_SLICER_AVERAGE,2026-01-01T01:09:16.367Z,2026-07-19T07:51:14.865Z
2026-06-26T00:00:00.000Z,Azure,Southeast Asia,SG,480,lifecycle,True,TIME_SLICER_AVERAGE,2026-01-01T01:09:16.367Z,2026-07-19T07:51:14.865Z
2026-06-27T00:00:00.000Z,Azure,Southeast Asia,SG,480,lifecycle,True,TIME_SLICER_AVERAGE,2026-01-01T01:09:16.367Z,2026-06-29T03:07:16.901Z
2026-06-28T00:00:00.000Z,Azure,Southeast Asia,SG,481,lifecycle,True,TIME_SLICER_AVERAGE,2026-01-01T01:09:16.367Z,2026-06-30T03:10:22.983Z
2026-06-29T00:00:00.000Z,Azure,Southeast Asia,SG,480,lifecycle,True,TIME_SLICER_AVERAGE,2026-01-01T01:09:16.367Z,2026-07-01T03:13:00.375Z
2026-06-30T00:00:00.000Z,Azure,Southeast Asia,SG,480,lifecycle,True,TIME_SLICER_AVERAGE,2026-01-01T01:09:16.367Z,2026-07-03T00:05:28.636Z
2026-07-01T00:00:00.000Z,Azure,Southeast Asia,SG,480,lifecycle,True,TIME_SLICER_AVERAGE,2026-01-01T01:09:16.367Z,2026-07-03T03:00:27.009Z
2026-07-02T00:00:00.000Z,Azure,Southeast Asia,SG,480,lifecycle,True,TIME_SLICER_AVERAGE,2026-01-01T01:09:16.367Z,2026-07-04T02:59:23.373Z
2026-07-03T00:00:00.000Z,Azure,Southeast Asia,SG,480,lifecycle,True,TIME_SLICER_AVERAGE,2026-01-01T01:09:16.367Z,2026-07-13T03:16:02.260Z
2026-07-04T00:00:00.000Z,Azure,Southeast Asia,SG,480,lifecycle,True,TIME_SLICER_AVERAGE,2026-01-01T01:09:16.367Z,2026-07-06T02:59:02.671Z
2026-07-05T00:00:00.000Z,Azure,Southeast Asia,SG,480,lifecycle,True,TIME_SLICER_AVERAGE,2026-01-01T01:09:16.367Z,2026-07-07T03:05:18.469Z
2026-07-06T00:00:00.000Z,Azure,Southeast Asia,SG,480,lifecycle,True,TIME_SLICER_AVERAGE,2026-01-01T01:09:16.367Z,2026-07-08T03:16:50.979Z
2026-07-07T00:00:00.000Z,Azure,Southeast Asia,SG,480,lifecycle,True,TIME_SLICER_AVERAGE,2026-01-01T01:09:16.367Z,2026-07-09T03:17:25.391Z
2026-07-08T00:00:00.000Z,Azure,Southeast Asia,SG,480,lifecycle,True,TIME_SLICER_AVERAGE,2026-01-01T01:09:16.367Z,2026-07-10T03:18:55.461Z
2026-07-09T00:00:00.000Z,Azure,Southeast Asia,SG,480,lifecycle,True,TIME_SLICER_AVERAGE,2026-01-01T01:09:16.367Z,2026-07-11T02:58:46.976Z
2026-07-10T00:00:00.000Z,Azure,Southeast Asia,SG,480,lifecycle,True,TIME_SLICER_AVERAGE,2026-01-01T01:09:16.367Z,2026-07-20T03:37:59.216Z
2026-07-11T00:00:00.000Z,Azure,Southeast Asia,SG,480,lifecycle,True,TIME_SLICER_AVERAGE,2026-01-01T01:09:16.367Z,2026-07-13T03:16:02.260Z
2026-07-12T00:00:00.000Z,Azure,Southeast Asia,SG,480,lifecycle,True,TIME_SLICER_AVERAGE,2026-01-01T01:09:16.367Z,2026-07-14T03:01:09.172Z
2026-07-13T00:00:00.000Z,Azure,Southeast Asia,SG,480,lifecycle,True,TIME_SLICER_AVERAGE,2026-01-01T01:09:16.367Z,2026-07-15T02:59:08.395Z
2026-07-14T00:00:00.000Z,Azure,Southeast Asia,SG,480,lifecycle,True,TIME_SLICER_AVERAGE,2026-01-01T01:09:16.367Z,2026-07-16T03:18:20.784Z
