Starting 10MB cpu-heavy on m5a.xlarge x 2 in ap-south-1
{
  "JobFlowId": "j-1Y4RT1M539P7Z",
  "ClusterArn": "arn:aws:elasticmapreduce:ap-south-1:435097195936:cluster/j-1Y4RT1M539P7Z",
  "ResponseMetadata": {
    "RequestId": "9b3fa6de-18c1-415a-ab7b-cb6a97938462",
    "HTTPStatusCode": 200,
    "HTTPHeaders": {
      "x-amzn-requestid": "9b3fa6de-18c1-415a-ab7b-cb6a97938462",
      "content-type": "application/x-amz-json-1.1",
      "content-length": "119",
      "date": "Wed, 22 Jul 2026 19:55:21 GMT"
    },
    "RetryAttempts": 0
  }
}
j-1Y4RT1M539P7Z step s-052769136K5G6DAZ6V8D is PENDING
j-1Y4RT1M539P7Z step s-052769136K5G6DAZ6V8D is PENDING
j-1Y4RT1M539P7Z step s-052769136K5G6DAZ6V8D is PENDING
j-1Y4RT1M539P7Z step s-052769136K5G6DAZ6V8D is PENDING
j-1Y4RT1M539P7Z step s-052769136K5G6DAZ6V8D is PENDING
j-1Y4RT1M539P7Z step s-052769136K5G6DAZ6V8D is PENDING
j-1Y4RT1M539P7Z step s-052769136K5G6DAZ6V8D is PENDING
j-1Y4RT1M539P7Z step s-052769136K5G6DAZ6V8D is RUNNING
j-1Y4RT1M539P7Z step s-052769136K5G6DAZ6V8D is RUNNING
j-1Y4RT1M539P7Z step s-052769136K5G6DAZ6V8D is COMPLETED
j-1Y4RT1M539P7Z cluster is TERMINATING
j-1Y4RT1M539P7Z cluster is TERMINATING
j-1Y4RT1M539P7Z cluster is TERMINATED
Saved cpu-heavy 10MB m5a.xlarge x 2 runtime=1.0415 min cost=$0.0039; cluster=TERMINATED
Starting 10MB cpu-heavy on m5a.xlarge x 4 in ap-south-1
{
  "JobFlowId": "j-XG2K8B5EJ5H6",
  "ClusterArn": "arn:aws:elasticmapreduce:ap-south-1:435097195936:cluster/j-XG2K8B5EJ5H6",
  "ResponseMetadata": {
    "RequestId": "63133dd5-7e15-45d2-bfaa-47faeb2fc6eb",
    "HTTPStatusCode": 200,
    "HTTPHeaders": {
      "x-amzn-requestid": "63133dd5-7e15-45d2-bfaa-47faeb2fc6eb",
      "content-type": "application/x-amz-json-1.1",
      "content-length": "117",
      "date": "Wed, 22 Jul 2026 20:00:56 GMT"
    },
    "RetryAttempts": 0
  }
}
j-XG2K8B5EJ5H6 step s-03727092I7E6BWO0OKWV is PENDING
j-XG2K8B5EJ5H6 step s-03727092I7E6BWO0OKWV is PENDING
j-XG2K8B5EJ5H6 step s-03727092I7E6BWO0OKWV is PENDING
j-XG2K8B5EJ5H6 step s-03727092I7E6BWO0OKWV is PENDING
j-XG2K8B5EJ5H6 step s-03727092I7E6BWO0OKWV is PENDING
j-XG2K8B5EJ5H6 step s-03727092I7E6BWO0OKWV is PENDING
j-XG2K8B5EJ5H6 step s-03727092I7E6BWO0OKWV is PENDING
j-XG2K8B5EJ5H6 step s-03727092I7E6BWO0OKWV is PENDING
j-XG2K8B5EJ5H6 step s-03727092I7E6BWO0OKWV is PENDING
j-XG2K8B5EJ5H6 step s-03727092I7E6BWO0OKWV is PENDING
j-XG2K8B5EJ5H6 step s-03727092I7E6BWO0OKWV is PENDING
j-XG2K8B5EJ5H6 step s-03727092I7E6BWO0OKWV is RUNNING
j-XG2K8B5EJ5H6 step s-03727092I7E6BWO0OKWV is RUNNING
j-XG2K8B5EJ5H6 step s-03727092I7E6BWO0OKWV is COMPLETED
j-XG2K8B5EJ5H6 cluster is TERMINATING
j-XG2K8B5EJ5H6 cluster is TERMINATING
j-XG2K8B5EJ5H6 cluster is TERMINATING
j-XG2K8B5EJ5H6 cluster is TERMINATED
Saved cpu-heavy 10MB m5a.xlarge x 4 runtime=1.2746 min cost=$0.0094; cluster=TERMINATED
Starting 10MB cpu-heavy on m6i.xlarge x 2 in ap-south-1
{
  "JobFlowId": "j-V8Y13IL4QT96",
  "ClusterArn": "arn:aws:elasticmapreduce:ap-south-1:435097195936:cluster/j-V8Y13IL4QT96",
  "ResponseMetadata": {
    "RequestId": "122248e2-21cf-4001-a1b9-22cae46c22c2",
    "HTTPStatusCode": 200,
    "HTTPHeaders": {
      "x-amzn-requestid": "122248e2-21cf-4001-a1b9-22cae46c22c2",
      "content-type": "application/x-amz-json-1.1",
      "content-length": "117",
      "date": "Wed, 22 Jul 2026 20:09:02 GMT"
    },
    "RetryAttempts": 0
  }
}
j-V8Y13IL4QT96 step s-0949383USWYOQYGSLEJ is PENDING
j-V8Y13IL4QT96 step s-0949383USWYOQYGSLEJ is PENDING
j-V8Y13IL4QT96 step s-0949383USWYOQYGSLEJ is PENDING
j-V8Y13IL4QT96 step s-0949383USWYOQYGSLEJ is PENDING
j-V8Y13IL4QT96 step s-0949383USWYOQYGSLEJ is PENDING
j-V8Y13IL4QT96 step s-0949383USWYOQYGSLEJ is PENDING
j-V8Y13IL4QT96 step s-0949383USWYOQYGSLEJ is PENDING
j-V8Y13IL4QT96 step s-0949383USWYOQYGSLEJ is PENDING
j-V8Y13IL4QT96 step s-0949383USWYOQYGSLEJ is RUNNING
j-V8Y13IL4QT96 step s-0949383USWYOQYGSLEJ is COMPLETED
j-V8Y13IL4QT96 cluster is TERMINATING
j-V8Y13IL4QT96 cluster is TERMINATING
j-V8Y13IL4QT96 cluster is TERMINATED
Saved cpu-heavy 10MB m6i.xlarge x 2 runtime=0.6714 min cost=$0.0045; cluster=TERMINATED
Starting 10MB cpu-heavy on m6i.xlarge x 4 in ap-south-1
{
  "JobFlowId": "j-3V5MYEXJ9GMYZ",
  "ClusterArn": "arn:aws:elasticmapreduce:ap-south-1:435097195936:cluster/j-3V5MYEXJ9GMYZ",
  "ResponseMetadata": {
    "RequestId": "5d439414-24b9-4b6c-8e0b-f5968f4c2560",
    "HTTPStatusCode": 200,
    "HTTPHeaders": {
      "x-amzn-requestid": "5d439414-24b9-4b6c-8e0b-f5968f4c2560",
      "content-type": "application/x-amz-json-1.1",
      "content-length": "119",
      "date": "Wed, 22 Jul 2026 20:14:37 GMT"
    },
    "RetryAttempts": 0
  }
}
j-3V5MYEXJ9GMYZ step s-0704766BUZ9P20ZNK0L is PENDING
j-3V5MYEXJ9GMYZ step s-0704766BUZ9P20ZNK0L is PENDING
j-3V5MYEXJ9GMYZ step s-0704766BUZ9P20ZNK0L is PENDING
j-3V5MYEXJ9GMYZ step s-0704766BUZ9P20ZNK0L is PENDING
j-3V5MYEXJ9GMYZ step s-0704766BUZ9P20ZNK0L is PENDING
j-3V5MYEXJ9GMYZ step s-0704766BUZ9P20ZNK0L is PENDING
j-3V5MYEXJ9GMYZ step s-0704766BUZ9P20ZNK0L is PENDING
j-3V5MYEXJ9GMYZ step s-0704766BUZ9P20ZNK0L is RUNNING
j-3V5MYEXJ9GMYZ step s-0704766BUZ9P20ZNK0L is RUNNING
j-3V5MYEXJ9GMYZ step s-0704766BUZ9P20ZNK0L is COMPLETED
j-3V5MYEXJ9GMYZ cluster is TERMINATING
j-3V5MYEXJ9GMYZ cluster is TERMINATING
j-3V5MYEXJ9GMYZ cluster is TERMINATED
Saved cpu-heavy 10MB m6i.xlarge x 4 runtime=0.8049 min cost=$0.0108; cluster=TERMINATED
Starting 10MB cpu-heavy on c5.xlarge x 2 in ap-south-1
{
  "JobFlowId": "j-3MLPRBZ5EJND6",
  "ClusterArn": "arn:aws:elasticmapreduce:ap-south-1:435097195936:cluster/j-3MLPRBZ5EJND6",
  "ResponseMetadata": {
    "RequestId": "e6c63269-760c-4f30-92c0-e4ce8f9f3782",
    "HTTPStatusCode": 200,
    "HTTPHeaders": {
      "x-amzn-requestid": "e6c63269-760c-4f30-92c0-e4ce8f9f3782",
      "content-type": "application/x-amz-json-1.1",
      "content-length": "119",
      "date": "Wed, 22 Jul 2026 20:20:12 GMT"
    },
    "RetryAttempts": 0
  }
}
j-3MLPRBZ5EJND6 step s-035017125IMDCWY0JOBA is PENDING
j-3MLPRBZ5EJND6 step s-035017125IMDCWY0JOBA is PENDING
j-3MLPRBZ5EJND6 step s-035017125IMDCWY0JOBA is PENDING
j-3MLPRBZ5EJND6 step s-035017125IMDCWY0JOBA is PENDING
j-3MLPRBZ5EJND6 step s-035017125IMDCWY0JOBA is PENDING
j-3MLPRBZ5EJND6 step s-035017125IMDCWY0JOBA is PENDING
j-3MLPRBZ5EJND6 step s-035017125IMDCWY0JOBA is PENDING
j-3MLPRBZ5EJND6 step s-035017125IMDCWY0JOBA is RUNNING
j-3MLPRBZ5EJND6 step s-035017125IMDCWY0JOBA is COMPLETED
j-3MLPRBZ5EJND6 cluster is TERMINATING
j-3MLPRBZ5EJND6 cluster is TERMINATING
j-3MLPRBZ5EJND6 cluster is TERMINATING
j-3MLPRBZ5EJND6 cluster is TERMINATED
Saved cpu-heavy 10MB c5.xlarge x 2 runtime=0.7387 min cost=$0.0042; cluster=TERMINATED
Starting 10MB cpu-heavy on c5.xlarge x 4 in ap-south-1
{
  "JobFlowId": "j-ZVXHX9FZ1MP0",
  "ClusterArn": "arn:aws:elasticmapreduce:ap-south-1:435097195936:cluster/j-ZVXHX9FZ1MP0",
  "ResponseMetadata": {
    "RequestId": "15f4329e-b69d-4e4e-8459-adc1e4f58d74",
    "HTTPStatusCode": 200,
    "HTTPHeaders": {
      "x-amzn-requestid": "15f4329e-b69d-4e4e-8459-adc1e4f58d74",
      "content-type": "application/x-amz-json-1.1",
      "content-length": "117",
      "date": "Wed, 22 Jul 2026 20:25:47 GMT"
    },
    "RetryAttempts": 0
  }
}
j-ZVXHX9FZ1MP0 step s-06473631ZXAGLV3ZNWPI is PENDING
j-ZVXHX9FZ1MP0 step s-06473631ZXAGLV3ZNWPI is PENDING
j-ZVXHX9FZ1MP0 step s-06473631ZXAGLV3ZNWPI is PENDING
j-ZVXHX9FZ1MP0 step s-06473631ZXAGLV3ZNWPI is PENDING
j-ZVXHX9FZ1MP0 step s-06473631ZXAGLV3ZNWPI is PENDING
j-ZVXHX9FZ1MP0 step s-06473631ZXAGLV3ZNWPI is PENDING
j-ZVXHX9FZ1MP0 step s-06473631ZXAGLV3ZNWPI is PENDING
j-ZVXHX9FZ1MP0 step s-06473631ZXAGLV3ZNWPI is RUNNING
j-ZVXHX9FZ1MP0 step s-06473631ZXAGLV3ZNWPI is COMPLETED
j-ZVXHX9FZ1MP0 cluster is TERMINATING
j-ZVXHX9FZ1MP0 cluster is TERMINATING
j-ZVXHX9FZ1MP0 cluster is TERMINATED
Saved cpu-heavy 10MB c5.xlarge x 4 runtime=0.9067 min cost=$0.0103; cluster=TERMINATED
Starting 10MB cpu-heavy on c5a.xlarge x 2 in ap-south-1
{
  "JobFlowId": "j-IOYQ2X9Q1VJL",
  "ClusterArn": "arn:aws:elasticmapreduce:ap-south-1:435097195936:cluster/j-IOYQ2X9Q1VJL",
  "ResponseMetadata": {
    "RequestId": "fc921b27-1e92-4384-b1c6-7f9f2743e1d3",
    "HTTPStatusCode": 200,
    "HTTPHeaders": {
      "x-amzn-requestid": "fc921b27-1e92-4384-b1c6-7f9f2743e1d3",
      "content-type": "application/x-amz-json-1.1",
      "content-length": "117",
      "date": "Wed, 22 Jul 2026 20:30:51 GMT"
    },
    "RetryAttempts": 0
  }
}
j-IOYQ2X9Q1VJL step s-001216617LZE7JK4XP63 is PENDING
j-IOYQ2X9Q1VJL step s-001216617LZE7JK4XP63 is PENDING
j-IOYQ2X9Q1VJL step s-001216617LZE7JK4XP63 is PENDING
j-IOYQ2X9Q1VJL step s-001216617LZE7JK4XP63 is PENDING
j-IOYQ2X9Q1VJL step s-001216617LZE7JK4XP63 is PENDING
j-IOYQ2X9Q1VJL step s-001216617LZE7JK4XP63 is PENDING
j-IOYQ2X9Q1VJL step s-001216617LZE7JK4XP63 is PENDING
j-IOYQ2X9Q1VJL step s-001216617LZE7JK4XP63 is PENDING
j-IOYQ2X9Q1VJL step s-001216617LZE7JK4XP63 is RUNNING
j-IOYQ2X9Q1VJL step s-001216617LZE7JK4XP63 is COMPLETED
j-IOYQ2X9Q1VJL cluster is TERMINATING
j-IOYQ2X9Q1VJL cluster is TERMINATING
j-IOYQ2X9Q1VJL cluster is TERMINATED
Saved cpu-heavy 10MB c5a.xlarge x 2 runtime=0.7054 min cost=$0.0022; cluster=TERMINATED
Starting 10MB cpu-heavy on c5a.xlarge x 4 in ap-south-1
{
  "JobFlowId": "j-2IG2TH46L3M5",
  "ClusterArn": "arn:aws:elasticmapreduce:ap-south-1:435097195936:cluster/j-2IG2TH46L3M5",
  "ResponseMetadata": {
    "RequestId": "3a2b4a56-b188-4afe-a8ec-08c2d20f2b6b",
    "HTTPStatusCode": 200,
    "HTTPHeaders": {
      "x-amzn-requestid": "3a2b4a56-b188-4afe-a8ec-08c2d20f2b6b",
      "content-type": "application/x-amz-json-1.1",
      "content-length": "117",
      "date": "Wed, 22 Jul 2026 20:36:25 GMT"
    },
    "RetryAttempts": 0
  }
}
j-2IG2TH46L3M5 step s-08261703RKDQ1LL62P0X is PENDING
j-2IG2TH46L3M5 step s-08261703RKDQ1LL62P0X is PENDING
j-2IG2TH46L3M5 step s-08261703RKDQ1LL62P0X is PENDING
j-2IG2TH46L3M5 step s-08261703RKDQ1LL62P0X is PENDING
j-2IG2TH46L3M5 step s-08261703RKDQ1LL62P0X is PENDING
j-2IG2TH46L3M5 step s-08261703RKDQ1LL62P0X is PENDING
j-2IG2TH46L3M5 step s-08261703RKDQ1LL62P0X is PENDING
j-2IG2TH46L3M5 step s-08261703RKDQ1LL62P0X is RUNNING
j-2IG2TH46L3M5 step s-08261703RKDQ1LL62P0X is RUNNING
j-2IG2TH46L3M5 step s-08261703RKDQ1LL62P0X is COMPLETED
j-2IG2TH46L3M5 cluster is TERMINATING
j-2IG2TH46L3M5 cluster is TERMINATED
Saved cpu-heavy 10MB c5a.xlarge x 4 runtime=0.7722 min cost=$0.0048; cluster=TERMINATED
Starting 10MB cpu-heavy on c6i.xlarge x 2 in ap-south-1
{
  "JobFlowId": "j-VTZMYEEF1G0I",
  "ClusterArn": "arn:aws:elasticmapreduce:ap-south-1:435097195936:cluster/j-VTZMYEEF1G0I",
  "ResponseMetadata": {
    "RequestId": "dad12818-3ad3-4631-b6ec-3d60f7416d63",
    "HTTPStatusCode": 200,
    "HTTPHeaders": {
      "x-amzn-requestid": "dad12818-3ad3-4631-b6ec-3d60f7416d63",
      "content-type": "application/x-amz-json-1.1",
      "content-length": "117",
      "date": "Wed, 22 Jul 2026 20:41:30 GMT"
    },
    "RetryAttempts": 0
  }
}
j-VTZMYEEF1G0I step s-0012032P2146U2WL22F is PENDING
j-VTZMYEEF1G0I step s-0012032P2146U2WL22F is PENDING
j-VTZMYEEF1G0I step s-0012032P2146U2WL22F is PENDING
j-VTZMYEEF1G0I step s-0012032P2146U2WL22F is PENDING
j-VTZMYEEF1G0I step s-0012032P2146U2WL22F is PENDING
j-VTZMYEEF1G0I step s-0012032P2146U2WL22F is PENDING
j-VTZMYEEF1G0I step s-0012032P2146U2WL22F is PENDING
j-VTZMYEEF1G0I step s-0012032P2146U2WL22F is RUNNING
j-VTZMYEEF1G0I step s-0012032P2146U2WL22F is COMPLETED
j-VTZMYEEF1G0I cluster is TERMINATING
j-VTZMYEEF1G0I cluster is TERMINATING
j-VTZMYEEF1G0I cluster is TERMINATED
Saved cpu-heavy 10MB c6i.xlarge x 2 runtime=0.6385 min cost=$0.0036; cluster=TERMINATED
Starting 10MB cpu-heavy on c6i.xlarge x 4 in ap-south-1
{
  "JobFlowId": "j-2B3MJAP0H3UVP",
  "ClusterArn": "arn:aws:elasticmapreduce:ap-south-1:435097195936:cluster/j-2B3MJAP0H3UVP",
  "ResponseMetadata": {
    "RequestId": "bddfa17f-3711-4214-b838-62fed0b95931",
    "HTTPStatusCode": 200,
    "HTTPHeaders": {
      "x-amzn-requestid": "bddfa17f-3711-4214-b838-62fed0b95931",
      "content-type": "application/x-amz-json-1.1",
      "content-length": "119",
      "date": "Wed, 22 Jul 2026 20:46:34 GMT"
    },
    "RetryAttempts": 0
  }
}
j-2B3MJAP0H3UVP step s-09980832NJAL8K7Z25BC is PENDING
j-2B3MJAP0H3UVP step s-09980832NJAL8K7Z25BC is PENDING
j-2B3MJAP0H3UVP step s-09980832NJAL8K7Z25BC is PENDING
j-2B3MJAP0H3UVP step s-09980832NJAL8K7Z25BC is PENDING
j-2B3MJAP0H3UVP step s-09980832NJAL8K7Z25BC is PENDING
j-2B3MJAP0H3UVP step s-09980832NJAL8K7Z25BC is PENDING
j-2B3MJAP0H3UVP step s-09980832NJAL8K7Z25BC is RUNNING
j-2B3MJAP0H3UVP step s-09980832NJAL8K7Z25BC is RUNNING
j-2B3MJAP0H3UVP step s-09980832NJAL8K7Z25BC is COMPLETED
j-2B3MJAP0H3UVP cluster is TERMINATING
j-2B3MJAP0H3UVP cluster is TERMINATING
j-2B3MJAP0H3UVP cluster is TERMINATED
Saved cpu-heavy 10MB c6i.xlarge x 4 runtime=0.7725 min cost=$0.0088; cluster=TERMINATED
Starting 10MB memory-heavy on m5a.xlarge x 2 in ap-south-1
{
  "JobFlowId": "j-28J9H4F4VZ7MB",
  "ClusterArn": "arn:aws:elasticmapreduce:ap-south-1:435097195936:cluster/j-28J9H4F4VZ7MB",
  "ResponseMetadata": {
    "RequestId": "c6a4c97a-08a4-4adb-847d-937776b34575",
    "HTTPStatusCode": 200,
    "HTTPHeaders": {
      "x-amzn-requestid": "c6a4c97a-08a4-4adb-847d-937776b34575",
      "content-type": "application/x-amz-json-1.1",
      "content-length": "119",
      "date": "Wed, 22 Jul 2026 20:51:38 GMT"
    },
    "RetryAttempts": 0
  }
}
j-28J9H4F4VZ7MB step s-03994422XH71424Y7MSS is PENDING
j-28J9H4F4VZ7MB step s-03994422XH71424Y7MSS is PENDING
j-28J9H4F4VZ7MB step s-03994422XH71424Y7MSS is PENDING
j-28J9H4F4VZ7MB step s-03994422XH71424Y7MSS is PENDING
j-28J9H4F4VZ7MB step s-03994422XH71424Y7MSS is PENDING
j-28J9H4F4VZ7MB step s-03994422XH71424Y7MSS is PENDING
j-28J9H4F4VZ7MB step s-03994422XH71424Y7MSS is PENDING
j-28J9H4F4VZ7MB step s-03994422XH71424Y7MSS is PENDING
j-28J9H4F4VZ7MB step s-03994422XH71424Y7MSS is RUNNING
j-28J9H4F4VZ7MB step s-03994422XH71424Y7MSS is RUNNING
j-28J9H4F4VZ7MB step s-03994422XH71424Y7MSS is COMPLETED
j-28J9H4F4VZ7MB cluster is TERMINATING
j-28J9H4F4VZ7MB cluster is TERMINATING
j-28J9H4F4VZ7MB cluster is TERMINATING
j-28J9H4F4VZ7MB cluster is TERMINATED
Saved memory-heavy 10MB m5a.xlarge x 2 runtime=1.1077 min cost=$0.0041; cluster=TERMINATED
Starting 10MB memory-heavy on m5a.xlarge x 4 in ap-south-1
{
  "JobFlowId": "j-2STW5HU2OH1TW",
  "ClusterArn": "arn:aws:elasticmapreduce:ap-south-1:435097195936:cluster/j-2STW5HU2OH1TW",
  "ResponseMetadata": {
    "RequestId": "0dc95261-e8fb-49af-a695-287a3c6a56eb",
    "HTTPStatusCode": 200,
    "HTTPHeaders": {
      "x-amzn-requestid": "0dc95261-e8fb-49af-a695-287a3c6a56eb",
      "content-type": "application/x-amz-json-1.1",
      "content-length": "119",
      "date": "Wed, 22 Jul 2026 20:58:13 GMT"
    },
    "RetryAttempts": 0
  }
}
j-2STW5HU2OH1TW step s-07065451Z941LT3PD3J4 is PENDING
j-2STW5HU2OH1TW step s-07065451Z941LT3PD3J4 is PENDING
j-2STW5HU2OH1TW step s-07065451Z941LT3PD3J4 is PENDING
j-2STW5HU2OH1TW step s-07065451Z941LT3PD3J4 is PENDING
j-2STW5HU2OH1TW step s-07065451Z941LT3PD3J4 is PENDING
j-2STW5HU2OH1TW step s-07065451Z941LT3PD3J4 is PENDING
j-2STW5HU2OH1TW step s-07065451Z941LT3PD3J4 is PENDING
j-2STW5HU2OH1TW step s-07065451Z941LT3PD3J4 is PENDING
j-2STW5HU2OH1TW step s-07065451Z941LT3PD3J4 is RUNNING
j-2STW5HU2OH1TW step s-07065451Z941LT3PD3J4 is RUNNING
j-2STW5HU2OH1TW step s-07065451Z941LT3PD3J4 is COMPLETED
j-2STW5HU2OH1TW cluster is TERMINATING
j-2STW5HU2OH1TW cluster is TERMINATING
j-2STW5HU2OH1TW cluster is TERMINATED
Saved memory-heavy 10MB m5a.xlarge x 4 runtime=1.3758 min cost=$0.0102; cluster=TERMINATED
Starting 10MB memory-heavy on m6i.xlarge x 2 in ap-south-1
{
  "JobFlowId": "j-3MDE7WYQJ58C2",
  "ClusterArn": "arn:aws:elasticmapreduce:ap-south-1:435097195936:cluster/j-3MDE7WYQJ58C2",
  "ResponseMetadata": {
    "RequestId": "62379353-8cce-4553-be0e-c4ab2f889725",
    "HTTPStatusCode": 200,
    "HTTPHeaders": {
      "x-amzn-requestid": "62379353-8cce-4553-be0e-c4ab2f889725",
      "content-type": "application/x-amz-json-1.1",
      "content-length": "119",
      "date": "Wed, 22 Jul 2026 21:04:17 GMT"
    },
    "RetryAttempts": 0
  }
}
j-3MDE7WYQJ58C2 step s-077279916M715GH74TV5 is PENDING
j-3MDE7WYQJ58C2 step s-077279916M715GH74TV5 is PENDING
j-3MDE7WYQJ58C2 step s-077279916M715GH74TV5 is PENDING
j-3MDE7WYQJ58C2 step s-077279916M715GH74TV5 is PENDING
j-3MDE7WYQJ58C2 step s-077279916M715GH74TV5 is PENDING
j-3MDE7WYQJ58C2 step s-077279916M715GH74TV5 is PENDING
j-3MDE7WYQJ58C2 step s-077279916M715GH74TV5 is PENDING
j-3MDE7WYQJ58C2 step s-077279916M715GH74TV5 is PENDING
j-3MDE7WYQJ58C2 step s-077279916M715GH74TV5 is RUNNING
j-3MDE7WYQJ58C2 step s-077279916M715GH74TV5 is COMPLETED
j-3MDE7WYQJ58C2 cluster is TERMINATING
j-3MDE7WYQJ58C2 cluster is TERMINATING
j-3MDE7WYQJ58C2 cluster is TERMINATED
Saved memory-heavy 10MB m6i.xlarge x 2 runtime=0.6711 min cost=$0.0045; cluster=TERMINATED
Starting 10MB memory-heavy on m6i.xlarge x 4 in ap-south-1
{
  "JobFlowId": "j-3H89X6HZ8JQYW",
  "ClusterArn": "arn:aws:elasticmapreduce:ap-south-1:435097195936:cluster/j-3H89X6HZ8JQYW",
  "ResponseMetadata": {
    "RequestId": "450cd45a-b798-4295-9a55-59d828c0a0dd",
    "HTTPStatusCode": 200,
    "HTTPHeaders": {
      "x-amzn-requestid": "450cd45a-b798-4295-9a55-59d828c0a0dd",
      "content-type": "application/x-amz-json-1.1",
      "content-length": "119",
      "date": "Wed, 22 Jul 2026 21:09:52 GMT"
    },
    "RetryAttempts": 0
  }
}
j-3H89X6HZ8JQYW step s-08884111X0PINYFS5XFS is PENDING
j-3H89X6HZ8JQYW step s-08884111X0PINYFS5XFS is PENDING
j-3H89X6HZ8JQYW step s-08884111X0PINYFS5XFS is PENDING
j-3H89X6HZ8JQYW step s-08884111X0PINYFS5XFS is PENDING
j-3H89X6HZ8JQYW step s-08884111X0PINYFS5XFS is PENDING
j-3H89X6HZ8JQYW step s-08884111X0PINYFS5XFS is PENDING
j-3H89X6HZ8JQYW step s-08884111X0PINYFS5XFS is RUNNING
j-3H89X6HZ8JQYW step s-08884111X0PINYFS5XFS is RUNNING
j-3H89X6HZ8JQYW step s-08884111X0PINYFS5XFS is COMPLETED
j-3H89X6HZ8JQYW cluster is TERMINATING
j-3H89X6HZ8JQYW cluster is TERMINATING
j-3H89X6HZ8JQYW cluster is TERMINATED
Saved memory-heavy 10MB m6i.xlarge x 4 runtime=0.8728 min cost=$0.0118; cluster=TERMINATED
Starting 10MB memory-heavy on c5.xlarge x 2 in ap-south-1
{
  "JobFlowId": "j-3P9WM82IDXS3N",
  "ClusterArn": "arn:aws:elasticmapreduce:ap-south-1:435097195936:cluster/j-3P9WM82IDXS3N",
  "ResponseMetadata": {
    "RequestId": "7bc4d072-4f2c-4070-9b62-411742a1b26c",
    "HTTPStatusCode": 200,
    "HTTPHeaders": {
      "x-amzn-requestid": "7bc4d072-4f2c-4070-9b62-411742a1b26c",
      "content-type": "application/x-amz-json-1.1",
      "content-length": "119",
      "date": "Wed, 22 Jul 2026 21:14:56 GMT"
    },
    "RetryAttempts": 0
  }
}
j-3P9WM82IDXS3N step s-0942649PXZCALBUP9GL is PENDING
j-3P9WM82IDXS3N step s-0942649PXZCALBUP9GL is PENDING
j-3P9WM82IDXS3N step s-0942649PXZCALBUP9GL is PENDING
j-3P9WM82IDXS3N step s-0942649PXZCALBUP9GL is PENDING
j-3P9WM82IDXS3N step s-0942649PXZCALBUP9GL is PENDING
j-3P9WM82IDXS3N step s-0942649PXZCALBUP9GL is PENDING
j-3P9WM82IDXS3N step s-0942649PXZCALBUP9GL is PENDING
j-3P9WM82IDXS3N step s-0942649PXZCALBUP9GL is PENDING
j-3P9WM82IDXS3N step s-0942649PXZCALBUP9GL is RUNNING
j-3P9WM82IDXS3N step s-0942649PXZCALBUP9GL is COMPLETED
j-3P9WM82IDXS3N cluster is TERMINATING
j-3P9WM82IDXS3N cluster is TERMINATING
j-3P9WM82IDXS3N cluster is TERMINATED
Saved memory-heavy 10MB c5.xlarge x 2 runtime=0.7727 min cost=$0.0044; cluster=TERMINATED
Starting 10MB memory-heavy on c5.xlarge x 4 in ap-south-1
{
  "JobFlowId": "j-16V7SM9F4BEBQ",
  "ClusterArn": "arn:aws:elasticmapreduce:ap-south-1:435097195936:cluster/j-16V7SM9F4BEBQ",
  "ResponseMetadata": {
    "RequestId": "f5988469-395a-4652-b1bb-27ec40cb280d",
    "HTTPStatusCode": 200,
    "HTTPHeaders": {
      "x-amzn-requestid": "f5988469-395a-4652-b1bb-27ec40cb280d",
      "content-type": "application/x-amz-json-1.1",
      "content-length": "119",
      "date": "Wed, 22 Jul 2026 21:20:32 GMT"
    },
    "RetryAttempts": 0
  }
}
j-16V7SM9F4BEBQ step s-034825819SA0H895P71T is PENDING
j-16V7SM9F4BEBQ step s-034825819SA0H895P71T is PENDING
j-16V7SM9F4BEBQ step s-034825819SA0H895P71T is PENDING
j-16V7SM9F4BEBQ step s-034825819SA0H895P71T is PENDING
j-16V7SM9F4BEBQ step s-034825819SA0H895P71T is PENDING
j-16V7SM9F4BEBQ step s-034825819SA0H895P71T is PENDING
j-16V7SM9F4BEBQ step s-034825819SA0H895P71T is PENDING
j-16V7SM9F4BEBQ step s-034825819SA0H895P71T is RUNNING
j-16V7SM9F4BEBQ step s-034825819SA0H895P71T is RUNNING
j-16V7SM9F4BEBQ step s-034825819SA0H895P71T is COMPLETED
j-16V7SM9F4BEBQ cluster is TERMINATING
j-16V7SM9F4BEBQ cluster is TERMINATED
Saved memory-heavy 10MB c5.xlarge x 4 runtime=0.8728 min cost=$0.0099; cluster=TERMINATED
Starting 10MB memory-heavy on c5a.xlarge x 2 in ap-south-1
{
  "JobFlowId": "j-62TY3XZ5XP5E",
  "ClusterArn": "arn:aws:elasticmapreduce:ap-south-1:435097195936:cluster/j-62TY3XZ5XP5E",
  "ResponseMetadata": {
    "RequestId": "21b084d6-3077-48c0-9b2f-0663b90a61bf",
    "HTTPStatusCode": 200,
    "HTTPHeaders": {
      "x-amzn-requestid": "21b084d6-3077-48c0-9b2f-0663b90a61bf",
      "content-type": "application/x-amz-json-1.1",
      "content-length": "117",
      "date": "Wed, 22 Jul 2026 21:25:36 GMT"
    },
    "RetryAttempts": 0
  }
}
j-62TY3XZ5XP5E step s-034863613MYM5TAGVWM9 is PENDING
j-62TY3XZ5XP5E step s-034863613MYM5TAGVWM9 is PENDING
j-62TY3XZ5XP5E step s-034863613MYM5TAGVWM9 is PENDING
j-62TY3XZ5XP5E step s-034863613MYM5TAGVWM9 is PENDING
j-62TY3XZ5XP5E step s-034863613MYM5TAGVWM9 is PENDING
j-62TY3XZ5XP5E step s-034863613MYM5TAGVWM9 is PENDING
j-62TY3XZ5XP5E step s-034863613MYM5TAGVWM9 is PENDING
j-62TY3XZ5XP5E step s-034863613MYM5TAGVWM9 is RUNNING
j-62TY3XZ5XP5E step s-034863613MYM5TAGVWM9 is RUNNING
j-62TY3XZ5XP5E step s-034863613MYM5TAGVWM9 is COMPLETED
j-62TY3XZ5XP5E cluster is TERMINATING
j-62TY3XZ5XP5E cluster is TERMINATING
j-62TY3XZ5XP5E cluster is TERMINATED
Saved memory-heavy 10MB c5a.xlarge x 2 runtime=0.7396 min cost=$0.0023; cluster=TERMINATED
Starting 10MB memory-heavy on c5a.xlarge x 4 in ap-south-1
{
  "JobFlowId": "j-3V38PCKCQO7SN",
  "ClusterArn": "arn:aws:elasticmapreduce:ap-south-1:435097195936:cluster/j-3V38PCKCQO7SN",
  "ResponseMetadata": {
    "RequestId": "04e124d1-55ac-4e66-8c06-c2ea9ca6ad89",
    "HTTPStatusCode": 200,
    "HTTPHeaders": {
      "x-amzn-requestid": "04e124d1-55ac-4e66-8c06-c2ea9ca6ad89",
      "content-type": "application/x-amz-json-1.1",
      "content-length": "119",
      "date": "Wed, 22 Jul 2026 21:31:10 GMT"
    },
    "RetryAttempts": 0
  }
}
j-3V38PCKCQO7SN step s-00325681JS7U3OHS097P is PENDING
j-3V38PCKCQO7SN step s-00325681JS7U3OHS097P is PENDING
j-3V38PCKCQO7SN step s-00325681JS7U3OHS097P is PENDING
j-3V38PCKCQO7SN step s-00325681JS7U3OHS097P is PENDING
j-3V38PCKCQO7SN step s-00325681JS7U3OHS097P is PENDING
j-3V38PCKCQO7SN step s-00325681JS7U3OHS097P is PENDING
j-3V38PCKCQO7SN step s-00325681JS7U3OHS097P is PENDING
j-3V38PCKCQO7SN step s-00325681JS7U3OHS097P is RUNNING
j-3V38PCKCQO7SN step s-00325681JS7U3OHS097P is COMPLETED
j-3V38PCKCQO7SN cluster is TERMINATING
j-3V38PCKCQO7SN cluster is TERMINATING
j-3V38PCKCQO7SN cluster is TERMINATED
Saved memory-heavy 10MB c5a.xlarge x 4 runtime=0.8386 min cost=$0.0053; cluster=TERMINATED
Starting 10MB memory-heavy on c6i.xlarge x 2 in ap-south-1
{
  "JobFlowId": "j-3QTX312OKFWG2",
  "ClusterArn": "arn:aws:elasticmapreduce:ap-south-1:435097195936:cluster/j-3QTX312OKFWG2",
  "ResponseMetadata": {
    "RequestId": "a0da692f-11c0-48a0-ad79-5769ddd65e14",
    "HTTPStatusCode": 200,
    "HTTPHeaders": {
      "x-amzn-requestid": "a0da692f-11c0-48a0-ad79-5769ddd65e14",
      "content-type": "application/x-amz-json-1.1",
      "content-length": "119",
      "date": "Wed, 22 Jul 2026 21:36:15 GMT"
    },
    "RetryAttempts": 0
  }
}
j-3QTX312OKFWG2 step s-05149182UEHFU2TKL64T is PENDING
j-3QTX312OKFWG2 step s-05149182UEHFU2TKL64T is PENDING
j-3QTX312OKFWG2 step s-05149182UEHFU2TKL64T is PENDING
j-3QTX312OKFWG2 step s-05149182UEHFU2TKL64T is PENDING
j-3QTX312OKFWG2 step s-05149182UEHFU2TKL64T is PENDING
j-3QTX312OKFWG2 step s-05149182UEHFU2TKL64T is PENDING
j-3QTX312OKFWG2 step s-05149182UEHFU2TKL64T is PENDING
j-3QTX312OKFWG2 step s-05149182UEHFU2TKL64T is RUNNING
j-3QTX312OKFWG2 step s-05149182UEHFU2TKL64T is COMPLETED
j-3QTX312OKFWG2 cluster is TERMINATING
j-3QTX312OKFWG2 cluster is TERMINATING
j-3QTX312OKFWG2 cluster is TERMINATING
j-3QTX312OKFWG2 cluster is TERMINATED
Saved memory-heavy 10MB c6i.xlarge x 2 runtime=0.6718 min cost=$0.0038; cluster=TERMINATED
Starting 10MB memory-heavy on c6i.xlarge x 4 in ap-south-1
{
  "JobFlowId": "j-3F2S7OUZ8FNMM",
  "ClusterArn": "arn:aws:elasticmapreduce:ap-south-1:435097195936:cluster/j-3F2S7OUZ8FNMM",
  "ResponseMetadata": {
    "RequestId": "f6386674-ca37-4e44-89be-33ec2ecb3cd2",
    "HTTPStatusCode": 200,
    "HTTPHeaders": {
      "x-amzn-requestid": "f6386674-ca37-4e44-89be-33ec2ecb3cd2",
      "content-type": "application/x-amz-json-1.1",
      "content-length": "119",
      "date": "Wed, 22 Jul 2026 21:41:50 GMT"
    },
    "RetryAttempts": 0
  }
}
j-3F2S7OUZ8FNMM step s-059012326JRYWUCYVFHX is PENDING
j-3F2S7OUZ8FNMM step s-059012326JRYWUCYVFHX is PENDING
j-3F2S7OUZ8FNMM step s-059012326JRYWUCYVFHX is PENDING
j-3F2S7OUZ8FNMM step s-059012326JRYWUCYVFHX is PENDING
j-3F2S7OUZ8FNMM step s-059012326JRYWUCYVFHX is PENDING
j-3F2S7OUZ8FNMM step s-059012326JRYWUCYVFHX is PENDING
j-3F2S7OUZ8FNMM step s-059012326JRYWUCYVFHX is RUNNING
j-3F2S7OUZ8FNMM step s-059012326JRYWUCYVFHX is RUNNING
j-3F2S7OUZ8FNMM step s-059012326JRYWUCYVFHX is COMPLETED
j-3F2S7OUZ8FNMM cluster is TERMINATING
j-3F2S7OUZ8FNMM cluster is TERMINATING
j-3F2S7OUZ8FNMM cluster is TERMINATED
Saved memory-heavy 10MB c6i.xlarge x 4 runtime=0.8060 min cost=$0.0091; cluster=TERMINATED
Starting 10MB io-heavy on m5a.xlarge x 2 in ap-south-1
{
  "JobFlowId": "j-12DDWM2CZT4SK",
  "ClusterArn": "arn:aws:elasticmapreduce:ap-south-1:435097195936:cluster/j-12DDWM2CZT4SK",
  "ResponseMetadata": {
    "RequestId": "07b45bec-cb15-47ab-8c19-6fd3f57f0a91",
    "HTTPStatusCode": 200,
    "HTTPHeaders": {
      "x-amzn-requestid": "07b45bec-cb15-47ab-8c19-6fd3f57f0a91",
      "content-type": "application/x-amz-json-1.1",
      "content-length": "119",
      "date": "Wed, 22 Jul 2026 21:46:55 GMT"
    },
    "RetryAttempts": 0
  }
}
j-12DDWM2CZT4SK step s-070630843I9FBBKTB3G is PENDING
j-12DDWM2CZT4SK step s-070630843I9FBBKTB3G is PENDING
j-12DDWM2CZT4SK step s-070630843I9FBBKTB3G is PENDING
j-12DDWM2CZT4SK step s-070630843I9FBBKTB3G is PENDING
j-12DDWM2CZT4SK step s-070630843I9FBBKTB3G is PENDING
j-12DDWM2CZT4SK step s-070630843I9FBBKTB3G is PENDING
j-12DDWM2CZT4SK step s-070630843I9FBBKTB3G is PENDING
j-12DDWM2CZT4SK step s-070630843I9FBBKTB3G is PENDING
j-12DDWM2CZT4SK step s-070630843I9FBBKTB3G is RUNNING
j-12DDWM2CZT4SK step s-070630843I9FBBKTB3G is RUNNING
j-12DDWM2CZT4SK step s-070630843I9FBBKTB3G is RUNNING
j-12DDWM2CZT4SK step s-070630843I9FBBKTB3G is COMPLETED
j-12DDWM2CZT4SK cluster is TERMINATING
j-12DDWM2CZT4SK cluster is TERMINATING
j-12DDWM2CZT4SK cluster is TERMINATED
Saved io-heavy 10MB m5a.xlarge x 2 runtime=1.1096 min cost=$0.0041; cluster=TERMINATED
Starting 10MB io-heavy on m5a.xlarge x 4 in ap-south-1
{
  "JobFlowId": "j-10VF9UFBBXY5U",
  "ClusterArn": "arn:aws:elasticmapreduce:ap-south-1:435097195936:cluster/j-10VF9UFBBXY5U",
  "ResponseMetadata": {
    "RequestId": "3256aac8-cf51-420a-a387-6bcddd45b9ed",
    "HTTPStatusCode": 200,
    "HTTPHeaders": {
      "x-amzn-requestid": "3256aac8-cf51-420a-a387-6bcddd45b9ed",
      "content-type": "application/x-amz-json-1.1",
      "content-length": "119",
      "date": "Wed, 22 Jul 2026 21:53:32 GMT"
    },
    "RetryAttempts": 0
  }
}
j-10VF9UFBBXY5U step s-09282661ISFJ58ACDRQV is PENDING
j-10VF9UFBBXY5U step s-09282661ISFJ58ACDRQV is PENDING
j-10VF9UFBBXY5U step s-09282661ISFJ58ACDRQV is PENDING
j-10VF9UFBBXY5U step s-09282661ISFJ58ACDRQV is PENDING
j-10VF9UFBBXY5U step s-09282661ISFJ58ACDRQV is PENDING
j-10VF9UFBBXY5U step s-09282661ISFJ58ACDRQV is PENDING
j-10VF9UFBBXY5U step s-09282661ISFJ58ACDRQV is PENDING
j-10VF9UFBBXY5U step s-09282661ISFJ58ACDRQV is PENDING
j-10VF9UFBBXY5U step s-09282661ISFJ58ACDRQV is RUNNING
j-10VF9UFBBXY5U step s-09282661ISFJ58ACDRQV is RUNNING
j-10VF9UFBBXY5U step s-09282661ISFJ58ACDRQV is RUNNING
j-10VF9UFBBXY5U step s-09282661ISFJ58ACDRQV is COMPLETED
j-10VF9UFBBXY5U cluster is TERMINATING
j-10VF9UFBBXY5U cluster is TERMINATED
Saved io-heavy 10MB m5a.xlarge x 4 runtime=1.3427 min cost=$0.0099; cluster=TERMINATED
Starting 10MB io-heavy on m6i.xlarge x 2 in ap-south-1
{
  "JobFlowId": "j-2UFIWENRXCFLK",
  "ClusterArn": "arn:aws:elasticmapreduce:ap-south-1:435097195936:cluster/j-2UFIWENRXCFLK",
  "ResponseMetadata": {
    "RequestId": "7251569b-5d6b-42d7-86c5-c3dd653b89ab",
    "HTTPStatusCode": 200,
    "HTTPHeaders": {
      "x-amzn-requestid": "7251569b-5d6b-42d7-86c5-c3dd653b89ab",
      "content-type": "application/x-amz-json-1.1",
      "content-length": "119",
      "date": "Wed, 22 Jul 2026 21:59:42 GMT"
    },
    "RetryAttempts": 0
  }
}
j-2UFIWENRXCFLK step s-0705544BEKAYXXISKLU is PENDING
j-2UFIWENRXCFLK step s-0705544BEKAYXXISKLU is PENDING
j-2UFIWENRXCFLK step s-0705544BEKAYXXISKLU is PENDING
j-2UFIWENRXCFLK step s-0705544BEKAYXXISKLU is PENDING
j-2UFIWENRXCFLK step s-0705544BEKAYXXISKLU is PENDING
j-2UFIWENRXCFLK step s-0705544BEKAYXXISKLU is PENDING
j-2UFIWENRXCFLK step s-0705544BEKAYXXISKLU is PENDING
j-2UFIWENRXCFLK step s-0705544BEKAYXXISKLU is RUNNING
j-2UFIWENRXCFLK step s-0705544BEKAYXXISKLU is COMPLETED
j-2UFIWENRXCFLK cluster is TERMINATING
j-2UFIWENRXCFLK cluster is TERMINATING
j-2UFIWENRXCFLK cluster is TERMINATING
j-2UFIWENRXCFLK cluster is TERMINATED
Saved io-heavy 10MB m6i.xlarge x 2 runtime=0.7057 min cost=$0.0048; cluster=TERMINATED
Starting 10MB io-heavy on m6i.xlarge x 4 in ap-south-1
{
  "JobFlowId": "j-4FMGMAPUCGN3",
  "ClusterArn": "arn:aws:elasticmapreduce:ap-south-1:435097195936:cluster/j-4FMGMAPUCGN3",
  "ResponseMetadata": {
    "RequestId": "438b9b5b-be6c-40d7-841c-9a6db39bab92",
    "HTTPStatusCode": 200,
    "HTTPHeaders": {
      "x-amzn-requestid": "438b9b5b-be6c-40d7-841c-9a6db39bab92",
      "content-type": "application/x-amz-json-1.1",
      "content-length": "117",
      "date": "Wed, 22 Jul 2026 22:05:16 GMT"
    },
    "RetryAttempts": 0
  }
}
j-4FMGMAPUCGN3 step s-01237602YSAQZKJE5X4Q is PENDING
j-4FMGMAPUCGN3 step s-01237602YSAQZKJE5X4Q is PENDING
j-4FMGMAPUCGN3 step s-01237602YSAQZKJE5X4Q is PENDING
j-4FMGMAPUCGN3 step s-01237602YSAQZKJE5X4Q is PENDING
j-4FMGMAPUCGN3 step s-01237602YSAQZKJE5X4Q is PENDING
j-4FMGMAPUCGN3 step s-01237602YSAQZKJE5X4Q is PENDING
j-4FMGMAPUCGN3 step s-01237602YSAQZKJE5X4Q is RUNNING
j-4FMGMAPUCGN3 step s-01237602YSAQZKJE5X4Q is RUNNING
j-4FMGMAPUCGN3 step s-01237602YSAQZKJE5X4Q is COMPLETED
j-4FMGMAPUCGN3 cluster is TERMINATING
j-4FMGMAPUCGN3 cluster is TERMINATING
j-4FMGMAPUCGN3 cluster is TERMINATED
Saved io-heavy 10MB m6i.xlarge x 4 runtime=0.8713 min cost=$0.0117; cluster=TERMINATED
Starting 10MB io-heavy on c5.xlarge x 2 in ap-south-1
{
  "JobFlowId": "j-WF7PZN1MQ3VR",
  "ClusterArn": "arn:aws:elasticmapreduce:ap-south-1:435097195936:cluster/j-WF7PZN1MQ3VR",
  "ResponseMetadata": {
    "RequestId": "30e388a2-697a-4a20-946f-7127213ec957",
    "HTTPStatusCode": 200,
    "HTTPHeaders": {
      "x-amzn-requestid": "30e388a2-697a-4a20-946f-7127213ec957",
      "content-type": "application/x-amz-json-1.1",
      "content-length": "117",
      "date": "Wed, 22 Jul 2026 22:10:21 GMT"
    },
    "RetryAttempts": 0
  }
}
j-WF7PZN1MQ3VR step s-0538835222ZSQS70DLSV is PENDING
j-WF7PZN1MQ3VR step s-0538835222ZSQS70DLSV is PENDING
j-WF7PZN1MQ3VR step s-0538835222ZSQS70DLSV is PENDING
j-WF7PZN1MQ3VR step s-0538835222ZSQS70DLSV is PENDING
j-WF7PZN1MQ3VR step s-0538835222ZSQS70DLSV is PENDING
j-WF7PZN1MQ3VR step s-0538835222ZSQS70DLSV is PENDING
j-WF7PZN1MQ3VR step s-0538835222ZSQS70DLSV is PENDING
j-WF7PZN1MQ3VR step s-0538835222ZSQS70DLSV is RUNNING
j-WF7PZN1MQ3VR step s-0538835222ZSQS70DLSV is RUNNING
j-WF7PZN1MQ3VR step s-0538835222ZSQS70DLSV is COMPLETED
j-WF7PZN1MQ3VR cluster is TERMINATING
j-WF7PZN1MQ3VR cluster is TERMINATED
Saved io-heavy 10MB c5.xlarge x 2 runtime=0.8051 min cost=$0.0046; cluster=TERMINATED
Starting 10MB io-heavy on c5.xlarge x 4 in ap-south-1
{
  "JobFlowId": "j-OD6ZIUQXPB1J",
  "ClusterArn": "arn:aws:elasticmapreduce:ap-south-1:435097195936:cluster/j-OD6ZIUQXPB1J",
  "ResponseMetadata": {
    "RequestId": "1763c210-f8fa-4117-80e4-4f080f93f683",
    "HTTPStatusCode": 200,
    "HTTPHeaders": {
      "x-amzn-requestid": "1763c210-f8fa-4117-80e4-4f080f93f683",
      "content-type": "application/x-amz-json-1.1",
      "content-length": "117",
      "date": "Wed, 22 Jul 2026 22:15:25 GMT"
    },
    "RetryAttempts": 0
  }
}
j-OD6ZIUQXPB1J step s-099565928TUMH50PH5L2 is PENDING
j-OD6ZIUQXPB1J step s-099565928TUMH50PH5L2 is PENDING
j-OD6ZIUQXPB1J step s-099565928TUMH50PH5L2 is PENDING
j-OD6ZIUQXPB1J step s-099565928TUMH50PH5L2 is PENDING
j-OD6ZIUQXPB1J step s-099565928TUMH50PH5L2 is PENDING
j-OD6ZIUQXPB1J step s-099565928TUMH50PH5L2 is PENDING
j-OD6ZIUQXPB1J step s-099565928TUMH50PH5L2 is PENDING
j-OD6ZIUQXPB1J step s-099565928TUMH50PH5L2 is PENDING
j-OD6ZIUQXPB1J step s-099565928TUMH50PH5L2 is RUNNING
j-OD6ZIUQXPB1J step s-099565928TUMH50PH5L2 is RUNNING
j-OD6ZIUQXPB1J step s-099565928TUMH50PH5L2 is COMPLETED
j-OD6ZIUQXPB1J cluster is TERMINATING
j-OD6ZIUQXPB1J cluster is TERMINATING
j-OD6ZIUQXPB1J cluster is TERMINATED
Saved io-heavy 10MB c5.xlarge x 4 runtime=0.8737 min cost=$0.0099; cluster=TERMINATED
Starting 10MB io-heavy on c5a.xlarge x 2 in ap-south-1
{
  "JobFlowId": "j-TGHO35HUKMGJ",
  "ClusterArn": "arn:aws:elasticmapreduce:ap-south-1:435097195936:cluster/j-TGHO35HUKMGJ",
  "ResponseMetadata": {
    "RequestId": "38e6ecde-de3d-4828-b7d5-c4541e511cda",
    "HTTPStatusCode": 200,
    "HTTPHeaders": {
      "x-amzn-requestid": "38e6ecde-de3d-4828-b7d5-c4541e511cda",
      "content-type": "application/x-amz-json-1.1",
      "content-length": "117",
      "date": "Wed, 22 Jul 2026 22:21:30 GMT"
    },
    "RetryAttempts": 0
  }
}
j-TGHO35HUKMGJ step s-0550612BTI0JCKQYC8W is PENDING
j-TGHO35HUKMGJ step s-0550612BTI0JCKQYC8W is PENDING
j-TGHO35HUKMGJ step s-0550612BTI0JCKQYC8W is PENDING
j-TGHO35HUKMGJ step s-0550612BTI0JCKQYC8W is PENDING
j-TGHO35HUKMGJ step s-0550612BTI0JCKQYC8W is PENDING
j-TGHO35HUKMGJ step s-0550612BTI0JCKQYC8W is PENDING
j-TGHO35HUKMGJ step s-0550612BTI0JCKQYC8W is RUNNING
j-TGHO35HUKMGJ step s-0550612BTI0JCKQYC8W is RUNNING
j-TGHO35HUKMGJ step s-0550612BTI0JCKQYC8W is COMPLETED
j-TGHO35HUKMGJ cluster is TERMINATING
j-TGHO35HUKMGJ cluster is TERMINATING
j-TGHO35HUKMGJ cluster is TERMINATED
Saved io-heavy 10MB c5a.xlarge x 2 runtime=0.7398 min cost=$0.0023; cluster=TERMINATED
Starting 10MB io-heavy on c5a.xlarge x 4 in ap-south-1
{
  "JobFlowId": "j-S9R0FUEM70FS",
  "ClusterArn": "arn:aws:elasticmapreduce:ap-south-1:435097195936:cluster/j-S9R0FUEM70FS",
  "ResponseMetadata": {
    "RequestId": "12d2948e-385a-4782-844b-d3bbcdc11002",
    "HTTPStatusCode": 200,
    "HTTPHeaders": {
      "x-amzn-requestid": "12d2948e-385a-4782-844b-d3bbcdc11002",
      "content-type": "application/x-amz-json-1.1",
      "content-length": "117",
      "date": "Wed, 22 Jul 2026 22:26:34 GMT"
    },
    "RetryAttempts": 0
  }
}
j-S9R0FUEM70FS step s-0538824B78IDP7HC3GH is PENDING
j-S9R0FUEM70FS step s-0538824B78IDP7HC3GH is PENDING
j-S9R0FUEM70FS step s-0538824B78IDP7HC3GH is PENDING
j-S9R0FUEM70FS step s-0538824B78IDP7HC3GH is PENDING
j-S9R0FUEM70FS step s-0538824B78IDP7HC3GH is PENDING
j-S9R0FUEM70FS step s-0538824B78IDP7HC3GH is PENDING
j-S9R0FUEM70FS step s-0538824B78IDP7HC3GH is RUNNING
j-S9R0FUEM70FS step s-0538824B78IDP7HC3GH is RUNNING
j-S9R0FUEM70FS step s-0538824B78IDP7HC3GH is COMPLETED
j-S9R0FUEM70FS cluster is TERMINATING
j-S9R0FUEM70FS cluster is TERMINATING
j-S9R0FUEM70FS cluster is TERMINATED
Saved io-heavy 10MB c5a.xlarge x 4 runtime=0.8057 min cost=$0.0050; cluster=TERMINATED
Starting 10MB io-heavy on c6i.xlarge x 2 in ap-south-1
{
  "JobFlowId": "j-GDSDTLFH8UU0",
  "ClusterArn": "arn:aws:elasticmapreduce:ap-south-1:435097195936:cluster/j-GDSDTLFH8UU0",
  "ResponseMetadata": {
    "RequestId": "aaf6270a-65d1-4a91-a856-c21c56427dc4",
    "HTTPStatusCode": 200,
    "HTTPHeaders": {
      "x-amzn-requestid": "aaf6270a-65d1-4a91-a856-c21c56427dc4",
      "content-type": "application/x-amz-json-1.1",
      "content-length": "117",
      "date": "Wed, 22 Jul 2026 22:31:38 GMT"
    },
    "RetryAttempts": 0
  }
}
j-GDSDTLFH8UU0 step s-03491242P8I57WU49YVQ is PENDING
j-GDSDTLFH8UU0 step s-03491242P8I57WU49YVQ is PENDING
j-GDSDTLFH8UU0 step s-03491242P8I57WU49YVQ is PENDING
j-GDSDTLFH8UU0 step s-03491242P8I57WU49YVQ is PENDING
j-GDSDTLFH8UU0 step s-03491242P8I57WU49YVQ is PENDING
j-GDSDTLFH8UU0 step s-03491242P8I57WU49YVQ is PENDING
j-GDSDTLFH8UU0 step s-03491242P8I57WU49YVQ is RUNNING
j-GDSDTLFH8UU0 step s-03491242P8I57WU49YVQ is RUNNING
j-GDSDTLFH8UU0 step s-03491242P8I57WU49YVQ is COMPLETED
j-GDSDTLFH8UU0 cluster is TERMINATING
j-GDSDTLFH8UU0 cluster is TERMINATING
j-GDSDTLFH8UU0 cluster is TERMINATED
Saved io-heavy 10MB c6i.xlarge x 2 runtime=0.7056 min cost=$0.0040; cluster=TERMINATED
Starting 10MB io-heavy on c6i.xlarge x 4 in ap-south-1
{
  "JobFlowId": "j-W5GTIJ83OSNU",
  "ClusterArn": "arn:aws:elasticmapreduce:ap-south-1:435097195936:cluster/j-W5GTIJ83OSNU",
  "ResponseMetadata": {
    "RequestId": "8f25baed-fec1-4913-87e0-5917c15c1684",
    "HTTPStatusCode": 200,
    "HTTPHeaders": {
      "x-amzn-requestid": "8f25baed-fec1-4913-87e0-5917c15c1684",
      "content-type": "application/x-amz-json-1.1",
      "content-length": "117",
      "date": "Wed, 22 Jul 2026 22:36:42 GMT"
    },
    "RetryAttempts": 0
  }
}
j-W5GTIJ83OSNU step s-03726782AJZVKHDA75MO is PENDING
j-W5GTIJ83OSNU step s-03726782AJZVKHDA75MO is PENDING
j-W5GTIJ83OSNU step s-03726782AJZVKHDA75MO is PENDING
j-W5GTIJ83OSNU step s-03726782AJZVKHDA75MO is PENDING
j-W5GTIJ83OSNU step s-03726782AJZVKHDA75MO is PENDING
j-W5GTIJ83OSNU step s-03726782AJZVKHDA75MO is PENDING
j-W5GTIJ83OSNU step s-03726782AJZVKHDA75MO is RUNNING
j-W5GTIJ83OSNU step s-03726782AJZVKHDA75MO is RUNNING
j-W5GTIJ83OSNU step s-03726782AJZVKHDA75MO is COMPLETED
j-W5GTIJ83OSNU cluster is TERMINATING
j-W5GTIJ83OSNU cluster is TERMINATING
j-W5GTIJ83OSNU cluster is TERMINATED
Saved io-heavy 10MB c6i.xlarge x 4 runtime=0.8050 min cost=$0.0091; cluster=TERMINATED
Starting 100MB cpu-heavy on m5a.xlarge x 2 in ap-south-1
{
  "JobFlowId": "j-1MTTOPSSIE0L9",
  "ClusterArn": "arn:aws:elasticmapreduce:ap-south-1:435097195936:cluster/j-1MTTOPSSIE0L9",
  "ResponseMetadata": {
    "RequestId": "36be2455-5428-4fcc-8d9d-088ef5a204c2",
    "HTTPStatusCode": 200,
    "HTTPHeaders": {
      "x-amzn-requestid": "36be2455-5428-4fcc-8d9d-088ef5a204c2",
      "content-type": "application/x-amz-json-1.1",
      "content-length": "119",
      "date": "Wed, 22 Jul 2026 22:41:45 GMT"
    },
    "RetryAttempts": 0
  }
}
j-1MTTOPSSIE0L9 step s-07433953CN5IERAYARXT is PENDING
j-1MTTOPSSIE0L9 step s-07433953CN5IERAYARXT is PENDING
j-1MTTOPSSIE0L9 step s-07433953CN5IERAYARXT is PENDING
j-1MTTOPSSIE0L9 step s-07433953CN5IERAYARXT is PENDING
j-1MTTOPSSIE0L9 step s-07433953CN5IERAYARXT is PENDING
j-1MTTOPSSIE0L9 step s-07433953CN5IERAYARXT is PENDING
j-1MTTOPSSIE0L9 step s-07433953CN5IERAYARXT is PENDING
j-1MTTOPSSIE0L9 step s-07433953CN5IERAYARXT is PENDING
j-1MTTOPSSIE0L9 step s-07433953CN5IERAYARXT is RUNNING
j-1MTTOPSSIE0L9 step s-07433953CN5IERAYARXT is RUNNING
j-1MTTOPSSIE0L9 step s-07433953CN5IERAYARXT is RUNNING
j-1MTTOPSSIE0L9 step s-07433953CN5IERAYARXT is COMPLETED
j-1MTTOPSSIE0L9 cluster is TERMINATING
j-1MTTOPSSIE0L9 cluster is TERMINATING
j-1MTTOPSSIE0L9 cluster is TERMINATED
Saved cpu-heavy 100MB m5a.xlarge x 2 runtime=1.2082 min cost=$0.0045; cluster=TERMINATED
Starting 100MB cpu-heavy on m5a.xlarge x 4 in ap-south-1
{
  "JobFlowId": "j-2IXYPVU8T5HG5",
  "ClusterArn": "arn:aws:elasticmapreduce:ap-south-1:435097195936:cluster/j-2IXYPVU8T5HG5",
  "ResponseMetadata": {
    "RequestId": "ff89dfc8-fa5b-435c-a25c-0df947ffe180",
    "HTTPStatusCode": 200,
    "HTTPHeaders": {
      "x-amzn-requestid": "ff89dfc8-fa5b-435c-a25c-0df947ffe180",
      "content-type": "application/x-amz-json-1.1",
      "content-length": "119",
      "date": "Wed, 22 Jul 2026 22:48:20 GMT"
    },
    "RetryAttempts": 0
  }
}
j-2IXYPVU8T5HG5 step s-07072053PHTEWSRQYU33 is PENDING
j-2IXYPVU8T5HG5 step s-07072053PHTEWSRQYU33 is PENDING
j-2IXYPVU8T5HG5 step s-07072053PHTEWSRQYU33 is PENDING
j-2IXYPVU8T5HG5 step s-07072053PHTEWSRQYU33 is PENDING
j-2IXYPVU8T5HG5 step s-07072053PHTEWSRQYU33 is PENDING
j-2IXYPVU8T5HG5 step s-07072053PHTEWSRQYU33 is PENDING
j-2IXYPVU8T5HG5 step s-07072053PHTEWSRQYU33 is PENDING
j-2IXYPVU8T5HG5 step s-07072053PHTEWSRQYU33 is PENDING
j-2IXYPVU8T5HG5 step s-07072053PHTEWSRQYU33 is PENDING
j-2IXYPVU8T5HG5 step s-07072053PHTEWSRQYU33 is RUNNING
j-2IXYPVU8T5HG5 step s-07072053PHTEWSRQYU33 is RUNNING
j-2IXYPVU8T5HG5 step s-07072053PHTEWSRQYU33 is RUNNING
j-2IXYPVU8T5HG5 step s-07072053PHTEWSRQYU33 is COMPLETED
j-2IXYPVU8T5HG5 cluster is TERMINATING
j-2IXYPVU8T5HG5 cluster is TERMINATING
j-2IXYPVU8T5HG5 cluster is TERMINATED
Saved cpu-heavy 100MB m5a.xlarge x 4 runtime=1.3416 min cost=$0.0099; cluster=TERMINATED
Starting 100MB cpu-heavy on m6i.xlarge x 2 in ap-south-1
{
  "JobFlowId": "j-3SQVBV381WZW4",
  "ClusterArn": "arn:aws:elasticmapreduce:ap-south-1:435097195936:cluster/j-3SQVBV381WZW4",
  "ResponseMetadata": {
    "RequestId": "e6ad993d-fb1e-44c0-a832-27b863a736cd",
    "HTTPStatusCode": 200,
    "HTTPHeaders": {
      "x-amzn-requestid": "e6ad993d-fb1e-44c0-a832-27b863a736cd",
      "content-type": "application/x-amz-json-1.1",
      "content-length": "119",
      "date": "Wed, 22 Jul 2026 22:55:26 GMT"
    },
    "RetryAttempts": 0
  }
}
j-3SQVBV381WZW4 step s-03718692B35ANHOW17AX is PENDING
j-3SQVBV381WZW4 step s-03718692B35ANHOW17AX is PENDING
j-3SQVBV381WZW4 step s-03718692B35ANHOW17AX is PENDING
j-3SQVBV381WZW4 step s-03718692B35ANHOW17AX is PENDING
j-3SQVBV381WZW4 step s-03718692B35ANHOW17AX is PENDING
j-3SQVBV381WZW4 step s-03718692B35ANHOW17AX is PENDING
j-3SQVBV381WZW4 step s-03718692B35ANHOW17AX is RUNNING
j-3SQVBV381WZW4 step s-03718692B35ANHOW17AX is RUNNING
j-3SQVBV381WZW4 step s-03718692B35ANHOW17AX is COMPLETED
j-3SQVBV381WZW4 cluster is TERMINATING
j-3SQVBV381WZW4 cluster is TERMINATING
j-3SQVBV381WZW4 cluster is TERMINATED
Saved cpu-heavy 100MB m6i.xlarge x 2 runtime=0.7060 min cost=$0.0048; cluster=TERMINATED
Starting 100MB cpu-heavy on m6i.xlarge x 4 in ap-south-1
{
  "JobFlowId": "j-DBTJ17N80O0P",
  "ClusterArn": "arn:aws:elasticmapreduce:ap-south-1:435097195936:cluster/j-DBTJ17N80O0P",
  "ResponseMetadata": {
    "RequestId": "cde7a32d-2c2d-4723-9a16-102aaef81149",
    "HTTPStatusCode": 200,
    "HTTPHeaders": {
      "x-amzn-requestid": "cde7a32d-2c2d-4723-9a16-102aaef81149",
      "content-type": "application/x-amz-json-1.1",
      "content-length": "117",
      "date": "Wed, 22 Jul 2026 23:00:30 GMT"
    },
    "RetryAttempts": 0
  }
}
j-DBTJ17N80O0P step s-0935436CRTPQY0X4TGG is PENDING
j-DBTJ17N80O0P step s-0935436CRTPQY0X4TGG is PENDING
j-DBTJ17N80O0P step s-0935436CRTPQY0X4TGG is PENDING
j-DBTJ17N80O0P step s-0935436CRTPQY0X4TGG is PENDING
j-DBTJ17N80O0P step s-0935436CRTPQY0X4TGG is PENDING
j-DBTJ17N80O0P step s-0935436CRTPQY0X4TGG is PENDING
j-DBTJ17N80O0P step s-0935436CRTPQY0X4TGG is PENDING
j-DBTJ17N80O0P step s-0935436CRTPQY0X4TGG is RUNNING
j-DBTJ17N80O0P step s-0935436CRTPQY0X4TGG is COMPLETED
j-DBTJ17N80O0P cluster is TERMINATING
j-DBTJ17N80O0P cluster is TERMINATING
j-DBTJ17N80O0P cluster is TERMINATED
Saved cpu-heavy 100MB m6i.xlarge x 4 runtime=0.8389 min cost=$0.0113; cluster=TERMINATED
Starting 100MB cpu-heavy on c5.xlarge x 2 in ap-south-1
{
  "JobFlowId": "j-1PLN1GR4KGUQI",
  "ClusterArn": "arn:aws:elasticmapreduce:ap-south-1:435097195936:cluster/j-1PLN1GR4KGUQI",
  "ResponseMetadata": {
    "RequestId": "24239108-2b3b-452f-bc7b-a4f7a5e1b598",
    "HTTPStatusCode": 200,
    "HTTPHeaders": {
      "x-amzn-requestid": "24239108-2b3b-452f-bc7b-a4f7a5e1b598",
      "content-type": "application/x-amz-json-1.1",
      "content-length": "119",
      "date": "Wed, 22 Jul 2026 23:05:34 GMT"
    },
    "RetryAttempts": 0
  }
}
j-1PLN1GR4KGUQI step s-04993921NJPZFFJZHHG9 is PENDING
j-1PLN1GR4KGUQI step s-04993921NJPZFFJZHHG9 is PENDING
j-1PLN1GR4KGUQI step s-04993921NJPZFFJZHHG9 is PENDING
j-1PLN1GR4KGUQI step s-04993921NJPZFFJZHHG9 is PENDING
j-1PLN1GR4KGUQI step s-04993921NJPZFFJZHHG9 is PENDING
j-1PLN1GR4KGUQI step s-04993921NJPZFFJZHHG9 is PENDING
j-1PLN1GR4KGUQI step s-04993921NJPZFFJZHHG9 is PENDING
j-1PLN1GR4KGUQI step s-04993921NJPZFFJZHHG9 is RUNNING
j-1PLN1GR4KGUQI step s-04993921NJPZFFJZHHG9 is RUNNING
j-1PLN1GR4KGUQI step s-04993921NJPZFFJZHHG9 is COMPLETED
j-1PLN1GR4KGUQI cluster is TERMINATING
j-1PLN1GR4KGUQI cluster is TERMINATING
j-1PLN1GR4KGUQI cluster is TERMINATED
Saved cpu-heavy 100MB c5.xlarge x 2 runtime=0.8057 min cost=$0.0046; cluster=TERMINATED
Starting 100MB cpu-heavy on c5.xlarge x 4 in ap-south-1
{
  "JobFlowId": "j-20VT4BEBUKMDF",
  "ClusterArn": "arn:aws:elasticmapreduce:ap-south-1:435097195936:cluster/j-20VT4BEBUKMDF",
  "ResponseMetadata": {
    "RequestId": "5a019e7d-ad17-463b-996e-857508f37a87",
    "HTTPStatusCode": 200,
    "HTTPHeaders": {
      "x-amzn-requestid": "5a019e7d-ad17-463b-996e-857508f37a87",
      "content-type": "application/x-amz-json-1.1",
      "content-length": "119",
      "date": "Wed, 22 Jul 2026 23:11:08 GMT"
    },
    "RetryAttempts": 0
  }
}
j-20VT4BEBUKMDF step s-03726882HHA56WT3VWCC is PENDING
j-20VT4BEBUKMDF step s-03726882HHA56WT3VWCC is PENDING
j-20VT4BEBUKMDF step s-03726882HHA56WT3VWCC is PENDING
j-20VT4BEBUKMDF step s-03726882HHA56WT3VWCC is PENDING
j-20VT4BEBUKMDF step s-03726882HHA56WT3VWCC is PENDING
j-20VT4BEBUKMDF step s-03726882HHA56WT3VWCC is PENDING
j-20VT4BEBUKMDF step s-03726882HHA56WT3VWCC is PENDING
j-20VT4BEBUKMDF step s-03726882HHA56WT3VWCC is RUNNING
j-20VT4BEBUKMDF step s-03726882HHA56WT3VWCC is RUNNING
j-20VT4BEBUKMDF step s-03726882HHA56WT3VWCC is COMPLETED
j-20VT4BEBUKMDF cluster is TERMINATING
j-20VT4BEBUKMDF cluster is TERMINATING
j-20VT4BEBUKMDF cluster is TERMINATING
j-20VT4BEBUKMDF cluster is TERMINATED
Saved cpu-heavy 100MB c5.xlarge x 4 runtime=0.9061 min cost=$0.0103; cluster=TERMINATED
Starting 100MB cpu-heavy on c5a.xlarge x 2 in ap-south-1
{
  "JobFlowId": "j-1ZF1IIRTS89S1",
  "ClusterArn": "arn:aws:elasticmapreduce:ap-south-1:435097195936:cluster/j-1ZF1IIRTS89S1",
  "ResponseMetadata": {
    "RequestId": "800c3b6a-c710-4e30-b41a-c0d9f43b0048",
    "HTTPStatusCode": 200,
    "HTTPHeaders": {
      "x-amzn-requestid": "800c3b6a-c710-4e30-b41a-c0d9f43b0048",
      "content-type": "application/x-amz-json-1.1",
      "content-length": "119",
      "date": "Wed, 22 Jul 2026 23:17:12 GMT"
    },
    "RetryAttempts": 0
  }
}
j-1ZF1IIRTS89S1 step s-05146451DTSRDMWOTMH5 is PENDING
j-1ZF1IIRTS89S1 step s-05146451DTSRDMWOTMH5 is PENDING
j-1ZF1IIRTS89S1 step s-05146451DTSRDMWOTMH5 is PENDING
j-1ZF1IIRTS89S1 step s-05146451DTSRDMWOTMH5 is PENDING
j-1ZF1IIRTS89S1 step s-05146451DTSRDMWOTMH5 is PENDING
j-1ZF1IIRTS89S1 step s-05146451DTSRDMWOTMH5 is PENDING
j-1ZF1IIRTS89S1 step s-05146451DTSRDMWOTMH5 is RUNNING
j-1ZF1IIRTS89S1 step s-05146451DTSRDMWOTMH5 is RUNNING
j-1ZF1IIRTS89S1 step s-05146451DTSRDMWOTMH5 is COMPLETED
j-1ZF1IIRTS89S1 cluster is TERMINATING
j-1ZF1IIRTS89S1 cluster is TERMINATING
j-1ZF1IIRTS89S1 cluster is TERMINATED
Saved cpu-heavy 100MB c5a.xlarge x 2 runtime=0.7725 min cost=$0.0024; cluster=TERMINATED
Starting 100MB cpu-heavy on c5a.xlarge x 4 in ap-south-1
{
  "JobFlowId": "j-ZUM91FUDB8R",
  "ClusterArn": "arn:aws:elasticmapreduce:ap-south-1:435097195936:cluster/j-ZUM91FUDB8R",
  "ResponseMetadata": {
    "RequestId": "028f4830-ba6d-47b8-b117-352fe41da697",
    "HTTPStatusCode": 200,
    "HTTPHeaders": {
      "x-amzn-requestid": "028f4830-ba6d-47b8-b117-352fe41da697",
      "content-type": "application/x-amz-json-1.1",
      "content-length": "115",
      "date": "Wed, 22 Jul 2026 23:22:16 GMT"
    },
    "RetryAttempts": 0
  }
}
j-ZUM91FUDB8R step s-082609914T3Q6JVYSHTC is PENDING
j-ZUM91FUDB8R step s-082609914T3Q6JVYSHTC is PENDING
j-ZUM91FUDB8R step s-082609914T3Q6JVYSHTC is PENDING
j-ZUM91FUDB8R step s-082609914T3Q6JVYSHTC is PENDING
j-ZUM91FUDB8R step s-082609914T3Q6JVYSHTC is PENDING
j-ZUM91FUDB8R step s-082609914T3Q6JVYSHTC is PENDING
j-ZUM91FUDB8R step s-082609914T3Q6JVYSHTC is PENDING
j-ZUM91FUDB8R step s-082609914T3Q6JVYSHTC is RUNNING
j-ZUM91FUDB8R step s-082609914T3Q6JVYSHTC is COMPLETED
j-ZUM91FUDB8R cluster is TERMINATING
j-ZUM91FUDB8R cluster is TERMINATING
j-ZUM91FUDB8R cluster is TERMINATED
Saved cpu-heavy 100MB c5a.xlarge x 4 runtime=0.8050 min cost=$0.0050; cluster=TERMINATED
Starting 100MB cpu-heavy on c6i.xlarge x 2 in ap-south-1
{
  "JobFlowId": "j-13GCX13GC15IQ",
  "ClusterArn": "arn:aws:elasticmapreduce:ap-south-1:435097195936:cluster/j-13GCX13GC15IQ",
  "ResponseMetadata": {
    "RequestId": "b00ee109-f6ad-4915-a112-d00d918fb081",
    "HTTPStatusCode": 200,
    "HTTPHeaders": {
      "x-amzn-requestid": "b00ee109-f6ad-4915-a112-d00d918fb081",
      "content-type": "application/x-amz-json-1.1",
      "content-length": "119",
      "date": "Wed, 22 Jul 2026 23:27:20 GMT"
    },
    "RetryAttempts": 0
  }
}
j-13GCX13GC15IQ step s-095025293VC6MU3QUTO is PENDING
j-13GCX13GC15IQ step s-095025293VC6MU3QUTO is PENDING
j-13GCX13GC15IQ step s-095025293VC6MU3QUTO is PENDING
j-13GCX13GC15IQ step s-095025293VC6MU3QUTO is PENDING
j-13GCX13GC15IQ step s-095025293VC6MU3QUTO is PENDING
j-13GCX13GC15IQ step s-095025293VC6MU3QUTO is PENDING
j-13GCX13GC15IQ step s-095025293VC6MU3QUTO is PENDING
j-13GCX13GC15IQ step s-095025293VC6MU3QUTO is RUNNING
j-13GCX13GC15IQ step s-095025293VC6MU3QUTO is RUNNING
j-13GCX13GC15IQ step s-095025293VC6MU3QUTO is COMPLETED
j-13GCX13GC15IQ cluster is TERMINATING
j-13GCX13GC15IQ cluster is TERMINATED
Saved cpu-heavy 100MB c6i.xlarge x 2 runtime=0.7052 min cost=$0.0040; cluster=TERMINATED
Starting 100MB cpu-heavy on c6i.xlarge x 4 in ap-south-1
{
  "JobFlowId": "j-2CZCKUQ0YRG7",
  "ClusterArn": "arn:aws:elasticmapreduce:ap-south-1:435097195936:cluster/j-2CZCKUQ0YRG7",
  "ResponseMetadata": {
    "RequestId": "2527d82c-fcf8-4954-a377-acde43139df2",
    "HTTPStatusCode": 200,
    "HTTPHeaders": {
      "x-amzn-requestid": "2527d82c-fcf8-4954-a377-acde43139df2",
      "content-type": "application/x-amz-json-1.1",
      "content-length": "117",
      "date": "Wed, 22 Jul 2026 23:32:24 GMT"
    },
    "RetryAttempts": 0
  }
}
j-2CZCKUQ0YRG7 step s-0906927K5YJ81AB5KVF is PENDING
j-2CZCKUQ0YRG7 step s-0906927K5YJ81AB5KVF is PENDING
j-2CZCKUQ0YRG7 step s-0906927K5YJ81AB5KVF is PENDING
j-2CZCKUQ0YRG7 step s-0906927K5YJ81AB5KVF is PENDING
j-2CZCKUQ0YRG7 step s-0906927K5YJ81AB5KVF is PENDING
j-2CZCKUQ0YRG7 step s-0906927K5YJ81AB5KVF is PENDING
j-2CZCKUQ0YRG7 step s-0906927K5YJ81AB5KVF is PENDING
j-2CZCKUQ0YRG7 step s-0906927K5YJ81AB5KVF is RUNNING
j-2CZCKUQ0YRG7 step s-0906927K5YJ81AB5KVF is RUNNING
j-2CZCKUQ0YRG7 step s-0906927K5YJ81AB5KVF is COMPLETED
j-2CZCKUQ0YRG7 cluster is TERMINATING
j-2CZCKUQ0YRG7 cluster is TERMINATING
j-2CZCKUQ0YRG7 cluster is TERMINATED
Saved cpu-heavy 100MB c6i.xlarge x 4 runtime=0.7718 min cost=$0.0087; cluster=TERMINATED
Starting 100MB memory-heavy on m5a.xlarge x 2 in ap-south-1
{
  "JobFlowId": "j-1DLSCNZO7SQYU",
  "ClusterArn": "arn:aws:elasticmapreduce:ap-south-1:435097195936:cluster/j-1DLSCNZO7SQYU",
  "ResponseMetadata": {
    "RequestId": "73ac42c0-572b-429c-9222-cb8937e7f6f2",
    "HTTPStatusCode": 200,
    "HTTPHeaders": {
      "x-amzn-requestid": "73ac42c0-572b-429c-9222-cb8937e7f6f2",
      "content-type": "application/x-amz-json-1.1",
      "content-length": "119",
      "date": "Wed, 22 Jul 2026 23:37:58 GMT"
    },
    "RetryAttempts": 0
  }
}
j-1DLSCNZO7SQYU step s-05207202ME0XHI5QHNGN is PENDING
j-1DLSCNZO7SQYU step s-05207202ME0XHI5QHNGN is PENDING
j-1DLSCNZO7SQYU step s-05207202ME0XHI5QHNGN is PENDING
j-1DLSCNZO7SQYU step s-05207202ME0XHI5QHNGN is PENDING
j-1DLSCNZO7SQYU step s-05207202ME0XHI5QHNGN is PENDING
j-1DLSCNZO7SQYU step s-05207202ME0XHI5QHNGN is PENDING
j-1DLSCNZO7SQYU step s-05207202ME0XHI5QHNGN is PENDING
j-1DLSCNZO7SQYU step s-05207202ME0XHI5QHNGN is PENDING
j-1DLSCNZO7SQYU step s-05207202ME0XHI5QHNGN is RUNNING
j-1DLSCNZO7SQYU step s-05207202ME0XHI5QHNGN is RUNNING
j-1DLSCNZO7SQYU step s-05207202ME0XHI5QHNGN is RUNNING
j-1DLSCNZO7SQYU step s-05207202ME0XHI5QHNGN is COMPLETED
j-1DLSCNZO7SQYU cluster is TERMINATING
j-1DLSCNZO7SQYU cluster is TERMINATING
j-1DLSCNZO7SQYU cluster is TERMINATED
Saved memory-heavy 100MB m5a.xlarge x 2 runtime=1.2416 min cost=$0.0046; cluster=TERMINATED
Starting 100MB memory-heavy on m5a.xlarge x 4 in ap-south-1
{
  "JobFlowId": "j-9S1V8VVP93RW",
  "ClusterArn": "arn:aws:elasticmapreduce:ap-south-1:435097195936:cluster/j-9S1V8VVP93RW",
  "ResponseMetadata": {
    "RequestId": "a6f51a49-0b46-4497-b951-6b20fc7e06ef",
    "HTTPStatusCode": 200,
    "HTTPHeaders": {
      "x-amzn-requestid": "a6f51a49-0b46-4497-b951-6b20fc7e06ef",
      "content-type": "application/x-amz-json-1.1",
      "content-length": "117",
      "date": "Wed, 22 Jul 2026 23:44:33 GMT"
    },
    "RetryAttempts": 0
  }
}
j-9S1V8VVP93RW step s-09176081B1VF2ZG6XXQC is PENDING
j-9S1V8VVP93RW step s-09176081B1VF2ZG6XXQC is PENDING
j-9S1V8VVP93RW step s-09176081B1VF2ZG6XXQC is PENDING
j-9S1V8VVP93RW step s-09176081B1VF2ZG6XXQC is PENDING
j-9S1V8VVP93RW step s-09176081B1VF2ZG6XXQC is PENDING
j-9S1V8VVP93RW step s-09176081B1VF2ZG6XXQC is PENDING
j-9S1V8VVP93RW step s-09176081B1VF2ZG6XXQC is PENDING
j-9S1V8VVP93RW step s-09176081B1VF2ZG6XXQC is PENDING
j-9S1V8VVP93RW step s-09176081B1VF2ZG6XXQC is RUNNING
j-9S1V8VVP93RW step s-09176081B1VF2ZG6XXQC is RUNNING
j-9S1V8VVP93RW step s-09176081B1VF2ZG6XXQC is RUNNING
j-9S1V8VVP93RW step s-09176081B1VF2ZG6XXQC is COMPLETED
j-9S1V8VVP93RW cluster is TERMINATING
j-9S1V8VVP93RW cluster is TERMINATING
j-9S1V8VVP93RW cluster is TERMINATED
Saved memory-heavy 100MB m5a.xlarge x 4 runtime=1.4104 min cost=$0.0104; cluster=TERMINATED
Starting 100MB memory-heavy on m6i.xlarge x 2 in ap-south-1
{
  "JobFlowId": "j-1A3OCSTLGVPTE",
  "ClusterArn": "arn:aws:elasticmapreduce:ap-south-1:435097195936:cluster/j-1A3OCSTLGVPTE",
  "ResponseMetadata": {
    "RequestId": "66b7af56-d832-4507-97a6-f0f0ca157eab",
    "HTTPStatusCode": 200,
    "HTTPHeaders": {
      "x-amzn-requestid": "66b7af56-d832-4507-97a6-f0f0ca157eab",
      "content-type": "application/x-amz-json-1.1",
      "content-length": "119",
      "date": "Wed, 22 Jul 2026 23:51:07 GMT"
    },
    "RetryAttempts": 0
  }
}
j-1A3OCSTLGVPTE step s-05718122UAPQ6EOZDPTN is PENDING
j-1A3OCSTLGVPTE step s-05718122UAPQ6EOZDPTN is PENDING
j-1A3OCSTLGVPTE step s-05718122UAPQ6EOZDPTN is PENDING
j-1A3OCSTLGVPTE step s-05718122UAPQ6EOZDPTN is PENDING
j-1A3OCSTLGVPTE step s-05718122UAPQ6EOZDPTN is PENDING
j-1A3OCSTLGVPTE step s-05718122UAPQ6EOZDPTN is PENDING
j-1A3OCSTLGVPTE step s-05718122UAPQ6EOZDPTN is RUNNING
j-1A3OCSTLGVPTE step s-05718122UAPQ6EOZDPTN is RUNNING
j-1A3OCSTLGVPTE step s-05718122UAPQ6EOZDPTN is COMPLETED
j-1A3OCSTLGVPTE cluster is TERMINATING
j-1A3OCSTLGVPTE cluster is TERMINATING
j-1A3OCSTLGVPTE cluster is TERMINATED
Saved memory-heavy 100MB m6i.xlarge x 2 runtime=0.7714 min cost=$0.0052; cluster=TERMINATED
Starting 100MB memory-heavy on m6i.xlarge x 4 in ap-south-1
{
  "JobFlowId": "j-Y80IHLTVG9JX",
  "ClusterArn": "arn:aws:elasticmapreduce:ap-south-1:435097195936:cluster/j-Y80IHLTVG9JX",
  "ResponseMetadata": {
    "RequestId": "bc8c62b7-6e87-4f7a-8e22-d67487357038",
    "HTTPStatusCode": 200,
    "HTTPHeaders": {
      "x-amzn-requestid": "bc8c62b7-6e87-4f7a-8e22-d67487357038",
      "content-type": "application/x-amz-json-1.1",
      "content-length": "117",
      "date": "Wed, 22 Jul 2026 23:56:11 GMT"
    },
    "RetryAttempts": 0
  }
}
j-Y80IHLTVG9JX step s-02067241KUR9WFFZG29T is PENDING
j-Y80IHLTVG9JX step s-02067241KUR9WFFZG29T is PENDING
j-Y80IHLTVG9JX step s-02067241KUR9WFFZG29T is PENDING
j-Y80IHLTVG9JX step s-02067241KUR9WFFZG29T is PENDING
j-Y80IHLTVG9JX step s-02067241KUR9WFFZG29T is PENDING
j-Y80IHLTVG9JX step s-02067241KUR9WFFZG29T is PENDING
j-Y80IHLTVG9JX step s-02067241KUR9WFFZG29T is RUNNING
j-Y80IHLTVG9JX step s-02067241KUR9WFFZG29T is RUNNING
j-Y80IHLTVG9JX step s-02067241KUR9WFFZG29T is COMPLETED
j-Y80IHLTVG9JX cluster is TERMINATING
j-Y80IHLTVG9JX cluster is TERMINATING
j-Y80IHLTVG9JX cluster is TERMINATED
Saved memory-heavy 100MB m6i.xlarge x 4 runtime=0.9053 min cost=$0.0122; cluster=TERMINATED
Starting 100MB memory-heavy on c5.xlarge x 2 in ap-south-1
{
  "JobFlowId": "j-YQCX04VZZFIA",
  "ClusterArn": "arn:aws:elasticmapreduce:ap-south-1:435097195936:cluster/j-YQCX04VZZFIA",
  "ResponseMetadata": {
    "RequestId": "e74f74c8-1d9f-49dd-9800-12f0f2f31b5f",
    "HTTPStatusCode": 200,
    "HTTPHeaders": {
      "x-amzn-requestid": "e74f74c8-1d9f-49dd-9800-12f0f2f31b5f",
      "content-type": "application/x-amz-json-1.1",
      "content-length": "117",
      "date": "Thu, 23 Jul 2026 00:01:15 GMT"
    },
    "RetryAttempts": 0
  }
}
j-YQCX04VZZFIA step s-09008412ME5NV8KMOK6A is PENDING
j-YQCX04VZZFIA step s-09008412ME5NV8KMOK6A is PENDING
j-YQCX04VZZFIA step s-09008412ME5NV8KMOK6A is PENDING
j-YQCX04VZZFIA step s-09008412ME5NV8KMOK6A is PENDING
j-YQCX04VZZFIA step s-09008412ME5NV8KMOK6A is PENDING
j-YQCX04VZZFIA step s-09008412ME5NV8KMOK6A is PENDING
j-YQCX04VZZFIA step s-09008412ME5NV8KMOK6A is PENDING
j-YQCX04VZZFIA step s-09008412ME5NV8KMOK6A is PENDING
j-YQCX04VZZFIA step s-09008412ME5NV8KMOK6A is RUNNING
j-YQCX04VZZFIA step s-09008412ME5NV8KMOK6A is RUNNING
j-YQCX04VZZFIA step s-09008412ME5NV8KMOK6A is COMPLETED
j-YQCX04VZZFIA cluster is TERMINATING
j-YQCX04VZZFIA cluster is TERMINATING
j-YQCX04VZZFIA cluster is TERMINATING
j-YQCX04VZZFIA cluster is TERMINATING
j-YQCX04VZZFIA cluster is TERMINATED
Saved memory-heavy 100MB c5.xlarge x 2 runtime=1.0737 min cost=$0.0061; cluster=TERMINATED
Starting 100MB memory-heavy on c5.xlarge x 4 in ap-south-1
{
  "JobFlowId": "j-FYI2YZN7E4MK",
  "ClusterArn": "arn:aws:elasticmapreduce:ap-south-1:435097195936:cluster/j-FYI2YZN7E4MK",
  "ResponseMetadata": {
    "RequestId": "9cab44bd-95bf-49cc-a129-0a319c06cd31",
    "HTTPStatusCode": 200,
    "HTTPHeaders": {
      "x-amzn-requestid": "9cab44bd-95bf-49cc-a129-0a319c06cd31",
      "content-type": "application/x-amz-json-1.1",
      "content-length": "117",
      "date": "Thu, 23 Jul 2026 00:08:20 GMT"
    },
    "RetryAttempts": 0
  }
}
j-FYI2YZN7E4MK step s-08924841PJ0KVEPQH2I2 is PENDING
j-FYI2YZN7E4MK step s-08924841PJ0KVEPQH2I2 is PENDING
j-FYI2YZN7E4MK step s-08924841PJ0KVEPQH2I2 is PENDING
j-FYI2YZN7E4MK step s-08924841PJ0KVEPQH2I2 is PENDING
j-FYI2YZN7E4MK step s-08924841PJ0KVEPQH2I2 is PENDING
j-FYI2YZN7E4MK step s-08924841PJ0KVEPQH2I2 is PENDING
j-FYI2YZN7E4MK step s-08924841PJ0KVEPQH2I2 is PENDING
j-FYI2YZN7E4MK step s-08924841PJ0KVEPQH2I2 is PENDING
j-FYI2YZN7E4MK step s-08924841PJ0KVEPQH2I2 is RUNNING
j-FYI2YZN7E4MK step s-08924841PJ0KVEPQH2I2 is RUNNING
j-FYI2YZN7E4MK step s-08924841PJ0KVEPQH2I2 is COMPLETED
j-FYI2YZN7E4MK cluster is TERMINATING
j-FYI2YZN7E4MK cluster is TERMINATED
Saved memory-heavy 100MB c5.xlarge x 4 runtime=0.9389 min cost=$0.0106; cluster=TERMINATED
Starting 100MB memory-heavy on c5a.xlarge x 2 in ap-south-1
{
  "JobFlowId": "j-1F7BDWC86B9E2",
  "ClusterArn": "arn:aws:elasticmapreduce:ap-south-1:435097195936:cluster/j-1F7BDWC86B9E2",
  "ResponseMetadata": {
    "RequestId": "ee229bc2-e326-4a6c-8bd5-5a5dee925f0d",
    "HTTPStatusCode": 200,
    "HTTPHeaders": {
      "x-amzn-requestid": "ee229bc2-e326-4a6c-8bd5-5a5dee925f0d",
      "content-type": "application/x-amz-json-1.1",
      "content-length": "119",
      "date": "Thu, 23 Jul 2026 00:13:55 GMT"
    },
    "RetryAttempts": 0
  }
}
j-1F7BDWC86B9E2 step s-0368948JLKX1JEHJUSO is PENDING
j-1F7BDWC86B9E2 step s-0368948JLKX1JEHJUSO is PENDING
j-1F7BDWC86B9E2 step s-0368948JLKX1JEHJUSO is PENDING
j-1F7BDWC86B9E2 step s-0368948JLKX1JEHJUSO is PENDING
j-1F7BDWC86B9E2 step s-0368948JLKX1JEHJUSO is PENDING
j-1F7BDWC86B9E2 step s-0368948JLKX1JEHJUSO is PENDING
j-1F7BDWC86B9E2 step s-0368948JLKX1JEHJUSO is PENDING
j-1F7BDWC86B9E2 step s-0368948JLKX1JEHJUSO is RUNNING
j-1F7BDWC86B9E2 step s-0368948JLKX1JEHJUSO is RUNNING
j-1F7BDWC86B9E2 step s-0368948JLKX1JEHJUSO is COMPLETED
j-1F7BDWC86B9E2 cluster is TERMINATING
j-1F7BDWC86B9E2 cluster is TERMINATING
j-1F7BDWC86B9E2 cluster is TERMINATED
Saved memory-heavy 100MB c5a.xlarge x 2 runtime=0.8056 min cost=$0.0025; cluster=TERMINATED
Starting 100MB memory-heavy on c5a.xlarge x 4 in ap-south-1
{
  "JobFlowId": "j-T3KCD2WYAJIR",
  "ClusterArn": "arn:aws:elasticmapreduce:ap-south-1:435097195936:cluster/j-T3KCD2WYAJIR",
  "ResponseMetadata": {
    "RequestId": "83ff69b3-5d10-4e5e-b947-58cb6b1e56d3",
    "HTTPStatusCode": 200,
    "HTTPHeaders": {
      "x-amzn-requestid": "83ff69b3-5d10-4e5e-b947-58cb6b1e56d3",
      "content-type": "application/x-amz-json-1.1",
      "content-length": "117",
      "date": "Thu, 23 Jul 2026 00:19:29 GMT"
    },
    "RetryAttempts": 0
  }
}
j-T3KCD2WYAJIR step s-034890726Q59NKUM63UP is PENDING
j-T3KCD2WYAJIR step s-034890726Q59NKUM63UP is PENDING
j-T3KCD2WYAJIR step s-034890726Q59NKUM63UP is PENDING
j-T3KCD2WYAJIR step s-034890726Q59NKUM63UP is PENDING
j-T3KCD2WYAJIR step s-034890726Q59NKUM63UP is PENDING
j-T3KCD2WYAJIR step s-034890726Q59NKUM63UP is PENDING
j-T3KCD2WYAJIR step s-034890726Q59NKUM63UP is PENDING
j-T3KCD2WYAJIR step s-034890726Q59NKUM63UP is RUNNING
j-T3KCD2WYAJIR step s-034890726Q59NKUM63UP is COMPLETED
j-T3KCD2WYAJIR cluster is TERMINATING
j-T3KCD2WYAJIR cluster is TERMINATING
j-T3KCD2WYAJIR cluster is TERMINATING
j-T3KCD2WYAJIR cluster is TERMINATED
Saved memory-heavy 100MB c5a.xlarge x 4 runtime=0.8723 min cost=$0.0055; cluster=TERMINATED
Starting 100MB memory-heavy on c6i.xlarge x 2 in ap-south-1
{
  "JobFlowId": "j-2WKGIQ7YH3C9W",
  "ClusterArn": "arn:aws:elasticmapreduce:ap-south-1:435097195936:cluster/j-2WKGIQ7YH3C9W",
  "ResponseMetadata": {
    "RequestId": "22b68122-57e9-41b6-9334-71b629c9b959",
    "HTTPStatusCode": 200,
    "HTTPHeaders": {
      "x-amzn-requestid": "22b68122-57e9-41b6-9334-71b629c9b959",
      "content-type": "application/x-amz-json-1.1",
      "content-length": "119",
      "date": "Thu, 23 Jul 2026 00:25:03 GMT"
    },
    "RetryAttempts": 0
  }
}
j-2WKGIQ7YH3C9W step s-09157352HCW7AM83J0MK is PENDING
j-2WKGIQ7YH3C9W step s-09157352HCW7AM83J0MK is PENDING
j-2WKGIQ7YH3C9W step s-09157352HCW7AM83J0MK is PENDING
j-2WKGIQ7YH3C9W step s-09157352HCW7AM83J0MK is PENDING
j-2WKGIQ7YH3C9W step s-09157352HCW7AM83J0MK is PENDING
j-2WKGIQ7YH3C9W step s-09157352HCW7AM83J0MK is PENDING
j-2WKGIQ7YH3C9W step s-09157352HCW7AM83J0MK is RUNNING
j-2WKGIQ7YH3C9W step s-09157352HCW7AM83J0MK is COMPLETED
j-2WKGIQ7YH3C9W cluster is TERMINATING
j-2WKGIQ7YH3C9W cluster is TERMINATING
j-2WKGIQ7YH3C9W cluster is TERMINATING
j-2WKGIQ7YH3C9W cluster is TERMINATED
Saved memory-heavy 100MB c6i.xlarge x 2 runtime=0.7385 min cost=$0.0042; cluster=TERMINATED
Starting 100MB memory-heavy on c6i.xlarge x 4 in ap-south-1
{
  "JobFlowId": "j-1PEQY4N4SH4VJ",
  "ClusterArn": "arn:aws:elasticmapreduce:ap-south-1:435097195936:cluster/j-1PEQY4N4SH4VJ",
  "ResponseMetadata": {
    "RequestId": "46e3efcc-5083-447c-83b2-159ae0149c3a",
    "HTTPStatusCode": 200,
    "HTTPHeaders": {
      "x-amzn-requestid": "46e3efcc-5083-447c-83b2-159ae0149c3a",
      "content-type": "application/x-amz-json-1.1",
      "content-length": "119",
      "date": "Thu, 23 Jul 2026 00:30:08 GMT"
    },
    "RetryAttempts": 0
  }
}
j-1PEQY4N4SH4VJ step s-09445663O8XCIO4C8ZNB is PENDING
j-1PEQY4N4SH4VJ step s-09445663O8XCIO4C8ZNB is PENDING
j-1PEQY4N4SH4VJ step s-09445663O8XCIO4C8ZNB is PENDING
j-1PEQY4N4SH4VJ step s-09445663O8XCIO4C8ZNB is PENDING
j-1PEQY4N4SH4VJ step s-09445663O8XCIO4C8ZNB is PENDING
j-1PEQY4N4SH4VJ step s-09445663O8XCIO4C8ZNB is PENDING
j-1PEQY4N4SH4VJ step s-09445663O8XCIO4C8ZNB is PENDING
j-1PEQY4N4SH4VJ step s-09445663O8XCIO4C8ZNB is RUNNING
j-1PEQY4N4SH4VJ step s-09445663O8XCIO4C8ZNB is RUNNING
j-1PEQY4N4SH4VJ step s-09445663O8XCIO4C8ZNB is COMPLETED
j-1PEQY4N4SH4VJ cluster is TERMINATING
j-1PEQY4N4SH4VJ cluster is TERMINATING
j-1PEQY4N4SH4VJ cluster is TERMINATING
j-1PEQY4N4SH4VJ cluster is TERMINATED
Saved memory-heavy 100MB c6i.xlarge x 4 runtime=0.9385 min cost=$0.0106; cluster=TERMINATED
Starting 100MB io-heavy on m5a.xlarge x 2 in ap-south-1
{
  "JobFlowId": "j-2DSCHBD9FWS25",
  "ClusterArn": "arn:aws:elasticmapreduce:ap-south-1:435097195936:cluster/j-2DSCHBD9FWS25",
  "ResponseMetadata": {
    "RequestId": "e0ac15f5-e995-4064-b4f9-7312c8dc9b58",
    "HTTPStatusCode": 200,
    "HTTPHeaders": {
      "x-amzn-requestid": "e0ac15f5-e995-4064-b4f9-7312c8dc9b58",
      "content-type": "application/x-amz-json-1.1",
      "content-length": "119",
      "date": "Thu, 23 Jul 2026 00:36:13 GMT"
    },
    "RetryAttempts": 0
  }
}
j-2DSCHBD9FWS25 step s-08896492XK52DZ3BO7J5 is PENDING
j-2DSCHBD9FWS25 step s-08896492XK52DZ3BO7J5 is PENDING
j-2DSCHBD9FWS25 step s-08896492XK52DZ3BO7J5 is PENDING
j-2DSCHBD9FWS25 step s-08896492XK52DZ3BO7J5 is PENDING
j-2DSCHBD9FWS25 step s-08896492XK52DZ3BO7J5 is PENDING
j-2DSCHBD9FWS25 step s-08896492XK52DZ3BO7J5 is PENDING
j-2DSCHBD9FWS25 step s-08896492XK52DZ3BO7J5 is PENDING
j-2DSCHBD9FWS25 step s-08896492XK52DZ3BO7J5 is PENDING
j-2DSCHBD9FWS25 step s-08896492XK52DZ3BO7J5 is RUNNING
j-2DSCHBD9FWS25 step s-08896492XK52DZ3BO7J5 is RUNNING
j-2DSCHBD9FWS25 step s-08896492XK52DZ3BO7J5 is RUNNING
j-2DSCHBD9FWS25 step s-08896492XK52DZ3BO7J5 is COMPLETED
j-2DSCHBD9FWS25 cluster is TERMINATING
j-2DSCHBD9FWS25 cluster is TERMINATING
j-2DSCHBD9FWS25 cluster is TERMINATING
j-2DSCHBD9FWS25 cluster is TERMINATED
Saved io-heavy 100MB m5a.xlarge x 2 runtime=1.2753 min cost=$0.0047; cluster=TERMINATED
Starting 100MB io-heavy on m5a.xlarge x 4 in ap-south-1
{
  "JobFlowId": "j-25K45YHBI7312",
  "ClusterArn": "arn:aws:elasticmapreduce:ap-south-1:435097195936:cluster/j-25K45YHBI7312",
  "ResponseMetadata": {
    "RequestId": "a265cba2-ce5b-425c-a221-3392b9d28c6a",
    "HTTPStatusCode": 200,
    "HTTPHeaders": {
      "x-amzn-requestid": "a265cba2-ce5b-425c-a221-3392b9d28c6a",
      "content-type": "application/x-amz-json-1.1",
      "content-length": "119",
      "date": "Thu, 23 Jul 2026 00:43:21 GMT"
    },
    "RetryAttempts": 0
  }
}
j-25K45YHBI7312 step s-03721203R3BUNBTJPFAM is PENDING
j-25K45YHBI7312 step s-03721203R3BUNBTJPFAM is PENDING
j-25K45YHBI7312 step s-03721203R3BUNBTJPFAM is PENDING
j-25K45YHBI7312 step s-03721203R3BUNBTJPFAM is PENDING
j-25K45YHBI7312 step s-03721203R3BUNBTJPFAM is PENDING
j-25K45YHBI7312 step s-03721203R3BUNBTJPFAM is PENDING
j-25K45YHBI7312 step s-03721203R3BUNBTJPFAM is PENDING
j-25K45YHBI7312 step s-03721203R3BUNBTJPFAM is PENDING
j-25K45YHBI7312 step s-03721203R3BUNBTJPFAM is RUNNING
j-25K45YHBI7312 step s-03721203R3BUNBTJPFAM is RUNNING
j-25K45YHBI7312 step s-03721203R3BUNBTJPFAM is COMPLETED
j-25K45YHBI7312 cluster is TERMINATING
j-25K45YHBI7312 cluster is TERMINATING
j-25K45YHBI7312 cluster is TERMINATING
j-25K45YHBI7312 cluster is TERMINATED
Saved io-heavy 100MB m5a.xlarge x 4 runtime=1.4084 min cost=$0.0104; cluster=TERMINATED
Starting 100MB io-heavy on m6i.xlarge x 2 in ap-south-1
{
  "JobFlowId": "j-TX5BX4J68JYM",
  "ClusterArn": "arn:aws:elasticmapreduce:ap-south-1:435097195936:cluster/j-TX5BX4J68JYM",
  "ResponseMetadata": {
    "RequestId": "e86f4297-8cf8-4b67-a5f0-3e9d2d3f437c",
    "HTTPStatusCode": 200,
    "HTTPHeaders": {
      "x-amzn-requestid": "e86f4297-8cf8-4b67-a5f0-3e9d2d3f437c",
      "content-type": "application/x-amz-json-1.1",
      "content-length": "117",
      "date": "Thu, 23 Jul 2026 00:49:56 GMT"
    },
    "RetryAttempts": 0
  }
}
j-TX5BX4J68JYM step s-05145701ORCABXQ2YMC9 is PENDING
j-TX5BX4J68JYM step s-05145701ORCABXQ2YMC9 is PENDING
j-TX5BX4J68JYM step s-05145701ORCABXQ2YMC9 is PENDING
j-TX5BX4J68JYM step s-05145701ORCABXQ2YMC9 is PENDING
j-TX5BX4J68JYM step s-05145701ORCABXQ2YMC9 is PENDING
j-TX5BX4J68JYM step s-05145701ORCABXQ2YMC9 is PENDING
j-TX5BX4J68JYM step s-05145701ORCABXQ2YMC9 is RUNNING
j-TX5BX4J68JYM step s-05145701ORCABXQ2YMC9 is RUNNING
j-TX5BX4J68JYM step s-05145701ORCABXQ2YMC9 is COMPLETED
j-TX5BX4J68JYM cluster is TERMINATING
j-TX5BX4J68JYM cluster is TERMINATING
j-TX5BX4J68JYM cluster is TERMINATED
Saved io-heavy 100MB m6i.xlarge x 2 runtime=0.8055 min cost=$0.0054; cluster=TERMINATED
Starting 100MB io-heavy on m6i.xlarge x 4 in ap-south-1
{
  "JobFlowId": "j-2U3YLQOFGTP6C",
  "ClusterArn": "arn:aws:elasticmapreduce:ap-south-1:435097195936:cluster/j-2U3YLQOFGTP6C",
  "ResponseMetadata": {
    "RequestId": "f49b9fa2-3a45-47e8-b277-f821f12d6a0a",
    "HTTPStatusCode": 200,
    "HTTPHeaders": {
      "x-amzn-requestid": "f49b9fa2-3a45-47e8-b277-f821f12d6a0a",
      "content-type": "application/x-amz-json-1.1",
      "content-length": "119",
      "date": "Thu, 23 Jul 2026 00:55:00 GMT"
    },
    "RetryAttempts": 0
  }
}
j-2U3YLQOFGTP6C step s-0803669WLVMIBW6EJWE is PENDING
j-2U3YLQOFGTP6C step s-0803669WLVMIBW6EJWE is PENDING
j-2U3YLQOFGTP6C step s-0803669WLVMIBW6EJWE is PENDING
j-2U3YLQOFGTP6C step s-0803669WLVMIBW6EJWE is PENDING
j-2U3YLQOFGTP6C step s-0803669WLVMIBW6EJWE is PENDING
j-2U3YLQOFGTP6C step s-0803669WLVMIBW6EJWE is PENDING
j-2U3YLQOFGTP6C step s-0803669WLVMIBW6EJWE is RUNNING
j-2U3YLQOFGTP6C step s-0803669WLVMIBW6EJWE is RUNNING
j-2U3YLQOFGTP6C step s-0803669WLVMIBW6EJWE is COMPLETED
j-2U3YLQOFGTP6C cluster is TERMINATING
j-2U3YLQOFGTP6C cluster is TERMINATING
j-2U3YLQOFGTP6C cluster is TERMINATED
Saved io-heavy 100MB m6i.xlarge x 4 runtime=0.9048 min cost=$0.0122; cluster=TERMINATED
Starting 100MB io-heavy on c5.xlarge x 2 in ap-south-1
{
  "JobFlowId": "j-3SAM24WNDA2OT",
  "ClusterArn": "arn:aws:elasticmapreduce:ap-south-1:435097195936:cluster/j-3SAM24WNDA2OT",
  "ResponseMetadata": {
    "RequestId": "a7bd9e97-0726-4e91-8546-a11f0071ef81",
    "HTTPStatusCode": 200,
    "HTTPHeaders": {
      "x-amzn-requestid": "a7bd9e97-0726-4e91-8546-a11f0071ef81",
      "content-type": "application/x-amz-json-1.1",
      "content-length": "119",
      "date": "Thu, 23 Jul 2026 01:00:04 GMT"
    },
    "RetryAttempts": 0
  }
}
j-3SAM24WNDA2OT step s-09105582ATIP3V3UAY87 is PENDING
j-3SAM24WNDA2OT step s-09105582ATIP3V3UAY87 is PENDING
j-3SAM24WNDA2OT step s-09105582ATIP3V3UAY87 is PENDING
j-3SAM24WNDA2OT step s-09105582ATIP3V3UAY87 is PENDING
j-3SAM24WNDA2OT step s-09105582ATIP3V3UAY87 is PENDING
j-3SAM24WNDA2OT step s-09105582ATIP3V3UAY87 is PENDING
j-3SAM24WNDA2OT step s-09105582ATIP3V3UAY87 is PENDING
j-3SAM24WNDA2OT step s-09105582ATIP3V3UAY87 is PENDING
j-3SAM24WNDA2OT step s-09105582ATIP3V3UAY87 is RUNNING
j-3SAM24WNDA2OT step s-09105582ATIP3V3UAY87 is COMPLETED
j-3SAM24WNDA2OT cluster is TERMINATING
j-3SAM24WNDA2OT cluster is TERMINATING
j-3SAM24WNDA2OT cluster is TERMINATED
Saved io-heavy 100MB c5.xlarge x 2 runtime=0.9054 min cost=$0.0051; cluster=TERMINATED
Starting 100MB io-heavy on c5.xlarge x 4 in ap-south-1
{
  "JobFlowId": "j-2RH74C9B06Z3F",
  "ClusterArn": "arn:aws:elasticmapreduce:ap-south-1:435097195936:cluster/j-2RH74C9B06Z3F",
  "ResponseMetadata": {
    "RequestId": "137ca5e9-0120-45c1-a6d3-32cef1aabac0",
    "HTTPStatusCode": 200,
    "HTTPHeaders": {
      "x-amzn-requestid": "137ca5e9-0120-45c1-a6d3-32cef1aabac0",
      "content-type": "application/x-amz-json-1.1",
      "content-length": "119",
      "date": "Thu, 23 Jul 2026 01:05:39 GMT"
    },
    "RetryAttempts": 0
  }
}
j-2RH74C9B06Z3F step s-0950139MJ8VWWTTML55 is PENDING
j-2RH74C9B06Z3F step s-0950139MJ8VWWTTML55 is PENDING
j-2RH74C9B06Z3F step s-0950139MJ8VWWTTML55 is PENDING
j-2RH74C9B06Z3F step s-0950139MJ8VWWTTML55 is PENDING
j-2RH74C9B06Z3F step s-0950139MJ8VWWTTML55 is PENDING
j-2RH74C9B06Z3F step s-0950139MJ8VWWTTML55 is PENDING
j-2RH74C9B06Z3F step s-0950139MJ8VWWTTML55 is PENDING
j-2RH74C9B06Z3F step s-0950139MJ8VWWTTML55 is PENDING
j-2RH74C9B06Z3F step s-0950139MJ8VWWTTML55 is RUNNING
j-2RH74C9B06Z3F step s-0950139MJ8VWWTTML55 is COMPLETED
j-2RH74C9B06Z3F cluster is TERMINATING
j-2RH74C9B06Z3F cluster is TERMINATING
j-2RH74C9B06Z3F cluster is TERMINATING
j-2RH74C9B06Z3F cluster is TERMINATED
Saved io-heavy 100MB c5.xlarge x 4 runtime=0.9052 min cost=$0.0103; cluster=TERMINATED
Starting 100MB io-heavy on c5a.xlarge x 2 in ap-south-1
{
  "JobFlowId": "j-2YG56I52361KT",
  "ClusterArn": "arn:aws:elasticmapreduce:ap-south-1:435097195936:cluster/j-2YG56I52361KT",
  "ResponseMetadata": {
    "RequestId": "d51b605b-09fb-45d8-9aa4-efc6b1f87438",
    "HTTPStatusCode": 200,
    "HTTPHeaders": {
      "x-amzn-requestid": "d51b605b-09fb-45d8-9aa4-efc6b1f87438",
      "content-type": "application/x-amz-json-1.1",
      "content-length": "119",
      "date": "Thu, 23 Jul 2026 01:11:43 GMT"
    },
    "RetryAttempts": 0
  }
}
j-2YG56I52361KT step s-00114333D3JZGQ94LQ9R is PENDING
j-2YG56I52361KT step s-00114333D3JZGQ94LQ9R is PENDING
j-2YG56I52361KT step s-00114333D3JZGQ94LQ9R is PENDING
j-2YG56I52361KT step s-00114333D3JZGQ94LQ9R is PENDING
j-2YG56I52361KT step s-00114333D3JZGQ94LQ9R is PENDING
j-2YG56I52361KT step s-00114333D3JZGQ94LQ9R is PENDING
j-2YG56I52361KT step s-00114333D3JZGQ94LQ9R is PENDING
j-2YG56I52361KT step s-00114333D3JZGQ94LQ9R is PENDING
j-2YG56I52361KT step s-00114333D3JZGQ94LQ9R is RUNNING
j-2YG56I52361KT step s-00114333D3JZGQ94LQ9R is COMPLETED
j-2YG56I52361KT cluster is TERMINATING
j-2YG56I52361KT cluster is TERMINATING
j-2YG56I52361KT cluster is TERMINATED
Saved io-heavy 100MB c5a.xlarge x 2 runtime=0.8384 min cost=$0.0026; cluster=TERMINATED
Starting 100MB io-heavy on c5a.xlarge x 4 in ap-south-1
{
  "JobFlowId": "j-12ZVPERLLWC2X",
  "ClusterArn": "arn:aws:elasticmapreduce:ap-south-1:435097195936:cluster/j-12ZVPERLLWC2X",
  "ResponseMetadata": {
    "RequestId": "695fdce3-2147-468e-8b06-4294132629ea",
    "HTTPStatusCode": 200,
    "HTTPHeaders": {
      "x-amzn-requestid": "695fdce3-2147-468e-8b06-4294132629ea",
      "content-type": "application/x-amz-json-1.1",
      "content-length": "119",
      "date": "Thu, 23 Jul 2026 01:17:18 GMT"
    },
    "RetryAttempts": 0
  }
}
j-12ZVPERLLWC2X step s-036747638VHPVR206FDJ is PENDING
j-12ZVPERLLWC2X step s-036747638VHPVR206FDJ is PENDING
j-12ZVPERLLWC2X step s-036747638VHPVR206FDJ is PENDING
j-12ZVPERLLWC2X step s-036747638VHPVR206FDJ is PENDING
j-12ZVPERLLWC2X step s-036747638VHPVR206FDJ is PENDING
j-12ZVPERLLWC2X step s-036747638VHPVR206FDJ is PENDING
j-12ZVPERLLWC2X step s-036747638VHPVR206FDJ is PENDING
j-12ZVPERLLWC2X step s-036747638VHPVR206FDJ is RUNNING
j-12ZVPERLLWC2X step s-036747638VHPVR206FDJ is RUNNING
j-12ZVPERLLWC2X step s-036747638VHPVR206FDJ is COMPLETED
j-12ZVPERLLWC2X cluster is TERMINATING
j-12ZVPERLLWC2X cluster is TERMINATING
j-12ZVPERLLWC2X cluster is TERMINATED
Saved io-heavy 100MB c5a.xlarge x 4 runtime=0.8409 min cost=$0.0053; cluster=TERMINATED
Starting 100MB io-heavy on c6i.xlarge x 2 in ap-south-1
{
  "JobFlowId": "j-18F1B82UVLIFY",
  "ClusterArn": "arn:aws:elasticmapreduce:ap-south-1:435097195936:cluster/j-18F1B82UVLIFY",
  "ResponseMetadata": {
    "RequestId": "b41aea75-dc2b-4cb5-bda9-1d3d13421e8f",
    "HTTPStatusCode": 200,
    "HTTPHeaders": {
      "x-amzn-requestid": "b41aea75-dc2b-4cb5-bda9-1d3d13421e8f",
      "content-type": "application/x-amz-json-1.1",
      "content-length": "119",
      "date": "Thu, 23 Jul 2026 01:22:52 GMT"
    },
    "RetryAttempts": 0
  }
}
j-18F1B82UVLIFY step s-0925930TFHXOCKOA98A is PENDING
j-18F1B82UVLIFY step s-0925930TFHXOCKOA98A is PENDING
j-18F1B82UVLIFY step s-0925930TFHXOCKOA98A is PENDING
j-18F1B82UVLIFY step s-0925930TFHXOCKOA98A is PENDING
j-18F1B82UVLIFY step s-0925930TFHXOCKOA98A is PENDING
j-18F1B82UVLIFY step s-0925930TFHXOCKOA98A is PENDING
j-18F1B82UVLIFY step s-0925930TFHXOCKOA98A is RUNNING
j-18F1B82UVLIFY step s-0925930TFHXOCKOA98A is RUNNING
j-18F1B82UVLIFY step s-0925930TFHXOCKOA98A is COMPLETED
j-18F1B82UVLIFY cluster is TERMINATING
j-18F1B82UVLIFY cluster is TERMINATING
j-18F1B82UVLIFY cluster is TERMINATED
Saved io-heavy 100MB c6i.xlarge x 2 runtime=0.7719 min cost=$0.0044; cluster=TERMINATED
Starting 100MB io-heavy on c6i.xlarge x 4 in ap-south-1
{
  "JobFlowId": "j-WW07GTVCMFS2",
  "ClusterArn": "arn:aws:elasticmapreduce:ap-south-1:435097195936:cluster/j-WW07GTVCMFS2",
  "ResponseMetadata": {
    "RequestId": "63b59b5a-054d-4ac2-81e5-b38fa331d7fb",
    "HTTPStatusCode": 200,
    "HTTPHeaders": {
      "x-amzn-requestid": "63b59b5a-054d-4ac2-81e5-b38fa331d7fb",
      "content-type": "application/x-amz-json-1.1",
      "content-length": "117",
      "date": "Thu, 23 Jul 2026 01:27:56 GMT"
    },
    "RetryAttempts": 0
  }
}
j-WW07GTVCMFS2 step s-093423028LBHYXBF0C73 is PENDING
j-WW07GTVCMFS2 step s-093423028LBHYXBF0C73 is PENDING
j-WW07GTVCMFS2 step s-093423028LBHYXBF0C73 is PENDING
j-WW07GTVCMFS2 step s-093423028LBHYXBF0C73 is PENDING
j-WW07GTVCMFS2 step s-093423028LBHYXBF0C73 is PENDING
j-WW07GTVCMFS2 step s-093423028LBHYXBF0C73 is PENDING
j-WW07GTVCMFS2 step s-093423028LBHYXBF0C73 is PENDING
j-WW07GTVCMFS2 step s-093423028LBHYXBF0C73 is RUNNING
j-WW07GTVCMFS2 step s-093423028LBHYXBF0C73 is COMPLETED
j-WW07GTVCMFS2 cluster is TERMINATING
j-WW07GTVCMFS2 cluster is TERMINATING
j-WW07GTVCMFS2 cluster is TERMINATING
j-WW07GTVCMFS2 cluster is TERMINATED
Saved io-heavy 100MB c6i.xlarge x 4 runtime=0.8052 min cost=$0.0091; cluster=TERMINATED
Starting 500MB cpu-heavy on m5a.xlarge x 2 in ap-south-1
{
  "JobFlowId": "j-1M191E46LLBNB",
  "ClusterArn": "arn:aws:elasticmapreduce:ap-south-1:435097195936:cluster/j-1M191E46LLBNB",
  "ResponseMetadata": {
    "RequestId": "264c4ebf-09bd-4199-82ab-1799128ba96e",
    "HTTPStatusCode": 200,
    "HTTPHeaders": {
      "x-amzn-requestid": "264c4ebf-09bd-4199-82ab-1799128ba96e",
      "content-type": "application/x-amz-json-1.1",
      "content-length": "119",
      "date": "Thu, 23 Jul 2026 01:33:30 GMT"
    },
    "RetryAttempts": 0
  }
}
j-1M191E46LLBNB step s-037212739UALJYZT96ZR is PENDING
j-1M191E46LLBNB step s-037212739UALJYZT96ZR is PENDING
j-1M191E46LLBNB step s-037212739UALJYZT96ZR is PENDING
j-1M191E46LLBNB step s-037212739UALJYZT96ZR is PENDING
j-1M191E46LLBNB step s-037212739UALJYZT96ZR is PENDING
j-1M191E46LLBNB step s-037212739UALJYZT96ZR is PENDING
j-1M191E46LLBNB step s-037212739UALJYZT96ZR is PENDING
j-1M191E46LLBNB step s-037212739UALJYZT96ZR is PENDING
j-1M191E46LLBNB step s-037212739UALJYZT96ZR is PENDING
j-1M191E46LLBNB step s-037212739UALJYZT96ZR is RUNNING
j-1M191E46LLBNB step s-037212739UALJYZT96ZR is RUNNING
j-1M191E46LLBNB step s-037212739UALJYZT96ZR is RUNNING
j-1M191E46LLBNB step s-037212739UALJYZT96ZR is COMPLETED
j-1M191E46LLBNB cluster is TERMINATING
j-1M191E46LLBNB cluster is TERMINATED
Saved cpu-heavy 500MB m5a.xlarge x 2 runtime=1.6081 min cost=$0.0060; cluster=TERMINATED
Starting 500MB cpu-heavy on m5a.xlarge x 4 in ap-south-1
{
  "JobFlowId": "j-2QX5EIG6KTEJQ",
  "ClusterArn": "arn:aws:elasticmapreduce:ap-south-1:435097195936:cluster/j-2QX5EIG6KTEJQ",
  "ResponseMetadata": {
    "RequestId": "8f710a6a-407b-411f-a1ad-6db915fb5458",
    "HTTPStatusCode": 200,
    "HTTPHeaders": {
      "x-amzn-requestid": "8f710a6a-407b-411f-a1ad-6db915fb5458",
      "content-type": "application/x-amz-json-1.1",
      "content-length": "119",
      "date": "Thu, 23 Jul 2026 01:40:05 GMT"
    },
    "RetryAttempts": 0
  }
}
j-2QX5EIG6KTEJQ step s-03497863AJZ9RPWCLNKC is PENDING
j-2QX5EIG6KTEJQ step s-03497863AJZ9RPWCLNKC is PENDING
j-2QX5EIG6KTEJQ step s-03497863AJZ9RPWCLNKC is PENDING
j-2QX5EIG6KTEJQ step s-03497863AJZ9RPWCLNKC is PENDING
j-2QX5EIG6KTEJQ step s-03497863AJZ9RPWCLNKC is PENDING
j-2QX5EIG6KTEJQ step s-03497863AJZ9RPWCLNKC is PENDING
j-2QX5EIG6KTEJQ step s-03497863AJZ9RPWCLNKC is PENDING
j-2QX5EIG6KTEJQ step s-03497863AJZ9RPWCLNKC is PENDING
j-2QX5EIG6KTEJQ step s-03497863AJZ9RPWCLNKC is RUNNING
j-2QX5EIG6KTEJQ step s-03497863AJZ9RPWCLNKC is RUNNING
j-2QX5EIG6KTEJQ step s-03497863AJZ9RPWCLNKC is RUNNING
j-2QX5EIG6KTEJQ step s-03497863AJZ9RPWCLNKC is COMPLETED
j-2QX5EIG6KTEJQ cluster is TERMINATING
j-2QX5EIG6KTEJQ cluster is TERMINATING
j-2QX5EIG6KTEJQ cluster is TERMINATED
Saved cpu-heavy 500MB m5a.xlarge x 4 runtime=1.5415 min cost=$0.0114; cluster=TERMINATED
Starting 500MB cpu-heavy on m6i.xlarge x 2 in ap-south-1
{
  "JobFlowId": "j-2TCT7E6N61LK3",
  "ClusterArn": "arn:aws:elasticmapreduce:ap-south-1:435097195936:cluster/j-2TCT7E6N61LK3",
  "ResponseMetadata": {
    "RequestId": "4ce8deb6-fda5-4d8d-b387-12e3308bb9c8",
    "HTTPStatusCode": 200,
    "HTTPHeaders": {
      "x-amzn-requestid": "4ce8deb6-fda5-4d8d-b387-12e3308bb9c8",
      "content-type": "application/x-amz-json-1.1",
      "content-length": "119",
      "date": "Thu, 23 Jul 2026 01:46:41 GMT"
    },
    "RetryAttempts": 0
  }
}
j-2TCT7E6N61LK3 step s-037090625DCSEYONPVAK is PENDING
j-2TCT7E6N61LK3 step s-037090625DCSEYONPVAK is PENDING
j-2TCT7E6N61LK3 step s-037090625DCSEYONPVAK is PENDING
j-2TCT7E6N61LK3 step s-037090625DCSEYONPVAK is PENDING
j-2TCT7E6N61LK3 step s-037090625DCSEYONPVAK is PENDING
j-2TCT7E6N61LK3 step s-037090625DCSEYONPVAK is PENDING
j-2TCT7E6N61LK3 step s-037090625DCSEYONPVAK is RUNNING
j-2TCT7E6N61LK3 step s-037090625DCSEYONPVAK is RUNNING
j-2TCT7E6N61LK3 step s-037090625DCSEYONPVAK is COMPLETED
j-2TCT7E6N61LK3 cluster is TERMINATING
j-2TCT7E6N61LK3 cluster is TERMINATING
j-2TCT7E6N61LK3 cluster is TERMINATED
Saved cpu-heavy 500MB m6i.xlarge x 2 runtime=0.9722 min cost=$0.0065; cluster=TERMINATED
Starting 500MB cpu-heavy on m6i.xlarge x 4 in ap-south-1
{
  "JobFlowId": "j-1FL4N1G22LNUK",
  "ClusterArn": "arn:aws:elasticmapreduce:ap-south-1:435097195936:cluster/j-1FL4N1G22LNUK",
  "ResponseMetadata": {
    "RequestId": "a4f86c5e-b7ef-49ee-87b7-1a1a6e8d723f",
    "HTTPStatusCode": 200,
    "HTTPHeaders": {
      "x-amzn-requestid": "a4f86c5e-b7ef-49ee-87b7-1a1a6e8d723f",
      "content-type": "application/x-amz-json-1.1",
      "content-length": "119",
      "date": "Thu, 23 Jul 2026 01:51:46 GMT"
    },
    "RetryAttempts": 0
  }
}
j-1FL4N1G22LNUK step s-09411901GXIPI5SRQX0A is PENDING
j-1FL4N1G22LNUK step s-09411901GXIPI5SRQX0A is PENDING
j-1FL4N1G22LNUK step s-09411901GXIPI5SRQX0A is PENDING
j-1FL4N1G22LNUK step s-09411901GXIPI5SRQX0A is PENDING
j-1FL4N1G22LNUK step s-09411901GXIPI5SRQX0A is PENDING
j-1FL4N1G22LNUK step s-09411901GXIPI5SRQX0A is PENDING
j-1FL4N1G22LNUK step s-09411901GXIPI5SRQX0A is PENDING
j-1FL4N1G22LNUK step s-09411901GXIPI5SRQX0A is RUNNING
j-1FL4N1G22LNUK step s-09411901GXIPI5SRQX0A is RUNNING
j-1FL4N1G22LNUK step s-09411901GXIPI5SRQX0A is COMPLETED
j-1FL4N1G22LNUK cluster is TERMINATING
j-1FL4N1G22LNUK cluster is TERMINATING
j-1FL4N1G22LNUK cluster is TERMINATING
j-1FL4N1G22LNUK cluster is TERMINATED
Saved cpu-heavy 500MB m6i.xlarge x 4 runtime=0.9723 min cost=$0.0131; cluster=TERMINATED
Starting 500MB cpu-heavy on c5.xlarge x 2 in ap-south-1
{
  "JobFlowId": "j-37CJO2WLXKQ1R",
  "ClusterArn": "arn:aws:elasticmapreduce:ap-south-1:435097195936:cluster/j-37CJO2WLXKQ1R",
  "ResponseMetadata": {
    "RequestId": "d7f9f8f6-fbc8-4353-acd6-5d8b0e5428a1",
    "HTTPStatusCode": 200,
    "HTTPHeaders": {
      "x-amzn-requestid": "d7f9f8f6-fbc8-4353-acd6-5d8b0e5428a1",
      "content-type": "application/x-amz-json-1.1",
      "content-length": "119",
      "date": "Thu, 23 Jul 2026 01:57:51 GMT"
    },
    "RetryAttempts": 0
  }
}
j-37CJO2WLXKQ1R step s-00323583OB6SYO3LEIHZ is PENDING
j-37CJO2WLXKQ1R step s-00323583OB6SYO3LEIHZ is PENDING
j-37CJO2WLXKQ1R step s-00323583OB6SYO3LEIHZ is PENDING
j-37CJO2WLXKQ1R step s-00323583OB6SYO3LEIHZ is PENDING
j-37CJO2WLXKQ1R step s-00323583OB6SYO3LEIHZ is PENDING
j-37CJO2WLXKQ1R step s-00323583OB6SYO3LEIHZ is PENDING
j-37CJO2WLXKQ1R step s-00323583OB6SYO3LEIHZ is PENDING
j-37CJO2WLXKQ1R step s-00323583OB6SYO3LEIHZ is RUNNING
j-37CJO2WLXKQ1R step s-00323583OB6SYO3LEIHZ is RUNNING
j-37CJO2WLXKQ1R step s-00323583OB6SYO3LEIHZ is COMPLETED
j-37CJO2WLXKQ1R cluster is TERMINATING
j-37CJO2WLXKQ1R cluster is TERMINATING
j-37CJO2WLXKQ1R cluster is TERMINATED
Saved cpu-heavy 500MB c5.xlarge x 2 runtime=1.1393 min cost=$0.0065; cluster=TERMINATED
Starting 500MB cpu-heavy on c5.xlarge x 4 in ap-south-1
{
  "JobFlowId": "j-2ZDS9W6SNKNYW",
  "ClusterArn": "arn:aws:elasticmapreduce:ap-south-1:435097195936:cluster/j-2ZDS9W6SNKNYW",
  "ResponseMetadata": {
    "RequestId": "c162bcff-5fbc-4e1c-977c-fe305d4117cb",
    "HTTPStatusCode": 200,
    "HTTPHeaders": {
      "x-amzn-requestid": "c162bcff-5fbc-4e1c-977c-fe305d4117cb",
      "content-type": "application/x-amz-json-1.1",
      "content-length": "119",
      "date": "Thu, 23 Jul 2026 02:03:26 GMT"
    },
    "RetryAttempts": 0
  }
}
j-2ZDS9W6SNKNYW step s-081409736CNBEJ7XGU1E is PENDING
j-2ZDS9W6SNKNYW step s-081409736CNBEJ7XGU1E is PENDING
j-2ZDS9W6SNKNYW step s-081409736CNBEJ7XGU1E is PENDING
j-2ZDS9W6SNKNYW step s-081409736CNBEJ7XGU1E is PENDING
j-2ZDS9W6SNKNYW step s-081409736CNBEJ7XGU1E is PENDING
j-2ZDS9W6SNKNYW step s-081409736CNBEJ7XGU1E is PENDING
j-2ZDS9W6SNKNYW step s-081409736CNBEJ7XGU1E is PENDING
j-2ZDS9W6SNKNYW step s-081409736CNBEJ7XGU1E is PENDING
j-2ZDS9W6SNKNYW step s-081409736CNBEJ7XGU1E is RUNNING
j-2ZDS9W6SNKNYW step s-081409736CNBEJ7XGU1E is RUNNING
j-2ZDS9W6SNKNYW step s-081409736CNBEJ7XGU1E is COMPLETED
j-2ZDS9W6SNKNYW cluster is TERMINATING
j-2ZDS9W6SNKNYW cluster is TERMINATED
Saved cpu-heavy 500MB c5.xlarge x 4 runtime=0.9728 min cost=$0.0110; cluster=TERMINATED
Starting 500MB cpu-heavy on c5a.xlarge x 2 in ap-south-1
{
  "JobFlowId": "j-1FYPL7EOQ5G31",
  "ClusterArn": "arn:aws:elasticmapreduce:ap-south-1:435097195936:cluster/j-1FYPL7EOQ5G31",
  "ResponseMetadata": {
    "RequestId": "46e0e498-e660-47fa-8c49-aef83bbdd84e",
    "HTTPStatusCode": 200,
    "HTTPHeaders": {
      "x-amzn-requestid": "46e0e498-e660-47fa-8c49-aef83bbdd84e",
      "content-type": "application/x-amz-json-1.1",
      "content-length": "119",
      "date": "Thu, 23 Jul 2026 02:09:00 GMT"
    },
    "RetryAttempts": 0
  }
}
j-1FYPL7EOQ5G31 step s-0393043R3LM046BEKU5 is PENDING
j-1FYPL7EOQ5G31 step s-0393043R3LM046BEKU5 is PENDING
j-1FYPL7EOQ5G31 step s-0393043R3LM046BEKU5 is PENDING
j-1FYPL7EOQ5G31 step s-0393043R3LM046BEKU5 is PENDING
j-1FYPL7EOQ5G31 step s-0393043R3LM046BEKU5 is PENDING
j-1FYPL7EOQ5G31 step s-0393043R3LM046BEKU5 is PENDING
j-1FYPL7EOQ5G31 step s-0393043R3LM046BEKU5 is PENDING
j-1FYPL7EOQ5G31 step s-0393043R3LM046BEKU5 is RUNNING
j-1FYPL7EOQ5G31 step s-0393043R3LM046BEKU5 is RUNNING
j-1FYPL7EOQ5G31 step s-0393043R3LM046BEKU5 is COMPLETED
j-1FYPL7EOQ5G31 cluster is TERMINATING
j-1FYPL7EOQ5G31 cluster is TERMINATING
j-1FYPL7EOQ5G31 cluster is TERMINATED
Saved cpu-heavy 500MB c5a.xlarge x 2 runtime=1.1055 min cost=$0.0035; cluster=TERMINATED
Starting 500MB cpu-heavy on c5a.xlarge x 4 in ap-south-1
{
  "JobFlowId": "j-U6S18G1HVTZZ",
  "ClusterArn": "arn:aws:elasticmapreduce:ap-south-1:435097195936:cluster/j-U6S18G1HVTZZ",
  "ResponseMetadata": {
    "RequestId": "d61232ad-dede-47eb-8686-5898ae8d63f4",
    "HTTPStatusCode": 200,
    "HTTPHeaders": {
      "x-amzn-requestid": "d61232ad-dede-47eb-8686-5898ae8d63f4",
      "content-type": "application/x-amz-json-1.1",
      "content-length": "117",
      "date": "Thu, 23 Jul 2026 02:14:35 GMT"
    },
    "RetryAttempts": 0
  }
}
j-U6S18G1HVTZZ step s-05246252H1Y6WTV6GE4R is PENDING
j-U6S18G1HVTZZ step s-05246252H1Y6WTV6GE4R is PENDING
j-U6S18G1HVTZZ step s-05246252H1Y6WTV6GE4R is PENDING
j-U6S18G1HVTZZ step s-05246252H1Y6WTV6GE4R is PENDING
j-U6S18G1HVTZZ step s-05246252H1Y6WTV6GE4R is PENDING
j-U6S18G1HVTZZ step s-05246252H1Y6WTV6GE4R is PENDING
j-U6S18G1HVTZZ step s-05246252H1Y6WTV6GE4R is RUNNING
j-U6S18G1HVTZZ step s-05246252H1Y6WTV6GE4R is RUNNING
j-U6S18G1HVTZZ step s-05246252H1Y6WTV6GE4R is COMPLETED
j-U6S18G1HVTZZ cluster is TERMINATING
j-U6S18G1HVTZZ cluster is TERMINATING
j-U6S18G1HVTZZ cluster is TERMINATED
Saved cpu-heavy 500MB c5a.xlarge x 4 runtime=0.9056 min cost=$0.0057; cluster=TERMINATED
Starting 500MB cpu-heavy on c6i.xlarge x 2 in ap-south-1
{
  "JobFlowId": "j-1PMAHK5LS1UB0",
  "ClusterArn": "arn:aws:elasticmapreduce:ap-south-1:435097195936:cluster/j-1PMAHK5LS1UB0",
  "ResponseMetadata": {
    "RequestId": "2d1a28ed-6bcd-4138-b798-28aeee02cad8",
    "HTTPStatusCode": 200,
    "HTTPHeaders": {
      "x-amzn-requestid": "2d1a28ed-6bcd-4138-b798-28aeee02cad8",
      "content-type": "application/x-amz-json-1.1",
      "content-length": "119",
      "date": "Thu, 23 Jul 2026 02:19:39 GMT"
    },
    "RetryAttempts": 0
  }
}
j-1PMAHK5LS1UB0 step s-034883816KBMTTARGBNR is PENDING
j-1PMAHK5LS1UB0 step s-034883816KBMTTARGBNR is PENDING
j-1PMAHK5LS1UB0 step s-034883816KBMTTARGBNR is PENDING
j-1PMAHK5LS1UB0 step s-034883816KBMTTARGBNR is PENDING
j-1PMAHK5LS1UB0 step s-034883816KBMTTARGBNR is PENDING
j-1PMAHK5LS1UB0 step s-034883816KBMTTARGBNR is PENDING
j-1PMAHK5LS1UB0 step s-034883816KBMTTARGBNR is RUNNING
j-1PMAHK5LS1UB0 step s-034883816KBMTTARGBNR is RUNNING
j-1PMAHK5LS1UB0 step s-034883816KBMTTARGBNR is COMPLETED
j-1PMAHK5LS1UB0 cluster is TERMINATING
j-1PMAHK5LS1UB0 cluster is TERMINATING
j-1PMAHK5LS1UB0 cluster is TERMINATED
Saved cpu-heavy 500MB c6i.xlarge x 2 runtime=1.0046 min cost=$0.0057; cluster=TERMINATED
Starting 500MB cpu-heavy on c6i.xlarge x 4 in ap-south-1
{
  "JobFlowId": "j-208WMKHYX7T5L",
  "ClusterArn": "arn:aws:elasticmapreduce:ap-south-1:435097195936:cluster/j-208WMKHYX7T5L",
  "ResponseMetadata": {
    "RequestId": "c4652f1d-a001-459d-a06c-24684d46a614",
    "HTTPStatusCode": 200,
    "HTTPHeaders": {
      "x-amzn-requestid": "c4652f1d-a001-459d-a06c-24684d46a614",
      "content-type": "application/x-amz-json-1.1",
      "content-length": "119",
      "date": "Thu, 23 Jul 2026 02:24:43 GMT"
    },
    "RetryAttempts": 0
  }
}
j-208WMKHYX7T5L step s-05976793DL6EGI48G39V is PENDING
j-208WMKHYX7T5L step s-05976793DL6EGI48G39V is PENDING
j-208WMKHYX7T5L step s-05976793DL6EGI48G39V is PENDING
j-208WMKHYX7T5L step s-05976793DL6EGI48G39V is PENDING
j-208WMKHYX7T5L step s-05976793DL6EGI48G39V is PENDING
j-208WMKHYX7T5L step s-05976793DL6EGI48G39V is PENDING
j-208WMKHYX7T5L step s-05976793DL6EGI48G39V is RUNNING
j-208WMKHYX7T5L step s-05976793DL6EGI48G39V is RUNNING
j-208WMKHYX7T5L step s-05976793DL6EGI48G39V is COMPLETED
j-208WMKHYX7T5L cluster is TERMINATING
j-208WMKHYX7T5L cluster is TERMINATING
j-208WMKHYX7T5L cluster is TERMINATED
Saved cpu-heavy 500MB c6i.xlarge x 4 runtime=1.0721 min cost=$0.0121; cluster=TERMINATED
Starting 500MB memory-heavy on m5a.xlarge x 2 in ap-south-1
{
  "JobFlowId": "j-2BINWYVL6WVUQ",
  "ClusterArn": "arn:aws:elasticmapreduce:ap-south-1:435097195936:cluster/j-2BINWYVL6WVUQ",
  "ResponseMetadata": {
    "RequestId": "403aa92a-c6ee-4c49-b10c-b1449156d506",
    "HTTPStatusCode": 200,
    "HTTPHeaders": {
      "x-amzn-requestid": "403aa92a-c6ee-4c49-b10c-b1449156d506",
      "content-type": "application/x-amz-json-1.1",
      "content-length": "119",
      "date": "Thu, 23 Jul 2026 02:29:47 GMT"
    },
    "RetryAttempts": 0
  }
}
j-2BINWYVL6WVUQ step s-061478034YCO0YUL9LOO is PENDING
j-2BINWYVL6WVUQ step s-061478034YCO0YUL9LOO is PENDING
j-2BINWYVL6WVUQ step s-061478034YCO0YUL9LOO is PENDING
j-2BINWYVL6WVUQ step s-061478034YCO0YUL9LOO is PENDING
j-2BINWYVL6WVUQ step s-061478034YCO0YUL9LOO is PENDING
j-2BINWYVL6WVUQ step s-061478034YCO0YUL9LOO is PENDING
j-2BINWYVL6WVUQ step s-061478034YCO0YUL9LOO is PENDING
j-2BINWYVL6WVUQ step s-061478034YCO0YUL9LOO is PENDING
j-2BINWYVL6WVUQ step s-061478034YCO0YUL9LOO is PENDING
j-2BINWYVL6WVUQ step s-061478034YCO0YUL9LOO is RUNNING
j-2BINWYVL6WVUQ step s-061478034YCO0YUL9LOO is RUNNING
j-2BINWYVL6WVUQ step s-061478034YCO0YUL9LOO is RUNNING
j-2BINWYVL6WVUQ step s-061478034YCO0YUL9LOO is COMPLETED
j-2BINWYVL6WVUQ cluster is TERMINATING
j-2BINWYVL6WVUQ cluster is TERMINATED
Saved memory-heavy 500MB m5a.xlarge x 2 runtime=1.8092 min cost=$0.0067; cluster=TERMINATED
Starting 500MB memory-heavy on m5a.xlarge x 4 in ap-south-1
{
  "JobFlowId": "j-12I7LAA1QKE6Y",
  "ClusterArn": "arn:aws:elasticmapreduce:ap-south-1:435097195936:cluster/j-12I7LAA1QKE6Y",
  "ResponseMetadata": {
    "RequestId": "0f3d367a-ab73-478b-9cbf-28354872377b",
    "HTTPStatusCode": 200,
    "HTTPHeaders": {
      "x-amzn-requestid": "0f3d367a-ab73-478b-9cbf-28354872377b",
      "content-type": "application/x-amz-json-1.1",
      "content-length": "119",
      "date": "Thu, 23 Jul 2026 02:36:22 GMT"
    },
    "RetryAttempts": 0
  }
}
j-12I7LAA1QKE6Y step s-07724352TO55W6H4AX19 is PENDING
j-12I7LAA1QKE6Y step s-07724352TO55W6H4AX19 is PENDING
j-12I7LAA1QKE6Y step s-07724352TO55W6H4AX19 is PENDING
j-12I7LAA1QKE6Y step s-07724352TO55W6H4AX19 is PENDING
j-12I7LAA1QKE6Y step s-07724352TO55W6H4AX19 is PENDING
j-12I7LAA1QKE6Y step s-07724352TO55W6H4AX19 is PENDING
j-12I7LAA1QKE6Y step s-07724352TO55W6H4AX19 is PENDING
j-12I7LAA1QKE6Y step s-07724352TO55W6H4AX19 is PENDING
j-12I7LAA1QKE6Y step s-07724352TO55W6H4AX19 is PENDING
j-12I7LAA1QKE6Y step s-07724352TO55W6H4AX19 is PENDING
j-12I7LAA1QKE6Y step s-07724352TO55W6H4AX19 is RUNNING
j-12I7LAA1QKE6Y step s-07724352TO55W6H4AX19 is RUNNING
j-12I7LAA1QKE6Y step s-07724352TO55W6H4AX19 is RUNNING
j-12I7LAA1QKE6Y step s-07724352TO55W6H4AX19 is COMPLETED
j-12I7LAA1QKE6Y cluster is TERMINATING
j-12I7LAA1QKE6Y cluster is TERMINATING
j-12I7LAA1QKE6Y cluster is TERMINATING
j-12I7LAA1QKE6Y cluster is TERMINATED
Saved memory-heavy 500MB m5a.xlarge x 4 runtime=1.6768 min cost=$0.0124; cluster=TERMINATED
Starting 500MB memory-heavy on m6i.xlarge x 2 in ap-south-1
{
  "JobFlowId": "j-22HZZJPA1B209",
  "ClusterArn": "arn:aws:elasticmapreduce:ap-south-1:435097195936:cluster/j-22HZZJPA1B209",
  "ResponseMetadata": {
    "RequestId": "c5b5ed95-3faf-416d-8ffd-a3afd10260d6",
    "HTTPStatusCode": 200,
    "HTTPHeaders": {
      "x-amzn-requestid": "c5b5ed95-3faf-416d-8ffd-a3afd10260d6",
      "content-type": "application/x-amz-json-1.1",
      "content-length": "119",
      "date": "Thu, 23 Jul 2026 02:44:30 GMT"
    },
    "RetryAttempts": 0
  }
}
j-22HZZJPA1B209 step s-0927891FX3YFK1WA2GD is PENDING
j-22HZZJPA1B209 step s-0927891FX3YFK1WA2GD is PENDING
j-22HZZJPA1B209 step s-0927891FX3YFK1WA2GD is PENDING
j-22HZZJPA1B209 step s-0927891FX3YFK1WA2GD is PENDING
j-22HZZJPA1B209 step s-0927891FX3YFK1WA2GD is PENDING
j-22HZZJPA1B209 step s-0927891FX3YFK1WA2GD is PENDING
j-22HZZJPA1B209 step s-0927891FX3YFK1WA2GD is PENDING
j-22HZZJPA1B209 step s-0927891FX3YFK1WA2GD is PENDING
j-22HZZJPA1B209 step s-0927891FX3YFK1WA2GD is RUNNING
j-22HZZJPA1B209 step s-0927891FX3YFK1WA2GD is RUNNING
j-22HZZJPA1B209 step s-0927891FX3YFK1WA2GD is COMPLETED
j-22HZZJPA1B209 cluster is TERMINATING
j-22HZZJPA1B209 cluster is TERMINATED
Saved memory-heavy 500MB m6i.xlarge x 2 runtime=1.0061 min cost=$0.0068; cluster=TERMINATED
Starting 500MB memory-heavy on m6i.xlarge x 4 in ap-south-1
{
  "JobFlowId": "j-2ATWIQR1GHJP6",
  "ClusterArn": "arn:aws:elasticmapreduce:ap-south-1:435097195936:cluster/j-2ATWIQR1GHJP6",
  "ResponseMetadata": {
    "RequestId": "695e6fb8-218c-4335-8b59-a7ff3e8bf44b",
    "HTTPStatusCode": 200,
    "HTTPHeaders": {
      "x-amzn-requestid": "695e6fb8-218c-4335-8b59-a7ff3e8bf44b",
      "content-type": "application/x-amz-json-1.1",
      "content-length": "119",
      "date": "Thu, 23 Jul 2026 02:50:05 GMT"
    },
    "RetryAttempts": 0
  }
}
j-2ATWIQR1GHJP6 step s-03716187SI5UFABAXBE is PENDING
j-2ATWIQR1GHJP6 step s-03716187SI5UFABAXBE is PENDING
j-2ATWIQR1GHJP6 step s-03716187SI5UFABAXBE is PENDING
j-2ATWIQR1GHJP6 step s-03716187SI5UFABAXBE is PENDING
j-2ATWIQR1GHJP6 step s-03716187SI5UFABAXBE is PENDING
j-2ATWIQR1GHJP6 step s-03716187SI5UFABAXBE is PENDING
j-2ATWIQR1GHJP6 step s-03716187SI5UFABAXBE is PENDING
j-2ATWIQR1GHJP6 step s-03716187SI5UFABAXBE is RUNNING
j-2ATWIQR1GHJP6 step s-03716187SI5UFABAXBE is RUNNING
j-2ATWIQR1GHJP6 step s-03716187SI5UFABAXBE is COMPLETED
j-2ATWIQR1GHJP6 cluster is TERMINATING
j-2ATWIQR1GHJP6 cluster is TERMINATED
Saved memory-heavy 500MB m6i.xlarge x 4 runtime=1.0392 min cost=$0.0140; cluster=TERMINATED
Starting 500MB memory-heavy on c5.xlarge x 2 in ap-south-1
{
  "JobFlowId": "j-1S10P2HCUQ4EP",
  "ClusterArn": "arn:aws:elasticmapreduce:ap-south-1:435097195936:cluster/j-1S10P2HCUQ4EP",
  "ResponseMetadata": {
    "RequestId": "22d07ec6-9d2d-4cdc-b4b4-08db8941994d",
    "HTTPStatusCode": 200,
    "HTTPHeaders": {
      "x-amzn-requestid": "22d07ec6-9d2d-4cdc-b4b4-08db8941994d",
      "content-type": "application/x-amz-json-1.1",
      "content-length": "119",
      "date": "Thu, 23 Jul 2026 02:55:09 GMT"
    },
    "RetryAttempts": 0
  }
}
j-1S10P2HCUQ4EP step s-010174333W7ESQA0TV86 is PENDING
j-1S10P2HCUQ4EP step s-010174333W7ESQA0TV86 is PENDING
j-1S10P2HCUQ4EP step s-010174333W7ESQA0TV86 is PENDING
j-1S10P2HCUQ4EP step s-010174333W7ESQA0TV86 is PENDING
j-1S10P2HCUQ4EP step s-010174333W7ESQA0TV86 is PENDING
j-1S10P2HCUQ4EP step s-010174333W7ESQA0TV86 is PENDING
j-1S10P2HCUQ4EP step s-010174333W7ESQA0TV86 is PENDING
j-1S10P2HCUQ4EP step s-010174333W7ESQA0TV86 is RUNNING
j-1S10P2HCUQ4EP step s-010174333W7ESQA0TV86 is RUNNING
j-1S10P2HCUQ4EP step s-010174333W7ESQA0TV86 is RUNNING
j-1S10P2HCUQ4EP step s-010174333W7ESQA0TV86 is COMPLETED
j-1S10P2HCUQ4EP cluster is TERMINATING
j-1S10P2HCUQ4EP cluster is TERMINATING
j-1S10P2HCUQ4EP cluster is TERMINATED
Saved memory-heavy 500MB c5.xlarge x 2 runtime=1.3722 min cost=$0.0078; cluster=TERMINATED
Starting 500MB memory-heavy on c5.xlarge x 4 in ap-south-1
{
  "JobFlowId": "j-37QC8TTVZKYF1",
  "ClusterArn": "arn:aws:elasticmapreduce:ap-south-1:435097195936:cluster/j-37QC8TTVZKYF1",
  "ResponseMetadata": {
    "RequestId": "4c90e9dc-77fd-49a8-af06-91b5b908c9bc",
    "HTTPStatusCode": 200,
    "HTTPHeaders": {
      "x-amzn-requestid": "4c90e9dc-77fd-49a8-af06-91b5b908c9bc",
      "content-type": "application/x-amz-json-1.1",
      "content-length": "119",
      "date": "Thu, 23 Jul 2026 03:01:15 GMT"
    },
    "RetryAttempts": 0
  }
}
j-37QC8TTVZKYF1 step s-04429371EO6U01XIQSQO is PENDING
j-37QC8TTVZKYF1 step s-04429371EO6U01XIQSQO is PENDING
j-37QC8TTVZKYF1 step s-04429371EO6U01XIQSQO is PENDING
j-37QC8TTVZKYF1 step s-04429371EO6U01XIQSQO is PENDING
j-37QC8TTVZKYF1 step s-04429371EO6U01XIQSQO is PENDING
j-37QC8TTVZKYF1 step s-04429371EO6U01XIQSQO is PENDING
j-37QC8TTVZKYF1 step s-04429371EO6U01XIQSQO is PENDING
j-37QC8TTVZKYF1 step s-04429371EO6U01XIQSQO is PENDING
j-37QC8TTVZKYF1 step s-04429371EO6U01XIQSQO is RUNNING
j-37QC8TTVZKYF1 step s-04429371EO6U01XIQSQO is RUNNING
j-37QC8TTVZKYF1 step s-04429371EO6U01XIQSQO is COMPLETED
j-37QC8TTVZKYF1 cluster is TERMINATING
j-37QC8TTVZKYF1 cluster is TERMINATED
Saved memory-heavy 500MB c5.xlarge x 4 runtime=1.1727 min cost=$0.0133; cluster=TERMINATED
Starting 500MB memory-heavy on c5a.xlarge x 2 in ap-south-1
{
  "JobFlowId": "j-5TI5TT53J6DC",
  "ClusterArn": "arn:aws:elasticmapreduce:ap-south-1:435097195936:cluster/j-5TI5TT53J6DC",
  "ResponseMetadata": {
    "RequestId": "86372183-88eb-4dc4-b22d-c10f4f1d0862",
    "HTTPStatusCode": 200,
    "HTTPHeaders": {
      "x-amzn-requestid": "86372183-88eb-4dc4-b22d-c10f4f1d0862",
      "content-type": "application/x-amz-json-1.1",
      "content-length": "117",
      "date": "Thu, 23 Jul 2026 03:06:49 GMT"
    },
    "RetryAttempts": 0
  }
}
j-5TI5TT53J6DC step s-037111934SZBTCTIVGH9 is PENDING
j-5TI5TT53J6DC step s-037111934SZBTCTIVGH9 is PENDING
j-5TI5TT53J6DC step s-037111934SZBTCTIVGH9 is PENDING
j-5TI5TT53J6DC step s-037111934SZBTCTIVGH9 is PENDING
j-5TI5TT53J6DC step s-037111934SZBTCTIVGH9 is PENDING
j-5TI5TT53J6DC step s-037111934SZBTCTIVGH9 is PENDING
j-5TI5TT53J6DC step s-037111934SZBTCTIVGH9 is PENDING
j-5TI5TT53J6DC step s-037111934SZBTCTIVGH9 is RUNNING
j-5TI5TT53J6DC step s-037111934SZBTCTIVGH9 is RUNNING
j-5TI5TT53J6DC step s-037111934SZBTCTIVGH9 is COMPLETED
j-5TI5TT53J6DC cluster is TERMINATING
j-5TI5TT53J6DC cluster is TERMINATING
j-5TI5TT53J6DC cluster is TERMINATED
Saved memory-heavy 500MB c5a.xlarge x 2 runtime=1.1055 min cost=$0.0035; cluster=TERMINATED
Starting 500MB memory-heavy on c5a.xlarge x 4 in ap-south-1
{
  "JobFlowId": "j-1XA5HZEO13CRV",
  "ClusterArn": "arn:aws:elasticmapreduce:ap-south-1:435097195936:cluster/j-1XA5HZEO13CRV",
  "ResponseMetadata": {
    "RequestId": "a9a6e632-bb7f-4d76-9b90-700a54a7605f",
    "HTTPStatusCode": 200,
    "HTTPHeaders": {
      "x-amzn-requestid": "a9a6e632-bb7f-4d76-9b90-700a54a7605f",
      "content-type": "application/x-amz-json-1.1",
      "content-length": "119",
      "date": "Thu, 23 Jul 2026 03:12:23 GMT"
    },
    "RetryAttempts": 0
  }
}
j-1XA5HZEO13CRV step s-0509082QNOLZJZ8YFF is PENDING
j-1XA5HZEO13CRV step s-0509082QNOLZJZ8YFF is PENDING
j-1XA5HZEO13CRV step s-0509082QNOLZJZ8YFF is PENDING
j-1XA5HZEO13CRV step s-0509082QNOLZJZ8YFF is PENDING
j-1XA5HZEO13CRV step s-0509082QNOLZJZ8YFF is PENDING
j-1XA5HZEO13CRV step s-0509082QNOLZJZ8YFF is PENDING
j-1XA5HZEO13CRV step s-0509082QNOLZJZ8YFF is PENDING
j-1XA5HZEO13CRV step s-0509082QNOLZJZ8YFF is RUNNING
j-1XA5HZEO13CRV step s-0509082QNOLZJZ8YFF is COMPLETED
j-1XA5HZEO13CRV cluster is TERMINATING
j-1XA5HZEO13CRV cluster is TERMINATING
j-1XA5HZEO13CRV cluster is TERMINATED
Saved memory-heavy 500MB c5a.xlarge x 4 runtime=0.9727 min cost=$0.0061; cluster=TERMINATED
Starting 500MB memory-heavy on c6i.xlarge x 2 in ap-south-1
{
  "JobFlowId": "j-7TAFGQ8ARQSA",
  "ClusterArn": "arn:aws:elasticmapreduce:ap-south-1:435097195936:cluster/j-7TAFGQ8ARQSA",
  "ResponseMetadata": {
    "RequestId": "30795cdd-5674-4820-9886-a053dab70fb9",
    "HTTPStatusCode": 200,
    "HTTPHeaders": {
      "x-amzn-requestid": "30795cdd-5674-4820-9886-a053dab70fb9",
      "content-type": "application/x-amz-json-1.1",
      "content-length": "117",
      "date": "Thu, 23 Jul 2026 03:17:28 GMT"
    },
    "RetryAttempts": 0
  }
}
j-7TAFGQ8ARQSA step s-0169166JQGB6H4XUDEE is PENDING
j-7TAFGQ8ARQSA step s-0169166JQGB6H4XUDEE is PENDING
j-7TAFGQ8ARQSA step s-0169166JQGB6H4XUDEE is PENDING
j-7TAFGQ8ARQSA step s-0169166JQGB6H4XUDEE is PENDING
j-7TAFGQ8ARQSA step s-0169166JQGB6H4XUDEE is PENDING
j-7TAFGQ8ARQSA step s-0169166JQGB6H4XUDEE is PENDING
j-7TAFGQ8ARQSA step s-0169166JQGB6H4XUDEE is PENDING
j-7TAFGQ8ARQSA step s-0169166JQGB6H4XUDEE is RUNNING
j-7TAFGQ8ARQSA step s-0169166JQGB6H4XUDEE is RUNNING
j-7TAFGQ8ARQSA step s-0169166JQGB6H4XUDEE is COMPLETED
j-7TAFGQ8ARQSA cluster is TERMINATING
j-7TAFGQ8ARQSA cluster is TERMINATED
Saved memory-heavy 500MB c6i.xlarge x 2 runtime=1.0058 min cost=$0.0057; cluster=TERMINATED
Starting 500MB memory-heavy on c6i.xlarge x 4 in ap-south-1
{
  "JobFlowId": "j-32SPDOQ0IW5O0",
  "ClusterArn": "arn:aws:elasticmapreduce:ap-south-1:435097195936:cluster/j-32SPDOQ0IW5O0",
  "ResponseMetadata": {
    "RequestId": "b5031738-7aca-4d40-bb0e-e87855f6c5b8",
    "HTTPStatusCode": 200,
    "HTTPHeaders": {
      "x-amzn-requestid": "b5031738-7aca-4d40-bb0e-e87855f6c5b8",
      "content-type": "application/x-amz-json-1.1",
      "content-length": "119",
      "date": "Thu, 23 Jul 2026 03:22:33 GMT"
    },
    "RetryAttempts": 0
  }
}
j-32SPDOQ0IW5O0 step s-053101430PUXVZPMCWIX is PENDING
j-32SPDOQ0IW5O0 step s-053101430PUXVZPMCWIX is PENDING
j-32SPDOQ0IW5O0 step s-053101430PUXVZPMCWIX is PENDING
j-32SPDOQ0IW5O0 step s-053101430PUXVZPMCWIX is PENDING
j-32SPDOQ0IW5O0 step s-053101430PUXVZPMCWIX is PENDING
j-32SPDOQ0IW5O0 step s-053101430PUXVZPMCWIX is PENDING
j-32SPDOQ0IW5O0 step s-053101430PUXVZPMCWIX is RUNNING
j-32SPDOQ0IW5O0 step s-053101430PUXVZPMCWIX is RUNNING
j-32SPDOQ0IW5O0 step s-053101430PUXVZPMCWIX is COMPLETED
j-32SPDOQ0IW5O0 cluster is TERMINATING
j-32SPDOQ0IW5O0 cluster is TERMINATING
j-32SPDOQ0IW5O0 cluster is TERMINATED
Saved memory-heavy 500MB c6i.xlarge x 4 runtime=0.9054 min cost=$0.0103; cluster=TERMINATED
Starting 500MB io-heavy on m5a.xlarge x 2 in ap-south-1
{
  "JobFlowId": "j-8K7EA2FOS4M8",
  "ClusterArn": "arn:aws:elasticmapreduce:ap-south-1:435097195936:cluster/j-8K7EA2FOS4M8",
  "ResponseMetadata": {
    "RequestId": "53d11cbc-83d7-414b-98c2-482fa517161c",
    "HTTPStatusCode": 200,
    "HTTPHeaders": {
      "x-amzn-requestid": "53d11cbc-83d7-414b-98c2-482fa517161c",
      "content-type": "application/x-amz-json-1.1",
      "content-length": "117",
      "date": "Thu, 23 Jul 2026 03:27:37 GMT"
    },
    "RetryAttempts": 0
  }
}
j-8K7EA2FOS4M8 step s-0371129173DYCX66KXDK is PENDING
j-8K7EA2FOS4M8 step s-0371129173DYCX66KXDK is PENDING
j-8K7EA2FOS4M8 step s-0371129173DYCX66KXDK is PENDING
j-8K7EA2FOS4M8 step s-0371129173DYCX66KXDK is PENDING
j-8K7EA2FOS4M8 step s-0371129173DYCX66KXDK is PENDING
j-8K7EA2FOS4M8 step s-0371129173DYCX66KXDK is PENDING
j-8K7EA2FOS4M8 step s-0371129173DYCX66KXDK is PENDING
j-8K7EA2FOS4M8 step s-0371129173DYCX66KXDK is PENDING
j-8K7EA2FOS4M8 step s-0371129173DYCX66KXDK is PENDING
j-8K7EA2FOS4M8 step s-0371129173DYCX66KXDK is RUNNING
j-8K7EA2FOS4M8 step s-0371129173DYCX66KXDK is RUNNING
j-8K7EA2FOS4M8 step s-0371129173DYCX66KXDK is RUNNING
j-8K7EA2FOS4M8 step s-0371129173DYCX66KXDK is RUNNING
j-8K7EA2FOS4M8 step s-0371129173DYCX66KXDK is COMPLETED
j-8K7EA2FOS4M8 cluster is TERMINATING
j-8K7EA2FOS4M8 cluster is TERMINATING
j-8K7EA2FOS4M8 cluster is TERMINATED
Saved io-heavy 500MB m5a.xlarge x 2 runtime=1.9094 min cost=$0.0071; cluster=TERMINATED
Starting 500MB io-heavy on m5a.xlarge x 4 in ap-south-1
{
  "JobFlowId": "j-2UL8QYKHAOZ2W",
  "ClusterArn": "arn:aws:elasticmapreduce:ap-south-1:435097195936:cluster/j-2UL8QYKHAOZ2W",
  "ResponseMetadata": {
    "RequestId": "2033a8d0-8322-4ce3-b66d-2c73d1efc669",
    "HTTPStatusCode": 200,
    "HTTPHeaders": {
      "x-amzn-requestid": "2033a8d0-8322-4ce3-b66d-2c73d1efc669",
      "content-type": "application/x-amz-json-1.1",
      "content-length": "119",
      "date": "Thu, 23 Jul 2026 03:35:13 GMT"
    },
    "RetryAttempts": 0
  }
}
j-2UL8QYKHAOZ2W step s-03490111UCYALY7OJMJZ is PENDING
j-2UL8QYKHAOZ2W step s-03490111UCYALY7OJMJZ is PENDING
j-2UL8QYKHAOZ2W step s-03490111UCYALY7OJMJZ is PENDING
j-2UL8QYKHAOZ2W step s-03490111UCYALY7OJMJZ is PENDING
j-2UL8QYKHAOZ2W step s-03490111UCYALY7OJMJZ is PENDING
j-2UL8QYKHAOZ2W step s-03490111UCYALY7OJMJZ is PENDING
j-2UL8QYKHAOZ2W step s-03490111UCYALY7OJMJZ is PENDING
j-2UL8QYKHAOZ2W step s-03490111UCYALY7OJMJZ is PENDING
j-2UL8QYKHAOZ2W step s-03490111UCYALY7OJMJZ is PENDING
j-2UL8QYKHAOZ2W step s-03490111UCYALY7OJMJZ is PENDING
j-2UL8QYKHAOZ2W step s-03490111UCYALY7OJMJZ is RUNNING
j-2UL8QYKHAOZ2W step s-03490111UCYALY7OJMJZ is RUNNING
j-2UL8QYKHAOZ2W step s-03490111UCYALY7OJMJZ is RUNNING
j-2UL8QYKHAOZ2W step s-03490111UCYALY7OJMJZ is RUNNING
j-2UL8QYKHAOZ2W step s-03490111UCYALY7OJMJZ is COMPLETED
j-2UL8QYKHAOZ2W cluster is TERMINATING
j-2UL8QYKHAOZ2W cluster is TERMINATING
j-2UL8QYKHAOZ2W cluster is TERMINATING
j-2UL8QYKHAOZ2W cluster is TERMINATED
Saved io-heavy 500MB m5a.xlarge x 4 runtime=1.8096 min cost=$0.0134; cluster=TERMINATED
Starting 500MB io-heavy on m6i.xlarge x 2 in ap-south-1
{
  "JobFlowId": "j-1OEUS2OY18C2I",
  "ClusterArn": "arn:aws:elasticmapreduce:ap-south-1:435097195936:cluster/j-1OEUS2OY18C2I",
  "ResponseMetadata": {
    "RequestId": "f5324bda-2dea-47de-935a-97716dc7d76f",
    "HTTPStatusCode": 200,
    "HTTPHeaders": {
      "x-amzn-requestid": "f5324bda-2dea-47de-935a-97716dc7d76f",
      "content-type": "application/x-amz-json-1.1",
      "content-length": "119",
      "date": "Thu, 23 Jul 2026 03:43:51 GMT"
    },
    "RetryAttempts": 0
  }
}
j-1OEUS2OY18C2I step s-09074423974KDA8X2SQC is PENDING
j-1OEUS2OY18C2I step s-09074423974KDA8X2SQC is PENDING
j-1OEUS2OY18C2I step s-09074423974KDA8X2SQC is PENDING
j-1OEUS2OY18C2I step s-09074423974KDA8X2SQC is PENDING
j-1OEUS2OY18C2I step s-09074423974KDA8X2SQC is PENDING
j-1OEUS2OY18C2I step s-09074423974KDA8X2SQC is PENDING
j-1OEUS2OY18C2I step s-09074423974KDA8X2SQC is PENDING
j-1OEUS2OY18C2I step s-09074423974KDA8X2SQC is PENDING
j-1OEUS2OY18C2I step s-09074423974KDA8X2SQC is RUNNING
j-1OEUS2OY18C2I step s-09074423974KDA8X2SQC is RUNNING
j-1OEUS2OY18C2I step s-09074423974KDA8X2SQC is COMPLETED
j-1OEUS2OY18C2I cluster is TERMINATING
j-1OEUS2OY18C2I cluster is TERMINATED
Saved io-heavy 500MB m6i.xlarge x 2 runtime=1.1385 min cost=$0.0077; cluster=TERMINATED
Starting 500MB io-heavy on m6i.xlarge x 4 in ap-south-1
{
  "JobFlowId": "j-36M2AMNY2WADA",
  "ClusterArn": "arn:aws:elasticmapreduce:ap-south-1:435097195936:cluster/j-36M2AMNY2WADA",
  "ResponseMetadata": {
    "RequestId": "fb24875d-ea30-4c3f-bd6d-25f48b225c4e",
    "HTTPStatusCode": 200,
    "HTTPHeaders": {
      "x-amzn-requestid": "fb24875d-ea30-4c3f-bd6d-25f48b225c4e",
      "content-type": "application/x-amz-json-1.1",
      "content-length": "119",
      "date": "Thu, 23 Jul 2026 03:49:25 GMT"
    },
    "RetryAttempts": 0
  }
}
j-36M2AMNY2WADA step s-03716292DQW94EK6QGG5 is PENDING
j-36M2AMNY2WADA step s-03716292DQW94EK6QGG5 is PENDING
j-36M2AMNY2WADA step s-03716292DQW94EK6QGG5 is PENDING
j-36M2AMNY2WADA step s-03716292DQW94EK6QGG5 is PENDING
j-36M2AMNY2WADA step s-03716292DQW94EK6QGG5 is PENDING
j-36M2AMNY2WADA step s-03716292DQW94EK6QGG5 is PENDING
j-36M2AMNY2WADA step s-03716292DQW94EK6QGG5 is PENDING
j-36M2AMNY2WADA step s-03716292DQW94EK6QGG5 is PENDING
j-36M2AMNY2WADA step s-03716292DQW94EK6QGG5 is RUNNING
j-36M2AMNY2WADA step s-03716292DQW94EK6QGG5 is RUNNING
j-36M2AMNY2WADA step s-03716292DQW94EK6QGG5 is COMPLETED
j-36M2AMNY2WADA cluster is TERMINATING
j-36M2AMNY2WADA cluster is TERMINATING
j-36M2AMNY2WADA cluster is TERMINATED
Saved io-heavy 500MB m6i.xlarge x 4 runtime=1.1388 min cost=$0.0153; cluster=TERMINATED
Starting 500MB io-heavy on c5.xlarge x 2 in ap-south-1
{
  "JobFlowId": "j-2PIY1VLY0414H",
  "ClusterArn": "arn:aws:elasticmapreduce:ap-south-1:435097195936:cluster/j-2PIY1VLY0414H",
  "ResponseMetadata": {
    "RequestId": "78128d81-81f8-4d12-a643-5fb9a2f5c7e8",
    "HTTPStatusCode": 200,
    "HTTPHeaders": {
      "x-amzn-requestid": "78128d81-81f8-4d12-a643-5fb9a2f5c7e8",
      "content-type": "application/x-amz-json-1.1",
      "content-length": "119",
      "date": "Thu, 23 Jul 2026 03:55:30 GMT"
    },
    "RetryAttempts": 0
  }
}
j-2PIY1VLY0414H step s-0896228LI2NJDIQNFEA is PENDING
j-2PIY1VLY0414H step s-0896228LI2NJDIQNFEA is PENDING
j-2PIY1VLY0414H step s-0896228LI2NJDIQNFEA is PENDING
j-2PIY1VLY0414H step s-0896228LI2NJDIQNFEA is PENDING
j-2PIY1VLY0414H step s-0896228LI2NJDIQNFEA is PENDING
j-2PIY1VLY0414H step s-0896228LI2NJDIQNFEA is PENDING
j-2PIY1VLY0414H step s-0896228LI2NJDIQNFEA is PENDING
j-2PIY1VLY0414H step s-0896228LI2NJDIQNFEA is RUNNING
j-2PIY1VLY0414H step s-0896228LI2NJDIQNFEA is RUNNING
j-2PIY1VLY0414H step s-0896228LI2NJDIQNFEA is COMPLETED
j-2PIY1VLY0414H cluster is TERMINATING
j-2PIY1VLY0414H cluster is TERMINATING
j-2PIY1VLY0414H cluster is TERMINATING
j-2PIY1VLY0414H cluster is TERMINATED
Saved io-heavy 500MB c5.xlarge x 2 runtime=1.3066 min cost=$0.0074; cluster=TERMINATED
Starting 500MB io-heavy on c5.xlarge x 4 in ap-south-1
{
  "JobFlowId": "j-39XXNG6PV4TTE",
  "ClusterArn": "arn:aws:elasticmapreduce:ap-south-1:435097195936:cluster/j-39XXNG6PV4TTE",
  "ResponseMetadata": {
    "RequestId": "6fd82a2a-0a2b-41b4-b2af-7c367f4eef04",
    "HTTPStatusCode": 200,
    "HTTPHeaders": {
      "x-amzn-requestid": "6fd82a2a-0a2b-41b4-b2af-7c367f4eef04",
      "content-type": "application/x-amz-json-1.1",
      "content-length": "119",
      "date": "Thu, 23 Jul 2026 04:01:36 GMT"
    },
    "RetryAttempts": 0
  }
}
j-39XXNG6PV4TTE step s-09471739LV49TYZV5D3 is PENDING
j-39XXNG6PV4TTE step s-09471739LV49TYZV5D3 is PENDING
j-39XXNG6PV4TTE step s-09471739LV49TYZV5D3 is PENDING
j-39XXNG6PV4TTE step s-09471739LV49TYZV5D3 is PENDING
j-39XXNG6PV4TTE step s-09471739LV49TYZV5D3 is PENDING
j-39XXNG6PV4TTE step s-09471739LV49TYZV5D3 is PENDING
j-39XXNG6PV4TTE step s-09471739LV49TYZV5D3 is PENDING
j-39XXNG6PV4TTE step s-09471739LV49TYZV5D3 is PENDING
j-39XXNG6PV4TTE step s-09471739LV49TYZV5D3 is PENDING
j-39XXNG6PV4TTE step s-09471739LV49TYZV5D3 is RUNNING
j-39XXNG6PV4TTE step s-09471739LV49TYZV5D3 is RUNNING
j-39XXNG6PV4TTE step s-09471739LV49TYZV5D3 is COMPLETED
j-39XXNG6PV4TTE cluster is TERMINATING
j-39XXNG6PV4TTE cluster is TERMINATING
j-39XXNG6PV4TTE cluster is TERMINATED
Saved io-heavy 500MB c5.xlarge x 4 runtime=1.1724 min cost=$0.0133; cluster=TERMINATED
Starting 500MB io-heavy on c5a.xlarge x 2 in ap-south-1
{
  "JobFlowId": "j-2C903VFAB5SQR",
  "ClusterArn": "arn:aws:elasticmapreduce:ap-south-1:435097195936:cluster/j-2C903VFAB5SQR",
  "ResponseMetadata": {
    "RequestId": "b4266b6f-c5e0-4e07-9d63-e1065f696652",
    "HTTPStatusCode": 200,
    "HTTPHeaders": {
      "x-amzn-requestid": "b4266b6f-c5e0-4e07-9d63-e1065f696652",
      "content-type": "application/x-amz-json-1.1",
      "content-length": "119",
      "date": "Thu, 23 Jul 2026 04:08:11 GMT"
    },
    "RetryAttempts": 0
  }
}
j-2C903VFAB5SQR step s-09155033GOBVIYB3QI6D is PENDING
j-2C903VFAB5SQR step s-09155033GOBVIYB3QI6D is PENDING
j-2C903VFAB5SQR step s-09155033GOBVIYB3QI6D is PENDING
j-2C903VFAB5SQR step s-09155033GOBVIYB3QI6D is PENDING
j-2C903VFAB5SQR step s-09155033GOBVIYB3QI6D is PENDING
j-2C903VFAB5SQR step s-09155033GOBVIYB3QI6D is PENDING
j-2C903VFAB5SQR step s-09155033GOBVIYB3QI6D is PENDING
j-2C903VFAB5SQR step s-09155033GOBVIYB3QI6D is PENDING
j-2C903VFAB5SQR step s-09155033GOBVIYB3QI6D is RUNNING
j-2C903VFAB5SQR step s-09155033GOBVIYB3QI6D is RUNNING
j-2C903VFAB5SQR step s-09155033GOBVIYB3QI6D is COMPLETED
j-2C903VFAB5SQR cluster is TERMINATING
j-2C903VFAB5SQR cluster is TERMINATING
j-2C903VFAB5SQR cluster is TERMINATED
Saved io-heavy 500MB c5a.xlarge x 2 runtime=1.2061 min cost=$0.0038; cluster=TERMINATED
Starting 500MB io-heavy on c5a.xlarge x 4 in ap-south-1
{
  "JobFlowId": "j-W281Y79OT2SX",
  "ClusterArn": "arn:aws:elasticmapreduce:ap-south-1:435097195936:cluster/j-W281Y79OT2SX",
  "ResponseMetadata": {
    "RequestId": "1d33b6d8-f800-4610-9611-5b403f57fff8",
    "HTTPStatusCode": 200,
    "HTTPHeaders": {
      "x-amzn-requestid": "1d33b6d8-f800-4610-9611-5b403f57fff8",
      "content-type": "application/x-amz-json-1.1",
      "content-length": "117",
      "date": "Thu, 23 Jul 2026 04:14:17 GMT"
    },
    "RetryAttempts": 0
  }
}
j-W281Y79OT2SX step s-02598751M0N53F06P9YL is PENDING
j-W281Y79OT2SX step s-02598751M0N53F06P9YL is PENDING
j-W281Y79OT2SX step s-02598751M0N53F06P9YL is PENDING
j-W281Y79OT2SX step s-02598751M0N53F06P9YL is PENDING
j-W281Y79OT2SX step s-02598751M0N53F06P9YL is PENDING
j-W281Y79OT2SX step s-02598751M0N53F06P9YL is PENDING
j-W281Y79OT2SX step s-02598751M0N53F06P9YL is PENDING
j-W281Y79OT2SX step s-02598751M0N53F06P9YL is PENDING
j-W281Y79OT2SX step s-02598751M0N53F06P9YL is RUNNING
j-W281Y79OT2SX step s-02598751M0N53F06P9YL is RUNNING
j-W281Y79OT2SX step s-02598751M0N53F06P9YL is COMPLETED
j-W281Y79OT2SX cluster is TERMINATING
j-W281Y79OT2SX cluster is TERMINATED
Saved io-heavy 500MB c5a.xlarge x 4 runtime=1.0050 min cost=$0.0063; cluster=TERMINATED
Starting 500MB io-heavy on c6i.xlarge x 2 in ap-south-1
{
  "JobFlowId": "j-C8TV3ZRCDA5D",
  "ClusterArn": "arn:aws:elasticmapreduce:ap-south-1:435097195936:cluster/j-C8TV3ZRCDA5D",
  "ResponseMetadata": {
    "RequestId": "f4e80c10-abfa-49c6-9d34-10f62ee379c0",
    "HTTPStatusCode": 200,
    "HTTPHeaders": {
      "x-amzn-requestid": "f4e80c10-abfa-49c6-9d34-10f62ee379c0",
      "content-type": "application/x-amz-json-1.1",
      "content-length": "117",
      "date": "Thu, 23 Jul 2026 04:19:51 GMT"
    },
    "RetryAttempts": 0
  }
}
j-C8TV3ZRCDA5D step s-0897347236WT3IFSQLF7 is PENDING
j-C8TV3ZRCDA5D step s-0897347236WT3IFSQLF7 is PENDING
j-C8TV3ZRCDA5D step s-0897347236WT3IFSQLF7 is PENDING
j-C8TV3ZRCDA5D step s-0897347236WT3IFSQLF7 is PENDING
j-C8TV3ZRCDA5D step s-0897347236WT3IFSQLF7 is PENDING
j-C8TV3ZRCDA5D step s-0897347236WT3IFSQLF7 is PENDING
j-C8TV3ZRCDA5D step s-0897347236WT3IFSQLF7 is PENDING
j-C8TV3ZRCDA5D step s-0897347236WT3IFSQLF7 is RUNNING
j-C8TV3ZRCDA5D step s-0897347236WT3IFSQLF7 is RUNNING
j-C8TV3ZRCDA5D step s-0897347236WT3IFSQLF7 is COMPLETED
j-C8TV3ZRCDA5D cluster is TERMINATING
j-C8TV3ZRCDA5D cluster is TERMINATED
Saved io-heavy 500MB c6i.xlarge x 2 runtime=1.1717 min cost=$0.0066; cluster=TERMINATED
Starting 500MB io-heavy on c6i.xlarge x 4 in ap-south-1
{
  "JobFlowId": "j-4B8BW5JE3B5P",
  "ClusterArn": "arn:aws:elasticmapreduce:ap-south-1:435097195936:cluster/j-4B8BW5JE3B5P",
  "ResponseMetadata": {
    "RequestId": "7f8ed964-3153-4553-b0c6-d555b04361f3",
    "HTTPStatusCode": 200,
    "HTTPHeaders": {
      "x-amzn-requestid": "7f8ed964-3153-4553-b0c6-d555b04361f3",
      "content-type": "application/x-amz-json-1.1",
      "content-length": "117",
      "date": "Thu, 23 Jul 2026 04:24:55 GMT"
    },
    "RetryAttempts": 0
  }
}
j-4B8BW5JE3B5P step s-07188452I0SA074ECXVG is PENDING
j-4B8BW5JE3B5P step s-07188452I0SA074ECXVG is PENDING
j-4B8BW5JE3B5P step s-07188452I0SA074ECXVG is PENDING
j-4B8BW5JE3B5P step s-07188452I0SA074ECXVG is PENDING
j-4B8BW5JE3B5P step s-07188452I0SA074ECXVG is PENDING
j-4B8BW5JE3B5P step s-07188452I0SA074ECXVG is PENDING
j-4B8BW5JE3B5P step s-07188452I0SA074ECXVG is PENDING
j-4B8BW5JE3B5P step s-07188452I0SA074ECXVG is RUNNING
j-4B8BW5JE3B5P step s-07188452I0SA074ECXVG is RUNNING
j-4B8BW5JE3B5P step s-07188452I0SA074ECXVG is RUNNING
j-4B8BW5JE3B5P step s-07188452I0SA074ECXVG is COMPLETED
j-4B8BW5JE3B5P cluster is TERMINATING
j-4B8BW5JE3B5P cluster is TERMINATING
j-4B8BW5JE3B5P cluster is TERMINATING
j-4B8BW5JE3B5P cluster is TERMINATED
Saved io-heavy 500MB c6i.xlarge x 4 runtime=1.1721 min cost=$0.0133; cluster=TERMINATED
Starting 1024MB cpu-heavy on m5a.xlarge x 2 in ap-south-1
{
  "JobFlowId": "j-16VLY520NR6GF",
  "ClusterArn": "arn:aws:elasticmapreduce:ap-south-1:435097195936:cluster/j-16VLY520NR6GF",
  "ResponseMetadata": {
    "RequestId": "2ca11560-9e46-44b9-817c-6c3b342c4b22",
    "HTTPStatusCode": 200,
    "HTTPHeaders": {
      "x-amzn-requestid": "2ca11560-9e46-44b9-817c-6c3b342c4b22",
      "content-type": "application/x-amz-json-1.1",
      "content-length": "119",
      "date": "Thu, 23 Jul 2026 04:31:30 GMT"
    },
    "RetryAttempts": 0
  }
}
j-16VLY520NR6GF step s-01933662RUKEPBH354TA is PENDING
j-16VLY520NR6GF step s-01933662RUKEPBH354TA is PENDING
j-16VLY520NR6GF step s-01933662RUKEPBH354TA is PENDING
j-16VLY520NR6GF step s-01933662RUKEPBH354TA is PENDING
j-16VLY520NR6GF step s-01933662RUKEPBH354TA is PENDING
j-16VLY520NR6GF step s-01933662RUKEPBH354TA is PENDING
j-16VLY520NR6GF step s-01933662RUKEPBH354TA is PENDING
j-16VLY520NR6GF step s-01933662RUKEPBH354TA is PENDING
j-16VLY520NR6GF step s-01933662RUKEPBH354TA is PENDING
j-16VLY520NR6GF step s-01933662RUKEPBH354TA is PENDING
j-16VLY520NR6GF step s-01933662RUKEPBH354TA is RUNNING
j-16VLY520NR6GF step s-01933662RUKEPBH354TA is RUNNING
j-16VLY520NR6GF step s-01933662RUKEPBH354TA is RUNNING
j-16VLY520NR6GF step s-01933662RUKEPBH354TA is RUNNING
j-16VLY520NR6GF step s-01933662RUKEPBH354TA is RUNNING
j-16VLY520NR6GF step s-01933662RUKEPBH354TA is COMPLETED
j-16VLY520NR6GF cluster is TERMINATING
j-16VLY520NR6GF cluster is TERMINATING
j-16VLY520NR6GF cluster is TERMINATING
j-16VLY520NR6GF cluster is TERMINATED
Saved cpu-heavy 1024MB m5a.xlarge x 2 runtime=2.3740 min cost=$0.0088; cluster=TERMINATED
Starting 1024MB cpu-heavy on m5a.xlarge x 4 in ap-south-1
{
  "JobFlowId": "j-27NLC37K8MRT1",
  "ClusterArn": "arn:aws:elasticmapreduce:ap-south-1:435097195936:cluster/j-27NLC37K8MRT1",
  "ResponseMetadata": {
    "RequestId": "8baa77f1-81df-437f-ace9-a698c864f6ae",
    "HTTPStatusCode": 200,
    "HTTPHeaders": {
      "x-amzn-requestid": "8baa77f1-81df-437f-ace9-a698c864f6ae",
      "content-type": "application/x-amz-json-1.1",
      "content-length": "119",
      "date": "Thu, 23 Jul 2026 04:40:37 GMT"
    },
    "RetryAttempts": 0
  }
}
j-27NLC37K8MRT1 step s-07068903SYVRUA8JCBDF is PENDING
j-27NLC37K8MRT1 step s-07068903SYVRUA8JCBDF is PENDING
j-27NLC37K8MRT1 step s-07068903SYVRUA8JCBDF is PENDING
j-27NLC37K8MRT1 step s-07068903SYVRUA8JCBDF is PENDING
j-27NLC37K8MRT1 step s-07068903SYVRUA8JCBDF is PENDING
j-27NLC37K8MRT1 step s-07068903SYVRUA8JCBDF is PENDING
j-27NLC37K8MRT1 step s-07068903SYVRUA8JCBDF is PENDING
j-27NLC37K8MRT1 step s-07068903SYVRUA8JCBDF is PENDING
j-27NLC37K8MRT1 step s-07068903SYVRUA8JCBDF is PENDING
j-27NLC37K8MRT1 step s-07068903SYVRUA8JCBDF is PENDING
j-27NLC37K8MRT1 step s-07068903SYVRUA8JCBDF is RUNNING
j-27NLC37K8MRT1 step s-07068903SYVRUA8JCBDF is RUNNING
j-27NLC37K8MRT1 step s-07068903SYVRUA8JCBDF is RUNNING
j-27NLC37K8MRT1 step s-07068903SYVRUA8JCBDF is RUNNING
j-27NLC37K8MRT1 step s-07068903SYVRUA8JCBDF is COMPLETED
j-27NLC37K8MRT1 cluster is TERMINATING
j-27NLC37K8MRT1 cluster is TERMINATING
j-27NLC37K8MRT1 cluster is TERMINATED
Saved cpu-heavy 1024MB m5a.xlarge x 4 runtime=1.8436 min cost=$0.0136; cluster=TERMINATED
Starting 1024MB cpu-heavy on m6i.xlarge x 2 in ap-south-1
{
  "JobFlowId": "j-1XDW2ADQEBBUU",
  "ClusterArn": "arn:aws:elasticmapreduce:ap-south-1:435097195936:cluster/j-1XDW2ADQEBBUU",
  "ResponseMetadata": {
    "RequestId": "0e8f8203-4ba5-47f3-85d0-77aa8c010322",
    "HTTPStatusCode": 200,
    "HTTPHeaders": {
      "x-amzn-requestid": "0e8f8203-4ba5-47f3-85d0-77aa8c010322",
      "content-type": "application/x-amz-json-1.1",
      "content-length": "119",
      "date": "Thu, 23 Jul 2026 04:48:43 GMT"
    },
    "RetryAttempts": 0
  }
}
j-1XDW2ADQEBBUU step s-0348877WEEMZLP0EH5U is PENDING
j-1XDW2ADQEBBUU step s-0348877WEEMZLP0EH5U is PENDING
j-1XDW2ADQEBBUU step s-0348877WEEMZLP0EH5U is PENDING
j-1XDW2ADQEBBUU step s-0348877WEEMZLP0EH5U is PENDING
j-1XDW2ADQEBBUU step s-0348877WEEMZLP0EH5U is PENDING
j-1XDW2ADQEBBUU step s-0348877WEEMZLP0EH5U is PENDING
j-1XDW2ADQEBBUU step s-0348877WEEMZLP0EH5U is PENDING
j-1XDW2ADQEBBUU step s-0348877WEEMZLP0EH5U is RUNNING
j-1XDW2ADQEBBUU step s-0348877WEEMZLP0EH5U is RUNNING
j-1XDW2ADQEBBUU step s-0348877WEEMZLP0EH5U is RUNNING
j-1XDW2ADQEBBUU step s-0348877WEEMZLP0EH5U is COMPLETED
j-1XDW2ADQEBBUU cluster is TERMINATING
j-1XDW2ADQEBBUU cluster is TERMINATING
j-1XDW2ADQEBBUU cluster is TERMINATED
Saved cpu-heavy 1024MB m6i.xlarge x 2 runtime=1.3737 min cost=$0.0092; cluster=TERMINATED
Starting 1024MB cpu-heavy on m6i.xlarge x 4 in ap-south-1
{
  "JobFlowId": "j-3CZ6U72EK1XM4",
  "ClusterArn": "arn:aws:elasticmapreduce:ap-south-1:435097195936:cluster/j-3CZ6U72EK1XM4",
  "ResponseMetadata": {
    "RequestId": "7f5da638-a373-4cd2-8640-40d81b09773f",
    "HTTPStatusCode": 200,
    "HTTPHeaders": {
      "x-amzn-requestid": "7f5da638-a373-4cd2-8640-40d81b09773f",
      "content-type": "application/x-amz-json-1.1",
      "content-length": "119",
      "date": "Thu, 23 Jul 2026 04:54:54 GMT"
    },
    "RetryAttempts": 0
  }
}
j-3CZ6U72EK1XM4 step s-02462492XTN98NTPP2AK is PENDING
j-3CZ6U72EK1XM4 step s-02462492XTN98NTPP2AK is PENDING
j-3CZ6U72EK1XM4 step s-02462492XTN98NTPP2AK is PENDING
j-3CZ6U72EK1XM4 step s-02462492XTN98NTPP2AK is PENDING
j-3CZ6U72EK1XM4 step s-02462492XTN98NTPP2AK is PENDING
j-3CZ6U72EK1XM4 step s-02462492XTN98NTPP2AK is PENDING
j-3CZ6U72EK1XM4 step s-02462492XTN98NTPP2AK is PENDING
j-3CZ6U72EK1XM4 step s-02462492XTN98NTPP2AK is RUNNING
j-3CZ6U72EK1XM4 step s-02462492XTN98NTPP2AK is RUNNING
j-3CZ6U72EK1XM4 step s-02462492XTN98NTPP2AK is COMPLETED
j-3CZ6U72EK1XM4 cluster is TERMINATING
j-3CZ6U72EK1XM4 cluster is TERMINATED
Saved cpu-heavy 1024MB m6i.xlarge x 4 runtime=1.1055 min cost=$0.0149; cluster=TERMINATED
Starting 1024MB cpu-heavy on c5.xlarge x 2 in ap-south-1
{
  "JobFlowId": "j-5T989F3XEHEY",
  "ClusterArn": "arn:aws:elasticmapreduce:ap-south-1:435097195936:cluster/j-5T989F3XEHEY",
  "ResponseMetadata": {
    "RequestId": "51aad214-047d-4b28-8298-3b9f1a202904",
    "HTTPStatusCode": 200,
    "HTTPHeaders": {
      "x-amzn-requestid": "51aad214-047d-4b28-8298-3b9f1a202904",
      "content-type": "application/x-amz-json-1.1",
      "content-length": "117",
      "date": "Thu, 23 Jul 2026 04:59:59 GMT"
    },
    "RetryAttempts": 0
  }
}
j-5T989F3XEHEY step s-10304892C0C7Z7TX7UCB is PENDING
j-5T989F3XEHEY step s-10304892C0C7Z7TX7UCB is PENDING
j-5T989F3XEHEY step s-10304892C0C7Z7TX7UCB is PENDING
j-5T989F3XEHEY step s-10304892C0C7Z7TX7UCB is PENDING
j-5T989F3XEHEY step s-10304892C0C7Z7TX7UCB is PENDING
j-5T989F3XEHEY step s-10304892C0C7Z7TX7UCB is PENDING
j-5T989F3XEHEY step s-10304892C0C7Z7TX7UCB is PENDING
j-5T989F3XEHEY step s-10304892C0C7Z7TX7UCB is PENDING
j-5T989F3XEHEY step s-10304892C0C7Z7TX7UCB is RUNNING
j-5T989F3XEHEY step s-10304892C0C7Z7TX7UCB is RUNNING
j-5T989F3XEHEY step s-10304892C0C7Z7TX7UCB is COMPLETED
j-5T989F3XEHEY cluster is TERMINATING
j-5T989F3XEHEY cluster is TERMINATING
j-5T989F3XEHEY cluster is TERMINATED
Saved cpu-heavy 1024MB c5.xlarge x 2 runtime=1.6383 min cost=$0.0093; cluster=TERMINATED
Starting 1024MB cpu-heavy on c5.xlarge x 4 in ap-south-1
{
  "JobFlowId": "j-3LAAH8YQXQI4R",
  "ClusterArn": "arn:aws:elasticmapreduce:ap-south-1:435097195936:cluster/j-3LAAH8YQXQI4R",
  "ResponseMetadata": {
    "RequestId": "d2794f10-55c0-48ad-9f88-64c45965a7a6",
    "HTTPStatusCode": 200,
    "HTTPHeaders": {
      "x-amzn-requestid": "d2794f10-55c0-48ad-9f88-64c45965a7a6",
      "content-type": "application/x-amz-json-1.1",
      "content-length": "119",
      "date": "Thu, 23 Jul 2026 05:06:14 GMT"
    },
    "RetryAttempts": 0
  }
}
j-3LAAH8YQXQI4R step s-05527311H6C7S66QXC3L is PENDING
j-3LAAH8YQXQI4R step s-05527311H6C7S66QXC3L is PENDING
j-3LAAH8YQXQI4R step s-05527311H6C7S66QXC3L is PENDING
j-3LAAH8YQXQI4R step s-05527311H6C7S66QXC3L is PENDING
j-3LAAH8YQXQI4R step s-05527311H6C7S66QXC3L is PENDING
j-3LAAH8YQXQI4R step s-05527311H6C7S66QXC3L is PENDING
j-3LAAH8YQXQI4R step s-05527311H6C7S66QXC3L is PENDING
j-3LAAH8YQXQI4R step s-05527311H6C7S66QXC3L is PENDING
j-3LAAH8YQXQI4R step s-05527311H6C7S66QXC3L is RUNNING
j-3LAAH8YQXQI4R step s-05527311H6C7S66QXC3L is RUNNING
j-3LAAH8YQXQI4R step s-05527311H6C7S66QXC3L is RUNNING
j-3LAAH8YQXQI4R step s-05527311H6C7S66QXC3L is COMPLETED
j-3LAAH8YQXQI4R cluster is TERMINATING
j-3LAAH8YQXQI4R cluster is TERMINATING
j-3LAAH8YQXQI4R cluster is TERMINATING
j-3LAAH8YQXQI4R cluster is TERMINATED
Saved cpu-heavy 1024MB c5.xlarge x 4 runtime=1.2430 min cost=$0.0141; cluster=TERMINATED
Starting 1024MB cpu-heavy on c5a.xlarge x 2 in ap-south-1
{
  "JobFlowId": "j-2NYWX4R911PA3",
  "ClusterArn": "arn:aws:elasticmapreduce:ap-south-1:435097195936:cluster/j-2NYWX4R911PA3",
  "ResponseMetadata": {
    "RequestId": "c1e581f7-3613-4983-b347-0aaf5f020d58",
    "HTTPStatusCode": 200,
    "HTTPHeaders": {
      "x-amzn-requestid": "c1e581f7-3613-4983-b347-0aaf5f020d58",
      "content-type": "application/x-amz-json-1.1",
      "content-length": "119",
      "date": "Thu, 23 Jul 2026 05:13:19 GMT"
    },
    "RetryAttempts": 0
  }
}
j-2NYWX4R911PA3 step s-094436612PE2VXLJ4N6M is PENDING
j-2NYWX4R911PA3 step s-094436612PE2VXLJ4N6M is PENDING
j-2NYWX4R911PA3 step s-094436612PE2VXLJ4N6M is PENDING
j-2NYWX4R911PA3 step s-094436612PE2VXLJ4N6M is PENDING
j-2NYWX4R911PA3 step s-094436612PE2VXLJ4N6M is PENDING
j-2NYWX4R911PA3 step s-094436612PE2VXLJ4N6M is PENDING
j-2NYWX4R911PA3 step s-094436612PE2VXLJ4N6M is PENDING
j-2NYWX4R911PA3 step s-094436612PE2VXLJ4N6M is PENDING
j-2NYWX4R911PA3 step s-094436612PE2VXLJ4N6M is RUNNING
j-2NYWX4R911PA3 step s-094436612PE2VXLJ4N6M is RUNNING
j-2NYWX4R911PA3 step s-094436612PE2VXLJ4N6M is COMPLETED
j-2NYWX4R911PA3 cluster is TERMINATING
j-2NYWX4R911PA3 cluster is TERMINATING
j-2NYWX4R911PA3 cluster is TERMINATING
j-2NYWX4R911PA3 cluster is TERMINATED
Saved cpu-heavy 1024MB c5a.xlarge x 2 runtime=1.4718 min cost=$0.0046; cluster=TERMINATED
Starting 1024MB cpu-heavy on c5a.xlarge x 4 in ap-south-1
{
  "JobFlowId": "j-2EPQ1THN4SHQY",
  "ClusterArn": "arn:aws:elasticmapreduce:ap-south-1:435097195936:cluster/j-2EPQ1THN4SHQY",
  "ResponseMetadata": {
    "RequestId": "be6b0ab7-d55e-4208-a537-42ae9e0e8fd1",
    "HTTPStatusCode": 200,
    "HTTPHeaders": {
      "x-amzn-requestid": "be6b0ab7-d55e-4208-a537-42ae9e0e8fd1",
      "content-type": "application/x-amz-json-1.1",
      "content-length": "119",
      "date": "Thu, 23 Jul 2026 05:19:56 GMT"
    },
    "RetryAttempts": 0
  }
}
j-2EPQ1THN4SHQY step s-05495291BC9H88YE4NN4 is PENDING
j-2EPQ1THN4SHQY step s-05495291BC9H88YE4NN4 is PENDING
j-2EPQ1THN4SHQY step s-05495291BC9H88YE4NN4 is PENDING
j-2EPQ1THN4SHQY step s-05495291BC9H88YE4NN4 is PENDING
j-2EPQ1THN4SHQY step s-05495291BC9H88YE4NN4 is PENDING
j-2EPQ1THN4SHQY step s-05495291BC9H88YE4NN4 is PENDING
j-2EPQ1THN4SHQY step s-05495291BC9H88YE4NN4 is PENDING
j-2EPQ1THN4SHQY step s-05495291BC9H88YE4NN4 is RUNNING
j-2EPQ1THN4SHQY step s-05495291BC9H88YE4NN4 is RUNNING
j-2EPQ1THN4SHQY step s-05495291BC9H88YE4NN4 is RUNNING
j-2EPQ1THN4SHQY step s-05495291BC9H88YE4NN4 is COMPLETED
j-2EPQ1THN4SHQY cluster is TERMINATING
j-2EPQ1THN4SHQY cluster is TERMINATING
j-2EPQ1THN4SHQY cluster is TERMINATING
j-2EPQ1THN4SHQY cluster is TERMINATED
Saved cpu-heavy 1024MB c5a.xlarge x 4 runtime=1.1725 min cost=$0.0073; cluster=TERMINATED
Starting 1024MB cpu-heavy on c6i.xlarge x 2 in ap-south-1
{
  "JobFlowId": "j-3ASIZ5I2EQVQP",
  "ClusterArn": "arn:aws:elasticmapreduce:ap-south-1:435097195936:cluster/j-3ASIZ5I2EQVQP",
  "ResponseMetadata": {
    "RequestId": "c6194f7d-5faf-40f5-8039-a51438ed9c92",
    "HTTPStatusCode": 200,
    "HTTPHeaders": {
      "x-amzn-requestid": "c6194f7d-5faf-40f5-8039-a51438ed9c92",
      "content-type": "application/x-amz-json-1.1",
      "content-length": "119",
      "date": "Thu, 23 Jul 2026 05:26:31 GMT"
    },
    "RetryAttempts": 0
  }
}
j-3ASIZ5I2EQVQP step s-09421921FPMQ18LX3CVN is PENDING
j-3ASIZ5I2EQVQP step s-09421921FPMQ18LX3CVN is PENDING
j-3ASIZ5I2EQVQP step s-09421921FPMQ18LX3CVN is PENDING
j-3ASIZ5I2EQVQP step s-09421921FPMQ18LX3CVN is PENDING
j-3ASIZ5I2EQVQP step s-09421921FPMQ18LX3CVN is PENDING
j-3ASIZ5I2EQVQP step s-09421921FPMQ18LX3CVN is PENDING
j-3ASIZ5I2EQVQP step s-09421921FPMQ18LX3CVN is PENDING
j-3ASIZ5I2EQVQP step s-09421921FPMQ18LX3CVN is RUNNING
j-3ASIZ5I2EQVQP step s-09421921FPMQ18LX3CVN is RUNNING
j-3ASIZ5I2EQVQP step s-09421921FPMQ18LX3CVN is RUNNING
j-3ASIZ5I2EQVQP step s-09421921FPMQ18LX3CVN is COMPLETED
j-3ASIZ5I2EQVQP cluster is TERMINATING
j-3ASIZ5I2EQVQP cluster is TERMINATING
j-3ASIZ5I2EQVQP cluster is TERMINATING
j-3ASIZ5I2EQVQP cluster is TERMINATED
Saved cpu-heavy 1024MB c6i.xlarge x 2 runtime=1.3397 min cost=$0.0076; cluster=TERMINATED
Starting 1024MB cpu-heavy on c6i.xlarge x 4 in ap-south-1
{
  "JobFlowId": "j-F5EUSHMWJ60G",
  "ClusterArn": "arn:aws:elasticmapreduce:ap-south-1:435097195936:cluster/j-F5EUSHMWJ60G",
  "ResponseMetadata": {
    "RequestId": "33317d48-1a40-4427-837b-5c5d933ed6be",
    "HTTPStatusCode": 200,
    "HTTPHeaders": {
      "x-amzn-requestid": "33317d48-1a40-4427-837b-5c5d933ed6be",
      "content-type": "application/x-amz-json-1.1",
      "content-length": "117",
      "date": "Thu, 23 Jul 2026 05:33:06 GMT"
    },
    "RetryAttempts": 0
  }
}
j-F5EUSHMWJ60G step s-0801764T527S6ZXR6A6 is PENDING
j-F5EUSHMWJ60G step s-0801764T527S6ZXR6A6 is PENDING
j-F5EUSHMWJ60G step s-0801764T527S6ZXR6A6 is PENDING
j-F5EUSHMWJ60G step s-0801764T527S6ZXR6A6 is PENDING
j-F5EUSHMWJ60G step s-0801764T527S6ZXR6A6 is PENDING
j-F5EUSHMWJ60G step s-0801764T527S6ZXR6A6 is PENDING
j-F5EUSHMWJ60G step s-0801764T527S6ZXR6A6 is COMPLETED
j-F5EUSHMWJ60G cluster is TERMINATED
Saved cpu-heavy 1024MB c6i.xlarge x 4 runtime=1.2393 min cost=$0.0140; cluster=TERMINATED
Starting 1024MB memory-heavy on m5a.xlarge x 2 in ap-south-1
{
  "JobFlowId": "j-1QRGESNREMOR9",
  "ClusterArn": "arn:aws:elasticmapreduce:ap-south-1:435097195936:cluster/j-1QRGESNREMOR9",
  "ResponseMetadata": {
    "RequestId": "ef660335-fb5c-4e1a-bec0-23262b298bcc",
    "HTTPStatusCode": 200,
    "HTTPHeaders": {
      "x-amzn-requestid": "ef660335-fb5c-4e1a-bec0-23262b298bcc",
      "content-type": "application/x-amz-json-1.1",
      "content-length": "119",
      "date": "Thu, 23 Jul 2026 05:44:30 GMT"
    },
    "RetryAttempts": 0
  }
}
j-1QRGESNREMOR9 step s-08808091SS3DROOYV7BH is PENDING
j-1QRGESNREMOR9 step s-08808091SS3DROOYV7BH is PENDING
j-1QRGESNREMOR9 step s-08808091SS3DROOYV7BH is PENDING
j-1QRGESNREMOR9 step s-08808091SS3DROOYV7BH is PENDING
j-1QRGESNREMOR9 step s-08808091SS3DROOYV7BH is PENDING
j-1QRGESNREMOR9 step s-08808091SS3DROOYV7BH is PENDING
j-1QRGESNREMOR9 step s-08808091SS3DROOYV7BH is PENDING
j-1QRGESNREMOR9 step s-08808091SS3DROOYV7BH is PENDING
j-1QRGESNREMOR9 step s-08808091SS3DROOYV7BH is PENDING
j-1QRGESNREMOR9 step s-08808091SS3DROOYV7BH is RUNNING
j-1QRGESNREMOR9 step s-08808091SS3DROOYV7BH is RUNNING
j-1QRGESNREMOR9 step s-08808091SS3DROOYV7BH is RUNNING
j-1QRGESNREMOR9 step s-08808091SS3DROOYV7BH is RUNNING
j-1QRGESNREMOR9 step s-08808091SS3DROOYV7BH is RUNNING
j-1QRGESNREMOR9 step s-08808091SS3DROOYV7BH is COMPLETED
j-1QRGESNREMOR9 cluster is TERMINATING
j-1QRGESNREMOR9 cluster is TERMINATING
j-1QRGESNREMOR9 cluster is TERMINATED
Saved memory-heavy 1024MB m5a.xlarge x 2 runtime=2.4448 min cost=$0.0090; cluster=TERMINATED
Starting 1024MB memory-heavy on m5a.xlarge x 4 in ap-south-1
{
  "JobFlowId": "j-3H5A29X9MKRHF",
  "ClusterArn": "arn:aws:elasticmapreduce:ap-south-1:435097195936:cluster/j-3H5A29X9MKRHF",
  "ResponseMetadata": {
    "RequestId": "c13d2bba-f80d-473c-b9a4-d59b89c58b93",
    "HTTPStatusCode": 200,
    "HTTPHeaders": {
      "x-amzn-requestid": "c13d2bba-f80d-473c-b9a4-d59b89c58b93",
      "content-type": "application/x-amz-json-1.1",
      "content-length": "119",
      "date": "Thu, 23 Jul 2026 05:52:38 GMT"
    },
    "RetryAttempts": 0
  }
}
j-3H5A29X9MKRHF step s-09731403M9AJ79EHRDPA is PENDING
j-3H5A29X9MKRHF step s-09731403M9AJ79EHRDPA is PENDING
j-3H5A29X9MKRHF step s-09731403M9AJ79EHRDPA is PENDING
j-3H5A29X9MKRHF step s-09731403M9AJ79EHRDPA is PENDING
j-3H5A29X9MKRHF step s-09731403M9AJ79EHRDPA is PENDING
j-3H5A29X9MKRHF step s-09731403M9AJ79EHRDPA is PENDING
j-3H5A29X9MKRHF step s-09731403M9AJ79EHRDPA is PENDING
j-3H5A29X9MKRHF step s-09731403M9AJ79EHRDPA is PENDING
j-3H5A29X9MKRHF step s-09731403M9AJ79EHRDPA is RUNNING
j-3H5A29X9MKRHF step s-09731403M9AJ79EHRDPA is RUNNING
j-3H5A29X9MKRHF step s-09731403M9AJ79EHRDPA is RUNNING
j-3H5A29X9MKRHF step s-09731403M9AJ79EHRDPA is RUNNING
j-3H5A29X9MKRHF step s-09731403M9AJ79EHRDPA is COMPLETED
j-3H5A29X9MKRHF cluster is TERMINATING
j-3H5A29X9MKRHF cluster is TERMINATED
Saved memory-heavy 1024MB m5a.xlarge x 4 runtime=1.9078 min cost=$0.0141; cluster=TERMINATED
Starting 1024MB memory-heavy on m6i.xlarge x 2 in ap-south-1
{
  "JobFlowId": "j-2KFSXU24LSXW0",
  "ClusterArn": "arn:aws:elasticmapreduce:ap-south-1:435097195936:cluster/j-2KFSXU24LSXW0",
  "ResponseMetadata": {
    "RequestId": "59e4d95f-be33-457e-8663-d236393e80a2",
    "HTTPStatusCode": 200,
    "HTTPHeaders": {
      "x-amzn-requestid": "59e4d95f-be33-457e-8663-d236393e80a2",
      "content-type": "application/x-amz-json-1.1",
      "content-length": "119",
      "date": "Thu, 23 Jul 2026 05:59:13 GMT"
    },
    "RetryAttempts": 0
  }
}
j-2KFSXU24LSXW0 step s-09222013BVONVWU2R660 is PENDING
j-2KFSXU24LSXW0 step s-09222013BVONVWU2R660 is PENDING
j-2KFSXU24LSXW0 step s-09222013BVONVWU2R660 is PENDING
j-2KFSXU24LSXW0 step s-09222013BVONVWU2R660 is PENDING
j-2KFSXU24LSXW0 step s-09222013BVONVWU2R660 is PENDING
j-2KFSXU24LSXW0 step s-09222013BVONVWU2R660 is PENDING
j-2KFSXU24LSXW0 step s-09222013BVONVWU2R660 is PENDING
j-2KFSXU24LSXW0 step s-09222013BVONVWU2R660 is RUNNING
j-2KFSXU24LSXW0 step s-09222013BVONVWU2R660 is RUNNING
j-2KFSXU24LSXW0 step s-09222013BVONVWU2R660 is RUNNING
j-2KFSXU24LSXW0 step s-09222013BVONVWU2R660 is COMPLETED
j-2KFSXU24LSXW0 cluster is TERMINATING
j-2KFSXU24LSXW0 cluster is TERMINATING
j-2KFSXU24LSXW0 cluster is TERMINATING
j-2KFSXU24LSXW0 cluster is TERMINATED
Saved memory-heavy 1024MB m6i.xlarge x 2 runtime=1.6058 min cost=$0.0108; cluster=TERMINATED
Starting 1024MB memory-heavy on m6i.xlarge x 4 in ap-south-1
{
  "JobFlowId": "j-1AQ89DQFLU8GK",
  "ClusterArn": "arn:aws:elasticmapreduce:ap-south-1:435097195936:cluster/j-1AQ89DQFLU8GK",
  "ResponseMetadata": {
    "RequestId": "4549569f-153c-481a-a4ab-87af9db273d1",
    "HTTPStatusCode": 200,
    "HTTPHeaders": {
      "x-amzn-requestid": "4549569f-153c-481a-a4ab-87af9db273d1",
      "content-type": "application/x-amz-json-1.1",
      "content-length": "119",
      "date": "Thu, 23 Jul 2026 06:05:49 GMT"
    },
    "RetryAttempts": 0
  }
}
j-1AQ89DQFLU8GK step s-02625822LNPXPZVBGZDY is PENDING
j-1AQ89DQFLU8GK step s-02625822LNPXPZVBGZDY is PENDING
j-1AQ89DQFLU8GK step s-02625822LNPXPZVBGZDY is PENDING
j-1AQ89DQFLU8GK step s-02625822LNPXPZVBGZDY is PENDING
j-1AQ89DQFLU8GK step s-02625822LNPXPZVBGZDY is PENDING
j-1AQ89DQFLU8GK step s-02625822LNPXPZVBGZDY is PENDING
j-1AQ89DQFLU8GK step s-02625822LNPXPZVBGZDY is PENDING
j-1AQ89DQFLU8GK step s-02625822LNPXPZVBGZDY is PENDING
j-1AQ89DQFLU8GK step s-02625822LNPXPZVBGZDY is RUNNING
j-1AQ89DQFLU8GK step s-02625822LNPXPZVBGZDY is RUNNING
j-1AQ89DQFLU8GK step s-02625822LNPXPZVBGZDY is RUNNING
j-1AQ89DQFLU8GK step s-02625822LNPXPZVBGZDY is COMPLETED
j-1AQ89DQFLU8GK cluster is TERMINATING
j-1AQ89DQFLU8GK cluster is TERMINATING
j-1AQ89DQFLU8GK cluster is TERMINATED
Saved memory-heavy 1024MB m6i.xlarge x 4 runtime=1.1725 min cost=$0.0158; cluster=TERMINATED
Starting 1024MB memory-heavy on c5.xlarge x 2 in ap-south-1
{
  "JobFlowId": "j-1IB9ZKEFJ5P44",
  "ClusterArn": "arn:aws:elasticmapreduce:ap-south-1:435097195936:cluster/j-1IB9ZKEFJ5P44",
  "ResponseMetadata": {
    "RequestId": "b7a5a627-4a5c-49d8-9c26-b73d8f0ab830",
    "HTTPStatusCode": 200,
    "HTTPHeaders": {
      "x-amzn-requestid": "b7a5a627-4a5c-49d8-9c26-b73d8f0ab830",
      "content-type": "application/x-amz-json-1.1",
      "content-length": "119",
      "date": "Thu, 23 Jul 2026 06:12:24 GMT"
    },
    "RetryAttempts": 0
  }
}
j-1IB9ZKEFJ5P44 step s-03704751A0KL7KJVLWOU is PENDING
j-1IB9ZKEFJ5P44 step s-03704751A0KL7KJVLWOU is PENDING
j-1IB9ZKEFJ5P44 step s-03704751A0KL7KJVLWOU is PENDING
j-1IB9ZKEFJ5P44 step s-03704751A0KL7KJVLWOU is PENDING
j-1IB9ZKEFJ5P44 step s-03704751A0KL7KJVLWOU is PENDING
j-1IB9ZKEFJ5P44 step s-03704751A0KL7KJVLWOU is COMPLETED
j-1IB9ZKEFJ5P44 cluster is TERMINATED
Saved memory-heavy 1024MB c5.xlarge x 2 runtime=1.6403 min cost=$0.0093; cluster=TERMINATED
Starting 1024MB memory-heavy on c5.xlarge x 4 in ap-south-1
{
  "JobFlowId": "j-3BFJ9CC1MMS6I",
  "ClusterArn": "arn:aws:elasticmapreduce:ap-south-1:435097195936:cluster/j-3BFJ9CC1MMS6I",
  "ResponseMetadata": {
    "RequestId": "8fc1fd6a-1a63-4a90-9609-1eac20fa7f28",
    "HTTPStatusCode": 200,
    "HTTPHeaders": {
      "x-amzn-requestid": "8fc1fd6a-1a63-4a90-9609-1eac20fa7f28",
      "content-type": "application/x-amz-json-1.1",
      "content-length": "119",
      "date": "Thu, 23 Jul 2026 06:19:40 GMT"
    },
    "RetryAttempts": 0
  }
}
j-3BFJ9CC1MMS6I step s-0532382AP50HHFH65IR is PENDING
j-3BFJ9CC1MMS6I step s-0532382AP50HHFH65IR is PENDING
j-3BFJ9CC1MMS6I step s-0532382AP50HHFH65IR is PENDING
j-3BFJ9CC1MMS6I step s-0532382AP50HHFH65IR is PENDING
j-3BFJ9CC1MMS6I step s-0532382AP50HHFH65IR is PENDING
j-3BFJ9CC1MMS6I step s-0532382AP50HHFH65IR is PENDING
j-3BFJ9CC1MMS6I step s-0532382AP50HHFH65IR is PENDING
j-3BFJ9CC1MMS6I step s-0532382AP50HHFH65IR is PENDING
j-3BFJ9CC1MMS6I step s-0532382AP50HHFH65IR is RUNNING
j-3BFJ9CC1MMS6I step s-0532382AP50HHFH65IR is RUNNING
j-3BFJ9CC1MMS6I step s-0532382AP50HHFH65IR is COMPLETED
j-3BFJ9CC1MMS6I cluster is TERMINATING
j-3BFJ9CC1MMS6I cluster is TERMINATING
j-3BFJ9CC1MMS6I cluster is TERMINATING
j-3BFJ9CC1MMS6I cluster is TERMINATED
Saved memory-heavy 1024MB c5.xlarge x 4 runtime=1.2725 min cost=$0.0144; cluster=TERMINATED
Starting 1024MB memory-heavy on c5a.xlarge x 2 in ap-south-1
{
  "JobFlowId": "j-3J1GO1X3JH00L",
  "ClusterArn": "arn:aws:elasticmapreduce:ap-south-1:435097195936:cluster/j-3J1GO1X3JH00L",
  "ResponseMetadata": {
    "RequestId": "2ca46d8f-2821-42e8-991f-4544d8b52c4d",
    "HTTPStatusCode": 200,
    "HTTPHeaders": {
      "x-amzn-requestid": "2ca46d8f-2821-42e8-991f-4544d8b52c4d",
      "content-type": "application/x-amz-json-1.1",
      "content-length": "119",
      "date": "Thu, 23 Jul 2026 06:26:16 GMT"
    },
    "RetryAttempts": 0
  }
}
j-3J1GO1X3JH00L step s-09272381G3VHKKG8XZ83 is PENDING
j-3J1GO1X3JH00L step s-09272381G3VHKKG8XZ83 is PENDING
j-3J1GO1X3JH00L step s-09272381G3VHKKG8XZ83 is PENDING
j-3J1GO1X3JH00L step s-09272381G3VHKKG8XZ83 is COMPLETED
j-3J1GO1X3JH00L cluster is TERMINATING
j-3J1GO1X3JH00L cluster is TERMINATED
Saved memory-heavy 1024MB c5a.xlarge x 2 runtime=1.5388 min cost=$0.0048; cluster=TERMINATED
Starting 1024MB memory-heavy on c5a.xlarge x 4 in ap-south-1
{
  "JobFlowId": "j-ARTTWR0D6OAI",
  "ClusterArn": "arn:aws:elasticmapreduce:ap-south-1:435097195936:cluster/j-ARTTWR0D6OAI",
  "ResponseMetadata": {
    "RequestId": "0880eac0-7df3-41be-abc2-794f1506d7bc",
    "HTTPStatusCode": 200,
    "HTTPHeaders": {
      "x-amzn-requestid": "0880eac0-7df3-41be-abc2-794f1506d7bc",
      "content-type": "application/x-amz-json-1.1",
      "content-length": "117",
      "date": "Thu, 23 Jul 2026 06:32:11 GMT"
    },
    "RetryAttempts": 0
  }
}
j-ARTTWR0D6OAI step s-09686992WCT16PYKE2LU is PENDING
j-ARTTWR0D6OAI step s-09686992WCT16PYKE2LU is COMPLETED
j-ARTTWR0D6OAI cluster is TERMINATED
Saved memory-heavy 1024MB c5a.xlarge x 4 runtime=1.4061 min cost=$0.0088; cluster=TERMINATED
Skipping completed 1024MB memory-heavy c6i.xlarge x 2 in ap-south-1
Skipping completed 1024MB memory-heavy c6i.xlarge x 4 in ap-south-1
Starting 1024MB io-heavy on m5a.xlarge x 2 in ap-south-1
{
  "JobFlowId": "j-PF31LF5XTPB8",
  "ClusterArn": "arn:aws:elasticmapreduce:ap-south-1:435097195936:cluster/j-PF31LF5XTPB8",
  "ResponseMetadata": {
    "RequestId": "0589c3c1-d6ce-4166-824e-6b25f4304894",
    "HTTPStatusCode": 200,
    "HTTPHeaders": {
      "x-amzn-requestid": "0589c3c1-d6ce-4166-824e-6b25f4304894",
      "content-type": "application/x-amz-json-1.1",
      "content-length": "117",
      "date": "Thu, 23 Jul 2026 06:47:43 GMT"
    },
    "RetryAttempts": 0
  }
}
j-PF31LF5XTPB8 step s-037197527X07L9M5PGIU is PENDING
j-PF31LF5XTPB8 step s-037197527X07L9M5PGIU is PENDING
j-PF31LF5XTPB8 step s-037197527X07L9M5PGIU is COMPLETED
j-PF31LF5XTPB8 cluster is TERMINATED
Saved io-heavy 1024MB m5a.xlarge x 2 runtime=2.6754 min cost=$0.0099; cluster=TERMINATED
Starting 1024MB io-heavy on m5a.xlarge x 4 in ap-south-1
{
  "JobFlowId": "j-234MK3YRUMGP0",
  "ClusterArn": "arn:aws:elasticmapreduce:ap-south-1:435097195936:cluster/j-234MK3YRUMGP0",
  "ResponseMetadata": {
    "RequestId": "582892c8-a03e-4920-a0ff-af630a17fbf8",
    "HTTPStatusCode": 200,
    "HTTPHeaders": {
      "x-amzn-requestid": "582892c8-a03e-4920-a0ff-af630a17fbf8",
      "content-type": "application/x-amz-json-1.1",
      "content-length": "119",
      "date": "Thu, 23 Jul 2026 07:03:45 GMT"
    },
    "RetryAttempts": 0
  }
}
j-234MK3YRUMGP0 step s-06860491OOXR3I5VF69G is PENDING
j-234MK3YRUMGP0 step s-06860491OOXR3I5VF69G is PENDING
j-234MK3YRUMGP0 step s-06860491OOXR3I5VF69G is PENDING
j-234MK3YRUMGP0 step s-06860491OOXR3I5VF69G is COMPLETED
j-234MK3YRUMGP0 cluster is TERMINATED
Saved io-heavy 1024MB m5a.xlarge x 4 runtime=2.1084 min cost=$0.0156; cluster=TERMINATED
Starting 1024MB io-heavy on m6i.xlarge x 2 in ap-south-1
{
  "JobFlowId": "j-ETTLW6NFEPDS",
  "ClusterArn": "arn:aws:elasticmapreduce:ap-south-1:435097195936:cluster/j-ETTLW6NFEPDS",
  "ResponseMetadata": {
    "RequestId": "9dbe7488-4bd5-4c36-bdd9-3002e5680784",
    "HTTPStatusCode": 200,
    "HTTPHeaders": {
      "x-amzn-requestid": "9dbe7488-4bd5-4c36-bdd9-3002e5680784",
      "content-type": "application/x-amz-json-1.1",
      "content-length": "117",
      "date": "Thu, 23 Jul 2026 07:24:14 GMT"
    },
    "RetryAttempts": 0
  }
}
j-ETTLW6NFEPDS step s-03707032K291BAIUMIVG is PENDING
j-ETTLW6NFEPDS step s-03707032K291BAIUMIVG is PENDING
MONITOR FAILED: ClientError: An error occurred (InvalidSignatureException) when calling the ListSteps operation: Signature expired: 20260723T072734Z is now earlier than 20260723T073735Z (20260723T074235Z - 5 min.)
Traceback (most recent call last):
  File "/Users/manojanbalagan/Documents/research/research/cost-aware-infrastructure-optimization/scripts/run_emr_regional_resumable_batch.py", line 352, in run_one
    step = wait_for_step(emr, cluster_id, args.poll_seconds, args.step_timeout_minutes)
           ^^^^^^^^^^^^^^^^^^^^^^^^^^^^^^^^^^^^^^^^^^^^^^^^^^^^^^^^^^^^^^^^^^^^^^^^^^^^
  File "/Users/manojanbalagan/Documents/research/research/cost-aware-infrastructure-optimization/scripts/run_emr_regional_resumable_batch.py", line 229, in wait_for_step
    response = emr.list_steps(ClusterId=cluster_id)
               ^^^^^^^^^^^^^^^^^^^^^^^^^^^^^^^^^^^^
  File "/Users/manojanbalagan/Documents/research/research/cost-aware-infrastructure-optimization/.venv/lib/python3.11/site-packages/botocore/client.py", line 606, in _api_call
    return self._make_api_call(operation_name, kwargs)
           ^^^^^^^^^^^^^^^^^^^^^^^^^^^^^^^^^^^^^^^^^^^
  File "/Users/manojanbalagan/Documents/research/research/cost-aware-infrastructure-optimization/.venv/lib/python3.11/site-packages/botocore/context.py", line 123, in wrapper
    return func(*args, **kwargs)
           ^^^^^^^^^^^^^^^^^^^^^
botocore.exceptions.ClientError: An error occurred (InvalidSignatureException) when calling the ListSteps operation: Signature expired: 20260723T072734Z is now earlier than 20260723T073735Z (20260723T074235Z - 5 min.)

Starting 1024MB io-heavy on m6i.xlarge x 4 in ap-south-1
{
  "JobFlowId": "j-29HV41UYEO4TZ",
  "ClusterArn": "arn:aws:elasticmapreduce:ap-south-1:435097195936:cluster/j-29HV41UYEO4TZ",
  "ResponseMetadata": {
    "RequestId": "8235d184-75d9-4f3f-951c-b06fd6a20924",
    "HTTPStatusCode": 200,
    "HTTPHeaders": {
      "x-amzn-requestid": "8235d184-75d9-4f3f-951c-b06fd6a20924",
      "content-type": "application/x-amz-json-1.1",
      "content-length": "119",
      "date": "Thu, 23 Jul 2026 07:42:36 GMT"
    },
    "RetryAttempts": 0
  }
}
j-29HV41UYEO4TZ step s-03718981TXPHY9O3SNG3 is PENDING
j-29HV41UYEO4TZ step s-03718981TXPHY9O3SNG3 is PENDING
j-29HV41UYEO4TZ step s-03718981TXPHY9O3SNG3 is COMPLETED
j-29HV41UYEO4TZ cluster is TERMINATED
Saved io-heavy 1024MB m6i.xlarge x 4 runtime=1.3391 min cost=$0.0180; cluster=TERMINATED
Starting 1024MB io-heavy on c5.xlarge x 2 in ap-south-1
{
  "JobFlowId": "j-1E4KERBFV07LI",
  "ClusterArn": "arn:aws:elasticmapreduce:ap-south-1:435097195936:cluster/j-1E4KERBFV07LI",
  "ResponseMetadata": {
    "RequestId": "ed6d8436-fdb4-42ba-9650-32f48bfc5c5d",
    "HTTPStatusCode": 200,
    "HTTPHeaders": {
      "x-amzn-requestid": "ed6d8436-fdb4-42ba-9650-32f48bfc5c5d",
      "content-type": "application/x-amz-json-1.1",
      "content-length": "119",
      "date": "Thu, 23 Jul 2026 07:58:39 GMT"
    },
    "RetryAttempts": 0
  }
}
j-1E4KERBFV07LI step s-103482315FZ0MXA85ZQH is PENDING
j-1E4KERBFV07LI step s-103482315FZ0MXA85ZQH is COMPLETED
j-1E4KERBFV07LI cluster is TERMINATED
Saved io-heavy 1024MB c5.xlarge x 2 runtime=1.8725 min cost=$0.0106; cluster=TERMINATED
Starting 1024MB io-heavy on c5.xlarge x 4 in ap-south-1
{
  "JobFlowId": "j-1FKIVSF3UCDSA",
  "ClusterArn": "arn:aws:elasticmapreduce:ap-south-1:435097195936:cluster/j-1FKIVSF3UCDSA",
  "ResponseMetadata": {
    "RequestId": "35ef76a4-7871-4d8b-a7d5-b3114ab4f510",
    "HTTPStatusCode": 200,
    "HTTPHeaders": {
      "x-amzn-requestid": "35ef76a4-7871-4d8b-a7d5-b3114ab4f510",
      "content-type": "application/x-amz-json-1.1",
      "content-length": "119",
      "date": "Thu, 23 Jul 2026 08:14:10 GMT"
    },
    "RetryAttempts": 0
  }
}
j-1FKIVSF3UCDSA step s-079590363RLDKJRNMGO is PENDING
j-1FKIVSF3UCDSA step s-079590363RLDKJRNMGO is PENDING
j-1FKIVSF3UCDSA step s-079590363RLDKJRNMGO is COMPLETED
j-1FKIVSF3UCDSA cluster is TERMINATED
Saved io-heavy 1024MB c5.xlarge x 4 runtime=1.3056 min cost=$0.0148; cluster=TERMINATED
Starting 1024MB io-heavy on c5a.xlarge x 2 in ap-south-1
{
  "JobFlowId": "j-1TATXU2OOXSOZ",
  "ClusterArn": "arn:aws:elasticmapreduce:ap-south-1:435097195936:cluster/j-1TATXU2OOXSOZ",
  "ResponseMetadata": {
    "RequestId": "51a0f2a1-f91a-42fa-b479-3c219945e8e8",
    "HTTPStatusCode": 200,
    "HTTPHeaders": {
      "x-amzn-requestid": "51a0f2a1-f91a-42fa-b479-3c219945e8e8",
      "content-type": "application/x-amz-json-1.1",
      "content-length": "119",
      "date": "Thu, 23 Jul 2026 08:27:57 GMT"
    },
    "RetryAttempts": 0
  }
}
j-1TATXU2OOXSOZ step s-0924988IJU59R2DVBJ is PENDING
j-1TATXU2OOXSOZ step s-0924988IJU59R2DVBJ is COMPLETED
j-1TATXU2OOXSOZ cluster is TERMINATED
Saved io-heavy 1024MB c5a.xlarge x 2 runtime=1.7391 min cost=$0.0054; cluster=TERMINATED
Starting 1024MB io-heavy on c5a.xlarge x 4 in ap-south-1
{
  "JobFlowId": "j-7T4QZBIZJZC2",
  "ClusterArn": "arn:aws:elasticmapreduce:ap-south-1:435097195936:cluster/j-7T4QZBIZJZC2",
  "ResponseMetadata": {
    "RequestId": "2cf4df5b-a99d-403c-b623-018d0f5e9aa0",
    "HTTPStatusCode": 200,
    "HTTPHeaders": {
      "x-amzn-requestid": "2cf4df5b-a99d-403c-b623-018d0f5e9aa0",
      "content-type": "application/x-amz-json-1.1",
      "content-length": "117",
      "date": "Thu, 23 Jul 2026 08:43:28 GMT"
    },
    "RetryAttempts": 0
  }
}
j-7T4QZBIZJZC2 step s-07118521JEW1GW4HE1H0 is PENDING
j-7T4QZBIZJZC2 step s-07118521JEW1GW4HE1H0 is PENDING
j-7T4QZBIZJZC2 step s-07118521JEW1GW4HE1H0 is COMPLETED
j-7T4QZBIZJZC2 cluster is TERMINATED
Saved io-heavy 1024MB c5a.xlarge x 4 runtime=1.2418 min cost=$0.0078; cluster=TERMINATED
Skipping completed 1024MB io-heavy c6i.xlarge x 2 in ap-south-1
Skipping completed 1024MB io-heavy c6i.xlarge x 4 in ap-south-1
Starting 2048MB cpu-heavy on m5a.xlarge x 2 in ap-south-1
{
  "JobFlowId": "j-28UJCIK6XQ1Z1",
  "ClusterArn": "arn:aws:elasticmapreduce:ap-south-1:435097195936:cluster/j-28UJCIK6XQ1Z1",
  "ResponseMetadata": {
    "RequestId": "a3b336bf-30ce-4116-ae1c-2653878c8d3d",
    "HTTPStatusCode": 200,
    "HTTPHeaders": {
      "x-amzn-requestid": "a3b336bf-30ce-4116-ae1c-2653878c8d3d",
      "content-type": "application/x-amz-json-1.1",
      "content-length": "119",
      "date": "Thu, 23 Jul 2026 08:59:29 GMT"
    },
    "RetryAttempts": 0
  }
}
j-28UJCIK6XQ1Z1 step s-036930228M7OHOP5XROJ is PENDING
j-28UJCIK6XQ1Z1 step s-036930228M7OHOP5XROJ is COMPLETED
j-28UJCIK6XQ1Z1 cluster is TERMINATED
Saved cpu-heavy 2048MB m5a.xlarge x 2 runtime=3.7137 min cost=$0.0137; cluster=TERMINATED
Starting 2048MB cpu-heavy on m5a.xlarge x 4 in ap-south-1
{
  "JobFlowId": "j-2NXF4926N6LGT",
  "ClusterArn": "arn:aws:elasticmapreduce:ap-south-1:435097195936:cluster/j-2NXF4926N6LGT",
  "ResponseMetadata": {
    "RequestId": "f762a4f5-67b6-4191-80e9-a2a4353bd86b",
    "HTTPStatusCode": 200,
    "HTTPHeaders": {
      "x-amzn-requestid": "f762a4f5-67b6-4191-80e9-a2a4353bd86b",
      "content-type": "application/x-amz-json-1.1",
      "content-length": "119",
      "date": "Thu, 23 Jul 2026 09:15:00 GMT"
    },
    "RetryAttempts": 0
  }
}
j-2NXF4926N6LGT step s-05321493AV0JCGW6H661 is PENDING
j-2NXF4926N6LGT step s-05321493AV0JCGW6H661 is PENDING
j-2NXF4926N6LGT step s-05321493AV0JCGW6H661 is COMPLETED
j-2NXF4926N6LGT cluster is TERMINATED
Saved cpu-heavy 2048MB m5a.xlarge x 4 runtime=2.3086 min cost=$0.0171; cluster=TERMINATED
Starting 2048MB cpu-heavy on m6i.xlarge x 2 in ap-south-1
{
  "JobFlowId": "j-1KGV47KYJY997",
  "ClusterArn": "arn:aws:elasticmapreduce:ap-south-1:435097195936:cluster/j-1KGV47KYJY997",
  "ResponseMetadata": {
    "RequestId": "6147b88f-a5a5-41f4-a298-6ba187877269",
    "HTTPStatusCode": 200,
    "HTTPHeaders": {
      "x-amzn-requestid": "6147b88f-a5a5-41f4-a298-6ba187877269",
      "content-type": "application/x-amz-json-1.1",
      "content-length": "119",
      "date": "Thu, 23 Jul 2026 09:31:02 GMT"
    },
    "RetryAttempts": 0
  }
}
j-1KGV47KYJY997 step s-025934918N03ACGSL8QL is PENDING
j-1KGV47KYJY997 step s-025934918N03ACGSL8QL is PENDING
j-1KGV47KYJY997 step s-025934918N03ACGSL8QL is RUNNING
j-1KGV47KYJY997 step s-025934918N03ACGSL8QL is COMPLETED
j-1KGV47KYJY997 cluster is TERMINATED
Saved cpu-heavy 2048MB m6i.xlarge x 2 runtime=2.5713 min cost=$0.0173; cluster=TERMINATED
Starting 2048MB cpu-heavy on m6i.xlarge x 4 in ap-south-1
{
  "JobFlowId": "j-2B064B2THUTBM",
  "ClusterArn": "arn:aws:elasticmapreduce:ap-south-1:435097195936:cluster/j-2B064B2THUTBM",
  "ResponseMetadata": {
    "RequestId": "4f94253e-d830-4178-803c-c75280f62086",
    "HTTPStatusCode": 200,
    "HTTPHeaders": {
      "x-amzn-requestid": "4f94253e-d830-4178-803c-c75280f62086",
      "content-type": "application/x-amz-json-1.1",
      "content-length": "119",
      "date": "Thu, 23 Jul 2026 09:51:07 GMT"
    },
    "RetryAttempts": 0
  }
}
j-2B064B2THUTBM step s-05532281WAFGKY9T8WR4 is PENDING
j-2B064B2THUTBM step s-05532281WAFGKY9T8WR4 is COMPLETED
j-2B064B2THUTBM cluster is TERMINATED
Saved cpu-heavy 2048MB m6i.xlarge x 4 runtime=1.4380 min cost=$0.0194; cluster=TERMINATED
Starting 2048MB cpu-heavy on c5.xlarge x 2 in ap-south-1
{
  "JobFlowId": "j-91A2QRGUUP4S",
  "ClusterArn": "arn:aws:elasticmapreduce:ap-south-1:435097195936:cluster/j-91A2QRGUUP4S",
  "ResponseMetadata": {
    "RequestId": "ff262b36-b8d0-4d49-a13d-90b497b60c6d",
    "HTTPStatusCode": 200,
    "HTTPHeaders": {
      "x-amzn-requestid": "ff262b36-b8d0-4d49-a13d-90b497b60c6d",
      "content-type": "application/x-amz-json-1.1",
      "content-length": "117",
      "date": "Thu, 23 Jul 2026 10:06:38 GMT"
    },
    "RetryAttempts": 0
  }
}
j-91A2QRGUUP4S step s-0192811115MGVH8GNI6A is PENDING
j-91A2QRGUUP4S step s-0192811115MGVH8GNI6A is RUNNING
j-91A2QRGUUP4S step s-0192811115MGVH8GNI6A is COMPLETED
j-91A2QRGUUP4S cluster is TERMINATED
Saved cpu-heavy 2048MB c5.xlarge x 2 runtime=2.5056 min cost=$0.0142; cluster=TERMINATED
Starting 2048MB cpu-heavy on c5.xlarge x 4 in ap-south-1
{
  "JobFlowId": "j-1PS68STE8Y6VC",
  "ClusterArn": "arn:aws:elasticmapreduce:ap-south-1:435097195936:cluster/j-1PS68STE8Y6VC",
  "ResponseMetadata": {
    "RequestId": "9a402ade-776b-44e5-88cf-1b8ea88731b9",
    "HTTPStatusCode": 200,
    "HTTPHeaders": {
      "x-amzn-requestid": "9a402ade-776b-44e5-88cf-1b8ea88731b9",
      "content-type": "application/x-amz-json-1.1",
      "content-length": "119",
      "date": "Thu, 23 Jul 2026 10:26:35 GMT"
    },
    "RetryAttempts": 0
  }
}
j-1PS68STE8Y6VC step s-05130911M7192C6Y290Q is PENDING
j-1PS68STE8Y6VC step s-05130911M7192C6Y290Q is PENDING
j-1PS68STE8Y6VC step s-05130911M7192C6Y290Q is PENDING
j-1PS68STE8Y6VC step s-05130911M7192C6Y290Q is RUNNING
j-1PS68STE8Y6VC step s-05130911M7192C6Y290Q is RUNNING
j-1PS68STE8Y6VC step s-05130911M7192C6Y290Q is RUNNING
j-1PS68STE8Y6VC step s-05130911M7192C6Y290Q is COMPLETED
j-1PS68STE8Y6VC cluster is TERMINATING
j-1PS68STE8Y6VC cluster is TERMINATED
Saved cpu-heavy 2048MB c5.xlarge x 4 runtime=1.4386 min cost=$0.0163; cluster=TERMINATED
Starting 2048MB cpu-heavy on c5a.xlarge x 2 in ap-south-1
{
  "JobFlowId": "j-1C6YBDB5G5AQJ",
  "ClusterArn": "arn:aws:elasticmapreduce:ap-south-1:435097195936:cluster/j-1C6YBDB5G5AQJ",
  "ResponseMetadata": {
    "RequestId": "3a3b23af-1858-4be5-beb7-969dafaf2a2b",
    "HTTPStatusCode": 200,
    "HTTPHeaders": {
      "x-amzn-requestid": "3a3b23af-1858-4be5-beb7-969dafaf2a2b",
      "content-type": "application/x-amz-json-1.1",
      "content-length": "119",
      "date": "Thu, 23 Jul 2026 10:47:25 GMT"
    },
    "RetryAttempts": 0
  }
}
j-1C6YBDB5G5AQJ step s-08871932HX45BYPF0V6V is PENDING
j-1C6YBDB5G5AQJ step s-08871932HX45BYPF0V6V is PENDING
j-1C6YBDB5G5AQJ step s-08871932HX45BYPF0V6V is COMPLETED
j-1C6YBDB5G5AQJ cluster is TERMINATED
Saved cpu-heavy 2048MB c5a.xlarge x 2 runtime=2.5054 min cost=$0.0078; cluster=TERMINATED
Starting 2048MB cpu-heavy on c5a.xlarge x 4 in ap-south-1
{
  "JobFlowId": "j-36TKEQ3X3X0HX",
  "ClusterArn": "arn:aws:elasticmapreduce:ap-south-1:435097195936:cluster/j-36TKEQ3X3X0HX",
  "ResponseMetadata": {
    "RequestId": "c38c7cfb-d866-429e-931d-19e907f63be6",
    "HTTPStatusCode": 200,
    "HTTPHeaders": {
      "x-amzn-requestid": "c38c7cfb-d866-429e-931d-19e907f63be6",
      "content-type": "application/x-amz-json-1.1",
      "content-length": "119",
      "date": "Thu, 23 Jul 2026 11:01:03 GMT"
    },
    "RetryAttempts": 0
  }
}
j-36TKEQ3X3X0HX step s-09101633U3XJ2L5U8UFO is PENDING
j-36TKEQ3X3X0HX step s-09101633U3XJ2L5U8UFO is COMPLETED
j-36TKEQ3X3X0HX cluster is TERMINATED
Saved cpu-heavy 2048MB c5a.xlarge x 4 runtime=1.5720 min cost=$0.0099; cluster=TERMINATED
Skipping completed 2048MB cpu-heavy c6i.xlarge x 2 in ap-south-1
Skipping completed 2048MB cpu-heavy c6i.xlarge x 4 in ap-south-1
Starting 2048MB memory-heavy on m5a.xlarge x 2 in ap-south-1
{
  "JobFlowId": "j-32XOLA4E1LZND",
  "ClusterArn": "arn:aws:elasticmapreduce:ap-south-1:435097195936:cluster/j-32XOLA4E1LZND",
  "ResponseMetadata": {
    "RequestId": "1d23a420-decb-4286-b098-6d2a4ba6de77",
    "HTTPStatusCode": 200,
    "HTTPHeaders": {
      "x-amzn-requestid": "1d23a420-decb-4286-b098-6d2a4ba6de77",
      "content-type": "application/x-amz-json-1.1",
      "content-length": "119",
      "date": "Thu, 23 Jul 2026 11:16:34 GMT"
    },
    "RetryAttempts": 0
  }
}
j-32XOLA4E1LZND step s-070306617WM1MXY6R1FE is PENDING
j-32XOLA4E1LZND step s-070306617WM1MXY6R1FE is PENDING
j-32XOLA4E1LZND step s-070306617WM1MXY6R1FE is PENDING
j-32XOLA4E1LZND step s-070306617WM1MXY6R1FE is COMPLETED
j-32XOLA4E1LZND cluster is TERMINATED
Saved memory-heavy 2048MB m5a.xlarge x 2 runtime=3.8755 min cost=$0.0143; cluster=TERMINATED
Starting 2048MB memory-heavy on m5a.xlarge x 4 in ap-south-1
{
  "JobFlowId": "j-TJD0A201OS2L",
  "ClusterArn": "arn:aws:elasticmapreduce:ap-south-1:435097195936:cluster/j-TJD0A201OS2L",
  "ResponseMetadata": {
    "RequestId": "755c806c-f6ae-47c1-aa37-e1e0bb4a8910",
    "HTTPStatusCode": 200,
    "HTTPHeaders": {
      "x-amzn-requestid": "755c806c-f6ae-47c1-aa37-e1e0bb4a8910",
      "content-type": "application/x-amz-json-1.1",
      "content-length": "117",
      "date": "Thu, 23 Jul 2026 11:26:37 GMT"
    },
    "RetryAttempts": 0
  }
}
j-TJD0A201OS2L step s-08847733CX5DWWYSPOBM is PENDING
j-TJD0A201OS2L step s-08847733CX5DWWYSPOBM is COMPLETED
j-TJD0A201OS2L cluster is TERMINATED
Saved memory-heavy 2048MB m5a.xlarge x 4 runtime=2.5425 min cost=$0.0188; cluster=TERMINATED
Starting 2048MB memory-heavy on m6i.xlarge x 2 in ap-south-1
{
  "JobFlowId": "j-17F5FZ0827F1Y",
  "ClusterArn": "arn:aws:elasticmapreduce:ap-south-1:435097195936:cluster/j-17F5FZ0827F1Y",
  "ResponseMetadata": {
    "RequestId": "762095e5-e9fb-4e49-8b41-f9606d830db6",
    "HTTPStatusCode": 200,
    "HTTPHeaders": {
      "x-amzn-requestid": "762095e5-e9fb-4e49-8b41-f9606d830db6",
      "content-type": "application/x-amz-json-1.1",
      "content-length": "119",
      "date": "Thu, 23 Jul 2026 11:42:08 GMT"
    },
    "RetryAttempts": 0
  }
}
j-17F5FZ0827F1Y step s-09167573VY6YK3NL2OKN is PENDING
j-17F5FZ0827F1Y step s-09167573VY6YK3NL2OKN is PENDING
j-17F5FZ0827F1Y step s-09167573VY6YK3NL2OKN is COMPLETED
j-17F5FZ0827F1Y cluster is TERMINATED
Saved memory-heavy 2048MB m6i.xlarge x 2 runtime=2.1383 min cost=$0.0144; cluster=TERMINATED
Starting 2048MB memory-heavy on m6i.xlarge x 4 in ap-south-1
{
  "JobFlowId": "j-9NPQ8CJWFA29",
  "ClusterArn": "arn:aws:elasticmapreduce:ap-south-1:435097195936:cluster/j-9NPQ8CJWFA29",
  "ResponseMetadata": {
    "RequestId": "1931fd6a-99c5-45e1-ab5f-04cc4744ab41",
    "HTTPStatusCode": 200,
    "HTTPHeaders": {
      "x-amzn-requestid": "1931fd6a-99c5-45e1-ab5f-04cc4744ab41",
      "content-type": "application/x-amz-json-1.1",
      "content-length": "117",
      "date": "Thu, 23 Jul 2026 11:58:09 GMT"
    },
    "RetryAttempts": 0
  }
}
j-9NPQ8CJWFA29 step s-03689312MTOQBO5J9VSU is PENDING
j-9NPQ8CJWFA29 step s-03689312MTOQBO5J9VSU is RUNNING
j-9NPQ8CJWFA29 step s-03689312MTOQBO5J9VSU is COMPLETED
j-9NPQ8CJWFA29 cluster is TERMINATED
Saved memory-heavy 2048MB m6i.xlarge x 4 runtime=1.5388 min cost=$0.0207; cluster=TERMINATED
Starting 2048MB memory-heavy on c5.xlarge x 2 in ap-south-1
{
  "JobFlowId": "j-3Q5874BP4LCT2",
  "ClusterArn": "arn:aws:elasticmapreduce:ap-south-1:435097195936:cluster/j-3Q5874BP4LCT2",
  "ResponseMetadata": {
    "RequestId": "27170d52-e2d8-4e0b-b56e-05e3ce18e62d",
    "HTTPStatusCode": 200,
    "HTTPHeaders": {
      "x-amzn-requestid": "27170d52-e2d8-4e0b-b56e-05e3ce18e62d",
      "content-type": "application/x-amz-json-1.1",
      "content-length": "119",
      "date": "Thu, 23 Jul 2026 12:17:08 GMT"
    },
    "RetryAttempts": 0
  }
}
j-3Q5874BP4LCT2 step s-01190696TAX3XM1YQIA is PENDING
j-3Q5874BP4LCT2 step s-01190696TAX3XM1YQIA is PENDING
j-3Q5874BP4LCT2 step s-01190696TAX3XM1YQIA is COMPLETED
j-3Q5874BP4LCT2 cluster is TERMINATED
Saved memory-heavy 2048MB c5.xlarge x 2 runtime=2.3729 min cost=$0.0134; cluster=TERMINATED
Starting 2048MB memory-heavy on c5.xlarge x 4 in ap-south-1
{
  "JobFlowId": "j-3O83KG7WFQRRU",
  "ClusterArn": "arn:aws:elasticmapreduce:ap-south-1:435097195936:cluster/j-3O83KG7WFQRRU",
  "ResponseMetadata": {
    "RequestId": "67fca403-8cbc-403d-8502-5d89056794cb",
    "HTTPStatusCode": 200,
    "HTTPHeaders": {
      "x-amzn-requestid": "67fca403-8cbc-403d-8502-5d89056794cb",
      "content-type": "application/x-amz-json-1.1",
      "content-length": "119",
      "date": "Thu, 23 Jul 2026 12:33:10 GMT"
    },
    "RetryAttempts": 0
  }
}
j-3O83KG7WFQRRU step s-08868553T6LGIMNHJDFL is PENDING
j-3O83KG7WFQRRU step s-08868553T6LGIMNHJDFL is PENDING
j-3O83KG7WFQRRU step s-08868553T6LGIMNHJDFL is COMPLETED
j-3O83KG7WFQRRU cluster is TERMINATED
Saved memory-heavy 2048MB c5.xlarge x 4 runtime=1.5391 min cost=$0.0174; cluster=TERMINATED
Starting 2048MB memory-heavy on c5a.xlarge x 2 in ap-south-1
{
  "JobFlowId": "j-MXMSC1YPSBH6",
  "ClusterArn": "arn:aws:elasticmapreduce:ap-south-1:435097195936:cluster/j-MXMSC1YPSBH6",
  "ResponseMetadata": {
    "RequestId": "cc8a9148-a88f-4bf3-b71b-b37febdc5b25",
    "HTTPStatusCode": 200,
    "HTTPHeaders": {
      "x-amzn-requestid": "cc8a9148-a88f-4bf3-b71b-b37febdc5b25",
      "content-type": "application/x-amz-json-1.1",
      "content-length": "117",
      "date": "Thu, 23 Jul 2026 12:51:54 GMT"
    },
    "RetryAttempts": 0
  }
}
j-MXMSC1YPSBH6 step s-03718407WM4GDLSPL5L is PENDING
j-MXMSC1YPSBH6 step s-03718407WM4GDLSPL5L is PENDING
j-MXMSC1YPSBH6 step s-03718407WM4GDLSPL5L is COMPLETED
j-MXMSC1YPSBH6 cluster is TERMINATED
Saved memory-heavy 2048MB c5a.xlarge x 2 runtime=2.3066 min cost=$0.0072; cluster=TERMINATED
Starting 2048MB memory-heavy on c5a.xlarge x 4 in ap-south-1
{
  "JobFlowId": "j-1NQIO958CZUQY",
  "ClusterArn": "arn:aws:elasticmapreduce:ap-south-1:435097195936:cluster/j-1NQIO958CZUQY",
  "ResponseMetadata": {
    "RequestId": "f9749a81-77b8-4125-92df-db026e0e6bda",
    "HTTPStatusCode": 200,
    "HTTPHeaders": {
      "x-amzn-requestid": "f9749a81-77b8-4125-92df-db026e0e6bda",
      "content-type": "application/x-amz-json-1.1",
      "content-length": "119",
      "date": "Thu, 23 Jul 2026 13:03:05 GMT"
    },
    "RetryAttempts": 0
  }
}
j-1NQIO958CZUQY step s-0813309IXWIAH20HHY1 is PENDING
j-1NQIO958CZUQY step s-0813309IXWIAH20HHY1 is PENDING
j-1NQIO958CZUQY step s-0813309IXWIAH20HHY1 is PENDING
j-1NQIO958CZUQY step s-0813309IXWIAH20HHY1 is PENDING
j-1NQIO958CZUQY step s-0813309IXWIAH20HHY1 is COMPLETED
j-1NQIO958CZUQY cluster is TERMINATED
Saved memory-heavy 2048MB c5a.xlarge x 4 runtime=1.4053 min cost=$0.0088; cluster=TERMINATED
Skipping completed 2048MB memory-heavy c6i.xlarge x 2 in ap-south-1
Skipping completed 2048MB memory-heavy c6i.xlarge x 4 in ap-south-1
Starting 2048MB io-heavy on m5a.xlarge x 2 in ap-south-1
{
  "JobFlowId": "j-3KXHWWALZ4GC3",
  "ClusterArn": "arn:aws:elasticmapreduce:ap-south-1:435097195936:cluster/j-3KXHWWALZ4GC3",
  "ResponseMetadata": {
    "RequestId": "7c8cd755-29a2-4306-b31e-e7d326ba4f07",
    "HTTPStatusCode": 200,
    "HTTPHeaders": {
      "x-amzn-requestid": "7c8cd755-29a2-4306-b31e-e7d326ba4f07",
      "content-type": "application/x-amz-json-1.1",
      "content-length": "119",
      "date": "Thu, 23 Jul 2026 13:11:28 GMT"
    },
    "RetryAttempts": 0
  }
}
j-3KXHWWALZ4GC3 step s-034868820A7J0MEA88KX is PENDING
j-3KXHWWALZ4GC3 step s-034868820A7J0MEA88KX is COMPLETED
j-3KXHWWALZ4GC3 cluster is TERMINATED
Saved io-heavy 2048MB m5a.xlarge x 2 runtime=4.3762 min cost=$0.0162; cluster=TERMINATED
Starting 2048MB io-heavy on m5a.xlarge x 4 in ap-south-1
{
  "JobFlowId": "j-94B78YZ9J2WK",
  "ClusterArn": "arn:aws:elasticmapreduce:ap-south-1:435097195936:cluster/j-94B78YZ9J2WK",
  "ResponseMetadata": {
    "RequestId": "fe476c34-6b54-4df8-a4cd-23806916d5ec",
    "HTTPStatusCode": 200,
    "HTTPHeaders": {
      "x-amzn-requestid": "fe476c34-6b54-4df8-a4cd-23806916d5ec",
      "content-type": "application/x-amz-json-1.1",
      "content-length": "117",
      "date": "Thu, 23 Jul 2026 13:27:00 GMT"
    },
    "RetryAttempts": 0
  }
}
j-94B78YZ9J2WK step s-0975425FMV6AJ9DG083 is PENDING
j-94B78YZ9J2WK step s-0975425FMV6AJ9DG083 is PENDING
j-94B78YZ9J2WK step s-0975425FMV6AJ9DG083 is PENDING
j-94B78YZ9J2WK step s-0975425FMV6AJ9DG083 is COMPLETED
j-94B78YZ9J2WK cluster is TERMINATED
Saved io-heavy 2048MB m5a.xlarge x 4 runtime=2.8426 min cost=$0.0210; cluster=TERMINATED
Starting 2048MB io-heavy on m6i.xlarge x 2 in ap-south-1
{
  "JobFlowId": "j-1WW61162OK5W5",
  "ClusterArn": "arn:aws:elasticmapreduce:ap-south-1:435097195936:cluster/j-1WW61162OK5W5",
  "ResponseMetadata": {
    "RequestId": "ff346dc3-c63c-4dda-850e-c3c0b4382f0f",
    "HTTPStatusCode": 200,
    "HTTPHeaders": {
      "x-amzn-requestid": "ff346dc3-c63c-4dda-850e-c3c0b4382f0f",
      "content-type": "application/x-amz-json-1.1",
      "content-length": "119",
      "date": "Thu, 23 Jul 2026 13:43:30 GMT"
    },
    "RetryAttempts": 0
  }
}
j-1WW61162OK5W5 step s-09064962U59EBZ1SY8C8 is PENDING
j-1WW61162OK5W5 step s-09064962U59EBZ1SY8C8 is PENDING
j-1WW61162OK5W5 step s-09064962U59EBZ1SY8C8 is PENDING
j-1WW61162OK5W5 step s-09064962U59EBZ1SY8C8 is COMPLETED
j-1WW61162OK5W5 cluster is TERMINATED
Saved io-heavy 2048MB m6i.xlarge x 2 runtime=2.6710 min cost=$0.0180; cluster=TERMINATED
Starting 2048MB io-heavy on m6i.xlarge x 4 in ap-south-1
{
  "JobFlowId": "j-G1X1ZWDD4BRN",
  "ClusterArn": "arn:aws:elasticmapreduce:ap-south-1:435097195936:cluster/j-G1X1ZWDD4BRN",
  "ResponseMetadata": {
    "RequestId": "1ac89bce-8bef-4608-9896-3fba2ffd610b",
    "HTTPStatusCode": 200,
    "HTTPHeaders": {
      "x-amzn-requestid": "1ac89bce-8bef-4608-9896-3fba2ffd610b",
      "content-type": "application/x-amz-json-1.1",
      "content-length": "117",
      "date": "Thu, 23 Jul 2026 14:00:45 GMT"
    },
    "RetryAttempts": 0
  }
}
j-G1X1ZWDD4BRN step s-0921330L5F11WXRR4CS is PENDING
j-G1X1ZWDD4BRN step s-0921330L5F11WXRR4CS is PENDING
j-G1X1ZWDD4BRN step s-0921330L5F11WXRR4CS is PENDING
j-G1X1ZWDD4BRN step s-0921330L5F11WXRR4CS is COMPLETED
j-G1X1ZWDD4BRN cluster is TERMINATED
Saved io-heavy 2048MB m6i.xlarge x 4 runtime=1.8054 min cost=$0.0243; cluster=TERMINATED
Starting 2048MB io-heavy on c5.xlarge x 2 in ap-south-1
{
  "JobFlowId": "j-35JIPSW3XRSYY",
  "ClusterArn": "arn:aws:elasticmapreduce:ap-south-1:435097195936:cluster/j-35JIPSW3XRSYY",
  "ResponseMetadata": {
    "RequestId": "80b32482-7ade-4730-b2d0-6cdb82bb5eb0",
    "HTTPStatusCode": 200,
    "HTTPHeaders": {
      "x-amzn-requestid": "80b32482-7ade-4730-b2d0-6cdb82bb5eb0",
      "content-type": "application/x-amz-json-1.1",
      "content-length": "119",
      "date": "Thu, 23 Jul 2026 14:19:32 GMT"
    },
    "RetryAttempts": 0
  }
}
j-35JIPSW3XRSYY step s-09181163UEZ4CK9XUX61 is PENDING
j-35JIPSW3XRSYY step s-09181163UEZ4CK9XUX61 is COMPLETED
j-35JIPSW3XRSYY cluster is TERMINATED
Saved io-heavy 2048MB c5.xlarge x 2 runtime=2.9728 min cost=$0.0168; cluster=TERMINATED
Starting 2048MB io-heavy on c5.xlarge x 4 in ap-south-1
{
  "JobFlowId": "j-H1T7V14881H1",
  "ClusterArn": "arn:aws:elasticmapreduce:ap-south-1:435097195936:cluster/j-H1T7V14881H1",
  "ResponseMetadata": {
    "RequestId": "28609b1e-af11-4f75-b6e5-eb7ab09712e2",
    "HTTPStatusCode": 200,
    "HTTPHeaders": {
      "x-amzn-requestid": "28609b1e-af11-4f75-b6e5-eb7ab09712e2",
      "content-type": "application/x-amz-json-1.1",
      "content-length": "117",
      "date": "Thu, 23 Jul 2026 14:35:03 GMT"
    },
    "RetryAttempts": 0
  }
}
j-H1T7V14881H1 step s-081923530PSHG7DNKS21 is PENDING
j-H1T7V14881H1 step s-081923530PSHG7DNKS21 is COMPLETED
j-H1T7V14881H1 cluster is TERMINATED
Saved io-heavy 2048MB c5.xlarge x 4 runtime=1.6732 min cost=$0.0190; cluster=TERMINATED
Starting 2048MB io-heavy on c5a.xlarge x 2 in ap-south-1
{
  "JobFlowId": "j-9P1DOT4OYC3W",
  "ClusterArn": "arn:aws:elasticmapreduce:ap-south-1:435097195936:cluster/j-9P1DOT4OYC3W",
  "ResponseMetadata": {
    "RequestId": "ac1c33ea-9195-4990-a224-5e320f9499ab",
    "HTTPStatusCode": 200,
    "HTTPHeaders": {
      "x-amzn-requestid": "ac1c33ea-9195-4990-a224-5e320f9499ab",
      "content-type": "application/x-amz-json-1.1",
      "content-length": "117",
      "date": "Thu, 23 Jul 2026 14:44:41 GMT"
    },
    "RetryAttempts": 0
  }
}
j-9P1DOT4OYC3W step s-0348588AHSLSA0ZJZ8U is PENDING
j-9P1DOT4OYC3W step s-0348588AHSLSA0ZJZ8U is PENDING
j-9P1DOT4OYC3W step s-0348588AHSLSA0ZJZ8U is PENDING
j-9P1DOT4OYC3W step s-0348588AHSLSA0ZJZ8U is RUNNING
j-9P1DOT4OYC3W step s-0348588AHSLSA0ZJZ8U is RUNNING
j-9P1DOT4OYC3W step s-0348588AHSLSA0ZJZ8U is RUNNING
j-9P1DOT4OYC3W step s-0348588AHSLSA0ZJZ8U is COMPLETED
j-9P1DOT4OYC3W cluster is TERMINATED
Saved io-heavy 2048MB c5a.xlarge x 2 runtime=2.8066 min cost=$0.0088; cluster=TERMINATED
Starting 2048MB io-heavy on c5a.xlarge x 4 in ap-south-1
{
  "JobFlowId": "j-1ZB8TLV6S84KP",
  "ClusterArn": "arn:aws:elasticmapreduce:ap-south-1:435097195936:cluster/j-1ZB8TLV6S84KP",
  "ResponseMetadata": {
    "RequestId": "3bdae47b-67b9-4be6-ac7a-06b240bb4d71",
    "HTTPStatusCode": 200,
    "HTTPHeaders": {
      "x-amzn-requestid": "3bdae47b-67b9-4be6-ac7a-06b240bb4d71",
      "content-type": "application/x-amz-json-1.1",
      "content-length": "119",
      "date": "Thu, 23 Jul 2026 15:05:01 GMT"
    },
    "RetryAttempts": 0
  }
}
j-1ZB8TLV6S84KP step s-069609718BFK6JZO7DZU is PENDING
j-1ZB8TLV6S84KP step s-069609718BFK6JZO7DZU is COMPLETED
j-1ZB8TLV6S84KP cluster is TERMINATED
Saved io-heavy 2048MB c5a.xlarge x 4 runtime=1.5383 min cost=$0.0096; cluster=TERMINATED
Skipping completed 2048MB io-heavy c6i.xlarge x 2 in ap-south-1
Skipping completed 2048MB io-heavy c6i.xlarge x 4 in ap-south-1
Starting 3072MB cpu-heavy on m5a.xlarge x 2 in ap-south-1
{
  "JobFlowId": "j-3I0I68E2GDU00",
  "ClusterArn": "arn:aws:elasticmapreduce:ap-south-1:435097195936:cluster/j-3I0I68E2GDU00",
  "ResponseMetadata": {
    "RequestId": "12f7a3c6-2193-4c73-b8ce-d30a0c5a4868",
    "HTTPStatusCode": 200,
    "HTTPHeaders": {
      "x-amzn-requestid": "12f7a3c6-2193-4c73-b8ce-d30a0c5a4868",
      "content-type": "application/x-amz-json-1.1",
      "content-length": "119",
      "date": "Thu, 23 Jul 2026 15:20:32 GMT"
    },
    "RetryAttempts": 0
  }
}
j-3I0I68E2GDU00 step s-034848031EX1ZL3UJWNU is PENDING
j-3I0I68E2GDU00 step s-034848031EX1ZL3UJWNU is PENDING
j-3I0I68E2GDU00 step s-034848031EX1ZL3UJWNU is PENDING
j-3I0I68E2GDU00 step s-034848031EX1ZL3UJWNU is RUNNING
j-3I0I68E2GDU00 step s-034848031EX1ZL3UJWNU is RUNNING
j-3I0I68E2GDU00 step s-034848031EX1ZL3UJWNU is RUNNING
j-3I0I68E2GDU00 step s-034848031EX1ZL3UJWNU is COMPLETED
j-3I0I68E2GDU00 cluster is TERMINATED
Saved cpu-heavy 3072MB m5a.xlarge x 2 runtime=4.7416 min cost=$0.0175; cluster=TERMINATED
Starting 3072MB cpu-heavy on m5a.xlarge x 4 in ap-south-1
{
  "JobFlowId": "j-PY5Q9BJR29H9",
  "ClusterArn": "arn:aws:elasticmapreduce:ap-south-1:435097195936:cluster/j-PY5Q9BJR29H9",
  "ResponseMetadata": {
    "RequestId": "89ee9dbd-924a-4d33-8826-6d8de2892264",
    "HTTPStatusCode": 200,
    "HTTPHeaders": {
      "x-amzn-requestid": "89ee9dbd-924a-4d33-8826-6d8de2892264",
      "content-type": "application/x-amz-json-1.1",
      "content-length": "117",
      "date": "Thu, 23 Jul 2026 15:41:03 GMT"
    },
    "RetryAttempts": 0
  }
}
j-PY5Q9BJR29H9 step s-09678822141ZPZ3XZP3J is PENDING
j-PY5Q9BJR29H9 step s-09678822141ZPZ3XZP3J is COMPLETED
j-PY5Q9BJR29H9 cluster is TERMINATED
Saved cpu-heavy 3072MB m5a.xlarge x 4 runtime=2.8075 min cost=$0.0208; cluster=TERMINATED
Starting 3072MB cpu-heavy on m6i.xlarge x 2 in ap-south-1
{
  "JobFlowId": "j-3FF3YGEUHKOLA",
  "ClusterArn": "arn:aws:elasticmapreduce:ap-south-1:435097195936:cluster/j-3FF3YGEUHKOLA",
  "ResponseMetadata": {
    "RequestId": "15959ec6-adf5-4b4f-863e-97ba81cbcfae",
    "HTTPStatusCode": 200,
    "HTTPHeaders": {
      "x-amzn-requestid": "15959ec6-adf5-4b4f-863e-97ba81cbcfae",
      "content-type": "application/x-amz-json-1.1",
      "content-length": "119",
      "date": "Thu, 23 Jul 2026 15:56:35 GMT"
    },
    "RetryAttempts": 0
  }
}
j-3FF3YGEUHKOLA step s-06852601TGRMI4A03KEX is PENDING
j-3FF3YGEUHKOLA step s-06852601TGRMI4A03KEX is PENDING
j-3FF3YGEUHKOLA step s-06852601TGRMI4A03KEX is COMPLETED
j-3FF3YGEUHKOLA cluster is TERMINATED
Saved cpu-heavy 3072MB m6i.xlarge x 2 runtime=2.9733 min cost=$0.0200; cluster=TERMINATED
Starting 3072MB cpu-heavy on m6i.xlarge x 4 in ap-south-1
{
  "JobFlowId": "j-MQCY1516UMG8",
  "ClusterArn": "arn:aws:elasticmapreduce:ap-south-1:435097195936:cluster/j-MQCY1516UMG8",
  "ResponseMetadata": {
    "RequestId": "90b2b0b9-84bf-46f8-84e3-a698575370bf",
    "HTTPStatusCode": 200,
    "HTTPHeaders": {
      "x-amzn-requestid": "90b2b0b9-84bf-46f8-84e3-a698575370bf",
      "content-type": "application/x-amz-json-1.1",
      "content-length": "117",
      "date": "Thu, 23 Jul 2026 16:06:10 GMT"
    },
    "RetryAttempts": 0
  }
}
j-MQCY1516UMG8 step s-08883122XFOWOO481WYG is PENDING
j-MQCY1516UMG8 step s-08883122XFOWOO481WYG is COMPLETED
j-MQCY1516UMG8 cluster is TERMINATED
Saved cpu-heavy 3072MB m6i.xlarge x 4 runtime=1.8380 min cost=$0.0248; cluster=TERMINATED
Starting 3072MB cpu-heavy on c5.xlarge x 2 in ap-south-1
{
  "JobFlowId": "j-1ADLCJEH1BV4G",
  "ClusterArn": "arn:aws:elasticmapreduce:ap-south-1:435097195936:cluster/j-1ADLCJEH1BV4G",
  "ResponseMetadata": {
    "RequestId": "cb44ae41-5648-4917-9f76-12ed85832887",
    "HTTPStatusCode": 200,
    "HTTPHeaders": {
      "x-amzn-requestid": "cb44ae41-5648-4917-9f76-12ed85832887",
      "content-type": "application/x-amz-json-1.1",
      "content-length": "119",
      "date": "Thu, 23 Jul 2026 16:21:41 GMT"
    },
    "RetryAttempts": 0
  }
}
j-1ADLCJEH1BV4G step s-037210826U8KY1S04HRZ is PENDING
j-1ADLCJEH1BV4G step s-037210826U8KY1S04HRZ is COMPLETED
j-1ADLCJEH1BV4G cluster is TERMINATED
Saved cpu-heavy 3072MB c5.xlarge x 2 runtime=3.0397 min cost=$0.0172; cluster=TERMINATED
Starting 3072MB cpu-heavy on c5.xlarge x 4 in ap-south-1
{
  "JobFlowId": "j-1D2YAASXCLYWE",
  "ClusterArn": "arn:aws:elasticmapreduce:ap-south-1:435097195936:cluster/j-1D2YAASXCLYWE",
  "ResponseMetadata": {
    "RequestId": "02c28326-0f7e-4686-ba39-8eaf01946f0b",
    "HTTPStatusCode": 200,
    "HTTPHeaders": {
      "x-amzn-requestid": "02c28326-0f7e-4686-ba39-8eaf01946f0b",
      "content-type": "application/x-amz-json-1.1",
      "content-length": "119",
      "date": "Thu, 23 Jul 2026 16:37:13 GMT"
    },
    "RetryAttempts": 0
  }
}
j-1D2YAASXCLYWE step s-03500752UQFMPIL1X011 is PENDING
j-1D2YAASXCLYWE step s-03500752UQFMPIL1X011 is PENDING
j-1D2YAASXCLYWE step s-03500752UQFMPIL1X011 is COMPLETED
j-1D2YAASXCLYWE cluster is TERMINATED
Saved cpu-heavy 3072MB c5.xlarge x 4 runtime=1.7724 min cost=$0.0201; cluster=TERMINATED
Starting 3072MB cpu-heavy on c5a.xlarge x 2 in ap-south-1
{
  "JobFlowId": "j-1ZOPJEL2FX0JI",
  "ClusterArn": "arn:aws:elasticmapreduce:ap-south-1:435097195936:cluster/j-1ZOPJEL2FX0JI",
  "ResponseMetadata": {
    "RequestId": "2fac0750-b942-4cec-92e1-ce0ac9e948f4",
    "HTTPStatusCode": 200,
    "HTTPHeaders": {
      "x-amzn-requestid": "2fac0750-b942-4cec-92e1-ce0ac9e948f4",
      "content-type": "application/x-amz-json-1.1",
      "content-length": "119",
      "date": "Thu, 23 Jul 2026 16:53:15 GMT"
    },
    "RetryAttempts": 0
  }
}
j-1ZOPJEL2FX0JI step s-03706526DVC8JQ0PNA7 is PENDING
j-1ZOPJEL2FX0JI step s-03706526DVC8JQ0PNA7 is COMPLETED
j-1ZOPJEL2FX0JI cluster is TERMINATED
Saved cpu-heavy 3072MB c5a.xlarge x 2 runtime=3.0384 min cost=$0.0095; cluster=TERMINATED
Starting 3072MB cpu-heavy on c5a.xlarge x 4 in ap-south-1
{
  "JobFlowId": "j-1CS7NSGELC1DA",
  "ClusterArn": "arn:aws:elasticmapreduce:ap-south-1:435097195936:cluster/j-1CS7NSGELC1DA",
  "ResponseMetadata": {
    "RequestId": "b3b2203d-ac63-4b04-bfe5-a9408d4d3a3d",
    "HTTPStatusCode": 200,
    "HTTPHeaders": {
      "x-amzn-requestid": "b3b2203d-ac63-4b04-bfe5-a9408d4d3a3d",
      "content-type": "application/x-amz-json-1.1",
      "content-length": "119",
      "date": "Thu, 23 Jul 2026 17:06:43 GMT"
    },
    "RetryAttempts": 0
  }
}
j-1CS7NSGELC1DA step s-03709152R5Z4NA2TXF8F is PENDING
j-1CS7NSGELC1DA step s-03709152R5Z4NA2TXF8F is PENDING
j-1CS7NSGELC1DA step s-03709152R5Z4NA2TXF8F is COMPLETED
j-1CS7NSGELC1DA cluster is TERMINATING
j-1CS7NSGELC1DA cluster is TERMINATING
j-1CS7NSGELC1DA cluster is TERMINATING
j-1CS7NSGELC1DA cluster is TERMINATED
Saved cpu-heavy 3072MB c5a.xlarge x 4 runtime=1.5723 min cost=$0.0099; cluster=TERMINATED
Skipping completed 3072MB cpu-heavy c6i.xlarge x 2 in ap-south-1
Skipping completed 3072MB cpu-heavy c6i.xlarge x 4 in ap-south-1
Starting 3072MB memory-heavy on m5a.xlarge x 2 in ap-south-1
{
  "JobFlowId": "j-77K557GVPAP3",
  "ClusterArn": "arn:aws:elasticmapreduce:ap-south-1:435097195936:cluster/j-77K557GVPAP3",
  "ResponseMetadata": {
    "RequestId": "8f32799a-b4ef-40bb-a31d-0bf8f81754fd",
    "HTTPStatusCode": 200,
    "HTTPHeaders": {
      "x-amzn-requestid": "8f32799a-b4ef-40bb-a31d-0bf8f81754fd",
      "content-type": "application/x-amz-json-1.1",
      "content-length": "117",
      "date": "Thu, 23 Jul 2026 17:12:45 GMT"
    },
    "RetryAttempts": 0
  }
}
j-77K557GVPAP3 step s-01304261HY2UT8Y2K3AV is PENDING
j-77K557GVPAP3 step s-01304261HY2UT8Y2K3AV is PENDING
j-77K557GVPAP3 step s-01304261HY2UT8Y2K3AV is PENDING
j-77K557GVPAP3 step s-01304261HY2UT8Y2K3AV is PENDING
j-77K557GVPAP3 step s-01304261HY2UT8Y2K3AV is COMPLETED
j-77K557GVPAP3 cluster is TERMINATED
Saved memory-heavy 3072MB m5a.xlarge x 2 runtime=5.0442 min cost=$0.0187; cluster=TERMINATED
Starting 3072MB memory-heavy on m5a.xlarge x 4 in ap-south-1
{
  "JobFlowId": "j-1895N5UQJEOA6",
  "ClusterArn": "arn:aws:elasticmapreduce:ap-south-1:435097195936:cluster/j-1895N5UQJEOA6",
  "ResponseMetadata": {
    "RequestId": "6b61b316-1f38-443a-b4de-28d3f320ba62",
    "HTTPStatusCode": 200,
    "HTTPHeaders": {
      "x-amzn-requestid": "6b61b316-1f38-443a-b4de-28d3f320ba62",
      "content-type": "application/x-amz-json-1.1",
      "content-length": "119",
      "date": "Thu, 23 Jul 2026 17:37:52 GMT"
    },
    "RetryAttempts": 0
  }
}
j-1895N5UQJEOA6 step s-0916414V8QTOCHUPVO is PENDING
j-1895N5UQJEOA6 step s-0916414V8QTOCHUPVO is PENDING
j-1895N5UQJEOA6 step s-0916414V8QTOCHUPVO is PENDING
j-1895N5UQJEOA6 step s-0916414V8QTOCHUPVO is PENDING
j-1895N5UQJEOA6 step s-0916414V8QTOCHUPVO is PENDING
j-1895N5UQJEOA6 step s-0916414V8QTOCHUPVO is COMPLETED
j-1895N5UQJEOA6 cluster is TERMINATED
Saved memory-heavy 3072MB m5a.xlarge x 4 runtime=3.0425 min cost=$0.0225; cluster=TERMINATED
Starting 3072MB memory-heavy on m6i.xlarge x 2 in ap-south-1
{
  "JobFlowId": "j-5WN0NLCS4ESH",
  "ClusterArn": "arn:aws:elasticmapreduce:ap-south-1:435097195936:cluster/j-5WN0NLCS4ESH",
  "ResponseMetadata": {
    "RequestId": "0eb5687f-bd30-4a14-bbf6-d60cd6f1bc21",
    "HTTPStatusCode": 200,
    "HTTPHeaders": {
      "x-amzn-requestid": "0eb5687f-bd30-4a14-bbf6-d60cd6f1bc21",
      "content-type": "application/x-amz-json-1.1",
      "content-length": "117",
      "date": "Thu, 23 Jul 2026 17:51:12 GMT"
    },
    "RetryAttempts": 0
  }
}
j-5WN0NLCS4ESH step s-00742873M0W2ISIDYA2R is PENDING
j-5WN0NLCS4ESH step s-00742873M0W2ISIDYA2R is PENDING
j-5WN0NLCS4ESH step s-00742873M0W2ISIDYA2R is PENDING
j-5WN0NLCS4ESH step s-00742873M0W2ISIDYA2R is PENDING
j-5WN0NLCS4ESH step s-00742873M0W2ISIDYA2R is PENDING
j-5WN0NLCS4ESH step s-00742873M0W2ISIDYA2R is PENDING
j-5WN0NLCS4ESH step s-00742873M0W2ISIDYA2R is RUNNING
j-5WN0NLCS4ESH step s-00742873M0W2ISIDYA2R is RUNNING
j-5WN0NLCS4ESH step s-00742873M0W2ISIDYA2R is RUNNING
j-5WN0NLCS4ESH step s-00742873M0W2ISIDYA2R is RUNNING
j-5WN0NLCS4ESH step s-00742873M0W2ISIDYA2R is RUNNING
j-5WN0NLCS4ESH step s-00742873M0W2ISIDYA2R is RUNNING
j-5WN0NLCS4ESH step s-00742873M0W2ISIDYA2R is COMPLETED
j-5WN0NLCS4ESH cluster is TERMINATING
j-5WN0NLCS4ESH cluster is TERMINATING
j-5WN0NLCS4ESH cluster is TERMINATED
Saved memory-heavy 3072MB m6i.xlarge x 2 runtime=2.8399 min cost=$0.0191; cluster=TERMINATED
Starting 3072MB memory-heavy on m6i.xlarge x 4 in ap-south-1
{
  "JobFlowId": "j-AIF5H0RJW7RW",
  "ClusterArn": "arn:aws:elasticmapreduce:ap-south-1:435097195936:cluster/j-AIF5H0RJW7RW",
  "ResponseMetadata": {
    "RequestId": "95476488-3ecd-42bb-89d8-8797064bad8a",
    "HTTPStatusCode": 200,
    "HTTPHeaders": {
      "x-amzn-requestid": "95476488-3ecd-42bb-89d8-8797064bad8a",
      "content-type": "application/x-amz-json-1.1",
      "content-length": "117",
      "date": "Thu, 23 Jul 2026 17:58:18 GMT"
    },
    "RetryAttempts": 0
  }
}
j-AIF5H0RJW7RW step s-0795373Y9QKANBDLR01 is PENDING
j-AIF5H0RJW7RW step s-0795373Y9QKANBDLR01 is PENDING
j-AIF5H0RJW7RW step s-0795373Y9QKANBDLR01 is PENDING
j-AIF5H0RJW7RW step s-0795373Y9QKANBDLR01 is PENDING
j-AIF5H0RJW7RW step s-0795373Y9QKANBDLR01 is PENDING
j-AIF5H0RJW7RW step s-0795373Y9QKANBDLR01 is PENDING
j-AIF5H0RJW7RW step s-0795373Y9QKANBDLR01 is PENDING
j-AIF5H0RJW7RW step s-0795373Y9QKANBDLR01 is RUNNING
j-AIF5H0RJW7RW step s-0795373Y9QKANBDLR01 is RUNNING
j-AIF5H0RJW7RW step s-0795373Y9QKANBDLR01 is RUNNING
j-AIF5H0RJW7RW step s-0795373Y9QKANBDLR01 is COMPLETED
j-AIF5H0RJW7RW cluster is TERMINATING
j-AIF5H0RJW7RW cluster is TERMINATING
j-AIF5H0RJW7RW cluster is TERMINATED
Saved memory-heavy 3072MB m6i.xlarge x 4 runtime=1.8727 min cost=$0.0252; cluster=TERMINATED
Starting 3072MB memory-heavy on c5.xlarge x 2 in ap-south-1
{
  "JobFlowId": "j-1X12ZPNBAHTYZ",
  "ClusterArn": "arn:aws:elasticmapreduce:ap-south-1:435097195936:cluster/j-1X12ZPNBAHTYZ",
  "ResponseMetadata": {
    "RequestId": "9d4a4dac-47d9-459d-b303-e7c255dded9a",
    "HTTPStatusCode": 200,
    "HTTPHeaders": {
      "x-amzn-requestid": "9d4a4dac-47d9-459d-b303-e7c255dded9a",
      "content-type": "application/x-amz-json-1.1",
      "content-length": "119",
      "date": "Thu, 23 Jul 2026 18:04:23 GMT"
    },
    "RetryAttempts": 0
  }
}
j-1X12ZPNBAHTYZ step s-040390729244KUZUKXPC is PENDING
j-1X12ZPNBAHTYZ step s-040390729244KUZUKXPC is PENDING
j-1X12ZPNBAHTYZ step s-040390729244KUZUKXPC is PENDING
j-1X12ZPNBAHTYZ step s-040390729244KUZUKXPC is PENDING
j-1X12ZPNBAHTYZ step s-040390729244KUZUKXPC is PENDING
j-1X12ZPNBAHTYZ step s-040390729244KUZUKXPC is PENDING
j-1X12ZPNBAHTYZ step s-040390729244KUZUKXPC is PENDING
j-1X12ZPNBAHTYZ step s-040390729244KUZUKXPC is RUNNING
j-1X12ZPNBAHTYZ step s-040390729244KUZUKXPC is RUNNING
j-1X12ZPNBAHTYZ step s-040390729244KUZUKXPC is RUNNING
j-1X12ZPNBAHTYZ step s-040390729244KUZUKXPC is RUNNING
j-1X12ZPNBAHTYZ step s-040390729244KUZUKXPC is RUNNING
j-1X12ZPNBAHTYZ step s-040390729244KUZUKXPC is RUNNING
j-1X12ZPNBAHTYZ step s-040390729244KUZUKXPC is COMPLETED
j-1X12ZPNBAHTYZ cluster is TERMINATING
j-1X12ZPNBAHTYZ cluster is TERMINATED
Saved memory-heavy 3072MB c5.xlarge x 2 runtime=3.1727 min cost=$0.0180; cluster=TERMINATED
Starting 3072MB memory-heavy on c5.xlarge x 4 in ap-south-1
{
  "JobFlowId": "j-27SGMOSL67I31",
  "ClusterArn": "arn:aws:elasticmapreduce:ap-south-1:435097195936:cluster/j-27SGMOSL67I31",
  "ResponseMetadata": {
    "RequestId": "9b75d14f-675a-4b6d-b7ff-f2d7d9c0eb5f",
    "HTTPStatusCode": 200,
    "HTTPHeaders": {
      "x-amzn-requestid": "9b75d14f-675a-4b6d-b7ff-f2d7d9c0eb5f",
      "content-type": "application/x-amz-json-1.1",
      "content-length": "119",
      "date": "Thu, 23 Jul 2026 18:11:29 GMT"
    },
    "RetryAttempts": 0
  }
}
j-27SGMOSL67I31 step s-09164162XZGZC0ROI8NK is PENDING
j-27SGMOSL67I31 step s-09164162XZGZC0ROI8NK is PENDING
j-27SGMOSL67I31 step s-09164162XZGZC0ROI8NK is PENDING
j-27SGMOSL67I31 step s-09164162XZGZC0ROI8NK is PENDING
j-27SGMOSL67I31 step s-09164162XZGZC0ROI8NK is PENDING
j-27SGMOSL67I31 step s-09164162XZGZC0ROI8NK is RUNNING
j-27SGMOSL67I31 step s-09164162XZGZC0ROI8NK is RUNNING
j-27SGMOSL67I31 step s-09164162XZGZC0ROI8NK is RUNNING
j-27SGMOSL67I31 step s-09164162XZGZC0ROI8NK is COMPLETED
j-27SGMOSL67I31 cluster is TERMINATING
j-27SGMOSL67I31 cluster is TERMINATING
j-27SGMOSL67I31 cluster is TERMINATING
j-27SGMOSL67I31 cluster is TERMINATED
Saved memory-heavy 3072MB c5.xlarge x 4 runtime=1.8399 min cost=$0.0209; cluster=TERMINATED
Starting 3072MB memory-heavy on c5a.xlarge x 2 in ap-south-1
{
  "JobFlowId": "j-7FL9AOL9WU03",
  "ClusterArn": "arn:aws:elasticmapreduce:ap-south-1:435097195936:cluster/j-7FL9AOL9WU03",
  "ResponseMetadata": {
    "RequestId": "f8185aeb-8641-4e3c-b9e4-a66d6eb1844a",
    "HTTPStatusCode": 200,
    "HTTPHeaders": {
      "x-amzn-requestid": "f8185aeb-8641-4e3c-b9e4-a66d6eb1844a",
      "content-type": "application/x-amz-json-1.1",
      "content-length": "117",
      "date": "Thu, 23 Jul 2026 18:17:53 GMT"
    },
    "RetryAttempts": 0
  }
}
j-7FL9AOL9WU03 step s-0361095JKV43J6KNWEE is PENDING
j-7FL9AOL9WU03 step s-0361095JKV43J6KNWEE is PENDING
j-7FL9AOL9WU03 step s-0361095JKV43J6KNWEE is PENDING
j-7FL9AOL9WU03 step s-0361095JKV43J6KNWEE is PENDING
j-7FL9AOL9WU03 step s-0361095JKV43J6KNWEE is PENDING
j-7FL9AOL9WU03 step s-0361095JKV43J6KNWEE is PENDING
j-7FL9AOL9WU03 step s-0361095JKV43J6KNWEE is COMPLETED
j-7FL9AOL9WU03 cluster is TERMINATED
Saved memory-heavy 3072MB c5a.xlarge x 2 runtime=3.1393 min cost=$0.0098; cluster=TERMINATED
Starting 3072MB memory-heavy on c5a.xlarge x 4 in ap-south-1
{
  "JobFlowId": "j-27YYHXLNNYE9W",
  "ClusterArn": "arn:aws:elasticmapreduce:ap-south-1:435097195936:cluster/j-27YYHXLNNYE9W",
  "ResponseMetadata": {
    "RequestId": "5c6c882d-87b6-4e98-b81f-9ddd974c52dc",
    "HTTPStatusCode": 200,
    "HTTPHeaders": {
      "x-amzn-requestid": "5c6c882d-87b6-4e98-b81f-9ddd974c52dc",
      "content-type": "application/x-amz-json-1.1",
      "content-length": "119",
      "date": "Thu, 23 Jul 2026 19:41:27 GMT"
    },
    "RetryAttempts": 0
  }
}
j-27YYHXLNNYE9W step s-09266792VWTT8J8HUQRQ is PENDING
j-27YYHXLNNYE9W step s-09266792VWTT8J8HUQRQ is COMPLETED
j-27YYHXLNNYE9W cluster is TERMINATED
Saved memory-heavy 3072MB c5a.xlarge x 4 runtime=1.6394 min cost=$0.0103; cluster=TERMINATED
Skipping completed 3072MB memory-heavy c6i.xlarge x 2 in ap-south-1
Skipping completed 3072MB memory-heavy c6i.xlarge x 4 in ap-south-1
Starting 3072MB io-heavy on m5a.xlarge x 2 in ap-south-1
{
  "JobFlowId": "j-1LAO6JA0NL7R1",
  "ClusterArn": "arn:aws:elasticmapreduce:ap-south-1:435097195936:cluster/j-1LAO6JA0NL7R1",
  "ResponseMetadata": {
    "RequestId": "2fd0d5f0-090d-44fa-9618-8ea90f388ce9",
    "HTTPStatusCode": 200,
    "HTTPHeaders": {
      "x-amzn-requestid": "2fd0d5f0-090d-44fa-9618-8ea90f388ce9",
      "content-type": "application/x-amz-json-1.1",
      "content-length": "119",
      "date": "Thu, 23 Jul 2026 20:13:01 GMT"
    },
    "RetryAttempts": 0
  }
}
j-1LAO6JA0NL7R1 step s-0704611VK9I6IYAJMUK is PENDING
j-1LAO6JA0NL7R1 step s-0704611VK9I6IYAJMUK is RUNNING
j-1LAO6JA0NL7R1 step s-0704611VK9I6IYAJMUK is COMPLETED
j-1LAO6JA0NL7R1 cluster is TERMINATED
Saved io-heavy 3072MB m5a.xlarge x 2 runtime=5.9088 min cost=$0.0219; cluster=TERMINATED
Starting 3072MB io-heavy on m5a.xlarge x 4 in ap-south-1
{
  "JobFlowId": "j-2KGIU7TX4DA8W",
  "ClusterArn": "arn:aws:elasticmapreduce:ap-south-1:435097195936:cluster/j-2KGIU7TX4DA8W",
  "ResponseMetadata": {
    "RequestId": "c4ffdf18-a5c3-4b30-9ba9-54bcf58a6ab8",
    "HTTPStatusCode": 200,
    "HTTPHeaders": {
      "x-amzn-requestid": "c4ffdf18-a5c3-4b30-9ba9-54bcf58a6ab8",
      "content-type": "application/x-amz-json-1.1",
      "content-length": "119",
      "date": "Thu, 23 Jul 2026 20:37:08 GMT"
    },
    "RetryAttempts": 0
  }
}
j-2KGIU7TX4DA8W step s-089086423RJIUZXSUZCO is PENDING
j-2KGIU7TX4DA8W step s-089086423RJIUZXSUZCO is PENDING
j-2KGIU7TX4DA8W step s-089086423RJIUZXSUZCO is COMPLETED
j-2KGIU7TX4DA8W cluster is TERMINATED
Saved io-heavy 3072MB m5a.xlarge x 4 runtime=3.4424 min cost=$0.0255; cluster=TERMINATED
Starting 3072MB io-heavy on m6i.xlarge x 2 in ap-south-1
{
  "JobFlowId": "j-UBDC2YOKDE5Q",
  "ClusterArn": "arn:aws:elasticmapreduce:ap-south-1:435097195936:cluster/j-UBDC2YOKDE5Q",
  "ResponseMetadata": {
    "RequestId": "74a96168-ed3d-4d79-810f-be9b59225ff7",
    "HTTPStatusCode": 200,
    "HTTPHeaders": {
      "x-amzn-requestid": "74a96168-ed3d-4d79-810f-be9b59225ff7",
      "content-type": "application/x-amz-json-1.1",
      "content-length": "117",
      "date": "Thu, 23 Jul 2026 20:53:09 GMT"
    },
    "RetryAttempts": 0
  }
}
j-UBDC2YOKDE5Q step s-051088930NOBTXXT8I4T is PENDING
j-UBDC2YOKDE5Q step s-051088930NOBTXXT8I4T is COMPLETED
j-UBDC2YOKDE5Q cluster is TERMINATED
Saved io-heavy 3072MB m6i.xlarge x 2 runtime=3.2727 min cost=$0.0220; cluster=TERMINATED
Starting 3072MB io-heavy on m6i.xlarge x 4 in ap-south-1
{
  "JobFlowId": "j-13XADLY7R4DHF",
  "ClusterArn": "arn:aws:elasticmapreduce:ap-south-1:435097195936:cluster/j-13XADLY7R4DHF",
  "ResponseMetadata": {
    "RequestId": "fdeb6584-6309-43a7-8b7b-7f48e70001b2",
    "HTTPStatusCode": 200,
    "HTTPHeaders": {
      "x-amzn-requestid": "fdeb6584-6309-43a7-8b7b-7f48e70001b2",
      "content-type": "application/x-amz-json-1.1",
      "content-length": "119",
      "date": "Thu, 23 Jul 2026 21:08:40 GMT"
    },
    "RetryAttempts": 0
  }
}
j-13XADLY7R4DHF step s-10387822BTFXQ631KYWL is PENDING
j-13XADLY7R4DHF step s-10387822BTFXQ631KYWL is COMPLETED
j-13XADLY7R4DHF cluster is TERMINATED
Saved io-heavy 3072MB m6i.xlarge x 4 runtime=2.1391 min cost=$0.0288; cluster=TERMINATED
Starting 3072MB io-heavy on c5.xlarge x 2 in ap-south-1
{
  "JobFlowId": "j-2AN3WM4C8522O",
  "ClusterArn": "arn:aws:elasticmapreduce:ap-south-1:435097195936:cluster/j-2AN3WM4C8522O",
  "ResponseMetadata": {
    "RequestId": "5b681cfc-d530-45d3-aa52-bfd858e236aa",
    "HTTPStatusCode": 200,
    "HTTPHeaders": {
      "x-amzn-requestid": "5b681cfc-d530-45d3-aa52-bfd858e236aa",
      "content-type": "application/x-amz-json-1.1",
      "content-length": "119",
      "date": "Thu, 23 Jul 2026 21:22:35 GMT"
    },
    "RetryAttempts": 0
  }
}
j-2AN3WM4C8522O step s-09396913NX5EDSBR49E7 is PENDING
j-2AN3WM4C8522O step s-09396913NX5EDSBR49E7 is PENDING
j-2AN3WM4C8522O step s-09396913NX5EDSBR49E7 is COMPLETED
j-2AN3WM4C8522O cluster is TERMINATED
Saved io-heavy 3072MB c5.xlarge x 2 runtime=3.7722 min cost=$0.0214; cluster=TERMINATED
Starting 3072MB io-heavy on c5.xlarge x 4 in ap-south-1
{
  "JobFlowId": "j-3MBW8JFJA4WL4",
  "ClusterArn": "arn:aws:elasticmapreduce:ap-south-1:435097195936:cluster/j-3MBW8JFJA4WL4",
  "ResponseMetadata": {
    "RequestId": "1b4ba548-b44e-4582-88d4-f032e3a18373",
    "HTTPStatusCode": 200,
    "HTTPHeaders": {
      "x-amzn-requestid": "1b4ba548-b44e-4582-88d4-f032e3a18373",
      "content-type": "application/x-amz-json-1.1",
      "content-length": "119",
      "date": "Thu, 23 Jul 2026 21:38:37 GMT"
    },
    "RetryAttempts": 0
  }
}
j-3MBW8JFJA4WL4 step s-03975102J1NN3QSKFAJW is PENDING
j-3MBW8JFJA4WL4 step s-03975102J1NN3QSKFAJW is PENDING
j-3MBW8JFJA4WL4 step s-03975102J1NN3QSKFAJW is PENDING
j-3MBW8JFJA4WL4 step s-03975102J1NN3QSKFAJW is PENDING
j-3MBW8JFJA4WL4 step s-03975102J1NN3QSKFAJW is COMPLETED
j-3MBW8JFJA4WL4 cluster is TERMINATED
Saved io-heavy 3072MB c5.xlarge x 4 runtime=2.1396 min cost=$0.0242; cluster=TERMINATED
Starting 3072MB io-heavy on c5a.xlarge x 2 in ap-south-1
{
  "JobFlowId": "j-3I5YX10ZBZRO9",
  "ClusterArn": "arn:aws:elasticmapreduce:ap-south-1:435097195936:cluster/j-3I5YX10ZBZRO9",
  "ResponseMetadata": {
    "RequestId": "61f751b3-3d3c-4bea-907c-535e5cca72d3",
    "HTTPStatusCode": 200,
    "HTTPHeaders": {
      "x-amzn-requestid": "61f751b3-3d3c-4bea-907c-535e5cca72d3",
      "content-type": "application/x-amz-json-1.1",
      "content-length": "119",
      "date": "Thu, 23 Jul 2026 21:55:39 GMT"
    },
    "RetryAttempts": 0
  }
}
j-3I5YX10ZBZRO9 step s-03751973N7Y0D0UDL3N4 is PENDING
j-3I5YX10ZBZRO9 step s-03751973N7Y0D0UDL3N4 is PENDING
j-3I5YX10ZBZRO9 step s-03751973N7Y0D0UDL3N4 is COMPLETED
j-3I5YX10ZBZRO9 cluster is TERMINATED
Saved io-heavy 3072MB c5a.xlarge x 2 runtime=3.8051 min cost=$0.0119; cluster=TERMINATED
Starting 3072MB io-heavy on c5a.xlarge x 4 in ap-south-1
{
  "JobFlowId": "j-3NIKW0U4Q599J",
  "ClusterArn": "arn:aws:elasticmapreduce:ap-south-1:435097195936:cluster/j-3NIKW0U4Q599J",
  "ResponseMetadata": {
    "RequestId": "735242ba-8b70-43cf-a429-6ac2fc0704b5",
    "HTTPStatusCode": 200,
    "HTTPHeaders": {
      "x-amzn-requestid": "735242ba-8b70-43cf-a429-6ac2fc0704b5",
      "content-type": "application/x-amz-json-1.1",
      "content-length": "119",
      "date": "Thu, 23 Jul 2026 22:11:48 GMT"
    },
    "RetryAttempts": 0
  }
}
j-3NIKW0U4Q599J step s-03695771C63IKM6TOB6E is PENDING
j-3NIKW0U4Q599J step s-03695771C63IKM6TOB6E is COMPLETED
j-3NIKW0U4Q599J cluster is TERMINATED
Saved io-heavy 3072MB c5a.xlarge x 4 runtime=1.9061 min cost=$0.0119; cluster=TERMINATED
Skipping completed 3072MB io-heavy c6i.xlarge x 2 in ap-south-1
Skipping completed 3072MB io-heavy c6i.xlarge x 4 in ap-south-1
Starting 5120MB cpu-heavy on m5a.xlarge x 2 in ap-south-1
{
  "JobFlowId": "j-WLCT7NKDV0RL",
  "ClusterArn": "arn:aws:elasticmapreduce:ap-south-1:435097195936:cluster/j-WLCT7NKDV0RL",
  "ResponseMetadata": {
    "RequestId": "99264db1-1146-45c4-bb71-e74355a169c3",
    "HTTPStatusCode": 200,
    "HTTPHeaders": {
      "x-amzn-requestid": "99264db1-1146-45c4-bb71-e74355a169c3",
      "content-type": "application/x-amz-json-1.1",
      "content-length": "117",
      "date": "Thu, 23 Jul 2026 22:27:19 GMT"
    },
    "RetryAttempts": 0
  }
}
j-WLCT7NKDV0RL step s-082411124956GNVVU7BQ is PENDING
j-WLCT7NKDV0RL step s-082411124956GNVVU7BQ is PENDING
j-WLCT7NKDV0RL step s-082411124956GNVVU7BQ is COMPLETED
j-WLCT7NKDV0RL cluster is TERMINATED
Saved cpu-heavy 5120MB m5a.xlarge x 2 runtime=7.2420 min cost=$0.0268; cluster=TERMINATED
Starting 5120MB cpu-heavy on m5a.xlarge x 4 in ap-south-1
{
  "JobFlowId": "j-3VMCDY95DEOD",
  "ClusterArn": "arn:aws:elasticmapreduce:ap-south-1:435097195936:cluster/j-3VMCDY95DEOD",
  "ResponseMetadata": {
    "RequestId": "38b823f0-3f5f-49a2-8eeb-020b21220600",
    "HTTPStatusCode": 200,
    "HTTPHeaders": {
      "x-amzn-requestid": "38b823f0-3f5f-49a2-8eeb-020b21220600",
      "content-type": "application/x-amz-json-1.1",
      "content-length": "117",
      "date": "Thu, 23 Jul 2026 22:43:22 GMT"
    },
    "RetryAttempts": 0
  }
}
j-3VMCDY95DEOD step s-060220425507USWN74VA is PENDING
j-3VMCDY95DEOD step s-060220425507USWN74VA is COMPLETED
j-3VMCDY95DEOD cluster is TERMINATED
Saved cpu-heavy 5120MB m5a.xlarge x 4 runtime=3.7982 min cost=$0.0281; cluster=TERMINATED
Starting 5120MB cpu-heavy on m6i.xlarge x 2 in ap-south-1
{
  "JobFlowId": "j-26CKKB4LCFMLW",
  "ClusterArn": "arn:aws:elasticmapreduce:ap-south-1:435097195936:cluster/j-26CKKB4LCFMLW",
  "ResponseMetadata": {
    "RequestId": "c4d2c4ff-5f67-4d7d-8366-b5403366b2cd",
    "HTTPStatusCode": 200,
    "HTTPHeaders": {
      "x-amzn-requestid": "c4d2c4ff-5f67-4d7d-8366-b5403366b2cd",
      "content-type": "application/x-amz-json-1.1",
      "content-length": "119",
      "date": "Thu, 23 Jul 2026 22:58:54 GMT"
    },
    "RetryAttempts": 0
  }
}
j-26CKKB4LCFMLW step s-0916084XHJ782KDX3WN is PENDING
j-26CKKB4LCFMLW step s-0916084XHJ782KDX3WN is COMPLETED
j-26CKKB4LCFMLW cluster is TERMINATED
Saved cpu-heavy 5120MB m6i.xlarge x 2 runtime=4.1057 min cost=$0.0276; cluster=TERMINATED
Starting 5120MB cpu-heavy on m6i.xlarge x 4 in ap-south-1
{
  "JobFlowId": "j-1UH0067CDQ7SE",
  "ClusterArn": "arn:aws:elasticmapreduce:ap-south-1:435097195936:cluster/j-1UH0067CDQ7SE",
  "ResponseMetadata": {
    "RequestId": "61ac7afc-5d62-4bf2-9132-b361246db40e",
    "HTTPStatusCode": 200,
    "HTTPHeaders": {
      "x-amzn-requestid": "61ac7afc-5d62-4bf2-9132-b361246db40e",
      "content-type": "application/x-amz-json-1.1",
      "content-length": "119",
      "date": "Thu, 23 Jul 2026 23:14:26 GMT"
    },
    "RetryAttempts": 0
  }
}
j-1UH0067CDQ7SE step s-0689151EZVNX5TIHXJK is PENDING
j-1UH0067CDQ7SE step s-0689151EZVNX5TIHXJK is PENDING
j-1UH0067CDQ7SE step s-0689151EZVNX5TIHXJK is COMPLETED
j-1UH0067CDQ7SE cluster is TERMINATED
Saved cpu-heavy 5120MB m6i.xlarge x 4 runtime=2.3382 min cost=$0.0315; cluster=TERMINATED
Starting 5120MB cpu-heavy on c5.xlarge x 2 in ap-south-1
{
  "JobFlowId": "j-O0YX0UYWA72Y",
  "ClusterArn": "arn:aws:elasticmapreduce:ap-south-1:435097195936:cluster/j-O0YX0UYWA72Y",
  "ResponseMetadata": {
    "RequestId": "aa1acb6c-e5d7-4612-897e-0017abe31182",
    "HTTPStatusCode": 200,
    "HTTPHeaders": {
      "x-amzn-requestid": "aa1acb6c-e5d7-4612-897e-0017abe31182",
      "content-type": "application/x-amz-json-1.1",
      "content-length": "117",
      "date": "Thu, 23 Jul 2026 23:30:28 GMT"
    },
    "RetryAttempts": 0
  }
}
j-O0YX0UYWA72Y step s-09262884IQWREGX4AW3 is PENDING
j-O0YX0UYWA72Y step s-09262884IQWREGX4AW3 is COMPLETED
j-O0YX0UYWA72Y cluster is TERMINATED
Saved cpu-heavy 5120MB c5.xlarge x 2 runtime=4.6057 min cost=$0.0261; cluster=TERMINATED
Starting 5120MB cpu-heavy on c5.xlarge x 4 in ap-south-1
{
  "JobFlowId": "j-3B4H25LB0F618",
  "ClusterArn": "arn:aws:elasticmapreduce:ap-south-1:435097195936:cluster/j-3B4H25LB0F618",
  "ResponseMetadata": {
    "RequestId": "62418eed-85b0-47c2-8e6e-095ecdc1a891",
    "HTTPStatusCode": 200,
    "HTTPHeaders": {
      "x-amzn-requestid": "62418eed-85b0-47c2-8e6e-095ecdc1a891",
      "content-type": "application/x-amz-json-1.1",
      "content-length": "119",
      "date": "Thu, 23 Jul 2026 23:46:01 GMT"
    },
    "RetryAttempts": 0
  }
}
j-3B4H25LB0F618 step s-08876082KJEZY053WLIM is PENDING
j-3B4H25LB0F618 step s-08876082KJEZY053WLIM is PENDING
j-3B4H25LB0F618 step s-08876082KJEZY053WLIM is COMPLETED
j-3B4H25LB0F618 cluster is TERMINATED
Saved cpu-heavy 5120MB c5.xlarge x 4 runtime=2.3394 min cost=$0.0265; cluster=TERMINATED
Starting 5120MB cpu-heavy on c5a.xlarge x 2 in ap-south-1
{
  "JobFlowId": "j-3NEKS9OUAMTQP",
  "ClusterArn": "arn:aws:elasticmapreduce:ap-south-1:435097195936:cluster/j-3NEKS9OUAMTQP",
  "ResponseMetadata": {
    "RequestId": "c53f2817-d007-4618-a89a-0ac3a748b36e",
    "HTTPStatusCode": 200,
    "HTTPHeaders": {
      "x-amzn-requestid": "c53f2817-d007-4618-a89a-0ac3a748b36e",
      "content-type": "application/x-amz-json-1.1",
      "content-length": "119",
      "date": "Fri, 24 Jul 2026 00:02:03 GMT"
    },
    "RetryAttempts": 0
  }
}
j-3NEKS9OUAMTQP step s-05139611C0T71P51A78F is PENDING
j-3NEKS9OUAMTQP step s-05139611C0T71P51A78F is COMPLETED
j-3NEKS9OUAMTQP cluster is TERMINATED
Saved cpu-heavy 5120MB c5a.xlarge x 2 runtime=4.5721 min cost=$0.0143; cluster=TERMINATED
Starting 5120MB cpu-heavy on c5a.xlarge x 4 in ap-south-1
{
  "JobFlowId": "j-YYOTCGM20WOV",
  "ClusterArn": "arn:aws:elasticmapreduce:ap-south-1:435097195936:cluster/j-YYOTCGM20WOV",
  "ResponseMetadata": {
    "RequestId": "38acd4f9-d19f-4605-a19e-82d43e930933",
    "HTTPStatusCode": 200,
    "HTTPHeaders": {
      "x-amzn-requestid": "38acd4f9-d19f-4605-a19e-82d43e930933",
      "content-type": "application/x-amz-json-1.1",
      "content-length": "117",
      "date": "Fri, 24 Jul 2026 00:17:35 GMT"
    },
    "RetryAttempts": 0
  }
}
j-YYOTCGM20WOV step s-086072613ZZ2WD4XQO4 is PENDING
j-YYOTCGM20WOV step s-086072613ZZ2WD4XQO4 is PENDING
j-YYOTCGM20WOV step s-086072613ZZ2WD4XQO4 is COMPLETED
j-YYOTCGM20WOV cluster is TERMINATED
Saved cpu-heavy 5120MB c5a.xlarge x 4 runtime=2.2061 min cost=$0.0138; cluster=TERMINATED
Skipping completed 5120MB cpu-heavy c6i.xlarge x 2 in ap-south-1
Skipping completed 5120MB cpu-heavy c6i.xlarge x 4 in ap-south-1
Starting 5120MB memory-heavy on m5a.xlarge x 2 in ap-south-1
{
  "JobFlowId": "j-68A3M32NOS6Y",
  "ClusterArn": "arn:aws:elasticmapreduce:ap-south-1:435097195936:cluster/j-68A3M32NOS6Y",
  "ResponseMetadata": {
    "RequestId": "a2f65404-82c1-421e-9157-05a0a85120aa",
    "HTTPStatusCode": 200,
    "HTTPHeaders": {
      "x-amzn-requestid": "a2f65404-82c1-421e-9157-05a0a85120aa",
      "content-type": "application/x-amz-json-1.1",
      "content-length": "117",
      "date": "Fri, 24 Jul 2026 00:33:37 GMT"
    },
    "RetryAttempts": 0
  }
}
j-68A3M32NOS6Y step s-036975136KGLSQV33RAU is PENDING
j-68A3M32NOS6Y step s-036975136KGLSQV33RAU is PENDING
j-68A3M32NOS6Y step s-036975136KGLSQV33RAU is COMPLETED
j-68A3M32NOS6Y cluster is TERMINATED
Saved memory-heavy 5120MB m5a.xlarge x 2 runtime=7.2416 min cost=$0.0268; cluster=TERMINATED
Starting 5120MB memory-heavy on m5a.xlarge x 4 in ap-south-1
{
  "JobFlowId": "j-3JUGXMQAOPGUC",
  "ClusterArn": "arn:aws:elasticmapreduce:ap-south-1:435097195936:cluster/j-3JUGXMQAOPGUC",
  "ResponseMetadata": {
    "RequestId": "79a444d6-dede-442f-91d2-8db22138decd",
    "HTTPStatusCode": 200,
    "HTTPHeaders": {
      "x-amzn-requestid": "79a444d6-dede-442f-91d2-8db22138decd",
      "content-type": "application/x-amz-json-1.1",
      "content-length": "119",
      "date": "Fri, 24 Jul 2026 00:51:52 GMT"
    },
    "RetryAttempts": 0
  }
}
j-3JUGXMQAOPGUC step s-0370026WSM4VY5ARWDK is PENDING
j-3JUGXMQAOPGUC step s-0370026WSM4VY5ARWDK is PENDING
j-3JUGXMQAOPGUC step s-0370026WSM4VY5ARWDK is COMPLETED
j-3JUGXMQAOPGUC cluster is TERMINATED
Saved memory-heavy 5120MB m5a.xlarge x 4 runtime=4.1756 min cost=$0.0309; cluster=TERMINATED
Starting 5120MB memory-heavy on m6i.xlarge x 2 in ap-south-1
{
  "JobFlowId": "j-2GCWPBWHGS1BV",
  "ClusterArn": "arn:aws:elasticmapreduce:ap-south-1:435097195936:cluster/j-2GCWPBWHGS1BV",
  "ResponseMetadata": {
    "RequestId": "cdb4e52a-66cb-4ade-a07f-42680231df7c",
    "HTTPStatusCode": 200,
    "HTTPHeaders": {
      "x-amzn-requestid": "cdb4e52a-66cb-4ade-a07f-42680231df7c",
      "content-type": "application/x-amz-json-1.1",
      "content-length": "119",
      "date": "Fri, 24 Jul 2026 01:07:54 GMT"
    },
    "RetryAttempts": 0
  }
}
j-2GCWPBWHGS1BV step s-036913431TB82JHPELIV is PENDING
j-2GCWPBWHGS1BV step s-036913431TB82JHPELIV is RUNNING
j-2GCWPBWHGS1BV step s-036913431TB82JHPELIV is COMPLETED
j-2GCWPBWHGS1BV cluster is TERMINATED
Saved memory-heavy 5120MB m6i.xlarge x 2 runtime=4.2726 min cost=$0.0288; cluster=TERMINATED
Starting 5120MB memory-heavy on m6i.xlarge x 4 in ap-south-1
{
  "JobFlowId": "j-2KSY2HBTDGH7C",
  "ClusterArn": "arn:aws:elasticmapreduce:ap-south-1:435097195936:cluster/j-2KSY2HBTDGH7C",
  "ResponseMetadata": {
    "RequestId": "206275ab-9451-4cc9-ace2-554ebf20d67f",
    "HTTPStatusCode": 200,
    "HTTPHeaders": {
      "x-amzn-requestid": "206275ab-9451-4cc9-ace2-554ebf20d67f",
      "content-type": "application/x-amz-json-1.1",
      "content-length": "119",
      "date": "Fri, 24 Jul 2026 01:29:39 GMT"
    },
    "RetryAttempts": 0
  }
}
j-2KSY2HBTDGH7C step s-02063263EYP32795667Q is PENDING
j-2KSY2HBTDGH7C step s-02063263EYP32795667Q is PENDING
j-2KSY2HBTDGH7C step s-02063263EYP32795667Q is COMPLETED
j-2KSY2HBTDGH7C cluster is TERMINATED
Saved memory-heavy 5120MB m6i.xlarge x 4 runtime=2.6046 min cost=$0.0351; cluster=TERMINATED
Starting 5120MB memory-heavy on c5.xlarge x 2 in ap-south-1
{
  "JobFlowId": "j-7SBKGQDK9C5X",
  "ClusterArn": "arn:aws:elasticmapreduce:ap-south-1:435097195936:cluster/j-7SBKGQDK9C5X",
  "ResponseMetadata": {
    "RequestId": "cf950d6e-4d53-47e7-9e57-eaad2cf57b72",
    "HTTPStatusCode": 200,
    "HTTPHeaders": {
      "x-amzn-requestid": "cf950d6e-4d53-47e7-9e57-eaad2cf57b72",
      "content-type": "application/x-amz-json-1.1",
      "content-length": "117",
      "date": "Fri, 24 Jul 2026 01:45:41 GMT"
    },
    "RetryAttempts": 0
  }
}
j-7SBKGQDK9C5X step s-07083382KQ8Q6W0GXK7Y is PENDING
j-7SBKGQDK9C5X step s-07083382KQ8Q6W0GXK7Y is COMPLETED
j-7SBKGQDK9C5X cluster is TERMINATED
Saved memory-heavy 5120MB c5.xlarge x 2 runtime=4.7730 min cost=$0.0270; cluster=TERMINATED
Starting 5120MB memory-heavy on c5.xlarge x 4 in ap-south-1
{
  "JobFlowId": "j-R8KPWLWYUKPC",
  "ClusterArn": "arn:aws:elasticmapreduce:ap-south-1:435097195936:cluster/j-R8KPWLWYUKPC",
  "ResponseMetadata": {
    "RequestId": "a21ff617-8559-4dea-868e-6999edf64e03",
    "HTTPStatusCode": 200,
    "HTTPHeaders": {
      "x-amzn-requestid": "a21ff617-8559-4dea-868e-6999edf64e03",
      "content-type": "application/x-amz-json-1.1",
      "content-length": "117",
      "date": "Fri, 24 Jul 2026 02:01:12 GMT"
    },
    "RetryAttempts": 0
  }
}
j-R8KPWLWYUKPC step s-09165841MR5HCE18BM7N is PENDING
j-R8KPWLWYUKPC step s-09165841MR5HCE18BM7N is PENDING
j-R8KPWLWYUKPC step s-09165841MR5HCE18BM7N is COMPLETED
j-R8KPWLWYUKPC cluster is TERMINATING
j-R8KPWLWYUKPC cluster is TERMINATED
Saved memory-heavy 5120MB c5.xlarge x 4 runtime=2.5409 min cost=$0.0288; cluster=TERMINATED
Starting 5120MB memory-heavy on c5a.xlarge x 2 in ap-south-1
{
  "JobFlowId": "j-4VDPKOBS1Z8M",
  "ClusterArn": "arn:aws:elasticmapreduce:ap-south-1:435097195936:cluster/j-4VDPKOBS1Z8M",
  "ResponseMetadata": {
    "RequestId": "9b1e203c-4c9e-4c4c-8479-facaba241613",
    "HTTPStatusCode": 200,
    "HTTPHeaders": {
      "x-amzn-requestid": "9b1e203c-4c9e-4c4c-8479-facaba241613",
      "content-type": "application/x-amz-json-1.1",
      "content-length": "117",
      "date": "Fri, 24 Jul 2026 02:10:09 GMT"
    },
    "RetryAttempts": 0
  }
}
j-4VDPKOBS1Z8M step s-03713403TM1EIJ1BVOIF is PENDING
j-4VDPKOBS1Z8M step s-03713403TM1EIJ1BVOIF is PENDING
j-4VDPKOBS1Z8M step s-03713403TM1EIJ1BVOIF is PENDING
j-4VDPKOBS1Z8M step s-03713403TM1EIJ1BVOIF is RUNNING
j-4VDPKOBS1Z8M step s-03713403TM1EIJ1BVOIF is COMPLETED
j-4VDPKOBS1Z8M cluster is TERMINATED
Saved memory-heavy 5120MB c5a.xlarge x 2 runtime=4.7385 min cost=$0.0148; cluster=TERMINATED
Starting 5120MB memory-heavy on c5a.xlarge x 4 in ap-south-1
{
  "JobFlowId": "j-25WY26V0NI32V",
  "ClusterArn": "arn:aws:elasticmapreduce:ap-south-1:435097195936:cluster/j-25WY26V0NI32V",
  "ResponseMetadata": {
    "RequestId": "13685039-5547-4e43-9b2e-0bebd0b96b3c",
    "HTTPStatusCode": 200,
    "HTTPHeaders": {
      "x-amzn-requestid": "13685039-5547-4e43-9b2e-0bebd0b96b3c",
      "content-type": "application/x-amz-json-1.1",
      "content-length": "119",
      "date": "Fri, 24 Jul 2026 02:30:18 GMT"
    },
    "RetryAttempts": 0
  }
}
j-25WY26V0NI32V step s-00105143I32M5SG7HJ4R is PENDING
j-25WY26V0NI32V step s-00105143I32M5SG7HJ4R is PENDING
j-25WY26V0NI32V step s-00105143I32M5SG7HJ4R is PENDING
j-25WY26V0NI32V step s-00105143I32M5SG7HJ4R is COMPLETED
j-25WY26V0NI32V cluster is TERMINATED
Saved memory-heavy 5120MB c5a.xlarge x 4 runtime=2.2720 min cost=$0.0142; cluster=TERMINATED
Skipping completed 5120MB memory-heavy c6i.xlarge x 2 in ap-south-1
Skipping completed 5120MB memory-heavy c6i.xlarge x 4 in ap-south-1
Starting 5120MB io-heavy on m5a.xlarge x 2 in ap-south-1
{
  "JobFlowId": "j-2HNLYVUTUDFJS",
  "ClusterArn": "arn:aws:elasticmapreduce:ap-south-1:435097195936:cluster/j-2HNLYVUTUDFJS",
  "ResponseMetadata": {
    "RequestId": "65c51bc4-af0b-4f4c-8118-eca7c91ada18",
    "HTTPStatusCode": 200,
    "HTTPHeaders": {
      "x-amzn-requestid": "65c51bc4-af0b-4f4c-8118-eca7c91ada18",
      "content-type": "application/x-amz-json-1.1",
      "content-length": "119",
      "date": "Fri, 24 Jul 2026 02:48:27 GMT"
    },
    "RetryAttempts": 0
  }
}
j-2HNLYVUTUDFJS step s-09714623Q560KNZIRP5Y is PENDING
j-2HNLYVUTUDFJS step s-09714623Q560KNZIRP5Y is COMPLETED
j-2HNLYVUTUDFJS cluster is TERMINATED
Saved io-heavy 5120MB m5a.xlarge x 2 runtime=9.3430 min cost=$0.0346; cluster=TERMINATED
Starting 5120MB io-heavy on m5a.xlarge x 4 in ap-south-1
{
  "JobFlowId": "j-J87KPVIJ9K1X",
  "ClusterArn": "arn:aws:elasticmapreduce:ap-south-1:435097195936:cluster/j-J87KPVIJ9K1X",
  "ResponseMetadata": {
    "RequestId": "bd1c618b-9426-4e11-b103-41db6a0312e9",
    "HTTPStatusCode": 200,
    "HTTPHeaders": {
      "x-amzn-requestid": "bd1c618b-9426-4e11-b103-41db6a0312e9",
      "content-type": "application/x-amz-json-1.1",
      "content-length": "117",
      "date": "Fri, 24 Jul 2026 03:03:58 GMT"
    },
    "RetryAttempts": 0
  }
}
j-J87KPVIJ9K1X step s-09148691MDZSQJO1F5TG is PENDING
j-J87KPVIJ9K1X step s-09148691MDZSQJO1F5TG is PENDING
j-J87KPVIJ9K1X step s-09148691MDZSQJO1F5TG is COMPLETED
j-J87KPVIJ9K1X cluster is TERMINATED
Saved io-heavy 5120MB m5a.xlarge x 4 runtime=4.7744 min cost=$0.0353; cluster=TERMINATED
Starting 5120MB io-heavy on m6i.xlarge x 2 in ap-south-1
{
  "JobFlowId": "j-13LAF5ORI2JL",
  "ClusterArn": "arn:aws:elasticmapreduce:ap-south-1:435097195936:cluster/j-13LAF5ORI2JL",
  "ResponseMetadata": {
    "RequestId": "28134d10-32a9-48a3-a740-b45b2ba63988",
    "HTTPStatusCode": 200,
    "HTTPHeaders": {
      "x-amzn-requestid": "28134d10-32a9-48a3-a740-b45b2ba63988",
      "content-type": "application/x-amz-json-1.1",
      "content-length": "117",
      "date": "Fri, 24 Jul 2026 03:15:18 GMT"
    },
    "RetryAttempts": 0
  }
}
j-13LAF5ORI2JL step s-00283293AZWPDJ74CEGW is PENDING
j-13LAF5ORI2JL step s-00283293AZWPDJ74CEGW is PENDING
j-13LAF5ORI2JL step s-00283293AZWPDJ74CEGW is PENDING
j-13LAF5ORI2JL step s-00283293AZWPDJ74CEGW is PENDING
j-13LAF5ORI2JL step s-00283293AZWPDJ74CEGW is COMPLETED
j-13LAF5ORI2JL cluster is TERMINATED
Saved io-heavy 5120MB m6i.xlarge x 2 runtime=5.2413 min cost=$0.0353; cluster=TERMINATED
Starting 5120MB io-heavy on m6i.xlarge x 4 in ap-south-1
{
  "JobFlowId": "j-2ZEIO61ZX7GGC",
  "ClusterArn": "arn:aws:elasticmapreduce:ap-south-1:435097195936:cluster/j-2ZEIO61ZX7GGC",
  "ResponseMetadata": {
    "RequestId": "4f8166cd-5531-4cda-948d-3674cdaf412f",
    "HTTPStatusCode": 200,
    "HTTPHeaders": {
      "x-amzn-requestid": "4f8166cd-5531-4cda-948d-3674cdaf412f",
      "content-type": "application/x-amz-json-1.1",
      "content-length": "119",
      "date": "Fri, 24 Jul 2026 03:32:21 GMT"
    },
    "RetryAttempts": 0
  }
}
j-2ZEIO61ZX7GGC step s-09103143HYH4GWZYQ78Z is PENDING
j-2ZEIO61ZX7GGC step s-09103143HYH4GWZYQ78Z is PENDING
j-2ZEIO61ZX7GGC step s-09103143HYH4GWZYQ78Z is PENDING
j-2ZEIO61ZX7GGC step s-09103143HYH4GWZYQ78Z is RUNNING
j-2ZEIO61ZX7GGC step s-09103143HYH4GWZYQ78Z is RUNNING
j-2ZEIO61ZX7GGC step s-09103143HYH4GWZYQ78Z is RUNNING
j-2ZEIO61ZX7GGC step s-09103143HYH4GWZYQ78Z is RUNNING
j-2ZEIO61ZX7GGC step s-09103143HYH4GWZYQ78Z is COMPLETED
j-2ZEIO61ZX7GGC cluster is TERMINATING
j-2ZEIO61ZX7GGC cluster is TERMINATING
j-2ZEIO61ZX7GGC cluster is TERMINATED
Saved io-heavy 5120MB m6i.xlarge x 4 runtime=3.4059 min cost=$0.0459; cluster=TERMINATED
Starting 5120MB io-heavy on c5.xlarge x 2 in ap-south-1
{
  "JobFlowId": "j-1FY8BCTDI9FX5",
  "ClusterArn": "arn:aws:elasticmapreduce:ap-south-1:435097195936:cluster/j-1FY8BCTDI9FX5",
  "ResponseMetadata": {
    "RequestId": "ff1255a6-e9d6-490a-ae38-33f035d7788f",
    "HTTPStatusCode": 200,
    "HTTPHeaders": {
      "x-amzn-requestid": "ff1255a6-e9d6-490a-ae38-33f035d7788f",
      "content-type": "application/x-amz-json-1.1",
      "content-length": "119",
      "date": "Fri, 24 Jul 2026 03:40:48 GMT"
    },
    "RetryAttempts": 0
  }
}
j-1FY8BCTDI9FX5 step s-0142707N59O5YAVI8I9 is PENDING
j-1FY8BCTDI9FX5 step s-0142707N59O5YAVI8I9 is PENDING
j-1FY8BCTDI9FX5 step s-0142707N59O5YAVI8I9 is RUNNING
j-1FY8BCTDI9FX5 step s-0142707N59O5YAVI8I9 is RUNNING
j-1FY8BCTDI9FX5 step s-0142707N59O5YAVI8I9 is COMPLETED
j-1FY8BCTDI9FX5 cluster is TERMINATED
Saved io-heavy 5120MB c5.xlarge x 2 runtime=6.4075 min cost=$0.0363; cluster=TERMINATED
Starting 5120MB io-heavy on c5.xlarge x 4 in ap-south-1
{
  "JobFlowId": "j-13BZ8VAZBI6RW",
  "ClusterArn": "arn:aws:elasticmapreduce:ap-south-1:435097195936:cluster/j-13BZ8VAZBI6RW",
  "ResponseMetadata": {
    "RequestId": "18891735-7af3-4807-8dd3-69a2904e0968",
    "HTTPStatusCode": 200,
    "HTTPHeaders": {
      "x-amzn-requestid": "18891735-7af3-4807-8dd3-69a2904e0968",
      "content-type": "application/x-amz-json-1.1",
      "content-length": "119",
      "date": "Fri, 24 Jul 2026 04:04:03 GMT"
    },
    "RetryAttempts": 0
  }
}
j-13BZ8VAZBI6RW step s-03721252O87CKZGX9B01 is PENDING
j-13BZ8VAZBI6RW step s-03721252O87CKZGX9B01 is COMPLETED
j-13BZ8VAZBI6RW cluster is TERMINATED
Saved io-heavy 5120MB c5.xlarge x 4 runtime=2.9398 min cost=$0.0333; cluster=TERMINATED
Starting 5120MB io-heavy on c5a.xlarge x 2 in ap-south-1
{
  "JobFlowId": "j-2SIRL8UK011QF",
  "ClusterArn": "arn:aws:elasticmapreduce:ap-south-1:435097195936:cluster/j-2SIRL8UK011QF",
  "ResponseMetadata": {
    "RequestId": "56a93624-b43c-4c88-a7ec-93a11d4fa26f",
    "HTTPStatusCode": 200,
    "HTTPHeaders": {
      "x-amzn-requestid": "56a93624-b43c-4c88-a7ec-93a11d4fa26f",
      "content-type": "application/x-amz-json-1.1",
      "content-length": "119",
      "date": "Fri, 24 Jul 2026 04:16:11 GMT"
    },
    "RetryAttempts": 0
  }
}
j-2SIRL8UK011QF step s-039041815HP0ZV5I7HQX is PENDING
j-2SIRL8UK011QF step s-039041815HP0ZV5I7HQX is COMPLETED
j-2SIRL8UK011QF cluster is TERMINATED
Saved io-heavy 5120MB c5a.xlarge x 2 runtime=6.1057 min cost=$0.0191; cluster=TERMINATED
Starting 5120MB io-heavy on c5a.xlarge x 4 in ap-south-1
{
  "JobFlowId": "j-2UP8SZ9QBFONN",
  "ClusterArn": "arn:aws:elasticmapreduce:ap-south-1:435097195936:cluster/j-2UP8SZ9QBFONN",
  "ResponseMetadata": {
    "RequestId": "e08e9f62-5629-4908-bab9-c4d138fea2a6",
    "HTTPStatusCode": 200,
    "HTTPHeaders": {
      "x-amzn-requestid": "e08e9f62-5629-4908-bab9-c4d138fea2a6",
      "content-type": "application/x-amz-json-1.1",
      "content-length": "119",
      "date": "Fri, 24 Jul 2026 04:31:42 GMT"
    },
    "RetryAttempts": 0
  }
}
j-2UP8SZ9QBFONN step s-07113203RQWMX58TVHG4 is PENDING
j-2UP8SZ9QBFONN step s-07113203RQWMX58TVHG4 is PENDING
j-2UP8SZ9QBFONN step s-07113203RQWMX58TVHG4 is RUNNING
j-2UP8SZ9QBFONN step s-07113203RQWMX58TVHG4 is COMPLETED
j-2UP8SZ9QBFONN cluster is TERMINATED
Saved io-heavy 5120MB c5a.xlarge x 4 runtime=2.7394 min cost=$0.0172; cluster=TERMINATED
Skipping completed 5120MB io-heavy c6i.xlarge x 2 in ap-south-1
Skipping completed 5120MB io-heavy c6i.xlarge x 4 in ap-south-1
Batch finished. Success CSV: data/performance/performance_dataset.csv
Failed experiments CSV: data/performance/failed_emr_experiments.csv
